Day,Value-CNY,Value-EUR,Value-INR,Value-ZAR,Value-TRY,Value-JPY,Value-GBP,Value-BRL,Value-AUD
2015-01-02,6.207673,0.830358,63.356307,11.661131,2.352569958,120.576268,0.647679,2.693099726,1.232334
2015-01-05,6.219975,0.839278,63.462526,11.72799,2.338984473,120.016786,0.656903,2.713722199,1.238355
2015-01-06,6.213027,0.839349,63.572268,11.73166,2.327681719,118.927312,0.658217,2.699261373,1.228806
2015-01-07,6.213507,0.845237,63.174964,11.713972,2.328374609,119.32212,0.661229,2.677626574,1.239118
2015-01-08,6.216179,0.849762,62.567981,11.634262,2.309738273,119.816451,0.663749,2.70003399,1.233685
2015-01-09,6.206806,0.846525,62.323965,11.568188,2.298654025,119.199187,0.660205,2.657157369,1.227969
2015-01-12,6.200779,0.84717,62.164012,11.526262,2.294984751,119.078279,0.66003,2.656218231,1.228228
2015-01-13,6.198269,0.848752,62.043032,11.499491,2.281021898,118.451876,0.659226,2.643269394,1.225683
2015-01-14,6.196858,0.849257,62.18879,11.502081,2.289341826,116.755839,0.658429,2.624968153,1.22913
2015-01-15,6.193116,0.854117,61.783481,11.450034,2.282200205,116.569867,0.655278,2.608216604,1.207977
2015-01-16,6.206938,0.862962,61.862012,11.566275,2.320331377,116.551605,0.659044,2.619692786,1.217898
2015-01-19,6.220422,0.861698,61.712538,11.651271,2.339422663,117.423524,0.660405,2.628436019,1.217923
2015-01-20,6.213663,0.863632,61.706538,11.626306,2.332671215,118.637188,0.659556,2.62354262,1.219708
2015-01-21,6.212111,0.862589,61.575002,11.545415,2.341154145,117.372552,0.661692,2.599672216,1.217373
2015-01-22,6.209675,0.860733,61.55896,11.479342,2.334997418,117.662248,0.657945,2.578326734,1.230763
2015-01-23,6.228791,0.893017,61.498482,11.469012,2.352205751,117.985355,0.667351,2.594838364,1.265315
2015-01-26,6.254358,0.889363,61.427517,11.479278,2.359124867,118.311989,0.666089,2.595517609,1.265297
2015-01-27,6.244737,0.884486,61.384221,11.593844,2.367592429,117.707412,0.660932,2.590129135,1.258889
2015-01-28,6.247267,0.881523,61.404972,11.566643,2.37649859,117.859661,0.658145,2.584802539,1.25476
2015-01-29,6.245868,0.883783,61.900398,11.624481,2.409809987,117.923111,0.660848,2.600176757,1.284578
2015-01-30,6.248474,0.884564,62.019726,11.59027,2.439540027,117.717824,0.664396,2.66377709,1.285714
2015-02-02,6.257383,0.884173,61.8687,11.576835,2.418744474,117.648099,0.665429,2.678691424,1.284085
2015-02-03,6.257032,0.879044,61.716421,11.45552,2.406997187,117.33474,0.662755,2.711673699,1.300897
2015-02-04,6.248995,0.873668,61.832605,11.421457,2.428446619,117.499563,0.656649,2.701293028,1.286214
2015-02-05,6.249518,0.876424,61.738475,11.378615,2.445048203,117.423313,0.655741,2.737773883,1.280982
2015-02-06,6.249236,0.873591,61.714161,11.311785,2.435397921,117.305844,0.652835,2.754957631,1.272997
2015-02-09,6.246386,0.886918,62.129933,11.577738,2.490465632,118.59867,0.65765,2.787583149,1.279823
2015-02-10,6.241657,0.885191,62.195008,11.635213,2.492254581,119.208639,0.656812,2.800832079,1.285474
2015-02-11,6.242708,0.883861,62.355489,11.826498,2.49708326,119.763125,0.653703,2.861057097,1.290967
2015-02-12,6.243821,0.882768,62.276571,11.80791,2.490289548,119.809322,0.65113,2.874735169,1.303054
2015-02-13,6.239434,0.878657,62.17002,11.723926,2.469466655,119.022933,0.650294,2.846410684,1.29066
2015-02-16,6.249299,0.876578,62.213885,11.632013,2.447317672,118.565919,0.650508,2.834502104,1.285852
2015-02-17,6.255191,0.87604,62.189488,11.595007,2.447218572,118.799825,0.651248,2.837932545,1.278406
2015-02-18,6.2551,0.879353,62.302146,11.688445,2.456911713,119.319381,0.648259,2.831076328,1.283679
2015-02-19,6.255291,0.878194,62.209888,11.644507,2.449284272,119.012909,0.64802,2.849916572,1.284974
2015-02-20,6.252611,0.885112,62.234201,11.655249,2.463710391,118.525403,0.650381,2.870596566,1.274473
2015-02-23,6.256506,0.885112,62.315012,11.711011,2.481589662,119.047619,0.650735,2.896884404,1.284298
2015-02-24,6.253708,0.882768,62.202507,11.607521,2.478990113,119.491525,0.648305,2.870586158,1.289636
2015-02-25,6.259915,0.881368,61.967478,11.479817,2.469328398,118.914155,0.645866,2.855191257,1.268112
2015-02-26,6.258814,0.883626,61.751171,11.432447,2.481664752,118.883096,0.645136,2.850932226,1.268622
2015-02-27,6.270907,0.88968,61.816904,11.62669,2.517793594,119.261566,0.647509,2.898487544,1.277402
2015-03-02,6.275586,0.89071,61.941302,11.707669,2.512781687,119.77376,0.649684,2.862118108,1.285562
2015-03-03,6.271759,0.895415,61.92192,11.792264,2.533667622,119.752865,0.651504,2.913323782,1.27937
2015-03-04,6.268788,0.898957,62.264114,11.782722,2.545577131,119.696152,0.652553,2.966468896,1.27571
2015-03-05,6.268136,0.903424,62.254766,11.759238,2.589484145,120.245731,0.655073,2.982112205,1.283314
2015-03-06,6.262063,0.912159,62.397519,11.779075,2.5791298,119.930676,0.658579,3.005472954,1.276111
2015-03-09,6.264641,0.92081,62.680479,12.08849,2.609023941,120.911602,0.661694,3.095764273,1.293094
2015-03-10,6.261501,0.931272,62.786832,12.280592,2.642484634,121.335444,0.663811,3.137455765,1.306947
2015-03-11,6.262526,0.945358,62.781339,12.294857,2.620627718,121.317829,0.665107,3.129325014,1.313953
2015-03-12,6.261943,0.942241,62.44813,12.214454,2.592763592,120.880053,0.668143,3.112315085,1.29756
2015-03-13,6.259175,0.945895,63.027998,12.465759,2.638100643,121.462353,0.676551,3.205921302,1.305335
2015-03-16,6.26248,0.947239,62.872312,12.400966,2.621009757,121.208677,0.675476,3.230747371,1.306905
2015-03-17,6.249929,0.940291,62.732111,12.393982,2.612505877,121.203573,0.676963,3.27183827,1.308322
2015-03-18,6.229418,0.944109,62.760008,12.372356,2.62396148,121.17636,0.682591,3.236688066,1.312406
2015-03-19,6.194624,0.936593,62.583029,12.252037,2.601479816,120.932846,0.672755,3.253722956,1.308045
2015-03-20,6.2049,0.927988,62.332034,12.12203,2.587416481,120.879733,0.673255,3.268374165,1.29807
2015-03-23,6.214443,0.916422,62.277493,11.971499,2.559017595,119.868035,0.670638,3.204087243,1.277309
2015-03-24,6.208311,0.913242,62.327306,11.837443,2.561004566,119.534247,0.670685,3.12347032,1.264201
2015-03-25,6.212472,0.910332,62.371416,11.795539,2.557032317,119.371871,0.67046,3.12553482,1.267638
2015-03-26,6.212886,0.911328,62.726328,11.864486,2.590449285,119.083204,0.67174,3.180898569,1.274948
2015-03-27,6.215733,0.92115,62.518423,12.021371,2.607037583,119.187546,0.672255,3.209837878,1.284083
2015-03-30,6.207838,0.922084,62.626095,12.120424,2.606270171,119.88935,0.675703,3.284094053,1.305486
2015-03-31,6.20039,0.929454,62.52793,12.205967,2.614648202,119.853146,0.675992,3.249186727,1.31555
2015-04-01,6.198233,0.9298,62.497536,12.088424,2.609390981,120.213854,0.677359,3.160762436,1.315946
2015-04-02,6.196214,0.923361,62.181902,11.999077,2.598799631,119.658356,0.675531,3.1677747,1.324377
2015-04-07,6.199041,0.921914,62.319535,11.832304,2.588642021,120.153038,0.671706,3.132571218,1.30838
2015-04-08,6.203001,0.920641,62.244983,11.782545,2.590683115,119.766157,0.668753,3.100349843,1.296078
2015-04-09,6.205959,0.92816,62.19742,11.788194,2.590959718,119.936885,0.674587,3.033320958,1.294877
2015-04-10,6.208704,0.946074,62.355724,12.059035,2.64153264,120.454115,0.685336,3.087890255,1.307852
2015-04-13,6.212282,0.947688,62.421437,12.154852,2.652103867,120.545868,0.683757,3.098369977,1.319655
2015-04-14,6.212893,0.946611,62.386407,12.126089,2.677394926,119.907232,0.683169,3.110280197,1.319197
2015-04-15,6.205123,0.945269,62.371302,12.153039,2.713961622,119.595425,0.677569,3.087342849,1.318178
2015-04-16,6.197087,0.93362,62.260573,12.051256,2.698067407,119.167211,0.671179,3.016711792,1.287461
2015-04-17,6.196874,0.924727,62.395043,11.946736,2.685130387,118.78121,0.665711,3.011096726,1.280007
2015-04-20,6.205633,0.932575,62.973049,12.100065,2.704000746,119.071155,0.671034,3.052130934,1.289098
2015-04-21,6.201682,0.934579,62.905701,12.109907,2.687383178,119.392523,0.671682,3.030186916,1.291682
2015-04-22,6.19408,0.930839,62.945174,12.134134,2.712929349,119.566229,0.663595,3.021595458,1.284185
2015-04-23,6.197921,0.928333,63.322503,12.254085,2.729112514,120.08912,0.665615,3.001113999,1.293817
2015-04-24,6.194845,0.923873,63.562546,12.182465,2.731430155,119.512195,0.661401,2.973300074,1.282705
2015-04-27,6.21983,0.924044,63.567363,12.109222,2.717981889,119.414156,0.6618,2.959064868,1.281371
2015-04-28,6.205363,0.915164,63.144962,11.907019,2.668710534,119.05372,0.654342,2.908941155,1.258534
2015-04-29,6.199873,0.908926,63.428558,11.878022,2.675604436,119.251045,0.650882,2.951008907,1.250863
2015-04-30,6.203121,0.891663,63.500045,11.806777,2.65849309,118.823005,0.647971,2.96317432,1.262684
2015-05-04,6.2092,0.8967,63.662213,12.050753,2.715028694,120.220588,0.661657,3.076757532,1.275556
2015-05-05,6.202213,0.899523,63.429163,12.048035,2.713771701,120.464154,0.66115,3.086983899,1.270037
2015-05-06,6.200356,0.890472,63.539982,12.034016,2.707479964,119.84862,0.656812,3.062689225,1.249332
2015-05-07,6.203361,0.884564,64.155595,11.996196,2.683060593,119.16851,0.656789,3.0268023,1.254843
2015-05-08,6.206131,0.891186,63.98993,12.054808,2.702432938,120.221014,0.648784,3.035380091,1.263791
2015-05-11,6.210196,0.897505,63.844014,11.98923,2.69628433,119.94256,0.645845,2.986627176,1.267008
2015-05-12,6.212474,0.889759,64.289172,12.129816,2.691075718,119.983984,0.637423,3.070913782,1.251891
2015-05-13,6.204616,0.891186,64.009981,11.981998,2.65074414,119.695214,0.639337,3.001871491,1.242759
2015-05-14,6.201244,0.875733,63.680007,11.833523,2.606532971,119.204834,0.633243,3.027585603,1.233646
2015-05-15,6.203919,0.882768,63.661635,11.867761,2.595780367,119.862288,0.636564,3.011917373,1.249912
2015-05-18,6.20432,0.87804,63.668013,11.858021,2.58012117,119.703222,0.638335,2.999473176,1.249276
2015-05-19,6.206082,0.894454,63.698837,11.855098,2.584973166,120.178891,0.645662,3.010107335,1.254651
2015-05-20,6.203814,0.899442,63.794298,11.897913,2.594441446,120.912035,0.643731,3.036427415,1.265515
2015-05-21,6.195994,0.89823,63.612773,11.776969,2.569927243,121.072487,0.637654,3.011766819,1.267583
2015-05-22,6.197958,0.895736,63.470889,11.782784,2.592708707,120.933357,0.639377,3.039322823,1.268631
2015-05-25,6.203134,0.910913,63.559938,11.936054,2.611131354,121.50665,0.646748,3.119876116,1.277373
2015-05-26,6.204009,0.915248,63.925041,12.012447,2.631429617,122.707304,0.64946,3.122917811,1.283178
2015-05-27,6.19884,0.920556,64.051183,12.116358,2.655619994,123.695112,0.650833,3.16072908,1.296971
2015-05-28,6.201175,0.917768,63.822504,12.114629,2.658773862,124.229075,0.653818,3.154643906,1.30938
2015-05-29,6.198177,0.911577,63.800638,12.161258,2.66071103,123.928897,0.655424,3.146946217,1.307019
2015-06-01,6.195815,0.913743,63.699105,12.254751,2.676991959,124.07712,0.657209,3.204130117,1.310398
2015-06-02,6.198023,0.906701,63.835978,12.259226,2.679844048,124.689455,0.656723,3.149424245,1.30039
2015-06-03,6.199569,0.89815,63.905335,12.258757,2.678641997,124.357823,0.653404,3.137865996,1.28624
2015-06-04,6.201025,0.883626,64.006539,12.337634,2.684191924,124.123001,0.649819,3.136697005,1.291685
2015-06-05,6.203958,0.891424,63.790515,12.402032,2.665270102,124.772687,0.652255,3.13683366,1.295596
2015-06-08,6.206594,0.895897,64.088873,12.584035,2.765185451,125.282207,0.655617,3.137699337,1.309353
2015-06-09,6.205885,0.888968,63.974131,12.434528,2.734287492,124.064361,0.653747,3.10472042,1.298427
2015-06-10,6.206933,0.886603,63.874812,12.368029,2.742796347,122.963029,0.645802,3.081922156,1.29187
2015-06-11,6.206108,0.890313,63.981838,12.428864,2.737624644,123.709046,0.646902,3.158742877,1.293892
2015-06-12,6.208111,0.891266,64.07959,12.413458,2.71657754,123.68984,0.645722,3.094474153,1.297683
2015-06-15,6.209039,0.891424,64.167499,12.423961,2.740060617,123.49795,0.644856,3.131930825,1.289535
2015-06-16,6.210522,0.891663,64.309318,12.448239,2.738029425,123.423986,0.640392,3.134195274,1.291306
2015-06-17,6.207111,0.886603,64.139995,12.432485,2.736058161,123.929426,0.635695,3.098856282,1.302775
2015-06-18,6.20712,0.876885,63.732462,12.176166,2.714836899,122.711329,0.628464,3.049631708,1.277622
2015-06-19,6.209399,0.885034,63.562528,12.26728,2.712186919,123.187893,0.631383,3.067970617,1.291353
2015-06-22,6.209431,0.881446,63.525782,12.156016,2.680299691,123.226091,0.631908,3.092904363,1.288321
2015-06-23,6.206623,0.892538,63.614959,12.184398,2.678507676,123.812924,0.633792,3.093091753,1.297572
2015-06-24,6.208776,0.891822,63.588335,12.125033,2.672077053,123.900829,0.634799,3.071613306,1.290734
2015-06-25,6.209174,0.892379,63.58201,12.102891,2.663305372,123.612351,0.635909,3.0955738,1.291897
2015-06-26,6.208981,0.892698,63.600964,12.177468,2.664524192,123.710052,0.635869,3.138457418,1.306106
2015-06-29,6.208659,0.89823,63.836792,12.254918,2.686158268,122.886913,0.636396,3.140123956,1.30477
2015-06-30,6.199482,0.893735,63.622576,12.191974,2.677004201,122.450621,0.635803,3.101170793,1.300384
2015-07-01,6.201622,0.900901,63.605045,12.191712,2.68,123.09009,0.638784,3.103693694,1.302523
2015-07-02,6.2045,0.903669,63.512471,12.353696,2.70422917,123.639978,0.641876,3.149286102,1.316917
2015-07-03,6.205479,0.901226,63.438807,12.289023,2.692231435,122.909156,0.64005,3.116798846,1.329037
2015-07-06,6.20794,0.90843,63.444586,12.421057,2.690952035,122.738009,0.643169,3.148528343,1.334302
2015-07-07,6.212515,0.914829,63.484585,12.479005,2.682920135,122.477358,0.647425,3.160461074,1.346812
2015-07-08,6.209089,0.907112,63.596335,12.515784,2.684325109,121.444122,0.650671,3.205188679,1.348512
2015-07-09,6.208793,0.90465,63.389995,12.456034,2.671069296,121.494482,0.649177,3.22751945,1.340329
2015-07-10,6.209388,0.894055,63.4,12.411802,2.663924899,122.378185,0.644435,3.185158695,1.338847
2015-07-13,6.208435,0.905059,63.541949,12.48846,2.660059734,123.35958,0.64395,3.175943524,1.346185
2015-07-14,6.207778,0.906536,63.340042,12.400961,2.636750975,123.307044,0.64219,3.128909437,1.344212
2015-07-15,6.209192,0.908348,63.422473,12.352257,2.644381869,123.489872,0.639931,3.143428104,1.340085
2015-07-16,6.211098,0.920217,63.510905,12.417226,2.653906322,124.137296,0.642404,3.148891138,1.353916
2015-07-17,6.209477,0.918358,63.473781,12.323538,2.65056479,123.98751,0.641289,3.164202406,1.351088
2015-07-20,6.208809,0.921489,63.655087,12.410984,2.689734611,124.244379,0.64237,3.194434206,1.354865
2015-07-21,6.209533,0.920217,63.610012,12.394957,2.689058618,124.385755,0.642956,3.19131315,1.356952
2015-07-22,6.209411,0.917263,63.640983,12.375894,2.720601724,123.812145,0.640433,3.193542469,1.354339
2015-07-23,6.209565,0.909174,63.767524,12.428584,2.72524775,123.78398,0.640422,3.26684244,1.349577
2015-07-24,6.208794,0.91416,64.119572,12.632965,2.750251394,124.051559,0.64622,3.333577109,1.376543
2015-07-27,6.209803,0.904323,64.170013,12.686471,2.774371496,123.195876,0.644511,3.378006873,1.373124
2015-07-28,6.209433,0.907029,63.915011,12.561542,2.749659864,123.773243,0.641633,3.348390023,1.368617
2015-07-29,6.209066,0.906618,63.904986,12.540073,2.759202176,123.7534,0.639438,3.369265639,1.369084
2015-07-30,6.209676,0.912825,64.041168,12.684801,2.781560931,124.372433,0.63989,3.35326335,1.375171
2015-07-31,6.20972,0.911826,64.136227,12.693535,2.779702745,124.31841,0.642017,3.371386888,1.380505
2015-08-03,6.209661,0.913159,64.04374,12.718199,2.778741667,124.253493,0.641768,3.453931148,1.376221
2015-08-04,6.210061,0.911328,63.752483,12.656065,2.773170509,124.004374,0.640436,3.437346213,1.35159
2015-08-05,6.209685,0.918864,63.755031,12.770651,2.779288799,124.258017,0.639805,3.466047965,1.355784
2015-08-06,6.209738,0.918695,63.764998,12.761139,2.785117134,124.88746,0.644373,3.516123105,1.364171
2015-08-07,6.20967,0.913993,63.815008,12.699753,2.788776163,124.696097,0.644457,3.526094507,1.353533
2015-08-10,6.209672,0.912409,63.871168,12.725821,2.791149635,124.698905,0.645164,3.518156934,1.358029
2015-08-11,6.325011,0.904568,64.204975,12.720941,2.767616463,124.821348,0.641158,3.470465853,1.365174
2015-08-12,6.385836,0.896459,64.71896,12.745226,2.775885253,124.114747,0.640879,3.460062752,1.356163
2015-08-13,6.398236,0.900171,65.229094,12.800882,2.789900081,124.430642,0.639662,3.492033486,1.361149
2015-08-14,6.391191,0.895175,65.007519,12.794468,2.833407931,124.160773,0.639603,3.500134276,1.353684
2015-08-17,6.394865,0.900901,65.315045,12.913514,2.858108108,124.522523,0.64009,3.50009009,1.36
2015-08-18,6.394213,0.904159,65.315009,12.915642,2.88915009,124.267631,0.636709,3.486799277,1.362116
2015-08-19,6.395616,0.905715,65.273707,12.900824,2.920297075,124.363735,0.638439,3.478308124,1.360927
2015-08-20,6.389073,0.894214,65.550031,12.945989,2.960296879,123.848699,0.63829,3.504426361,1.366986
2015-08-21,6.388086,0.886446,65.9032,12.941317,2.928729723,122.684159,0.638064,3.471412109,1.363709
2015-08-24,6.404801,0.869792,66.772288,13.2672,2.954683831,119.857354,0.635122,3.560494042,1.38323
2015-08-25,6.412828,0.869112,66.096298,13.055015,2.920737007,119.798366,0.633582,3.530418912,1.385103
2015-08-26,6.409314,0.877039,66.194527,13.067532,2.92667953,119.680758,0.641466,3.591825995,1.400018
2015-08-27,6.405619,0.886211,66.045019,13.11698,2.920950018,120.187877,0.647997,3.583392414,1.399326
2015-08-28,6.389599,0.887469,66.162496,13.236244,2.921636493,120.837771,0.649716,3.565051473,1.401225
2015-08-31,6.382434,0.891663,66.401962,13.334463,2.918502006,121.328578,0.648712,3.62648239,1.404637
2015-09-01,6.364721,0.889996,66.309719,13.385813,2.923193307,120.03382,0.652189,3.654859381,1.420078
2015-09-02,6.35602,0.888494,66.193781,13.458907,2.943225233,120.133274,0.654731,3.730964016,1.42701
2015-09-03,6.355864,0.890551,66.242497,13.615015,2.969988423,120.206608,0.65411,3.800160299,1.427999
2015-09-04,6.355899,0.897827,66.495331,13.62399,2.977823667,119.249416,0.656761,3.776800144,1.431855
2015-09-07,6.365871,0.897183,66.856899,13.915485,3.025031401,119.406065,0.655257,3.839763144,1.441055
2015-09-08,6.367586,0.895897,66.502419,13.815624,3.013169683,119.888909,0.648988,3.793764558,1.431285
2015-09-09,6.378221,0.897747,66.411258,13.670527,3.019391328,120.881587,0.650956,3.801059341,1.423826
2015-09-10,6.377202,0.894055,66.433706,13.856594,3.045775592,121.037103,0.649575,3.888153777,1.415378
2015-09-11,6.374867,0.887469,66.468495,13.568246,3.044195953,120.713525,0.648385,3.840255591,1.415957
2015-09-14,6.369571,0.884564,66.361787,13.582043,3.068996019,120.336134,0.648739,3.863600177,1.404157
2015-09-15,6.369876,0.883392,66.363781,13.477739,3.029858657,119.646643,0.64894,3.841519435,1.403269
2015-09-16,6.37077,0.890631,66.460011,13.359458,3.001959387,120.63591,0.647177,3.841645885,1.396242
2015-09-17,6.366337,0.884017,66.25,13.385697,3.017857143,120.898161,0.644139,3.862800566,1.394625
2015-09-18,6.364305,0.875733,65.673789,13.220247,2.999649707,119.371223,0.63911,3.885629214,1.37569
2015-09-21,6.368267,0.888889,65.715289,13.339644,2.987733333,120.444444,0.643822,3.958133333,1.394933
2015-09-22,6.376423,0.896459,65.895831,13.674765,3.037292694,119.90139,0.647512,4.016943075,1.410309
2015-09-23,6.382511,0.896861,65.981166,13.658027,3.025112108,120.206278,0.654439,4.017399103,1.418206
2015-09-24,6.382261,0.889601,66.239125,13.998043,3.057557157,119.633485,0.657148,4.208166533,1.436438
2015-09-25,6.374496,0.896781,66.156309,13.737243,3.02815891,120.993633,0.65891,3.890503094,1.425433
2015-09-28,6.365175,0.895255,66.104834,14.031155,3.056132498,120.080573,0.658192,4.00957923,1.429454
2015-09-29,6.365227,0.892538,65.99527,13.906819,3.037308104,119.939307,0.659675,4.090860407,1.428865
2015-09-30,6.355976,0.892618,65.590021,13.834152,3.026242971,120.226725,0.659198,3.999642953,1.422744
2015-10-01,6.357124,0.89662,65.512508,13.852327,3.030216085,119.752533,0.66054,3.947189097,1.414597
2015-10-02,6.357079,0.896057,65.512545,13.897939,3.026344086,120.286738,0.659319,4.003584229,1.422043
2015-10-05,6.356088,0.889996,65.300018,13.589979,2.994749021,120.211819,0.658775,3.921235315,1.410911
2015-10-06,6.357627,0.890948,65.382573,13.685584,2.9914469,120.340342,0.659212,3.938791875,1.406005
2015-10-07,6.35727,0.887626,64.897923,13.375644,2.928901118,120.095864,0.653116,3.837919404,1.383455
2015-10-08,6.353919,0.888573,65.096144,13.466856,2.933357029,119.886263,0.654523,3.87186778,1.391861
2015-10-09,6.345186,0.880127,64.800035,13.261222,2.902041894,120.269319,0.65191,3.749427918,1.364372
2015-10-12,6.323485,0.879275,64.752484,13.272575,2.91717225,120.117823,0.650752,3.764881737,1.356634
2015-10-13,6.341041,0.879198,65.184983,13.457007,2.954105855,119.711623,0.65764,3.804378407,1.37023
2015-10-14,6.348379,0.876424,64.983786,13.417528,2.936021034,119.614373,0.650131,3.873619632,1.377914
2015-10-15,6.345222,0.874202,64.824985,13.109275,2.882682053,118.218376,0.646647,3.796223446,1.364805
2015-10-16,6.352025,0.880282,64.867165,13.146039,2.902464789,119.058099,0.647535,3.854929577,1.377993
2015-10-19,6.360364,0.882379,64.804994,13.192359,2.898526427,119.377041,0.645637,3.898791141,1.374835
2015-10-20,6.348457,0.879275,65.057505,13.199596,2.891233623,119.722149,0.646443,3.859843489,1.372725
2015-10-21,6.349128,0.880747,65.126299,13.426458,2.90549586,120.045799,0.647261,3.926105337,1.383389
2015-10-22,6.358084,0.883939,65.126315,13.524883,2.888977283,119.764872,0.646513,3.95925042,1.387077
2015-10-23,6.350595,0.902201,64.828762,13.443432,2.87513533,120.714543,0.649179,3.89462288,1.375857
2015-10-26,6.352102,0.908183,64.906457,13.570974,2.885659795,121.02443,0.652438,3.85805104,1.378803
2015-10-27,6.3525,0.904077,64.963656,13.74288,2.909773077,120.296537,0.652201,3.92161649,1.383148
2015-10-28,6.358502,0.90212,65.000902,13.579702,2.891023906,120.324763,0.653857,3.884709066,1.401804
2015-10-29,6.354986,0.914913,65.364044,13.837786,2.936870997,121.043001,0.655718,3.936139067,1.413175
2015-10-30,6.326858,0.907688,65.367614,13.81701,2.916220387,120.613597,0.651902,3.878006717,1.41091
2015-11-02,6.337382,0.906454,65.585025,13.764594,2.805474982,120.576505,0.646483,3.872733865,1.401106
2015-11-03,6.336097,0.911079,65.727861,13.897777,2.844569971,120.854592,0.649736,3.80949344,1.394042
2015-11-04,6.336626,0.914495,65.486328,13.816187,2.839689072,121.124829,0.648743,3.752629172,1.390947
2015-11-05,6.346136,0.918864,65.891758,13.886153,2.868234862,121.887347,0.654783,3.800790223,1.399706
2015-11-06,6.354473,0.920471,65.900037,13.94827,2.880522828,121.879602,0.660576,3.792893962,1.399485
2015-11-09,6.363122,0.927988,66.422513,14.25297,2.918522643,123.496659,0.662676,3.795100223,1.416388
2015-11-10,6.35991,0.93362,66.270003,14.351228,2.914760527,123.219121,0.661376,3.793016525,1.418075
2015-11-11,6.367581,0.933184,66.235536,14.184957,2.886244867,123.086973,0.658828,3.733949235,1.416853
2015-11-12,6.370502,0.932314,66.313817,14.257785,2.884393064,122.990863,0.658587,3.803188514,1.405277
2015-11-13,6.373746,0.929023,66.146414,14.349591,2.876254181,122.668153,0.656865,3.794778893,1.400687
2015-11-16,6.372284,0.932575,65.990208,14.38963,2.883707918,123.109205,0.658211,3.836985918,1.409121
2015-11-17,6.377226,0.937207,66.00956,14.237582,2.867197751,123.233365,0.657638,3.812933458,1.402062
2015-11-18,6.380461,0.937559,66.220139,14.207482,2.864241515,123.429589,0.657135,3.803018939,1.408963
2015-11-19,6.385702,0.935716,66.229999,14.204735,2.847665388,123.140264,0.654814,3.757275194,1.396557
2015-11-20,6.384637,0.935629,66.194985,13.927957,2.822324102,122.829341,0.655876,3.710703593,1.38707
2015-11-23,6.389427,0.940645,66.381244,14.020882,2.847051077,123.14928,0.660803,3.730034804,1.391497
2015-11-24,6.388884,0.938879,66.339499,14.065158,2.880011267,122.542484,0.663036,3.71326636,1.386067
2015-11-25,6.386832,0.944644,66.300302,14.090119,2.878518798,122.747024,0.662904,3.768184394,1.379275
2015-11-26,6.389465,0.942329,66.56634,14.225028,2.908970976,122.559367,0.662269,3.763192612,1.383811
2015-11-27,6.39414,0.94518,66.772117,14.318526,2.917296786,122.637051,0.664367,3.720132325,1.388374
2015-11-30,6.398431,0.945269,66.667454,14.452595,2.910388506,123.09292,0.666226,3.848095283,1.386804
2015-12-01,6.396981,0.943396,66.521038,14.468019,2.889150943,123.179245,0.663774,3.891981132,1.371698
2015-12-02,6.3987,0.942329,66.544572,14.336035,2.883999246,123.162458,0.66519,3.852619676,1.365341
2015-12-03,6.397995,0.937119,66.661325,14.313185,2.883328648,123.306157,0.667416,3.79308406,1.363509
2015-12-04,6.402678,0.917263,66.778573,14.426252,2.912034489,122.986608,0.660521,3.777288571,1.36663
2015-12-07,6.408178,0.925155,66.73374,14.487279,2.900268295,123.415672,0.663984,3.73993894,1.373763
2015-12-08,6.417931,0.91954,66.838713,14.668322,2.923034483,122.887356,0.668598,3.797425287,1.388414
2015-12-09,6.427657,0.913993,66.83996,14.577004,2.919202998,122.511653,0.662736,3.769947902,1.387625
2015-12-10,6.434799,0.913826,66.747327,15.273965,2.918760852,121.511469,0.661153,3.762862104,1.370739
2015-12-11,6.458082,0.913242,67.006301,15.88621,2.960365297,121.479452,0.659726,3.852968037,1.386301
2015-12-14,6.458072,0.910498,67.145042,15.300464,2.989802422,120.677411,0.661022,3.904488755,1.38678
2015-12-15,6.461965,0.909918,66.893631,14.942038,2.963876251,120.991811,0.659873,3.877070064,1.383076
2015-12-16,6.469039,0.914662,66.710875,15.065215,2.964968444,121.814689,0.666148,3.93688832,1.389006
2015-12-17,6.487409,0.922424,66.26695,14.998616,2.921686191,122.516373,0.670233,3.877040863,1.392584
2015-12-18,6.485234,0.92285,66.403654,15.042267,2.914451827,121.447028,0.670598,3.900424511,1.403285
2015-12-21,6.481785,0.919963,66.315547,15.097976,2.911039558,121.370745,0.671435,3.97598896,1.3954
2015-12-22,6.476717,0.913075,66.241234,15.134039,2.947406866,120.909423,0.672206,3.982742878,1.379565
2015-12-23,6.477556,0.916086,66.209967,15.262917,2.933125687,120.850128,0.671491,3.967662147,1.384665
2015-12-24,6.474833,0.913492,66.210012,15.186992,2.922261807,120.425687,0.670686,3.940988399,1.376998
2015-12-28,6.48732,0.912242,66.102536,15.249316,2.912151067,120.461595,0.670817,3.925743477,1.376482
2015-12-29,6.488769,0.913075,66.331081,15.302958,2.910701242,120.416362,0.675721,3.851990504,1.374726
2015-12-30,6.490024,0.915248,66.387516,15.453688,2.91387516,120.501556,0.675444,3.898041369,1.371957
2015-12-31,6.485533,0.918527,66.15367,15.571783,2.917700009,120.391292,0.674153,3.9604115,1.368329
2016-01-04,6.534043,0.9176,66.633327,15.558635,2.954028262,119.086071,0.67728,4.039548541,1.390439
2016-01-05,6.520938,0.930579,66.586544,15.600503,2.978689745,119.00242,0.681509,4.003629257,1.394193
2016-01-06,6.552597,0.930925,66.862968,15.82871,3.008285236,118.404394,0.683672,4.03379259,1.413796
2016-01-07,6.594774,0.920133,66.894737,16.101123,3.017206478,117.537725,0.685913,4.048675009,1.430806
2016-01-08,6.590277,0.920726,66.679495,16.008655,2.991529325,118.322438,0.686115,4.022189485,1.426664
2016-01-11,6.571822,0.918442,66.808688,16.575496,3.0191036,117.863703,0.686122,4.02149155,1.425055
2016-01-12,6.577704,0.92285,66.86997,16.587025,3.030823182,117.930971,0.692876,4.033222591,1.426726
2016-01-13,6.575536,0.924556,66.865015,16.489737,3.016457101,118.102811,0.693602,3.995377219,1.425018
2016-01-14,6.592215,0.918021,67.430093,16.567979,3.031763518,117.745341,0.694969,4.014504728,1.440834
2016-01-15,6.586769,0.916254,67.789995,16.699102,3.042697453,117.097306,0.697728,4.044255085,1.456386
2016-01-18,6.578957,0.918105,67.688762,16.790488,3.039111274,117.315461,0.700174,4.033143592,1.451524
2016-01-19,6.578579,0.920133,67.615017,16.66498,3.039197644,117.887376,0.703653,4.026315789,1.442124
2016-01-20,6.579994,0.916842,67.995507,16.768681,3.053726964,116.6957,0.705969,4.085358027,1.459246
2016-01-21,6.579087,0.918021,67.996328,16.657762,3.038465069,116.983384,0.708547,4.15220784,1.446342
2016-01-22,6.57883,0.925241,67.629996,16.482513,3.01369356,118.217987,0.698177,4.121946706,1.42302
2016-01-25,6.57938,0.924642,67.77374,16.512252,3.019879797,118.418863,0.701711,4.093943597,1.432825
2016-01-26,6.580603,0.922765,67.896743,16.506505,3.017347975,118.316877,0.702178,4.103072806,1.434899
2016-01-27,6.577976,0.918442,68.049963,16.33018,2.9904482,118.3964,0.697695,4.037747979,1.420004
2016-01-28,6.57663,0.917179,68.224984,16.306063,2.979455196,118.884711,0.699147,4.104650096,1.414198
2016-01-29,6.576007,0.915751,67.860714,16.018956,2.963827839,121.108059,0.699725,4.056227106,1.409158
2016-02-01,6.578923,0.91878,67.907019,16.080393,2.964810731,121.269754,0.699191,3.99770305,1.412808
2016-02-02,6.579998,0.915835,67.984706,16.099276,2.952376591,120.743658,0.694752,3.989834234,1.417254
2016-02-03,6.577883,0.914662,68.041709,16.184945,2.93954084,119.436568,0.689015,3.958657276,1.416263
2016-02-04,6.576031,0.892379,67.695877,15.854899,2.900232019,117.338926,0.683518,3.880599679,1.387293
2016-02-05,6.572398,0.892698,67.653723,15.852883,2.901089091,116.684521,0.687154,3.879128727,1.391091
2016-02-08,6.575534,0.90082,68.033961,16.204396,2.947572291,116.304837,0.695793,3.895594991,1.416629
2016-02-09,6.57921,0.889996,68.044589,16.194375,2.950694197,114.871841,0.693708,3.892933428,1.431381
2016-02-10,6.574309,0.888336,67.855024,15.846051,2.926623434,114.968464,0.686933,3.887181309,1.407835
2016-02-11,6.57372,0.88129,68.436591,15.852384,2.927381687,112.188244,0.693928,3.95135278,1.411651
2016-02-12,6.573304,0.886918,68.241064,15.893038,2.929490022,112.700665,0.689446,3.998847007,1.410288
2016-02-15,6.494275,0.894454,68.072004,15.752594,2.943470483,114.132379,0.690519,3.986314848,1.397496
2016-02-16,6.514508,0.895576,68.420652,15.732491,2.957460147,113.756045,0.694788,4.015135232,1.397546
2016-02-17,6.527029,0.897989,68.498563,15.653736,2.959859914,114.134339,0.698949,4.02891523,1.403466
2016-02-18,6.517683,0.902201,68.518676,15.396698,2.96679899,113.830747,0.695985,4.017232046,1.398051
2016-02-19,6.522891,0.901226,68.467466,15.445205,2.965302812,113.013699,0.700388,4.042357606,1.406363
2016-02-22,6.521767,0.906947,68.560493,15.280791,2.948666788,113.23236,0.709623,3.968347542,1.389625
2016-02-23,6.527359,0.908926,68.538357,15.124614,2.935648064,111.906926,0.708826,3.960189057,1.381749
2016-02-24,6.53802,0.910664,68.562517,15.540934,2.944722703,111.884164,0.718833,3.988070303,1.395046
2016-02-25,6.531786,0.906865,68.875034,15.566972,2.924458148,112.460325,0.715698,3.947311145,1.386778
2016-02-26,6.537707,0.908595,68.690714,15.675813,2.939033255,113.047429,0.715473,3.939305833,1.387879
2016-02-29,6.553178,0.918442,68.316036,16.032605,2.964088905,113.096988,0.721712,3.985488611,1.401543
2016-03-01,6.551692,0.919794,67.853201,15.822664,2.951526858,113.07947,0.7156,4.002851361,1.397719
2016-03-02,6.551676,0.92115,67.530859,15.668478,2.938743552,114.28703,0.713062,3.917004422,1.382646
2016-03-03,6.540501,0.917347,67.275021,15.709109,2.928171727,113.962022,0.710348,3.848179066,1.362444
2016-03-04,6.515953,0.911577,67.083865,15.613036,2.919507748,113.737466,0.706317,3.722333637,1.354512
2016-03-07,6.517027,0.912992,67.088925,15.370949,2.922852187,113.621839,0.707003,3.7640829,1.349037
2016-03-08,6.505622,0.906783,67.307309,15.368607,2.918026841,112.985129,0.703736,3.780377222,1.341494
2016-03-09,6.512895,0.911328,67.150278,15.378474,2.907317962,112.667456,0.702953,3.712749476,1.335095
2016-03-10,6.519941,0.921065,66.92871,15.072304,2.882195818,114.092291,0.706715,3.65846919,1.33757
2016-03-11,6.503066,0.901713,67.012624,15.241028,2.875383228,113.769161,0.699684,3.643011722,1.33147
2016-03-14,6.496088,0.899361,67.061157,15.400935,2.882363522,113.643313,0.696358,3.620919147,1.327008
2016-03-15,6.511477,0.900171,67.358268,15.853542,2.892069493,112.845441,0.705356,3.7078945,1.339184
2016-03-16,6.523861,0.903832,67.234996,16.212491,2.924981923,113.593637,0.711587,3.816341287,1.347704
2016-03-17,6.48192,0.884095,66.642207,15.395456,2.861462293,111.643533,0.691522,3.663513394,1.310936
2016-03-18,6.475485,0.886603,66.284688,15.251707,2.856458906,111.525844,0.690265,3.616810001,1.312528
2016-03-21,6.479283,0.887233,66.53651,15.300151,2.867979771,111.738089,0.69473,3.62851566,1.31479
2016-03-22,6.49224,0.891902,66.679005,15.336247,2.877274349,111.603639,0.702729,3.614520157,1.315644
2016-03-23,6.503267,0.895175,66.795721,15.350013,2.874496464,112.801003,0.707054,3.634410527,1.323069
2016-03-24,6.514434,0.896539,66.863009,15.497041,2.878787879,112.435001,0.70771,3.704142012,1.332078
2016-03-29,6.510005,0.893336,66.530552,15.468644,2.868411649,113.56977,0.700822,3.644363052,1.33116
2016-03-30,6.478806,0.88308,66.386436,14.935447,2.83821971,112.477923,0.693924,3.644913458,1.303956
2016-03-31,6.457093,0.878349,66.253667,14.744488,2.821080369,112.340799,0.695257,3.616512956,1.300571
2016-04-01,6.464573,0.874738,66.351295,14.761896,2.824090273,112.027642,0.698828,3.612316305,1.301959
2016-04-04,6.475923,0.878735,66.105009,14.657293,2.807732865,111.572935,0.700685,3.551845343,1.310808
2016-04-05,6.474444,0.87974,66.458608,14.972024,2.829682414,110.680039,0.705199,3.641682062,1.327087
2016-04-06,6.488179,0.882145,66.670783,15.243913,2.853122795,110.382851,0.712844,3.705010586,1.325776
2016-04-07,6.470873,0.879972,66.625748,15.238472,2.852956705,108.368532,0.710384,3.66217881,1.328054
2016-04-08,6.474523,0.880049,66.59949,15.06838,2.85267975,108.56288,0.710464,3.65695679,1.328082
2016-04-11,6.471378,0.877963,66.466637,14.74583,2.830553117,108.235294,0.702897,3.568656716,1.322212
2016-04-12,6.461214,0.877501,66.398736,14.689014,2.832046332,108.318708,0.700597,3.512987013,1.305897
2016-04-13,6.476545,0.885112,66.603824,14.723137,2.855284121,109.284829,0.702673,3.513011152,1.307134
2016-04-14,6.485069,0.888731,66.534661,14.569677,2.861980092,109.393886,0.707074,3.51813011,1.298436
2016-04-15,6.475718,0.886211,66.592077,14.571429,2.854661468,108.92414,0.705202,3.490517547,1.298121
2016-04-18,6.478065,0.884486,66.578808,14.599416,2.852556165,108.190341,0.705643,3.503095701,1.298868
2016-04-19,6.468483,0.881601,66.552499,14.284933,2.833112933,109.406683,0.696244,3.56237327,1.282465
2016-04-20,6.466122,0.878812,66.19826,14.203621,2.813164601,109.148431,0.69514,3.547060374,1.279199
2016-04-21,6.475121,0.880669,66.278732,14.178688,2.814795244,109.643329,0.693025,3.526464113,1.276618
2016-04-22,6.495516,0.887863,66.538666,14.369706,2.831039687,110.858563,0.695507,3.570807067,1.293616
2016-04-25,6.493697,0.887784,66.600675,14.483398,2.847478693,110.928622,0.689276,3.566051136,1.295011
2016-04-26,6.498184,0.885975,66.569771,14.484983,2.830778772,111.145566,0.68648,3.538850004,1.293524
2016-04-27,6.494824,0.884721,66.46669,14.466071,2.822967354,111.289038,0.685437,3.523489339,1.316907
2016-04-28,6.476668,0.880437,66.500264,14.379996,2.814139813,108.152844,0.685314,3.513558725,1.312379
2016-04-29,6.484522,0.876962,66.384723,14.168815,2.800491099,107.287556,0.68425,3.484872402,1.310883
2016-05-02,6.475072,0.870095,66.404333,14.184895,2.791264248,106.560515,0.680832,3.45697381,1.307317
2016-05-03,6.483966,0.864379,66.395367,14.462443,2.828075028,105.912352,0.68375,3.545682427,1.322759
2016-05-04,6.500565,0.869187,66.589309,14.782442,2.859017818,106.579748,0.689126,3.571577575,1.336723
2016-05-05,6.504939,0.874202,66.504502,14.927092,2.899379316,107.098523,0.689396,3.521461666,1.334557
2016-05-06,6.502144,0.87512,66.632537,14.96097,2.919663954,106.965958,0.690032,3.557364138,1.356524
2016-05-09,6.512242,0.877578,66.604651,15.105485,2.935146994,108.284335,0.693269,3.507766564,1.364107
2016-05-10,6.516923,0.879121,66.675604,15.227692,2.940659341,109.116484,0.692396,3.485450549,1.361407
2016-05-11,6.504689,0.876501,66.608379,15.140415,2.962661057,108.76501,0.692068,3.463669033,1.356298
2016-05-12,6.518746,0.87804,66.668715,14.990956,2.947493195,109.316007,0.692668,3.461146721,1.364562
2016-05-13,6.521061,0.881213,66.78049,15.168488,2.964310892,108.882622,0.694025,3.48598872,1.372841
2016-05-16,6.522872,0.88308,66.843871,15.569587,2.9812787,108.857294,0.695867,3.532232427,1.37107
2016-05-17,6.526506,0.883548,66.821435,15.600018,2.966513518,109.498145,0.690493,3.485686517,1.365701
2016-05-18,6.535508,0.886603,66.979342,15.884032,2.984218459,109.38913,0.686985,3.536749712,1.376097
2016-05-19,6.548004,0.893096,67.466107,15.848263,2.994284183,110.002679,0.683978,3.585424667,1.389926
2016-05-20,6.547464,0.891345,67.472591,15.747304,2.983866655,110.357429,0.686407,3.547285854,1.383278
2016-05-23,6.554347,0.891663,67.522336,15.619527,2.986625056,109.407044,0.690531,3.551671868,1.385823
2016-05-24,6.556769,0.895415,67.673711,15.62509,2.958005014,109.74212,0.685109,3.549337393,1.39658
2016-05-25,6.561636,0.897183,67.378432,15.678181,2.95029607,110.165082,0.681186,3.560111251,1.38839
2016-05-26,6.557754,0.895415,67.080498,15.595004,2.931948424,110.073424,0.680247,3.582020057,1.386193
2016-05-27,6.561694,0.895415,67.03707,15.625358,2.948424069,109.652579,0.68271,3.609419771,1.386372
2016-05-30,6.58174,0.897747,67.13933,15.770985,2.956459287,111.185923,0.68341,3.604273274,1.391866
2016-05-31,6.577282,0.896539,67.196521,15.76681,2.952035144,111.018469,0.683029,3.572709342,1.377622
2016-06-01,6.577591,0.894935,67.458386,15.695722,2.947735815,109.244675,0.692304,3.598621801,1.375515
2016-06-02,6.581963,0.893815,67.301573,15.592957,2.947175545,109.009653,0.691232,3.596263854,1.386843
2016-06-03,6.586695,0.896539,67.250314,15.579882,2.949793796,108.902636,0.69289,3.583736776,1.380402
2016-06-06,6.566217,0.881135,66.965812,14.985021,2.908978765,107.128381,0.693629,3.518724117,1.358446
2016-06-07,6.571995,0.881213,66.743479,14.865615,2.898924921,107.648925,0.686288,3.506168488,1.34473
2016-06-08,6.567674,0.878889,66.55036,14.731236,2.882668307,107.022324,0.685955,3.408859202,1.338372
2016-06-09,6.559552,0.881601,66.730583,14.825002,2.896059244,106.426871,0.69151,3.383408269,1.344442
2016-06-10,6.559006,0.884643,66.808209,15.090587,2.918789809,106.85598,0.694268,3.420205237,1.351203
2016-06-13,6.586084,0.887469,67.103745,15.175719,2.923233937,106.061413,0.705671,3.439829606,1.351438
2016-06-14,6.593764,0.890869,67.309577,15.355724,2.929710468,105.995546,0.708045,3.498708241,1.36098
2016-06-15,6.581033,0.890472,67.112199,15.228495,2.930097952,106.224399,0.70488,3.46794301,1.352449
2016-06-16,6.586093,0.894935,67.299982,15.414355,2.935743691,104.394129,0.707294,3.485144084,1.361375
2016-06-17,6.590634,0.888573,67.085036,15.213968,2.931224454,104.26515,0.699929,3.460280789,1.353652
2016-06-20,6.579774,0.882457,67.35616,14.820067,2.896311331,104.632898,0.682801,3.37857395,1.340275
2016-06-21,6.581757,0.883861,67.570532,14.675977,2.898267633,104.640269,0.678407,3.367509281,1.332243
2016-06-22,6.578658,0.886289,67.495613,14.692015,2.902596827,104.590978,0.680608,3.39953913,1.332358
2016-06-23,6.579594,0.87804,67.30266,14.45702,2.870489068,105.698481,0.672535,3.351655106,1.322329
2016-06-24,6.623983,0.903669,68.004699,15.120007,2.933038135,102.322429,0.729713,3.439634918,1.34737
2016-06-27,6.64739,0.909256,67.954628,15.325605,2.944717221,101.654846,0.75832,3.403346063,1.350882
2016-06-28,6.64734,0.903098,67.919263,15.247088,2.908064662,102.411271,0.747042,3.357987898,1.353201
2016-06-29,6.643823,0.901713,67.600812,14.969883,2.899639315,102.660054,0.744364,3.265644725,1.344545
2016-06-30,6.643398,0.900739,67.519636,14.813637,2.88776797,102.729238,0.74446,3.233471447,1.344713
2016-07-01,6.65568,0.898069,67.328065,14.574495,2.880736417,102.640323,0.752851,3.218410418,1.336686
2016-07-04,6.664482,0.897827,67.253098,14.492368,2.89854552,102.612677,0.753322,3.243939666,1.328066
2016-07-05,6.673156,0.897183,67.4712,14.75148,2.920330163,101.830253,0.762579,3.288623722,1.336982
2016-07-06,6.686964,0.903424,67.420996,14.889782,2.947691752,100.713705,0.770621,3.323425784,1.338152
2016-07-07,6.682671,0.902527,67.422744,14.660018,2.93032491,100.99278,0.767915,3.329783394,1.330054
2016-07-08,6.685727,0.903342,67.31093,14.696206,2.927009937,100.424571,0.770036,3.337127371,1.330714
2016-07-11,6.690741,0.905059,67.14318,14.442302,2.89863336,102.479862,0.770178,3.317132772,1.322925
2016-07-12,6.684818,0.901551,67.095204,14.303732,2.887486477,103.939776,0.759782,3.282906599,1.310133
2016-07-13,6.69048,0.903179,67.029895,14.333002,2.894418353,104.606214,0.753233,3.298139451,1.311145
2016-07-14,6.684324,0.896298,66.858475,14.211975,2.888141974,105.655642,0.746715,3.23034866,1.30752
2016-07-15,6.681794,0.898634,67.024623,14.348311,2.88686197,105.706326,0.748338,3.255930985,1.306434
2016-07-18,6.703067,0.904732,67.199674,14.266263,2.956663349,105.690763,0.754293,3.253686782,1.317018
2016-07-19,6.694608,0.906208,67.134028,14.32696,2.979429089,106.207522,0.760761,3.269415496,1.334572
2016-07-20,6.674022,0.908018,67.204486,14.282757,3.038499955,106.537728,0.759148,3.247162444,1.335876
2016-07-21,6.673173,0.907853,67.21498,14.292601,3.072265093,106.264185,0.75892,3.250476623,1.335452
2016-07-22,6.673325,0.907935,67.076721,14.247322,3.047031051,106.101326,0.763646,3.281096786,1.336208
2016-07-25,6.679658,0.910581,67.348753,14.273812,3.030140229,106.210162,0.761883,3.256055363,1.335458
2016-07-26,6.670637,0.909339,67.329272,14.428662,3.047012822,104.273893,0.761208,3.280894789,1.327544
2016-07-27,6.670094,0.909835,67.209535,14.291784,3.040851606,105.750159,0.763124,3.280502229,1.338823
2016-07-28,6.65807,0.901713,67.046258,14.244184,3.019927863,104.724977,0.759423,3.273760144,1.328674
2016-07-29,6.650589,0.899847,66.954918,14.154684,3.016557185,103.329434,0.759471,3.282461981,1.330154
2016-08-01,6.640631,0.895736,66.700107,13.894751,2.993908993,102.364744,0.757255,3.256986743,1.321301
2016-08-02,6.632091,0.893416,66.714018,13.97016,2.994014116,101.599214,0.753239,3.265344412,1.31484
2016-08-03,6.628036,0.892857,66.895,13.980446,3.012678571,101.089286,0.749196,3.268392857,1.316964
2016-08-04,6.641613,0.897989,66.876796,13.739045,3.022988506,101.167385,0.759725,3.223239943,1.311422
2016-08-05,6.643062,0.896379,66.772947,13.673001,3.000268914,101.048763,0.760219,3.182233776,1.305755
2016-08-08,6.660774,0.901957,66.835032,13.64517,2.983854965,102.453324,0.766258,3.178407144,1.309642
2016-08-09,6.661672,0.90269,66.888428,13.54685,2.980231089,102.247698,0.770888,3.163477162,1.305561
2016-08-10,6.631706,0.894134,66.640737,13.276288,2.95332618,101.117668,0.764852,3.121512876,1.292024
2016-08-11,6.637766,0.89662,66.848202,13.366807,2.963328252,101.362862,0.771434,3.15215637,1.296512
2016-08-12,6.647517,0.896218,66.864044,13.506005,2.957340025,101.962717,0.771196,3.162484316,1.302653
2016-08-15,6.63712,0.894454,66.88542,13.358318,2.952325581,101.046512,0.775286,3.172003578,1.303846
2016-08-16,6.61992,0.885347,66.764143,13.23807,2.92563081,99.814077,0.770784,3.164320496,1.292784
2016-08-17,6.635775,0.886839,66.867595,13.454062,2.934196524,100.682866,0.768358,3.213728272,1.310748
2016-08-18,6.630686,0.883314,66.807879,13.358096,2.933044784,100.344493,0.760295,3.222683509,1.304302
2016-08-19,6.65204,0.882924,67.177291,13.510419,2.936782624,100.23839,0.764056,3.23671199,1.313526
2016-08-22,6.650893,0.884486,67.213869,13.587918,2.942331505,100.592606,0.762781,3.214134088,1.313993
2016-08-23,6.640885,0.881912,67.069054,13.474998,2.932092777,100.079372,0.7584,3.187759062,1.307258
2016-08-24,6.657171,0.887469,67.116436,14.14448,2.954384097,100.239617,0.755502,3.235977991,1.311857
2016-08-25,6.655979,0.88574,67.048184,14.130027,2.942338353,100.487157,0.757927,3.220992028,1.314438
2016-08-26,6.671213,0.88574,67.003543,14.049779,2.937112489,100.380868,0.756864,3.227723649,1.308326
2016-08-29,6.67932,0.895255,67.174127,14.529991,2.958639212,102.273948,0.765228,3.286481647,1.324082
2016-08-30,6.676665,0.895415,67.040025,14.374731,2.952811605,102.319126,0.762625,3.222689828,1.324051
2016-08-31,6.67544,0.898311,66.974668,14.528476,2.95822853,103.314768,0.761822,3.235357528,1.33004
2016-09-01,6.679706,0.897183,66.959447,14.670016,2.960972546,103.705365,0.754082,3.232190921,1.32792
2016-09-02,6.678728,0.893416,66.793532,14.523988,2.959438935,103.484321,0.752792,3.265344412,1.323148
2016-09-05,6.677662,0.896379,66.457512,14.352456,2.946575834,103.298673,0.749758,3.250089638,1.317318
2016-09-06,6.678466,0.896138,66.491173,14.204947,2.94121337,103.405323,0.748589,3.265973654,1.310601
2016-09-07,6.663344,0.889917,66.357124,14.027498,2.931298389,101.655246,0.747246,3.198718519,1.302572
2016-09-08,6.662093,0.885269,66.380135,13.903771,2.937234419,101.628895,0.748584,3.185375354,1.295326
2016-09-09,6.680511,0.887469,66.740327,14.324104,2.967696131,102.813277,0.750426,3.243876464,1.316649
2016-09-12,6.680474,0.890789,66.907625,14.480937,2.981738821,101.888473,0.752494,3.28977374,1.329948
2016-09-13,6.680715,0.889126,66.895172,14.298124,2.979016627,102.231706,0.75365,3.272783853,1.328176
2016-09-14,6.676235,0.891424,66.920128,14.331966,2.983597789,102.843644,0.758406,3.306917454,1.339098
2016-09-15,6.673361,0.888573,66.91754,14.21699,2.975297672,102.168118,0.757046,3.326728274,1.336147
2016-09-16,6.673348,0.890789,67.02031,14.135044,2.973810796,101.86175,0.758979,3.295296633,1.331641
2016-09-19,6.669861,0.895656,66.980296,14.029288,2.977429467,101.791312,0.765786,3.263770712,1.324854
2016-09-20,6.670601,0.894134,67.026109,13.87196,2.975232475,101.868741,0.77086,3.261176681,1.324392
2016-09-21,6.671211,0.896861,66.977578,13.712018,2.97470852,100.887892,0.768547,3.240986547,1.315247
2016-09-22,6.669247,0.889838,66.623954,13.487008,2.950080085,100.720769,0.764593,3.19807795,1.305748
2016-09-23,6.669966,0.891742,66.622971,13.58748,2.948011414,100.784733,0.770778,3.20411985,1.309524
2016-09-26,6.668887,0.887942,66.648908,13.672971,2.980198899,100.435091,0.773308,3.242940863,1.309803
2016-09-27,6.668984,0.891266,66.470143,13.55,2.978966132,100.285205,0.770169,3.22771836,1.306684
2016-09-28,6.673586,0.890869,66.451225,13.585033,2.978886414,100.605791,0.768,3.241781737,1.303964
2016-09-29,6.667855,0.891186,66.866144,13.790215,2.999821763,101.488281,0.76765,3.235005793,1.304875
2016-09-30,6.671714,0.895977,66.629782,13.908969,3.008332587,101.326046,0.771463,3.244332945,1.313234
2016-10-03,6.671591,0.889996,66.541474,13.584995,3.013616946,101.370595,0.777127,3.240388038,1.302777
2016-10-04,6.671624,0.895977,66.484634,13.603978,3.035839083,102.589374,0.784338,3.209031449,1.304901
2016-10-05,6.674605,0.891981,66.572919,13.74418,3.053697262,103.157613,0.786326,3.244492017,1.313175
2016-10-06,6.670094,0.894055,66.736254,13.819759,3.052391596,103.710326,0.789656,3.237013858,1.319803
2016-10-07,6.671634,0.897666,66.706014,13.880521,3.050718133,103.626571,0.811068,3.23940754,1.31921
2016-10-10,6.706989,0.896057,66.516577,13.848566,3.070609319,103.396057,0.807079,3.215591398,1.316308
2016-10-11,6.719018,0.902609,66.590848,14.26302,3.08141529,103.709721,0.814451,3.216355267,1.324939
2016-10-12,6.717695,0.907441,66.796733,14.394011,3.088838475,103.901996,0.816606,3.199274047,1.320599
2016-10-13,6.727759,0.905961,66.893912,14.29634,3.098025005,103.723501,0.819261,3.20139518,1.323066
2016-10-14,6.72605,0.908926,66.749682,14.206781,3.08752954,104.308308,0.817215,3.180694419,1.310762
2016-10-17,6.737766,0.909587,66.815081,14.238039,3.094142259,104.111333,0.82304,3.196925596,1.31308
2016-10-18,6.737014,0.90967,66.710179,14.046484,3.09997271,104.038934,0.814746,3.190484854,1.303739
2016-10-19,6.73677,0.91083,66.66272,13.903816,3.071682303,103.37007,0.813717,3.193642408,1.302304
2016-10-20,6.737705,0.910747,66.79827,13.910656,3.060655738,103.606557,0.815738,3.153825137,1.303643
2016-10-21,6.763274,0.918611,66.89785,14.031876,3.079827301,103.766305,0.820503,3.15451038,1.310674
2016-10-24,6.773942,0.918189,66.841888,13.879993,3.076026077,104.021669,0.817326,3.140207511,1.311358
2016-10-25,6.777502,0.919794,66.811074,13.833977,3.072755703,104.534584,0.818598,3.115526122,1.308775
2016-10-26,6.769245,0.915332,66.842563,13.750023,3.084851259,104.320366,0.818902,3.118077803,1.301602
2016-10-27,6.77972,0.915164,66.819347,13.857509,3.097373479,104.685641,0.815942,3.135444312,1.312254
2016-10-28,6.780168,0.915583,66.798663,13.881157,3.118293353,105.383629,0.823155,3.18998352,1.320637
2016-10-31,6.774712,0.913576,66.776905,13.564955,3.102959985,105.033802,0.822675,3.182532432,1.315275
2016-11-01,6.769252,0.907029,66.705215,13.495692,3.101587302,104.825397,0.817896,3.196281179,1.300771
2016-11-02,6.758269,0.901307,66.670572,13.377467,3.116719243,103.307796,0.811744,3.241730509,1.305002
2016-11-03,6.763557,0.903832,66.744396,13.462129,3.111984816,103.262834,0.80132,3.228488792,1.304591
2016-11-04,6.756964,0.901469,66.744343,13.532949,3.148832597,102.983864,0.800577,3.244929235,1.301542
2016-11-07,6.774634,0.903996,66.754656,13.455523,3.170131983,104.321099,0.804918,3.20421262,1.301483
2016-11-08,6.787371,0.905961,66.595851,13.34644,3.170230114,104.783475,0.807103,3.203841276,1.298424
2016-11-09,6.783796,0.907276,66.572764,13.454999,3.194973689,103.919434,0.807748,3.226728361,1.300671
2016-11-10,6.798073,0.917852,66.735659,13.864525,3.238182653,106.837999,0.805737,3.287287747,1.315833
2016-11-11,6.804659,0.917095,67.250092,14.221662,3.253026412,106.346295,0.789921,3.412325752,1.31493
2016-11-14,6.844112,0.927902,67.811079,14.388234,3.292010764,107.887167,0.797857,3.447434351,1.324673
2016-11-15,6.857037,0.928936,67.755225,14.183,3.279795634,108.267534,0.804812,3.437621923,1.322805
2016-11-16,6.879088,0.934405,68.068585,14.333489,3.320968043,109.558961,0.804616,3.437768641,1.339282
2016-11-17,6.869553,0.933097,67.868807,14.270038,3.332275823,109.284315,0.802977,3.410469348,1.339834
2016-11-18,6.882679,0.940822,67.943362,14.374824,3.367955593,110.029165,0.811158,3.391570232,1.352526
2016-11-21,6.894271,0.940645,68.14881,14.220017,3.363465337,110.610479,0.806368,3.35499953,1.356787
2016-11-22,6.885184,0.941886,68.295187,14.05689,3.364132994,110.897617,0.804587,3.34341151,1.351794
2016-11-23,6.900302,0.943218,68.736559,14.139974,3.390303716,111.337483,0.805442,3.382380683,1.348236
2016-11-24,6.919606,0.948047,68.756636,14.228764,3.425862723,113.225256,0.803944,3.404342055,1.353242
2016-11-25,6.919845,0.944109,68.535215,14.135008,3.448168429,113.038142,0.804211,3.435989426,1.343467
2016-11-28,6.908765,0.944465,68.720249,13.884964,3.426709482,112.627503,0.805657,3.391480922,1.340574
2016-11-29,6.899773,0.945537,68.699414,13.989977,3.429179274,112.972769,0.801957,3.404784418,1.343608
2016-11-30,6.883404,0.940291,68.508698,14.00047,3.420028209,113.286319,0.801598,3.396144805,1.343771
2016-12-01,6.885857,0.940999,68.351369,14.074998,3.484708761,114.22791,0.791362,3.443775289,1.352969
2016-12-02,6.888743,0.939673,68.255967,14.081282,3.54698365,113.888367,0.792173,3.468239053,1.346833
2016-12-05,6.883013,0.934405,68.164362,13.840871,3.531489441,114.296393,0.78647,3.461409082,1.344702
2016-12-06,6.881032,0.931619,67.800913,13.613005,3.465809577,113.91839,0.784516,3.431805478,1.341066
2016-12-07,6.881267,0.931966,67.644921,13.563001,3.418732526,114.091333,0.793057,3.397670084,1.342777
2016-12-08,6.879855,0.929195,67.371771,13.674224,3.407916744,113.928638,0.78977,3.40076194,1.338599
2016-12-09,6.906999,0.947059,67.564163,13.774979,3.476370868,115.048774,0.794914,3.391893172,1.339237
2016-12-12,6.910627,0.943752,67.42969,13.726029,3.517270668,115.788977,0.791808,3.393072858,1.337675
2016-12-13,6.902262,0.942507,67.539114,13.687088,3.482846371,115.240339,0.78688,3.329406221,1.334119
2016-12-14,6.905205,0.939496,67.478861,13.670425,3.487880496,114.984968,0.788829,3.310973318,1.331924
2016-12-15,6.935598,0.959785,67.801612,14.040023,3.53584797,118.08235,0.802361,3.387849122,1.354161
2016-12-16,6.958042,0.957946,67.800077,13.974135,3.506178753,118.191398,0.803621,3.360570936,1.36402
2016-12-19,6.953272,0.959509,67.858856,14.075034,3.505277298,117.242372,0.807331,3.376607177,1.376991
2016-12-20,6.957159,0.964878,68.069761,14.068506,3.519008105,118.130066,0.810286,3.357873408,1.381706
2016-12-21,6.944535,0.959601,67.880242,13.949333,3.512810671,117.368775,0.808368,3.332597639,1.376259
2016-12-22,6.94753,0.957488,67.982095,14.056971,3.512255841,117.636921,0.810465,3.328322482,1.385484
2016-12-23,6.945721,0.957304,67.803465,14.010435,3.510817538,117.365499,0.81637,3.268811028,1.394409
2016-12-27,6.952513,0.957396,68.016276,13.958066,3.52101484,117.386309,0.816659,3.279655337,1.391288
2016-12-28,6.959331,0.961446,68.232382,13.89626,3.546005192,117.671378,0.81846,3.27141621,1.393328
2016-12-29,6.955515,0.956663,68.013967,13.672821,3.532574381,116.751172,0.816034,3.264421697,1.38764
2016-12-30,6.944502,0.948677,67.919078,13.715018,3.516933877,117.066692,0.812238,3.254435063,1.384688
2017-01-02,6.946011,0.955566,68.139513,13.728619,3.543621596,117.458194,0.813569,3.274247492,1.392642
2017-01-03,6.96052,0.962927,68.368801,13.754454,3.587963409,118.199326,0.814299,3.265864227,1.385364
2017-01-04,6.935135,0.95813,68.064578,13.64463,3.582159624,117.50503,0.813883,3.236945482,1.37712
2017-01-05,6.886106,0.95229,67.935816,13.640987,3.620607561,116.541282,0.813637,3.213217789,1.371393
2017-01-06,6.917839,0.944376,67.989895,13.615922,3.617433185,115.997733,0.808839,3.20190764,1.363018
2017-01-09,6.937809,0.950932,68.169932,13.705496,3.728604032,116.641308,0.824078,3.212248003,1.365253
2017-01-10,6.924955,0.946342,68.217564,13.700483,3.777041734,116.248699,0.82275,3.193243115,1.362733
2017-01-11,6.933828,0.952109,68.391412,13.781015,3.879558221,116.290584,0.825716,3.216795201,1.355898
2017-01-12,6.893998,0.936417,67.97968,13.43534,3.775540781,113.952617,0.813213,3.157411743,1.330181
2017-01-13,6.900291,0.937998,68.16293,13.514867,3.788293781,114.351374,0.821199,3.198292843,1.334303
2017-01-16,6.900793,0.943931,68.120634,13.612611,3.781008118,114.13064,0.828847,3.221634888,1.337738
2017-01-17,6.854642,0.935979,67.983433,13.475197,3.796330962,113.347061,0.812336,3.210876076,1.325534
2017-01-18,6.838991,0.937734,68.113747,13.562641,3.785727682,113.512753,0.814263,3.222711928,1.324831
2017-01-19,6.865486,0.937383,68.136014,13.5973,3.819553806,114.576303,0.811352,3.208005249,1.322928
2017-01-20,6.877822,0.940557,68.173909,13.623965,3.824774266,115.189992,0.814475,3.195729872,1.327596
2017-01-23,6.85357,0.933271,68.159589,13.55651,3.786654223,113.59776,0.803994,3.161269249,1.321232
2017-01-24,6.859044,0.930406,68.09546,13.364626,3.764886491,113.369929,0.803405,3.163379233,1.32099
2017-01-25,6.882156,0.930839,68.080145,13.27255,3.824071488,113.366844,0.794219,3.170157312,1.323001
2017-01-26,6.881682,0.934579,68.184112,13.374019,3.865514019,114.392523,0.795729,3.186261682,1.32757
2017-01-27,6.895796,0.936242,68.067597,13.525981,3.877539556,115.167119,0.797397,3.167680929,1.326561
2017-01-30,6.877046,0.940734,67.950611,13.594544,3.815710254,114.543744,0.799012,3.134336783,1.327281
2017-01-31,6.877731,0.9298,67.689912,13.430033,3.777963738,113.379823,0.800604,3.118084612,1.32013
2017-02-01,6.883225,0.926784,67.427247,13.423262,3.760982391,113.299351,0.79164,3.143466172,1.31835
2017-02-02,6.881662,0.925241,67.23168,13.392117,3.73676906,112.324204,0.796336,3.114267209,1.300888
2017-02-03,6.868634,0.931012,67.321013,13.42631,3.735033982,113.108649,0.800791,3.132017503,1.308724
2017-02-06,6.861464,0.933532,67.162995,13.29593,3.678491412,112.285288,0.802371,3.118745332,1.307506
2017-02-07,6.884028,0.936768,67.422014,13.437283,3.726932084,112.355972,0.808712,3.126744731,1.312787
2017-02-08,6.87248,0.937647,67.144398,13.423535,3.723300516,111.945617,0.799953,3.125175809,1.308955
2017-02-09,6.866162,0.935279,66.741489,13.410026,3.693041526,112.270857,0.795829,3.117190423,1.306117
2017-02-10,6.879293,0.940822,66.93339,13.347069,3.685483112,113.510208,0.802427,3.111299276,1.308213
2017-02-13,6.873836,0.940822,66.975256,13.341707,3.685859441,113.745413,0.798664,3.119672594,1.304638
2017-02-14,6.862657,0.941354,66.813047,13.097995,3.650569519,113.367222,0.801073,3.095264991,1.300292
2017-02-15,6.870772,0.947418,66.888205,13.046045,3.662908574,114.4955,0.805287,3.079583136,1.303742
2017-02-16,6.855802,0.938791,66.996808,12.940011,3.664663913,113.546752,0.799005,3.041870071,1.296282
2017-02-17,6.867042,0.938967,67.1,13.085164,3.672957746,112.751174,0.804883,3.091830986,1.304413
2017-02-20,6.877449,0.941974,66.939054,13.110023,3.624811605,113.140543,0.802044,3.097588546,1.303222
2017-02-21,6.884787,0.949037,66.93556,13.159913,3.626554048,113.666129,0.805353,3.096042517,1.306064
2017-02-22,6.878246,0.951203,66.986588,13.105013,3.602301912,112.993437,0.803291,3.083991249,1.302102
2017-02-23,6.875343,0.945805,66.723257,12.879977,3.571077272,112.834579,0.800416,3.065544311,1.294902
2017-02-24,6.868979,0.942596,66.608069,12.915072,3.581016118,112.206617,0.796522,3.088886794,1.302291
2017-02-27,6.872202,0.944555,66.696892,12.955039,3.598753188,112.27921,0.805516,3.109096061,1.303108
2017-02-28,6.867982,0.943663,66.649995,13.014061,3.622817779,112.13551,0.804992,3.09615929,1.302916
2017-03-01,6.880471,0.949397,66.833761,13.082028,3.649292699,113.775752,0.812209,3.110984525,1.305611
2017-03-02,6.885962,0.951113,66.768119,13.106239,3.706676812,114.361803,0.813772,3.108902416,1.31634
2017-03-03,6.897492,0.946522,66.816848,13.082821,3.728159016,114.368197,0.817369,3.131093232,1.320965
2017-03-06,6.896715,0.944109,66.64983,12.995091,3.712990937,113.812311,0.814766,3.105740181,1.315804
2017-03-07,6.900151,0.945537,66.631997,12.957451,3.677571861,114.041225,0.819875,3.117813918,1.316188
2017-03-08,6.911046,0.947329,66.782872,13.064418,3.735695339,114.295188,0.821836,3.140488822,1.323228
2017-03-09,6.910435,0.947777,66.723059,13.266894,3.753483082,114.633684,0.821278,3.168988721,1.331059
2017-03-10,6.914577,0.942863,66.634452,13.264284,3.752687158,115.425231,0.822648,3.176881011,1.328965
2017-03-13,6.913345,0.937822,66.161024,13.138985,3.746787958,114.742568,0.818325,3.151927225,1.320266
2017-03-14,6.914778,0.940645,65.767096,13.160004,3.741510676,114.881008,0.823657,3.159721569,1.32377
2017-03-15,6.913764,0.941442,65.663246,13.053003,3.718414611,114.639428,0.819742,3.158821314,1.317266
2017-03-16,6.899497,0.932314,65.374324,12.704643,3.638821555,113.322767,0.809342,3.099384673,1.300112
2017-03-17,6.905188,0.931359,65.428891,12.759989,3.622613393,113.150787,0.809053,3.105336686,1.298314
2017-03-20,6.907366,0.93006,65.365048,12.675967,3.633463542,112.713914,0.807227,3.107886905,1.294829
2017-03-21,6.88928,0.925754,65.259211,12.573783,3.607850398,112.553231,0.80312,3.07119052,1.293186
2017-03-22,6.88748,0.925326,65.420098,12.594985,3.623207181,111.103914,0.803091,3.098362173,1.303414
2017-03-23,6.885592,0.927128,65.464027,12.510013,3.619321342,110.661969,0.799861,3.11589097,1.310217
2017-03-24,6.886256,0.925497,65.388246,12.477186,3.625728829,111.142989,0.801481,3.132346136,1.31254
2017-03-27,6.878042,0.918358,65.035357,12.637524,3.600238773,110.138672,0.793489,3.120580402,1.30967
2017-03-28,6.885256,0.920895,65.055254,12.940234,3.623998527,110.36007,0.79616,3.12616263,1.31513
2017-03-29,6.890863,0.930406,64.904168,13.138723,3.651470041,110.876442,0.803731,3.132303684,1.30815
2017-03-30,6.889541,0.931359,64.90733,12.86812,3.643382695,111.194933,0.802645,3.12517463,1.302785
2017-03-31,6.888224,0.935366,64.91114,13.319989,3.638013282,111.823029,0.800234,3.161537742,1.307829
2017-04-03,6.887065,0.937998,64.984992,13.554638,3.642341244,111.28412,0.799737,3.124847575,1.314323
2017-04-04,6.888649,0.938879,65.181673,13.761994,3.654210872,110.365224,0.803896,3.135386349,1.324664
2017-04-05,6.896235,0.936505,64.893238,13.703596,3.690204158,110.966473,0.800805,3.088031467,1.319067
2017-04-06,6.898275,0.937559,64.518095,13.803581,3.708044253,110.847553,0.802456,3.115694731,1.322239
2017-04-07,6.897272,0.940734,64.325024,13.813735,3.737158984,110.667921,0.805014,3.137253057,1.328598
2017-04-10,6.903195,0.945358,64.559936,13.889015,3.733598034,111.287578,0.806721,3.13622613,1.334846
2017-04-11,6.900528,0.941974,64.482856,13.836756,3.710625471,110.550113,0.803787,3.131217031,1.331669
2017-04-12,6.892032,0.942951,64.676568,13.69024,3.674210278,109.589816,0.8,3.142857143,1.335502
2017-04-13,6.888711,0.940734,64.432267,13.528222,3.668015052,109.134525,0.797394,3.130479774,1.319567
2017-04-18,6.882981,0.936154,64.602134,13.3871,3.690601011,108.837296,0.78988,3.107470511,1.325126
2017-04-19,6.885967,0.932401,64.562238,13.29697,3.663589744,109.006993,0.777902,3.111235431,1.329138
2017-04-20,6.883667,0.930665,64.623081,13.148627,3.635830619,109.036761,0.781014,3.142857143,1.328804
2017-04-21,6.88596,0.934754,64.608805,13.141428,3.645634698,109.104506,0.782576,3.148532436,1.329127
2017-04-24,6.885232,0.921829,64.447824,12.96451,3.592275074,110.315265,0.781987,3.125276549,1.320981
2017-04-25,6.884216,0.918189,64.28519,13.044808,3.592599394,110.494904,0.7798,3.152052153,1.327151
2017-04-26,6.890756,0.918021,64.122831,13.23584,3.579454696,111.401818,0.779427,3.169099422,1.336546
2017-04-27,6.894955,0.919033,64.117269,13.359158,3.565573017,111.451153,0.775848,3.160279386,1.339583
2017-04-28,6.895425,0.914913,64.283166,13.256999,3.545837145,111.399817,0.772855,3.176395242,1.338426
2017-05-02,6.895373,0.91617,64.225836,13.274027,3.538341732,112.276683,0.774347,3.168575355,1.330096
2017-05-03,6.893214,0.915835,64.15789,13.34646,3.535397014,112.162286,0.773331,3.152669658,1.338493
2017-05-04,6.895763,0.915164,64.185961,13.543608,3.560904182,112.848906,0.775739,3.186785028,1.351972
2017-05-05,6.902199,0.912326,64.37825,13.584344,3.562996077,112.480613,0.772831,3.18556701,1.353161
2017-05-08,6.90373,0.914244,64.312946,13.575974,3.564179923,112.543427,0.772216,3.190345584,1.352258
2017-05-09,6.906778,0.918442,64.656043,13.665044,3.595518001,113.923586,0.774247,3.189750184,1.360121
2017-05-10,6.902775,0.918949,64.546039,13.489983,3.589138026,113.80261,0.771779,3.164859401,1.35453
2017-05-11,6.902118,0.92081,64.370166,13.366206,3.58388582,113.895028,0.777947,3.164180479,1.356998
2017-05-12,6.900239,0.919456,64.306271,13.454947,3.589371092,113.847003,0.777749,3.147020964,1.35445
2017-05-15,6.892909,0.911411,64.04712,13.19887,3.556325191,113.425082,0.774043,3.104721108,1.343511
2017-05-16,6.888959,0.904241,64.065919,13.137445,3.556379419,113.635953,0.776454,3.102993037,1.349127
2017-05-17,6.88603,0.899523,64.100927,13.091032,3.550598183,112.278492,0.771296,3.098497796,1.350544
2017-05-18,6.891724,0.898553,65.046994,13.528709,3.635636625,110.566987,0.767032,3.134872855,1.343966
2017-05-19,6.889257,0.894534,64.587172,13.263619,3.602737275,111.235352,0.768477,3.330083192,1.344575
2017-05-22,6.889353,0.889442,64.535266,13.181357,3.560170773,111.34039,0.76806,3.293515965,1.338522
2017-05-23,6.890504,0.891663,64.894784,13.203745,3.564065983,111.119037,0.770959,3.274008025,1.332055
2017-05-24,6.889931,0.893416,64.734656,12.95247,3.566872152,111.810953,0.771375,3.255784866,1.337443
2017-05-25,6.868022,0.891742,64.602283,12.895042,3.564027109,111.762083,0.771607,3.269127876,1.339576
2017-05-26,6.857985,0.893176,64.502947,12.871383,3.569399786,111.093248,0.77876,3.26982851,1.343158
2017-05-29,6.856811,0.893815,64.537898,12.947533,3.577225599,111.34251,0.77845,3.265820522,1.344744
2017-05-30,6.855545,0.895015,64.657209,13.146961,3.556609684,110.954981,0.77681,3.267609416,1.341806
2017-05-31,6.813029,0.891186,64.46306,13.133767,3.536583192,110.863559,0.778585,3.251492737,1.341592
2017-06-01,6.808896,0.891345,64.465193,13.050004,3.539976825,110.999198,0.77752,3.220875301,1.35324
2017-06-02,6.820629,0.891504,64.44281,12.870375,3.53044486,111.455826,0.777998,3.236872604,1.352679
2017-06-05,6.805316,0.888968,64.363054,12.740421,3.516934839,110.498711,0.774558,3.258956352,1.337008
2017-06-06,6.794368,0.888257,64.472819,12.84873,3.529578966,109.362231,0.774827,3.296944395,1.335939
2017-06-07,6.797985,0.891504,64.346973,12.865026,3.543460818,109.458857,0.774788,3.271284657,1.323438
2017-06-08,6.797756,0.890551,64.24125,12.866328,3.550182563,110.223528,0.772598,3.281859471,1.326387
2017-06-09,6.796886,0.894775,64.24481,12.884932,3.529348604,110.450966,0.784162,3.263779528,1.327577
2017-06-12,6.798325,0.891186,64.439889,12.811425,3.516531503,109.883255,0.789101,3.283129846,1.325639
2017-06-13,6.797272,0.891504,64.360346,12.774984,3.523134528,110.038335,0.785192,3.302576446,1.326558
2017-06-14,6.797019,0.892618,64.299741,12.737392,3.513523163,110.309738,0.785147,3.305096849,1.319111
2017-06-15,6.805033,0.895576,64.608633,12.871485,3.516568153,110.111051,0.784883,3.274135769,1.318467
2017-06-16,6.813737,0.895496,64.432256,12.880004,3.512581714,111.336975,0.783138,3.284767619,1.314856
2017-06-19,6.816859,0.892937,64.42227,12.978748,3.508974016,110.956335,0.78148,3.300026788,1.313064
2017-06-20,6.82673,0.896379,64.512818,13.102008,3.536213697,111.375045,0.790095,3.302707063,1.315346
2017-06-21,6.826142,0.897102,64.502108,13.03086,3.526599085,111.429084,0.787746,3.321790616,1.322149
2017-06-22,6.833468,0.895335,64.599785,13.000627,3.51660847,111.263318,0.789399,3.32742412,1.326171
2017-06-23,6.839076,0.895015,64.532802,12.935738,3.511590441,111.304037,0.785868,3.337778573,1.3214
2017-06-26,6.841959,0.893895,64.44802,12.880039,3.508000358,111.674265,0.785108,3.33056226,1.320372
2017-06-27,6.814417,0.886682,64.510108,12.907608,3.504610747,111.863806,0.783561,3.299875865,1.313974
2017-06-28,6.799824,0.879121,64.557802,13.018022,3.523428571,112.114286,0.778242,3.308307692,1.317451
2017-06-29,6.782792,0.876194,64.586875,12.990537,3.517304828,112.669763,0.770963,3.283623938,1.302725
2017-06-30,6.78102,0.876271,64.620137,13.073957,3.516824395,111.943568,0.770531,3.294777427,1.301349
2017-07-03,6.795057,0.879585,64.857947,13.187264,3.546661976,112.991468,0.77144,3.319289295,1.306008
2017-07-04,6.801726,0.880824,64.737955,13.228398,3.556504889,113.2476,0.773408,3.303355941,1.314366
2017-07-05,6.802013,0.88269,64.796099,13.352193,3.584694148,113.549298,0.774428,3.314061259,1.316621
2017-07-06,6.802196,0.878349,64.762846,13.480018,3.633465086,113.315766,0.773061,3.306016689,1.318226
2017-07-07,6.798984,0.876271,64.577199,13.37592,3.633456011,113.739923,0.775394,3.293638275,1.314932
2017-07-10,6.804602,0.878194,64.495038,13.359972,3.611311144,114.147712,0.776702,3.274962677,1.317204
2017-07-11,6.802017,0.876808,64.590092,13.55502,3.632704954,114.300745,0.77438,3.266812801,1.31416
2017-07-12,6.788016,0.873439,64.535331,13.394969,3.596995371,113.564503,0.776705,3.231461263,1.307188
2017-07-13,6.78313,0.875887,64.449943,13.222475,3.570377507,113.138303,0.772664,3.217395113,1.293685
2017-07-14,6.782216,0.87604,64.384582,13.168025,3.562242663,113.096802,0.770767,3.206219886,1.288655
2017-07-17,6.769412,0.872448,64.345228,12.943553,3.534374455,112.423661,0.765617,3.178939103,1.277002
2017-07-18,6.750411,0.865426,64.333189,12.935006,3.526611856,112.038079,0.768325,3.169450454,1.260493
2017-07-19,6.753577,0.867077,64.295066,12.910431,3.518251973,111.878956,0.767233,3.158935229,1.260036
2017-07-20,6.77057,0.870701,64.440575,12.975185,3.539573357,112.250762,0.772468,3.148976926,1.263387
2017-07-21,6.768425,0.858959,64.33989,12.934118,3.533585295,111.424154,0.769713,3.111578767,1.262584
2017-07-24,6.749828,0.858516,64.397751,12.956387,3.552369505,110.825893,0.767084,3.137276786,1.258671
2017-07-25,6.75124,0.855139,64.385155,13.011886,3.561399008,111.407559,0.764452,3.14306482,1.256456
2017-07-26,6.754208,0.858811,64.35718,13.053762,3.555994504,111.868774,0.766704,3.160941257,1.263913
2017-07-27,6.739439,0.855139,64.155122,12.963913,3.531982213,111.441765,0.760886,3.149991449,1.249957
2017-07-28,6.74286,0.852588,64.161906,13.028476,3.534998721,111.151846,0.763646,3.155853014,1.256032
2017-07-31,6.727722,0.852733,64.185896,13.107871,3.522981155,110.599471,0.762514,3.134987635,1.254626
2017-08-01,6.719523,0.846597,64.099644,13.284964,3.522011514,110.506265,0.757196,3.122248561,1.254064
2017-08-02,6.725759,0.84538,63.680108,13.281004,3.532504861,110.727872,0.755981,3.127483304,1.255136
2017-08-03,6.72226,0.84317,63.677066,13.290725,3.540640809,110.379427,0.761535,3.121163575,1.259949
2017-08-04,6.72034,0.842602,63.619397,13.335608,3.530754971,110.102797,0.760701,3.110128075,1.254466
2017-08-07,6.720437,0.847673,63.830211,13.364499,3.531575824,110.858693,0.766593,3.126048996,1.263796
2017-08-08,6.700779,0.846453,63.641866,13.165143,3.528525478,110.301337,0.767547,3.124936516,1.259692
2017-08-09,6.675987,0.852442,63.859858,13.481459,3.539169721,109.743415,0.770079,3.13639076,1.268349
2017-08-10,6.654279,0.85237,64.105012,13.360041,3.534094783,109.751108,0.769715,3.155813161,1.269008
2017-08-11,6.665023,0.849979,64.169996,13.492648,3.549936252,109.145771,0.770463,3.177050574,1.271738
2017-08-14,6.67229,0.847673,64.117148,13.271255,3.523607697,109.587183,0.770832,3.180215309,1.270323
2017-08-15,6.683243,0.851499,64.119976,13.325869,3.530057902,110.413828,0.776098,3.196525886,1.275545
2017-08-16,6.694535,0.853971,64.190009,13.234415,3.52852263,110.836892,0.777054,3.170708796,1.272673
2017-08-17,6.677781,0.85492,64.169873,13.202103,3.522014192,110.122254,0.77708,3.162007352,1.26152
2017-08-18,6.672232,0.851789,64.14523,13.224617,3.524361158,109.045997,0.776729,3.167376491,1.263203
2017-08-21,6.671371,0.850268,64.14293,13.205,3.506759629,108.978828,0.776448,3.149562112,1.261032
2017-08-22,6.662985,0.849545,64.099482,13.202532,3.497578795,109.361991,0.779144,3.151983689,1.264718
2017-08-23,6.660225,0.847529,64.079583,13.265022,3.503517247,109.085516,0.780854,3.162471396,1.26587
2017-08-24,6.661528,0.847027,64.032272,13.208199,3.479671354,109.317296,0.779265,3.143571066,1.26639
2017-08-25,6.656165,0.846883,64.022273,13.168022,3.47899729,109.747629,0.779836,3.13727981,1.263465
2017-08-28,6.622977,0.838574,63.904822,13.045031,3.443438155,109.29979,0.774239,3.150356394,1.258532
2017-08-29,6.595867,0.830013,64.022244,12.975017,3.442065073,108.615538,0.771622,3.162848606,1.254233
2017-08-30,6.592732,0.839208,64.02526,13.054968,3.460473313,110.146022,0.774136,3.169519973,1.260154
2017-08-31,6.601184,0.845666,63.931924,13.07129,3.47255814,110.621564,0.777784,3.163636364,1.269852
2017-09-01,6.559144,0.838926,64.033138,12.934983,3.438003356,110.142617,0.772441,3.139513423,1.260151
2017-09-04,6.529021,0.839983,64.039899,12.943889,3.429315414,109.701806,0.771567,3.139773205,1.256615
2017-09-05,6.54878,0.841043,64.127418,12.943314,3.444407065,109.327166,0.771573,3.117746005,1.253322
2017-09-06,6.525019,0.838153,64.112396,12.904618,3.440197804,108.8928,0.766306,3.113318247,1.25396
2017-09-07,6.490519,0.835352,64.01512,12.81121,3.416005346,108.879793,0.763537,3.098989224,1.246847
2017-09-08,6.461526,0.829187,63.784826,12.862687,3.415505804,107.379768,0.756783,3.089220564,1.233914
2017-09-11,6.529049,0.833542,63.910978,12.931316,3.399099775,108.677169,0.756647,3.088855547,1.243227
2017-09-12,6.538507,0.838012,64.056398,12.972429,3.4314925,109.720942,0.753189,3.110450013,1.244197
2017-09-13,6.532181,0.834794,63.999917,13.1142,3.442023541,110.017531,0.753343,3.132231405,1.244595
2017-09-14,6.555995,0.841397,64.122423,13.17703,3.461001262,110.685738,0.749878,3.137989062,1.251746
2017-09-15,6.545097,0.835911,64.083006,13.17504,3.438936722,111.109254,0.735961,3.122711694,1.246426
2017-09-18,6.571811,0.83696,64.137513,13.215015,3.459993304,111.391028,0.738642,3.113826582,1.251004
2017-09-19,6.584698,0.835282,64.331273,13.318243,3.488473104,111.460074,0.740244,3.126378216,1.250334
2017-09-20,6.575164,0.832848,64.292912,13.247106,3.468143583,111.293412,0.738569,3.129757641,1.240193
2017-09-21,6.592188,0.839983,64.804284,13.346409,3.509113818,112.440151,0.741201,3.137589248,1.260143
2017-09-22,6.588496,0.83605,64.79475,13.239612,3.4950255,112.039127,0.73702,3.131761558,1.254995
2017-09-25,6.623325,0.842673,65.107862,13.275386,3.522625769,112.235611,0.74103,3.128676161,1.257015
2017-09-26,6.633495,0.848392,65.490371,13.347671,3.541104607,111.979299,0.744676,3.164418427,1.267837
2017-09-27,6.642024,0.851716,65.712461,13.547568,3.568861255,112.937569,0.745805,3.181756239,1.273656
2017-09-28,6.659535,0.849041,65.473765,13.515792,3.565461029,112.54882,0.744057,3.182543726,1.278146
2017-09-29,6.652041,0.847027,65.279519,13.504997,3.558614264,112.502118,0.746891,3.187785872,1.276893
2017-10-02,6.65344,0.851499,65.306965,13.635984,3.581999319,112.823569,0.752878,3.173876022,1.280313
2017-10-03,6.642815,0.850847,65.504127,13.715902,3.583510593,112.966902,0.755492,3.156045265,1.279588
2017-10-04,6.631289,0.848392,65.021634,13.560024,3.564605073,112.386528,0.753101,3.133027912,1.271401
2017-10-05,6.652018,0.851644,65.14776,13.628002,3.568812809,112.459547,0.759266,3.131664112,1.278743
2017-10-06,6.65337,0.85419,65.383104,13.726403,3.617066712,112.949517,0.764799,3.160502264,1.28641
2017-10-09,6.62251,0.851354,65.352035,13.791078,3.714966797,112.685169,0.759365,3.164311255,1.28912
2017-10-10,6.578706,0.847673,65.247097,13.688565,3.677629906,112.359074,0.757905,3.168432652,1.284649
2017-10-11,6.592477,0.845309,65.144548,13.569315,3.663313609,112.189349,0.758326,3.171174979,1.283686
2017-10-12,6.58831,0.843455,65.030027,13.502952,3.662955466,112.280702,0.761091,3.175944669,1.279943
2017-10-13,6.590262,0.84674,64.955546,13.382472,3.66003387,112.184589,0.753429,3.176714649,1.276884
2017-10-16,6.590019,0.847242,64.742438,13.316021,3.641023469,111.827501,0.751953,3.160552402,1.270524
2017-10-17,6.620121,0.850412,65.030615,13.434561,3.661110639,112.203419,0.758126,3.176970831,1.275108
2017-10-18,6.627543,0.851136,65.05277,13.532982,3.679036514,112.877692,0.75992,3.166141799,1.27747
2017-10-19,6.617374,0.845023,65.027886,13.544195,3.660976846,112.540139,0.758957,3.173990198,1.270323
2017-10-20,6.618463,0.846167,65.009985,13.684126,3.662971738,113.174818,0.75836,3.174733457,1.273904
2017-10-23,6.64029,0.851789,65.022572,13.689182,3.695570698,113.79046,0.758859,3.193611584,1.279216
2017-10-24,6.63396,0.850268,65.11266,13.722983,3.720006802,113.893376,0.759315,3.23288836,1.28535
2017-10-25,6.645482,0.848536,64.924905,13.828596,3.731014001,114.051761,0.754204,3.235808231,1.296733
2017-10-26,6.636859,0.850847,64.860036,14.242321,3.772483621,113.800732,0.757339,3.235769591,1.297371
2017-10-27,6.654459,0.861698,65.059888,14.205515,3.822576476,114.192159,0.763748,3.299612236,1.309436
2017-10-30,6.645281,0.861178,64.894936,14.068291,3.77635205,113.529108,0.757664,3.254392008,1.304513
2017-10-31,6.631466,0.859254,64.749957,14.121155,3.794810105,113.42155,0.754881,3.270235436,1.306926
2017-11-01,6.611006,0.861178,64.599552,14.115915,3.82311402,114.192215,0.75254,3.28539442,1.303479
2017-11-02,6.613225,0.858738,64.601975,13.987033,3.823014169,114.126234,0.761614,3.267239158,1.298154
2017-11-03,6.62263,0.857854,64.522604,14.126791,3.854079094,113.940122,0.762829,3.260873295,1.302565
2017-11-06,6.634081,0.862813,64.672563,14.201726,3.866695427,114.141501,0.76264,3.293701467,1.304573
2017-11-07,6.638125,0.864902,64.994811,14.172029,3.863777893,114.193046,0.761443,3.271233351,1.30704
2017-11-08,6.629681,0.862813,64.987489,14.186109,3.886971527,113.494392,0.76277,3.249525453,1.30233
2017-11-09,6.637403,0.859845,64.969905,14.213758,3.866036113,113.284609,0.762107,3.246947549,1.30215
2017-11-10,6.642526,0.858074,65.162176,14.380041,3.869658486,113.334477,0.75828,3.267890853,1.304016
2017-11-13,6.641215,0.857927,65.452128,14.557996,3.887954701,113.306452,0.76371,3.291180508,1.308854
2017-11-14,6.636867,0.851426,65.402299,14.383312,3.872030651,113.48659,0.76275,3.276968923,1.307876
2017-11-15,6.621959,0.844595,65.215372,14.376014,3.883361486,112.711149,0.759375,3.250844595,1.316047
2017-11-16,6.631977,0.849545,65.322403,14.276612,3.862458585,113.091496,0.75765,3.277461558,1.31739
2017-11-17,6.633234,0.847817,65.012293,14.013141,3.886901229,112.607037,0.757821,3.277490462,1.325307
2017-11-20,6.633987,0.848824,65.102708,14.055004,3.922502334,112.1297,0.754944,3.258467023,1.323487
2017-11-21,6.632958,0.853388,64.917648,14.079962,3.951527564,112.536269,0.755231,3.260539341,1.31985
2017-11-22,6.61801,0.851136,64.899991,13.881181,3.962635118,112.018044,0.755894,3.258830539,1.319517
2017-11-23,6.573346,0.844024,64.577988,13.876266,3.917960837,111.233964,0.751224,3.24130655,1.310939
2017-11-24,6.604951,0.841963,64.680054,13.993685,3.942578092,111.341248,0.750358,3.231371558,1.3122
2017-11-27,6.601824,0.83668,64.502175,13.728497,3.911981258,111.019076,0.747783,3.226572959,1.309906
2017-11-28,6.597493,0.841184,64.41748,13.740074,3.926985195,111.238223,0.75318,3.220642665,1.313846
2017-11-29,6.604042,0.845523,64.312167,13.676926,3.95654012,111.811956,0.746538,3.207575886,1.321299
2017-11-30,6.614651,0.843953,64.467466,13.60984,3.936028357,112.313275,0.742552,3.263397755,1.321546
2017-12-01,6.609255,0.841397,64.497265,13.706942,3.93083719,112.494741,0.741397,3.26663862,1.320404
2017-12-04,6.618795,0.842815,64.398651,13.630004,3.899030763,112.861357,0.739359,3.249726085,1.313527
2017-12-05,6.613995,0.844096,64.405757,13.512028,3.867899046,112.577024,0.744349,3.223769731,1.309361
2017-12-06,6.614961,0.846238,64.51976,13.526868,3.849454176,112.143522,0.747525,3.232038588,1.31717
2017-12-07,6.619124,0.848464,64.577465,13.651536,3.865009333,112.743933,0.747226,3.294077719,1.330562
2017-12-08,6.619741,0.851644,64.450264,13.659598,3.846448646,113.490036,0.745401,3.273292454,1.330267
2017-12-11,6.61826,0.847745,64.412089,13.616311,3.82197355,113.309596,0.748135,3.276873516,1.328756
2017-12-12,6.618647,0.849907,64.397416,13.611763,3.827978922,113.496515,0.748496,3.318969913,1.32084
2017-12-13,6.619973,0.852079,64.431663,13.622018,3.854976142,113.317996,0.74902,3.315184049,1.320978
2017-12-14,6.608527,0.844238,64.370198,13.468974,3.871253694,112.612917,0.744306,3.337188687,1.304517
2017-12-15,6.608674,0.847027,64.042436,13.366847,3.862696934,112.188718,0.747527,3.317889209,1.302897
2017-12-18,6.617635,0.847817,64.234421,12.858075,3.836625689,112.471386,0.747842,3.28393387,1.30496
2017-12-19,6.603062,0.845809,64.029857,12.734331,3.831007359,112.687135,0.748541,3.286982999,1.303053
2017-12-20,6.57881,0.844238,64.117771,12.673027,3.829970452,113.26298,0.745631,3.288560574,1.302406
2017-12-21,6.585041,0.843241,64.025213,12.720971,3.820979847,113.491863,0.748486,3.306686904,1.302892
2017-12-22,6.575972,0.843668,64.039906,12.704463,3.81759892,113.363705,0.74722,3.319750274,1.295706
2017-12-27,6.555275,0.840689,64.155107,12.451282,3.823034889,113.240858,0.744792,3.295166036,1.2876
2017-12-28,6.536032,0.837942,64.07994,12.344981,3.809200603,112.904307,0.743824,3.30953578,1.284565
2017-12-29,6.507463,0.83382,63.875177,12.345035,3.790878012,112.574002,0.73979,3.312682398,1.27958
2018-01-02,6.492996,0.828844,63.489847,12.349772,3.757977621,112.184003,0.737281,3.274264401,1.277497
2018-01-03,6.501539,0.831739,63.499543,12.380022,3.768027946,112.259835,0.737254,3.263411794,1.275805
2018-01-04,6.496477,0.828844,63.40489,12.306258,3.760215499,112.656444,0.738525,3.237463738,1.276254
2018-01-05,6.488252,0.83022,63.369863,12.360814,3.746533831,113.28352,0.737924,3.242590286,1.275301
2018-01-08,6.49929,0.835213,63.507475,12.43832,3.749018625,113.037668,0.738436,3.24271277,1.276956
2018-01-09,6.525729,0.838082,63.712286,12.348307,3.758213208,112.562856,0.739775,3.232567885,1.277405
2018-01-10,6.504003,0.833889,63.594897,12.442795,3.798198799,111.424283,0.73941,3.248165444,1.274933
2018-01-11,6.501373,0.832154,63.687692,12.461014,3.798618624,111.666805,0.741242,3.233585754,1.271615
2018-01-12,6.460987,0.823927,63.600148,12.398533,3.756035264,111.131252,0.733155,3.209936558,1.270248
2018-01-15,6.438055,0.814531,63.517553,12.302191,3.782845972,110.621487,0.725283,3.195976216,1.257148
2018-01-16,6.441537,0.817661,64.047424,12.262469,3.796974652,110.711365,0.726574,3.213654947,1.257482
2018-01-17,6.435139,0.819471,63.927723,12.335,3.82315824,110.800623,0.725789,3.236663116,1.254937
2018-01-18,6.422722,0.817327,63.850429,12.262771,3.790273805,111.213731,0.720948,3.213812832,1.25141
2018-01-19,6.403998,0.815993,63.842513,12.203427,3.799020808,110.599755,0.721053,3.207833537,1.248633
2018-01-22,6.403628,0.81706,63.912493,12.100008,3.803578724,110.842389,0.719707,3.193316447,1.24904
2018-01-23,6.405911,0.816393,63.775002,12.127602,3.779492203,110.498816,0.717038,3.220915993,1.254388
2018-01-24,6.372976,0.809585,63.692519,11.965916,3.745385363,109.399288,0.705821,3.192762306,1.239475
2018-01-25,6.331023,0.805997,63.564923,11.897638,3.740630289,108.906263,0.701523,3.148464576,1.23785
2018-01-26,6.327839,0.804117,63.610084,11.891525,3.75,109.319717,0.702276,3.148037954,1.236732
2018-01-29,6.331933,0.80782,63.579853,11.976331,3.776960982,108.853704,0.710397,3.167380241,1.236126
2018-01-30,6.325256,0.805088,63.647854,11.913614,3.770469366,108.670799,0.707914,3.162386281,1.235408
2018-01-31,6.288834,0.802762,63.562656,11.86642,3.75146504,108.854459,0.705708,3.160311471,1.232801
2018-02-01,6.296733,0.802633,64.022795,11.898627,3.746448351,109.655671,0.702464,3.169435749,1.249458
2018-02-02,6.288024,0.800512,64.057397,11.974063,3.745997438,109.846302,0.70325,3.201488953,1.251201
2018-02-05,6.290032,0.803859,64.102492,12.028537,3.759967846,109.863344,0.711961,3.229421222,1.259164
2018-02-06,6.281612,0.811096,64.272447,12.062535,3.783518534,109.473599,0.720942,3.275285911,1.275691
2018-02-07,6.274599,0.810504,64.245015,11.966283,3.783514346,109.288377,0.718715,3.247690063,1.271195
2018-02-08,6.329497,0.816193,64.292769,12.080232,3.811704212,109.622919,0.714275,3.267548155,1.280934
2018-02-09,6.30343,0.814797,64.372607,12.120997,3.827100139,108.848692,0.723051,3.279067873,1.280942
2018-02-12,6.328305,0.815461,64.334991,11.964527,3.803963141,108.643888,0.722499,3.295686211,1.275789
2018-02-13,6.34428,0.810833,64.277143,11.982486,3.799967567,107.694803,0.721114,3.295386362,1.274224
2018-02-14,6.344428,0.809848,64.072319,11.818756,3.8005345,107.223842,0.721088,3.281908001,1.272028
2018-02-15,6.344433,0.800448,63.914992,11.655087,3.765788842,106.547667,0.709677,3.22212439,1.261266
2018-02-16,6.344432,0.802311,64.220154,11.660061,3.753530167,106.177792,0.712476,3.234435173,1.259227
2018-02-19,6.3444,0.805802,64.252619,11.653022,3.753021757,106.559226,0.71386,3.233360193,1.263175
2018-02-20,6.344408,0.810373,64.832253,11.743598,3.773581848,107.171799,0.714489,3.250729335,1.268071
2018-02-21,6.344379,0.812216,64.757554,11.644981,3.788986355,107.545484,0.71851,3.255360624,1.273879
2018-02-22,6.360785,0.814598,65.077794,11.716764,3.799934832,107.095145,0.71964,3.270527859,1.278837
2018-02-23,6.334987,0.813074,64.762582,11.565087,3.786893243,106.740385,0.715017,3.242133507,1.278153
2018-02-26,6.308685,0.811688,64.775162,11.593019,3.780762987,106.818182,0.712825,3.235146104,1.275162
2018-02-27,6.313714,0.812942,64.875213,11.655963,3.790667425,107.121372,0.718641,3.238029429,1.276156
2018-02-28,6.327575,0.818733,65.189946,11.763304,3.803094809,107.024726,0.723882,3.243409203,1.280252
2018-03-01,6.350341,0.821625,65.175006,11.929998,3.815216498,106.79484,0.727303,3.265138444,1.293731
2018-03-02,6.34511,0.812216,65.237573,11.945094,3.817251462,105.401235,0.725471,3.256660169,1.290205
2018-03-05,6.340294,0.812546,65.107256,11.877468,3.814008288,105.647193,0.723734,3.257983262,1.290891
2018-03-06,6.328096,0.805737,64.929901,11.719362,3.788010636,106.228346,0.718435,3.217065506,1.276287
2018-03-07,6.320689,0.805348,64.893291,11.904244,3.797374567,105.830716,0.720891,3.228960296,1.281227
2018-03-08,6.335722,0.805088,65.130022,11.888737,3.810160213,106.134772,0.720272,3.24136543,1.281056
2018-03-09,6.337564,0.813603,65.195265,11.89952,3.818973232,106.834269,0.723237,3.262549833,1.283215
2018-03-12,6.331166,0.812876,65.0126,11.848724,3.837749959,106.519265,0.720127,3.258575841,1.271419
2018-03-13,6.322912,0.807885,64.860236,11.777912,3.863467442,106.891259,0.71619,3.243011795,1.267006
2018-03-14,6.313283,0.808473,64.837497,11.762794,3.874525022,106.53246,0.716549,3.253617916,1.264775
2018-03-15,6.31764,0.810307,64.950166,11.856576,3.89733409,106.0692,0.71696,3.288145207,1.275018
2018-03-16,6.325502,0.812942,64.927242,11.942037,3.914072027,105.853183,0.717446,3.289488659,1.289326
2018-03-19,6.332277,0.812414,65.192542,12.09814,3.947030628,106.141847,0.711618,3.29571858,1.299374
2018-03-20,6.333007,0.814598,65.197947,11.957315,3.929455849,106.484197,0.714524,3.291788856,1.29798
2018-03-21,6.329969,0.813935,65.209995,11.987058,3.935536383,106.21846,0.711403,3.300667426,1.301807
2018-03-22,6.334524,0.811952,65.104742,11.832088,3.927573888,105.350763,0.708022,3.301883728,1.297012
2018-03-23,6.315811,0.809979,65.00486,11.761218,3.959177061,105.086668,0.70699,3.298720233,1.294184
2018-03-26,6.278624,0.805737,64.870276,11.678108,3.985496737,105.124486,0.702989,3.298042059,1.293046
2018-03-27,6.280705,0.808016,64.974952,11.683743,3.993939884,105.882353,0.710569,3.316984486,1.298481
2018-03-28,6.288998,0.806582,65.172205,11.697774,3.997499597,106.146153,0.706606,3.328278755,1.301178
2018-03-29,6.287477,0.811622,65.170035,11.866732,3.975002029,106.444282,0.710088,3.322619917,1.301518
2018-04-03,6.284612,0.81248,65.00975,11.822961,3.978469288,106.239844,0.711107,3.310204745,1.29948
2018-04-04,6.305718,0.814598,65.130336,11.919844,4.012870642,106.247964,0.713368,3.365591398,1.301564
2018-04-05,6.30522,0.815661,64.927406,11.926509,4.041027732,107.063622,0.712847,3.299510604,1.300163
2018-04-06,6.305215,0.817394,64.967304,12.077571,4.057871506,107.340199,0.713544,3.36038908,1.302436
2018-04-09,6.313882,0.812744,64.982526,12.123049,4.065182055,107.005852,0.707802,3.372074122,1.304454
2018-04-10,6.289216,0.808996,64.992719,12.056306,4.095299733,107.013996,0.705307,3.402637327,1.292452
2018-04-11,6.283511,0.807494,65.304829,12.086402,4.185400517,106.799096,0.705426,3.418362403,1.290375
2018-04-12,6.285158,0.811491,65.257648,11.996916,4.095837053,107.149233,0.703928,3.366225757,1.289702
2018-04-13,6.280994,0.811886,65.207437,12.053016,4.092798571,107.688561,0.70147,3.408216286,1.282861
2018-04-16,6.283428,0.808407,65.49515,12.083023,4.108003234,107.332255,0.698989,3.41956346,1.287631
2018-04-17,6.282997,0.809258,65.637291,12.016833,4.105689083,107.105284,0.698228,3.411669499,1.287529
2018-04-18,6.28237,0.807233,65.66516,11.961172,4.093477559,107.216661,0.70314,3.394171779,1.287778
2018-04-19,6.276611,0.807624,65.787433,11.937732,4.025036343,107.317073,0.702431,3.385963495,1.283476
2018-04-20,6.292063,0.812414,66.12235,12.024372,4.046063856,107.571696,0.711739,3.403363393,1.298481
2018-04-23,6.308874,0.817127,66.419758,12.22422,4.092090211,108.17127,0.71613,3.430380781,1.30822
2018-04-24,6.30574,0.8188,66.385409,12.336281,4.092769999,108.834848,0.716188,3.445918284,1.313191
2018-04-25,6.323184,0.820681,66.97538,12.508412,4.104062372,109.175215,0.717111,3.504718917,1.322774
2018-04-26,6.324951,0.821828,66.752137,12.387985,4.070595003,109.196252,0.715812,3.478139382,1.320677
2018-04-27,6.339437,0.8285,66.664872,12.397432,4.049875725,109.32063,0.726595,3.47903894,1.323529
2018-04-30,6.339432,0.827883,66.370147,12.428264,4.04801722,109.379916,0.728206,3.471479427,1.325689
2018-05-02,6.359041,0.832848,66.665695,12.603981,4.14866328,109.802615,0.733239,3.522361956,1.331473
2018-05-03,6.348816,0.833889,66.624833,12.625,4.199466311,109.26451,0.735324,3.532938626,1.328052
2018-05-04,6.359178,0.835492,66.861893,12.627204,4.257916284,108.923051,0.737196,3.546328014,1.329685
2018-05-07,6.366829,0.840195,67.134935,12.580239,4.270458746,109.35137,0.739456,3.542429844,1.334398
2018-05-08,6.367818,0.84246,67.085088,12.56369,4.288458298,109.056445,0.740775,3.557961247,1.341955
2018-05-09,6.366529,0.841822,67.262396,12.572691,4.278474619,109.638858,0.736131,3.573617308,1.340433
2018-05-10,6.34947,0.841893,67.259219,12.379273,4.245580064,109.631251,0.739266,3.575012628,1.335663
2018-05-11,6.332495,0.837942,67.33702,12.277107,4.275599129,109.301156,0.737389,3.560080442,1.324032
2018-05-14,6.337421,0.834168,67.529613,12.256089,4.316649983,109.501168,0.736069,3.580830831,1.323073
2018-05-15,6.362535,0.841538,68.056888,12.487503,4.436505933,110.047968,0.739712,3.655558361,1.334427
2018-05-16,6.376188,0.848608,67.797437,12.5241,4.427868296,110.174813,0.741836,3.673964698,1.335794
2018-05-17,6.36798,0.847099,67.737823,12.537823,4.447013977,110.681914,0.739941,3.666751377,1.328335
2018-05-18,6.378661,0.848824,68.000594,12.683983,4.474492827,110.932858,0.741236,3.720482132,1.330362
2018-05-21,6.386342,0.850412,68.141849,12.871163,4.593247725,111.267965,0.745301,3.717492984,1.328259
2018-05-22,6.368662,0.847889,68.009581,12.549432,4.638290656,110.819061,0.743497,3.660335764,1.317873
2018-05-23,6.388538,0.854117,68.419457,12.646225,4.875811411,109.847967,0.751221,3.676118893,1.327639
2018-05-24,6.383697,0.85266,68.377387,12.452507,4.758185539,109.532742,0.745865,3.648874488,1.323244
2018-05-25,6.390664,0.856531,67.794861,12.500043,4.724025696,109.396146,0.749807,3.644882227,1.321113
2018-05-28,6.398832,0.858811,67.440742,12.450962,4.593095156,109.352456,0.751159,3.688852628,1.323428
2018-05-29,6.417546,0.865202,67.836996,12.672175,4.614985292,108.911576,0.753963,3.756272712,1.329469
2018-05-30,6.419618,0.859697,67.389959,12.564993,4.454779917,108.975241,0.752235,3.706327373,1.324708
2018-05-31,6.406616,0.854774,67.357894,12.567826,4.498504146,108.838362,0.749466,3.72903667,1.317549
2018-06-01,6.417259,0.856971,67.112863,12.710001,4.626874625,109.469535,0.751393,3.743337047,1.327792
2018-06-04,6.404192,0.852006,67.063134,12.529011,4.617278691,109.431712,0.74698,3.739712022,1.304507
2018-06-05,6.404283,0.856531,67.149893,12.696274,4.613019272,109.704497,0.748522,3.762398287,1.31349
2018-06-06,6.39439,0.849979,66.919677,12.785465,4.596515087,110.131747,0.745287,3.818444539,1.305992
2018-06-07,6.392362,0.84488,67.11558,12.787513,4.470260223,110.054072,0.744534,3.87563366,1.305931
2018-06-08,6.409137,0.850774,67.502127,13.086694,4.491917645,109.443594,0.74641,3.841160456,1.31836
2018-06-11,6.405259,0.848176,67.428329,13.145971,4.520441052,109.940628,0.747922,3.723664122,1.314758
2018-06-12,6.404479,0.84832,67.442738,13.164489,4.560739735,110.307092,0.748006,3.699355277,1.315405
2018-06-13,6.400289,0.850051,67.607956,13.252975,4.641533492,110.532132,0.74983,3.705117307,1.318089
2018-06-14,6.394629,0.852515,67.598039,13.10503,4.624978687,110.102302,0.747511,3.692412617,1.322592
2018-06-15,6.421438,0.862366,68.015264,13.423508,4.71464298,110.650224,0.753018,3.773801311,1.33822
2018-06-18,6.439335,0.861104,68.039697,13.456902,4.720657883,110.453802,0.754801,3.743391027,1.344183
2018-06-19,6.48214,0.867002,68.377839,13.863621,4.765996185,109.918502,0.7603,3.774579504,1.360759
2018-06-20,6.473743,0.863707,68.111936,13.678269,4.745465538,110.027639,0.759008,3.737519433,1.354984
2018-06-21,6.498267,0.866701,67.961952,13.65748,4.745536488,110.582423,0.757237,3.775957705,1.357601
2018-06-22,6.498025,0.858516,67.848558,13.492874,4.690848214,110.147665,0.752601,3.744591346,1.34624
2018-06-25,6.535726,0.854701,68.07265,13.528376,4.662991453,109.581197,0.752479,3.764273504,1.34547
2018-06-26,6.57548,0.856751,68.29121,13.556546,4.630997258,109.621316,0.755312,3.774074709,1.351782
2018-06-27,6.598571,0.860882,68.607094,13.68354,4.622933884,110.261708,0.759065,3.800964187,1.353736
2018-06-28,6.624191,0.863334,68.793059,13.86696,4.602002935,110.187344,0.764223,3.869636536,1.362169
2018-06-29,6.619489,0.85778,68.462,13.765998,4.579258878,110.68794,0.760036,3.849373821,1.354177
2018-07-02,6.666037,0.85918,68.795,13.807887,4.617492912,110.713979,0.761663,3.885814933,1.359653
2018-07-03,6.642177,0.857265,68.522075,13.69207,4.667295328,110.664381,0.757394,3.894470639,1.351136
2018-07-04,6.631764,0.858959,68.739907,13.71139,4.697818244,110.496478,0.756812,3.895035217,1.353977
2018-07-05,6.63353,0.854044,68.946964,13.554958,4.612007857,110.624306,0.754206,3.887693227,1.351183
2018-07-06,6.647646,0.852951,68.872398,13.595019,4.609177755,110.585125,0.755672,3.94737291,1.348431
2018-07-09,6.613538,0.848248,68.672915,13.310289,4.517940453,110.45042,0.749385,3.86495886,1.336415
2018-07-10,6.639375,0.853752,68.826944,13.432169,4.701186716,111.243917,0.754188,3.885682575,1.343721
2018-07-11,6.677375,0.852152,68.772476,13.481892,4.780826587,111.231359,0.754001,3.828121006,1.35228
2018-07-12,6.671813,0.85778,68.5199,13.423229,4.834791559,112.4807,0.757102,3.864213416,1.353405
2018-07-13,6.700335,0.858885,68.480632,13.328781,4.849866873,112.548312,0.76001,3.897019668,1.353947
2018-07-16,6.678584,0.853242,68.5593,13.181997,4.854351536,112.329352,0.753157,3.847269625,1.345819
2018-07-17,6.690356,0.85419,68.455198,13.272059,4.83582472,112.590758,0.75788,3.867856838,1.350474
2018-07-18,6.721385,0.861252,68.628025,13.354578,4.833433813,112.755146,0.767531,3.858754629,1.360262
2018-07-19,6.778823,0.862962,69.050311,13.462461,4.828874698,113.030721,0.770608,3.872454263,1.363825
2018-07-20,6.787489,0.856898,68.826907,13.458955,4.788260497,112.202228,0.766452,3.801542416,1.355441
2018-07-23,6.786275,0.853534,68.857118,13.503329,4.747695459,111.113008,0.761096,3.783031751,1.350376
2018-07-24,6.7966,0.854263,68.947548,13.330002,4.873910815,111.105416,0.761814,3.774474628,1.349479
2018-07-25,6.761933,0.855432,68.745937,13.210094,4.838579983,111.035073,0.760094,3.724465355,1.348674
2018-07-26,6.78252,0.853534,68.665073,13.19213,4.81853875,110.882554,0.75845,3.714834414,1.3479
2018-07-27,6.834753,0.860215,68.685161,13.244473,4.88,111.182796,0.764069,3.739526882,1.356129
2018-07-30,6.822321,0.855871,68.637881,13.181017,4.885142075,111.083533,0.762325,3.708832592,1.351849
2018-07-31,6.8318,0.852079,68.545075,13.09441,4.884032038,111.486026,0.760225,3.733640082,1.346626
2018-08-01,6.79882,0.854993,68.374231,13.264791,4.929377565,111.841655,0.761286,3.764363885,1.348068
2018-08-02,6.844969,0.860807,68.685117,13.447362,5.054661272,111.414307,0.767367,3.779461135,1.35844
2018-08-03,6.834225,0.862962,68.615809,13.364601,5.087849499,111.580946,0.768467,3.744735934,1.353901
2018-08-06,6.849692,0.866326,68.864247,13.425193,5.165641514,111.478818,0.773456,3.706835311,1.353981
2018-08-07,6.82391,0.86192,68.682124,13.288571,5.296328219,111.084296,0.771272,3.710653336,1.34451
2018-08-08,6.836742,0.862887,68.624989,13.427129,5.285788247,111.070843,0.777332,3.756406938,1.35016
2018-08-09,6.819029,0.862589,68.647028,13.495213,5.403174329,111.13603,0.775813,3.790131976,1.347882
2018-08-10,6.849511,0.872905,68.830307,13.902933,6.050017458,110.920042,0.782778,3.832402235,1.368279
2018-08-13,6.887398,0.876962,70.017101,14.366483,6.897395422,110.593703,0.78339,3.907217399,1.3742
2018-08-14,6.881291,0.876732,69.903121,14.189374,6.512624934,110.836402,0.782921,3.870243731,1.376118
2018-08-15,6.916173,0.883314,69.926243,14.637311,6.127992227,111.006095,0.787298,3.909901952,1.384065
2018-08-16,6.894987,0.879507,70.190853,14.585312,5.837115215,110.835532,0.787142,3.889885664,1.376165
2018-08-17,6.884382,0.877886,70.160214,14.921078,6.169958739,110.394171,0.786366,3.950575015,1.375647
2018-08-20,6.860858,0.875657,69.824869,14.585026,6.117600701,110.551664,0.78352,3.924518389,1.368739
2018-08-21,6.846461,0.869414,69.81525,14.444966,6.143018605,110.424274,0.780212,3.96652756,1.361242
2018-08-22,6.841426,0.860882,69.894972,14.273674,6.032283058,110.261708,0.774174,4.038567493,1.358902
2018-08-23,6.878228,0.863632,70.110977,14.224458,6.069004232,110.812678,0.776216,4.056999741,1.372139
2018-08-24,6.84553,0.862962,69.909821,14.25,6.05833621,111.296168,0.778391,4.08828098,1.369348
2018-08-27,6.825067,0.859623,70.165048,14.309636,6.196338004,111.028969,0.776799,4.092323562,1.365598
2018-08-28,6.80111,0.853971,70.108027,14.166866,6.260973527,111.041845,0.774381,4.091289496,1.359863
2018-08-29,6.828988,0.857633,70.617925,14.423328,6.452487136,111.26072,0.776158,4.155317324,1.371269
2018-08-30,6.832621,0.855286,70.744954,14.548409,6.719124187,111.460828,0.767687,4.124273007,1.36974
2018-08-31,6.837525,0.858295,71.00206,14.739336,6.556175436,110.763025,0.770234,4.170543301,1.384345
2018-09-03,6.82393,0.861401,71.215006,14.880954,6.641743475,111.146524,0.776622,4.122577311,1.38763
2018-09-04,6.839561,0.864902,71.584933,15.239318,6.676007611,111.226431,0.778914,4.182494378,1.391714
2018-09-05,6.831981,0.863409,71.752288,15.533241,6.66896909,111.526507,0.7799,4.175790019,1.393887
2018-09-06,6.829207,0.85955,71.959343,15.32001,6.556816228,111.35465,0.772082,4.118789754,1.389376
2018-09-07,6.842531,0.860956,71.734826,15.112355,6.437537667,110.839432,0.768618,4.059405941,1.396384
2018-09-10,6.863106,0.86423,72.454844,15.169994,6.461239305,111.088065,0.772103,4.073545934,1.404978
2018-09-11,6.868758,0.864006,72.659841,15.092189,6.475980646,111.301192,0.769552,4.148176948,1.409193
2018-09-12,6.869918,0.863185,72.223133,15.051187,6.368666379,111.463099,0.768476,4.131117825,1.40423
2018-09-13,6.845267,0.860585,72.030981,14.762909,6.202065404,111.600688,0.765921,4.149225473,1.391308
2018-09-14,6.854307,0.855505,71.816237,14.829156,6.114637694,111.857302,0.76335,4.185216871,1.391051
2018-09-17,6.866507,0.856825,72.517779,14.970011,6.283266215,112.06409,0.761503,4.193470996,1.393025
2018-09-18,6.866461,0.85492,72.976832,14.925109,6.416431564,112.174062,0.760563,4.144737967,1.388732
2018-09-19,6.85549,0.857118,72.384932,14.657067,6.27719208,112.231079,0.761233,4.164052456,1.380732
2018-09-20,6.845017,0.84969,72.012066,14.469963,6.314895063,112.142068,0.75274,4.111649248,1.372929
2018-09-21,6.846075,0.850412,72.191938,14.364997,6.287524449,112.628625,0.760269,4.075176461,1.373756
2018-09-24,6.857131,0.849401,72.680285,14.235199,6.208527988,112.596619,0.759857,4.062006286,1.374926
2018-09-25,6.874246,0.849113,72.694659,14.374968,6.141037616,112.745181,0.759319,4.120913645,1.37845
2018-09-26,6.874414,0.852006,72.60714,14.298969,6.119110505,112.984579,0.758967,4.088353071,1.380421
2018-09-27,6.880499,0.85419,72.591612,14.107115,6.014777484,112.881182,0.759998,4.039463569,1.383787
2018-09-28,6.881652,0.863856,72.491361,14.205857,6.016758811,113.363856,0.7665,4.019955079,1.386317
2018-10-01,6.868861,0.861623,72.911856,14.158711,5.952093745,113.949681,0.767517,4.038342237,1.384629
2018-10-02,6.868838,0.866326,73.377805,14.38205,6.013947847,113.887204,0.771403,3.985272459,1.393139
2018-10-03,6.868808,0.865951,73.360755,14.377468,6.066678213,113.846554,0.769787,3.874004157,1.398164
2018-10-04,6.868892,0.869414,73.576769,14.676839,6.13154234,114.162754,0.770127,3.92244827,1.411407
2018-10-05,6.868851,0.869112,73.773249,14.75352,6.167477838,113.879715,0.766252,3.842864592,1.414045
2018-10-08,6.926468,0.871232,74.061683,14.864088,6.136434919,113.355985,0.766771,3.754399721,1.415055
2018-10-09,6.924792,0.874508,74.406646,15.02606,6.137560122,113.205072,0.766769,3.770179274,1.416965
2018-10-10,6.923565,0.869565,74.226522,14.629826,6.077043478,113.243478,0.760417,3.729826087,1.409217
2018-10-11,6.909892,0.863931,74.092009,14.596803,5.995766739,112.311015,0.755853,3.738228942,1.409417
2018-10-12,6.915759,0.864006,73.565319,14.428892,5.876965613,112.312079,0.757214,3.782961811,1.402799
2018-10-15,6.919523,0.863483,73.804939,14.43131,5.773249288,111.846991,0.760254,3.755979622,1.40152
2018-10-16,6.912488,0.863036,73.461638,14.24562,5.788383533,112.125658,0.755959,3.712522655,1.40183
2018-10-17,6.928621,0.867303,73.626626,14.264614,5.708412836,112.254987,0.762749,3.737207285,1.404163
2018-10-18,6.939157,0.869187,73.607127,14.263711,5.579313342,112.507605,0.76352,3.689960887,1.401043
2018-10-19,6.930166,0.87184,73.341761,14.341674,5.627201395,112.510898,0.767393,3.693286835,1.40061
2018-10-22,6.94284,0.870019,73.556638,14.290064,5.662954585,112.780581,0.769314,3.705411519,1.408126
2018-10-23,6.936139,0.871232,73.569873,14.35433,5.769907649,112.179822,0.767581,3.695068827,1.415142
2018-10-24,6.94442,0.87804,73.16314,14.352006,5.706471156,112.714022,0.774721,3.705154096,1.410747
2018-10-25,6.944289,0.875964,73.276542,14.480992,5.645234758,112.359846,0.775517,3.710318851,1.409863
2018-10-26,6.945879,0.881446,73.459674,14.719436,5.63675628,112.058175,0.781666,3.713089467,1.422829
2018-10-29,6.958527,0.878657,73.420174,14.476847,5.544767595,112.397856,0.780142,3.622792373,1.411212
2018-10-30,6.964738,0.879353,73.626451,14.622846,5.505891664,112.803377,0.783925,3.718079493,1.409163
2018-10-31,6.974289,0.883548,73.979943,14.838487,5.500530129,113.226719,0.785236,3.705866761,1.411203
2018-11-01,6.93812,0.877732,73.448609,14.572193,5.551215659,112.806109,0.773923,3.69332046,1.39182
2018-11-02,6.89428,0.875887,72.443286,14.340019,5.47770868,112.893054,0.769642,3.696680389,1.387405
2018-11-05,6.92876,0.879507,73.080035,14.356201,5.433861038,113.289358,0.769877,3.716182938,1.389886
2018-11-06,6.914158,0.875044,72.959835,14.206423,5.359292965,113.151908,0.764027,3.748074904,1.381607
2018-11-07,6.914425,0.870549,72.499347,13.947593,5.341429442,113.188822,0.760886,3.748672412,1.371115
2018-11-08,6.932073,0.87535,72.408526,13.969713,5.420693277,113.707983,0.762981,3.730917367,1.371499
2018-11-09,6.949762,0.881368,72.504848,14.267936,5.487484576,113.925613,0.767257,3.749338974,1.380487
2018-11-12,6.963782,0.887705,72.890013,14.367599,5.440035508,113.803817,0.777301,3.747625388,1.386862
2018-11-13,6.957997,0.888021,72.674718,14.43069,5.493029038,113.950804,0.77209,3.772222716,1.387799
2018-11-14,6.953169,0.885269,72.30347,14.343573,5.464323654,113.88102,0.770609,3.797893059,1.386066
2018-11-15,6.93923,0.884564,71.977001,14.262539,5.4,113.365767,0.78169,3.783458647,1.376736
2018-11-16,6.950379,0.881368,71.896263,14.206328,5.354662436,113.141195,0.778689,3.760444209,1.376961
2018-11-19,6.943992,0.87512,71.65704,14.012602,5.315043318,112.794259,0.779583,3.754878796,1.370438
2018-11-20,6.943262,0.87558,71.491113,14.064355,5.358812713,112.371946,0.778461,3.75790211,1.375711
2018-11-21,6.934964,0.876501,71.30511,13.938119,5.336839337,113.10369,0.781033,3.791918661,1.378298
2018-11-22,6.932562,0.876962,70.6871,13.77199,5.291239148,112.952732,0.776971,3.803209682,1.378672
2018-11-23,6.947322,0.880902,70.651868,13.874824,5.284707541,112.817125,0.779422,3.80593728,1.383721
2018-11-26,6.940861,0.880049,70.877849,13.845111,5.23268503,113.262343,0.778316,3.855319898,1.378509
2018-11-27,6.948093,0.882768,70.764477,13.799435,5.235963983,113.576977,0.783439,3.885151836,1.379855
2018-11-28,6.953563,0.886211,70.580468,13.939383,5.252392769,113.851471,0.782037,3.862017015,1.382045
2018-11-29,6.943269,0.878194,69.848951,13.627997,5.159128831,113.2783,0.782779,3.852375516,1.363397
2018-11-30,6.94577,0.880359,69.620125,13.756317,5.172374329,113.557531,0.784118,3.859758782,1.370279
2018-12-03,6.889693,0.882457,70.412107,13.685492,5.247087893,113.572185,0.78671,3.826950229,1.354924
2018-12-04,6.835481,0.876501,70.533789,13.611359,5.349723902,112.78815,0.780594,3.825225699,1.354282
2018-12-05,6.856438,0.880747,70.517879,13.771887,5.324379073,113.008631,0.782852,3.848159239,1.371235
2018-12-06,6.892697,0.88098,70.914457,14.077791,5.369306669,112.800634,0.783455,3.908906704,1.387102
2018-12-07,6.881013,0.87943,70.80204,14.130068,5.331017501,112.883651,0.78344,3.900976167,1.38651
2018-12-10,6.911772,0.875274,72.409978,14.307484,5.295317287,112.726477,0.789891,3.897067834,1.386608
2018-12-11,6.898497,0.878812,71.905703,14.316109,5.386677212,113.147025,0.792934,3.903418578,1.386589
2018-12-12,6.888331,0.881368,71.998942,14.231888,5.36691345,113.405606,0.794421,3.867530407,1.386568
2018-12-13,6.881189,0.87943,71.610237,14.178788,5.361709612,113.499252,0.79015,3.876791839,1.383256
2018-12-14,6.901196,0.886132,71.976074,14.371821,5.387594152,113.540097,0.796057,3.910412051,1.395924
2018-12-17,6.897275,0.881756,71.610087,14.356053,5.375011022,113.2528,0.792611,3.911030773,1.393263
2018-12-18,6.89593,0.878966,70.539685,14.336468,5.342533181,112.384636,0.788565,3.899622044,1.389646
2018-12-19,6.898992,0.876808,70.246383,14.25708,5.336256028,112.327926,0.791916,3.90311267,1.392284
2018-12-20,6.887084,0.873286,69.818356,14.199633,5.267574884,111.728233,0.788883,3.849096149,1.401624
2018-12-21,6.905993,0.876117,70.124409,14.434291,5.304538286,111.249343,0.790389,3.863588575,1.408884
2018-12-24,6.901297,0.876578,70.142882,14.62798,5.301542777,110.860799,0.789253,3.904014727,1.418829
2018-12-27,6.865518,0.878966,70.268524,14.521227,5.279687088,110.872814,0.791711,3.936538631,1.420497
2018-12-28,6.877772,0.873057,70.04147,14.362319,5.273266981,110.354461,0.788135,3.878732321,1.415663
2018-12-31,6.877817,0.873362,69.633013,14.375022,5.291528384,109.912664,0.781249,3.881222707,1.416594
2019-01-02,6.858384,0.877424,70.181188,14.484075,5.3636922,109.04624,0.791129,3.85452312,1.427832
2019-01-03,6.875132,0.881213,70.151569,14.465016,5.485371872,107.692986,0.795841,3.772823405,1.435231
2019-01-04,6.86486,0.876962,69.658423,14.134438,5.411470666,108.041743,0.789161,3.761203192,1.419714
2019-01-07,6.851988,0.873744,69.628222,13.861424,5.358235037,108.256881,0.783923,3.694975972,1.401485
2019-01-08,6.853584,0.874126,70.144231,14.01792,5.493968531,108.793706,0.784467,3.724125874,1.402273
2019-01-09,6.828983,0.872981,70.394151,13.979572,5.534613706,108.860759,0.784924,3.68790921,1.395199
2019-01-10,6.780494,0.866927,70.394885,13.847508,5.436410923,108.105765,0.783901,3.680190724,1.38977
2019-01-11,6.756438,0.867077,70.534553,13.839764,5.464666609,108.306598,0.780499,3.715338594,1.384722
2019-01-14,6.766809,0.872068,70.8289,13.884887,5.515043167,108.075347,0.778434,3.727130025,1.390512
2019-01-15,6.760329,0.87535,71.105567,13.819765,5.451680672,108.560924,0.77928,3.708858543,1.390406
2019-01-16,6.76249,0.87804,71.126087,13.704978,5.370620774,108.797963,0.777856,3.71156379,1.393801
2019-01-17,6.771411,0.877501,71.05695,13.771499,5.372060372,108.766234,0.774482,3.762636013,1.394788
2019-01-18,6.778723,0.877039,71.116909,13.785915,5.357919663,109.436941,0.772891,3.745044729,1.390107
2019-01-21,6.797923,0.880127,71.231737,13.866485,5.339464883,109.663792,0.777178,3.771607111,1.398433
2019-01-22,6.808085,0.880747,71.381011,13.890699,5.350537256,109.432799,0.775057,3.753919324,1.402413
2019-01-23,6.786927,0.87974,71.305973,13.871734,5.308436703,109.703528,0.767247,3.804345914,1.401777
2019-01-24,6.79314,0.881756,71.118949,13.787144,5.28128031,109.716956,0.767878,3.780001764,1.407901
2019-01-25,6.760004,0.881368,71.068218,13.652389,5.271108761,109.924202,0.763088,3.766701921,1.404812
2019-01-28,6.743475,0.87581,71.143808,13.650552,5.301629007,109.423717,0.760974,3.754773165,1.393677
2019-01-29,6.734985,0.875503,71.183681,13.619331,5.311241464,109.464192,0.759368,3.741463842,1.396778
2019-01-30,6.716861,0.874967,71.179456,13.60434,5.275002187,109.440896,0.764205,3.709160906,1.389885
2019-01-31,6.703517,0.870474,71.105501,13.267758,5.195769499,108.643802,0.762343,3.659557799,1.374217
2019-02-01,6.73542,0.871764,71.28498,13.325865,5.220469009,108.891988,0.766176,3.670996426,1.376428
2019-02-04,6.744779,0.873744,71.813456,13.40498,5.215727392,109.890782,0.766081,3.682131935,1.385059
2019-02-05,6.735358,0.875427,71.644489,13.374157,5.203886895,109.944848,0.768651,3.671714961,1.380636
2019-02-06,6.744778,0.877655,71.575829,13.460769,5.214235563,109.750746,0.771195,3.687642619,1.401439
2019-02-07,6.744822,0.881446,71.472455,13.633583,5.262758925,109.660643,0.773468,3.719524019,1.406258
2019-02-08,6.744844,0.881368,71.272255,13.609818,5.243081262,109.791997,0.771109,3.710118103,1.410717
2019-02-11,6.789371,0.884251,71.136263,13.736316,5.269077726,110.204262,0.774737,3.737731011,1.413299
2019-02-12,6.770273,0.885269,70.645361,13.767794,5.255400142,110.393059,0.776425,3.719281161,1.40988
2019-02-13,6.764617,0.884564,70.823529,13.875807,5.252808492,110.738611,0.774463,3.729588678,1.406457
2019-02-14,6.775559,0.887469,71.177671,14.170039,5.317003905,111.040114,0.780485,3.789758608,1.406461
2019-02-15,6.770515,0.888099,71.368561,14.121758,5.268383659,110.523979,0.780977,3.71687389,1.406394
2019-02-18,6.765272,0.882768,71.401395,14.101607,5.30358404,110.549082,0.773482,3.726430085,1.396981
2019-02-19,6.766248,0.885426,71.452541,14.166814,5.308748008,110.757925,0.771959,3.722241898,1.406145
2019-02-20,6.722271,0.881679,71.154558,14.138071,5.306824193,110.747664,0.766576,3.704725798,1.396932
2019-02-21,6.717897,0.880747,71.114585,13.963273,5.323410252,110.709882,0.764532,3.741060419,1.406465
2019-02-22,6.720442,0.883002,71.128477,14.005033,5.331390728,110.869757,0.770534,3.743222958,1.406004
2019-02-25,6.68886,0.880669,70.92162,13.877851,5.312285337,110.744166,0.764668,3.727168648,1.394188
2019-02-26,6.69633,0.880204,71.167151,13.864977,5.303582431,110.844116,0.75746,3.747381392,1.399261
2019-02-27,6.681275,0.878272,71.279203,13.862463,5.292200949,110.57439,0.750949,3.728262779,1.397242
2019-02-28,6.68439,0.875964,70.858006,13.969779,5.315259285,110.756833,0.751883,3.739313245,1.400491
2019-03-01,6.705789,0.878503,70.890802,14.181323,5.379074058,111.877361,0.755231,3.780813494,1.405605
2019-03-04,6.70239,0.882068,70.885596,14.242128,5.38264091,111.943195,0.756593,3.774719944,1.410426
2019-03-05,6.703063,0.88269,70.558743,14.168329,5.386971489,111.925148,0.762274,3.775531821,1.413805
2019-03-06,6.71004,0.884564,70.262716,14.2046,5.417691287,111.808934,0.76046,3.775497567,1.421672
2019-03-07,6.709431,0.887233,69.988466,14.330051,5.427291279,111.764706,0.761955,3.835861947,1.420814
2019-03-08,6.72349,0.891107,70.159508,14.527001,5.461325967,111.138834,0.765505,3.885671003,1.422563
2019-03-11,6.724653,0.889363,69.856813,14.364995,5.440857346,111.090359,0.766987,3.848719317,1.4172
2019-03-12,6.708914,0.886918,69.638581,14.295876,5.457738359,111.104213,0.764035,3.817738359,1.412506
2019-03-13,6.707777,0.884721,69.593913,14.331328,5.46500929,111.37751,0.759798,3.827302486,1.415996
2019-03-14,6.727224,0.885347,69.475874,14.503763,5.475166003,111.633466,0.754564,3.836210713,1.419212
2019-03-15,6.714008,0.88433,69.043155,14.483728,5.470286523,111.567032,0.75535,3.853555005,1.413866
2019-03-18,6.713014,0.881135,68.535554,14.377831,5.461097894,111.49881,0.75478,3.817340735,1.408142
2019-03-19,6.712185,0.880437,68.983096,14.415038,5.47552386,111.454481,0.753196,3.775136468,1.407466
2019-03-20,6.694909,0.880747,68.818038,14.425137,5.474017967,111.528977,0.759908,3.788268452,1.409107
2019-03-21,6.691666,0.878194,68.561957,14.194784,5.458856591,110.582243,0.760955,3.769561781,1.403794
2019-03-22,6.712794,0.884799,68.977172,14.375243,5.572376571,110.245974,0.759954,3.871881083,1.408866
2019-03-25,6.712141,0.883002,68.91479,14.392671,5.600441501,110.066225,0.756185,3.88803532,1.406711
2019-03-26,6.714906,0.885661,68.865025,14.367018,5.526879816,110.459658,0.755735,3.858648481,1.402179
2019-03-27,6.724891,0.888021,69.141284,14.586005,5.534144392,110.487523,0.755865,3.924429447,1.410887
2019-03-28,6.738723,0.891424,69.331877,14.703334,5.652344446,110.679265,0.762658,3.975040114,1.412908
2019-03-29,6.710903,0.890076,69.17579,14.476368,5.64717401,110.769915,0.763952,3.904316867,1.408189
2019-04-01,6.711463,0.889996,69.320488,14.166518,5.52999288,110.964756,0.762353,3.877180491,1.403969
2019-04-02,6.720089,0.892857,68.753125,14.13,5.548303571,111.366071,0.767857,3.860446429,1.412232
2019-04-03,6.708441,0.889442,68.425242,14.152806,5.604731833,111.447123,0.759495,3.836164725,1.404785
2019-04-04,6.716552,0.891345,69.162136,14.150816,5.635974686,111.427043,0.761369,3.863089402,1.406632
2019-04-05,6.71744,0.890234,69.248642,14.072643,5.595566634,111.670969,0.765049,3.851686994,1.405413
2019-04-08,6.718922,0.889205,69.643873,14.099413,5.671438734,111.470745,0.766344,3.87319936,1.406989
2019-04-09,6.711714,0.886761,69.334043,14.029884,5.680234105,111.297331,0.765585,3.854837279,1.399397
2019-04-10,6.71673,0.886603,69.150191,13.95434,5.687028992,111.162337,0.763215,3.839081479,1.399504
2019-04-11,6.71804,0.887784,68.967951,14.004972,5.74609375,111.239347,0.764986,3.837091619,1.399148
2019-04-12,6.7078,0.883314,69.155993,13.92377,5.772458263,111.968907,0.762212,3.876336013,1.393075
2019-04-15,6.706179,0.883939,69.424998,13.983205,5.801909308,111.959692,0.762883,3.88800495,1.393176
2019-04-16,6.709067,0.884564,69.566121,14.046617,5.813180009,111.977001,0.764175,3.885183547,1.394693
2019-04-17,6.689143,0.884877,69.42483,13.969737,5.748783294,111.945846,0.766242,3.897531192,1.390319
2019-04-18,6.706222,0.888889,69.393778,14.087289,5.820977778,111.875556,0.768622,3.929422222,1.397244
2019-04-23,6.719164,0.889284,69.642063,14.200622,5.815028902,111.889729,0.768786,3.930724767,1.406314
2019-04-24,6.718173,0.89214,69.85012,14.357035,5.877866001,111.820858,0.772103,3.923989651,1.420466
2019-04-25,6.747011,0.899038,70.285894,14.530972,5.956576463,111.885283,0.777084,3.995594714,1.43001
2019-04-26,6.73592,0.89823,70.016617,14.414893,5.950058385,111.784784,0.775532,3.964250427,1.42136
2019-04-29,6.732466,0.896861,69.832735,14.345022,5.937847534,111.784753,0.77435,3.93264574,1.419283
2019-04-30,6.73391,0.891424,69.585933,14.28276,5.964788732,111.365662,0.768836,3.926724906,1.418346
2019-05-02,6.73457,0.891902,69.373885,14.464681,5.964323939,111.496611,0.766411,3.932839814,1.424367
2019-05-03,6.734558,0.896459,69.259525,14.52909,5.974361273,111.519498,0.769027,3.961810847,1.429225
2019-05-06,6.765872,0.892937,69.410215,14.5146,6.020984016,110.840254,0.763193,3.970711671,1.430574
2019-05-07,6.768887,0.894055,69.414394,14.413858,6.14671435,110.621368,0.765713,3.968082253,1.425481
2019-05-08,6.780039,0.892698,69.702285,14.344849,6.183895733,110.078557,0.768568,3.954026067,1.427156
2019-05-09,6.823372,0.893416,69.993299,14.333244,6.229339766,109.809702,0.769409,3.963906013,1.433575
2019-05-10,6.823508,0.890472,69.997774,14.226358,6.129741763,109.750668,0.768032,3.954140695,1.430009
2019-05-13,6.877279,0.889284,70.557581,14.305736,6.107692308,109.435305,0.767897,3.999288573,1.435482
2019-05-14,6.881525,0.890789,70.405754,14.230002,6.033493675,109.567076,0.772519,3.985658293,1.439694
2019-05-15,6.878745,0.894214,70.35545,14.273451,6.060985424,109.308772,0.776357,3.993472235,1.445587
2019-05-16,6.87914,0.892618,70.042846,14.152905,6.023654378,109.622423,0.780711,3.997500669,1.447202
2019-05-17,6.91416,0.895095,70.204977,14.381221,6.056122449,109.505908,0.784058,4.053526674,1.453545
2019-05-20,6.915734,0.895496,69.657025,14.363034,6.028029014,109.850452,0.784633,4.089370467,1.44542
2019-05-21,6.906281,0.895977,69.691784,14.417077,6.04650121,110.447093,0.784966,4.093540005,1.453544
2019-05-22,6.902515,0.895175,69.698326,14.367917,6.097036971,110.348223,0.79026,4.042878883,1.452063
2019-05-23,6.917856,0.897747,69.947931,14.447886,6.132327857,110.02783,0.790915,4.056647814,1.45426
2019-05-24,6.901403,0.893895,69.545008,14.441226,6.077411281,109.600429,0.78947,4.044605345,1.448556
2019-05-27,6.898911,0.893017,69.528934,14.456867,6.043043401,109.448116,0.787864,4.010091088,1.443829
2019-05-28,6.91074,0.893495,69.605522,14.608113,6.033774124,109.408506,0.789609,4.047980701,1.444067
2019-05-29,6.909376,0.896379,69.821172,14.814987,6.018286124,109.277519,0.79083,4.02850484,1.444604
2019-05-30,6.907041,0.89815,69.886384,14.641818,5.890964613,109.664092,0.791971,3.981228669,1.445842
2019-05-31,6.909246,0.896781,69.716617,14.692315,5.853286701,108.752578,0.795382,3.987265716,1.447045
2019-06-03,6.90684,0.894055,69.264193,14.565042,5.884219937,108.332588,0.792293,3.92016093,1.437371
2019-06-04,6.909107,0.889363,69.258271,14.655905,5.807097118,108.164354,0.789203,3.881003202,1.433298
2019-06-05,6.907169,0.888336,69.332415,14.736608,5.7159101,108.341476,0.787341,3.857777383,1.431465
2019-06-06,6.912835,0.887626,69.250843,14.869785,5.770814841,108.130659,0.786064,3.875288479,1.431919
2019-06-07,6.909696,0.887075,69.486383,15.051983,5.842455424,108.462698,0.786614,3.87820456,1.434667
2019-06-10,6.934342,0.884877,69.590744,14.865322,5.796920626,108.645253,0.789735,3.882576763,1.436599
2019-06-11,6.911926,0.883392,69.448322,14.765018,5.808480565,108.736749,0.78697,3.877473498,1.437544
2019-06-12,6.919191,0.883158,69.319968,14.760134,5.789101828,108.381171,0.784289,3.855956902,1.438841
2019-06-13,6.922137,0.885818,69.514129,14.870759,5.876782709,108.459562,0.787917,3.847019222,1.447072
2019-06-14,6.923835,0.887705,69.780737,14.782867,5.896759876,108.211274,0.790883,3.854682645,1.44909
2019-06-17,6.924871,0.890155,69.945701,14.817785,5.870571479,108.652306,0.794089,3.898522343,1.455848
2019-06-18,6.926432,0.893895,69.724233,14.640386,5.838920175,108.23277,0.799169,3.871726111,1.461428
2019-06-19,6.904435,0.892299,69.666726,14.517088,5.855090568,108.405461,0.794325,3.865798162,1.454716
2019-06-20,6.854338,0.884408,69.431768,14.266295,5.774387548,107.641284,0.788494,3.838949323,1.443619
2019-06-21,6.874514,0.883704,69.546218,14.331743,5.815305762,107.493814,0.790253,3.831477554,1.448038
2019-06-24,6.876777,0.877655,69.410655,14.331666,5.796910655,107.293312,0.784316,3.823503598,1.438038
2019-06-25,6.879786,0.878117,69.34712,14.302863,5.769933263,107.103969,0.785783,3.834650509,1.434932
2019-06-26,6.877222,0.880127,69.151998,14.328639,5.764830136,107.727513,0.78862,3.839464883,1.432582
2019-06-27,6.877661,0.879507,69.100704,14.15066,5.767194371,107.862797,0.786526,3.858223395,1.429288
2019-06-28,6.870387,0.878735,69.001757,14.166784,5.769332162,107.732865,0.78783,3.823462214,1.427417
2019-07-01,6.842365,0.881135,68.93647,14.117191,5.663230241,108.317913,0.790537,3.827209446,1.429729
2019-07-02,6.876029,0.884877,68.956729,14.122113,5.65357048,108.273604,0.791461,3.838686842,1.42952
2019-07-03,6.880634,0.885504,68.845302,14.113787,5.639068449,107.686177,0.79474,3.864340742,1.425042
2019-07-04,6.871634,0.885897,68.509479,13.98556,5.60214387,107.769313,0.794915,3.818036853,1.424167
2019-07-05,6.87611,0.888099,68.480906,14.108792,5.607015986,108.143872,0.796652,3.809502664,1.426021
2019-07-08,6.88123,0.891663,68.564868,14.160767,5.733749443,108.604547,0.799153,3.81203745,1.431832
2019-07-09,6.885765,0.892459,68.523873,14.164391,5.69772423,108.817492,0.80299,3.806336457,1.44257
2019-07-10,6.882977,0.891266,68.583779,14.159982,5.739572193,108.912656,0.801497,3.795454545,1.444742
2019-07-11,6.865485,0.886132,68.364643,13.867966,5.66389012,108.05494,0.795658,3.736730173,1.431458
2019-07-12,6.88101,0.888652,68.641251,13.958233,5.716786635,108.264463,0.797903,3.75642051,1.430907
2019-07-15,6.875854,0.88739,68.524714,13.862366,5.702191854,107.924394,0.797524,3.735912681,1.421865
2019-07-16,6.877573,0.891027,68.686626,13.874098,5.702753275,107.930143,0.804241,3.761026464,1.421634
2019-07-17,6.877486,0.891663,68.866251,13.964423,5.688542131,108.265716,0.805528,3.761301828,1.427463
2019-07-18,6.880171,0.891583,68.89934,13.991797,5.692938659,107.783524,0.801114,3.759272468,1.421541
2019-07-19,6.878407,0.890789,68.817477,13.929182,5.643684304,107.723143,0.798459,3.731427044,1.417513
2019-07-22,6.880785,0.891663,68.933125,13.892287,5.681854659,107.917967,0.802211,3.743468569,1.418814
2019-07-23,6.878725,0.895015,68.929562,13.872013,5.686386825,108.135684,0.803992,3.748142844,1.422894
2019-07-24,6.875045,0.897666,68.966338,13.914183,5.728904847,108.087971,0.800206,3.765529623,1.432675
2019-07-25,6.872964,0.899685,68.983356,13.916239,5.669005848,108.097166,0.800387,3.758074674,1.434368
2019-07-26,6.878165,0.897827,68.899264,14.154785,5.621565811,108.690968,0.80475,3.775632968,1.443886
2019-07-29,6.893426,0.899361,68.777768,14.224121,5.626405252,108.651857,0.813409,3.786671463,1.448871
2019-07-30,6.881926,0.896539,68.81612,14.147481,5.55899229,108.481262,0.821705,3.786713287,1.451408
2019-07-31,6.882163,0.896781,68.77993,14.225989,5.525065017,108.546319,0.821657,3.782620393,1.450543
2019-08-01,6.901966,0.906043,69.105735,14.492978,5.573616019,108.888285,0.825858,3.825586663,1.461901
2019-08-02,6.938412,0.900414,69.638033,14.701153,5.602467135,106.762111,0.823924,3.86799928,1.473528
2019-08-05,7.038544,0.894294,70.785995,14.916294,5.543730996,106.072259,0.821678,3.917456627,1.477374
2019-08-06,7.018951,0.893895,70.809869,14.806025,5.533744525,106.462859,0.820864,3.941986234,1.471976
2019-08-07,7.048473,0.892698,70.881985,14.956793,5.500267809,105.766827,0.824433,3.966970184,1.484378
2019-08-08,7.046636,0.893416,70.736174,15.144823,5.482623068,105.994818,0.82297,3.956311981,1.472617
2019-08-09,7.058314,0.893017,70.810413,15.18664,5.487765672,105.831398,0.828898,3.928737275,1.469191
2019-08-12,7.058603,0.893336,71.23995,15.380025,5.553064142,105.13668,0.827363,3.989637306,1.481955
2019-08-13,7.066744,0.891107,71.454732,15.352789,5.626537159,105.159508,0.827214,3.989752272,1.478257
2019-08-14,7.01877,0.893815,71.275027,15.308366,5.596710762,105.899178,0.828325,3.995530926,1.481856
2019-08-15,7.03704,0.896861,71.318834,15.286099,5.588878924,106.161435,0.823883,4.024035874,1.474619
2019-08-16,7.040267,0.902853,71.148429,15.175244,5.556428313,106.329,0.821894,3.979324666,1.473456
2019-08-19,7.050617,0.900657,71.404125,15.358372,5.600378276,106.583806,0.824849,3.994866252,1.474917
2019-08-20,7.058505,0.902853,71.723546,15.359065,5.717587577,106.347057,0.827221,4.059136873,1.475894
2019-08-21,7.063941,0.900576,71.564751,15.181286,5.715237752,106.48415,0.824433,4.018461816,1.471272
2019-08-22,7.084995,0.902283,71.811784,15.174321,5.763331228,106.586664,0.822431,4.034737887,1.477939
2019-08-23,7.088929,0.903751,71.671035,15.222684,5.76728423,106.452779,0.817469,4.087121554,1.481789
2019-08-26,7.145466,0.899604,72.025009,15.261425,5.815221303,105.856423,0.816913,4.111281036,1.47805
2019-08-27,7.161293,0.900576,71.526027,15.295839,5.826729107,105.754683,0.814436,4.155619597,1.478026
2019-08-28,7.160245,0.902283,71.813137,15.36759,5.797166832,105.729496,0.81948,4.141568167,1.482541
2019-08-29,7.142431,0.903179,71.659592,15.259212,5.833995665,106.286127,0.817657,4.146315029,1.481395
2019-08-30,7.150054,0.906125,71.435756,15.25,5.837078652,106.270388,0.820632,4.157212758,1.485864
2019-09-02,7.171499,0.911743,71.929249,15.210339,5.81345733,106.363968,0.828045,4.148249453,1.489606
2019-09-03,7.17866,0.914328,72.411996,15.134406,5.754503063,106.107708,0.830987,4.177013806,1.485508
2019-09-04,7.152659,0.907606,72.053912,14.860138,5.67090216,106.217099,0.81916,4.138954438,1.47259
2019-09-05,7.143787,0.904323,71.814523,14.80964,5.682311449,106.682944,0.810092,4.072707542,1.465907
2019-09-06,7.11363,0.906865,71.715335,14.764487,5.701913485,107.019135,0.812868,4.094041897,1.463227
2019-09-09,7.124989,0.906372,71.677241,14.676969,5.726094444,106.960935,0.809163,4.057282697,1.456177
2019-09-10,7.105525,0.905797,71.903533,14.673279,5.773188406,107.355072,0.808877,4.097282609,1.458605
2019-09-11,7.117059,0.908843,71.682268,14.667273,5.756157412,107.706989,0.810079,4.064436972,1.456057
2019-09-12,7.087658,0.912159,71.146584,14.588707,5.662227492,107.762474,0.811092,4.050168749,1.454255
2019-09-13,7.082642,0.901226,70.963861,14.508201,5.667988464,107.993872,0.802929,4.052271089,1.453317
2019-09-16,7.067084,0.906536,71.60049,14.640377,5.714894389,107.841537,0.802375,4.091922763,1.455353
2019-09-17,7.096771,0.906947,71.782151,14.763287,5.719662616,108.135317,0.805487,4.100036278,1.46218
2019-09-18,7.088483,0.904732,71.208722,14.618294,5.669320546,108.151633,0.802678,4.075364155,1.461051
2019-09-19,7.094786,0.903587,71.323304,14.669829,5.694677871,107.942532,0.801798,4.132827324,1.472034
2019-09-20,7.09039,0.906618,70.981414,14.867724,5.702085222,107.987307,0.799909,4.166455122,1.47262
2019-09-23,7.12599,0.910332,70.951752,14.880746,5.719526627,107.482931,0.804215,4.157032317,1.476923
2019-09-24,7.107062,0.908843,70.947469,14.868581,5.685085886,107.652458,0.801172,4.15877488,1.471326
2019-09-25,7.124294,0.910581,71.044892,15.032326,5.700054635,107.448552,0.807394,4.187488618,1.478419
2019-09-26,7.128908,0.914244,70.908758,14.968276,5.659078442,107.633937,0.809152,4.124428598,1.477601
2019-09-27,7.128212,0.914495,70.478738,15.073708,5.660265203,108.102423,0.81187,4.160219479,1.480293
2019-09-30,7.143356,0.918358,70.861879,15.205804,5.64707503,107.989714,0.813417,4.159059601,1.480944
2019-10-01,7.148376,0.9176,71.106625,15.296385,5.68719031,108.276748,0.816251,4.164433841,1.493302
2019-10-02,7.148375,0.915332,71.237986,15.251899,5.729519451,107.524027,0.814371,4.166224256,1.496659
2019-10-03,7.148388,0.913159,70.966578,15.165464,5.702492923,106.994795,0.810794,4.117797461,1.487901
2019-10-04,7.14974,0.91083,70.900355,15.160397,5.693141452,106.776573,0.811048,4.073777211,1.479825
2019-10-07,7.148367,0.90967,70.993814,15.13072,5.740016374,106.83162,0.811016,4.067042664,1.484217
2019-10-08,7.143091,0.910249,71.13053,15.267795,5.836519206,106.890588,0.817358,4.102767158,1.482432
2019-10-09,7.127311,0.910664,71.062745,15.139605,5.833075312,107.376377,0.818231,4.078226027,1.482743
2019-10-10,7.123028,0.906618,71.038531,15.131278,5.887216682,107.452403,0.817362,4.096645512,1.478422
2019-10-11,7.101059,0.905551,71.074436,14.849045,5.860092366,108.439736,0.79252,4.10133116,1.471158
2019-10-14,7.069894,0.906536,71.185296,14.802194,5.930921947,108.240413,0.797598,4.115220742,1.47992
2019-10-15,7.081221,0.908513,71.496321,14.86236,5.876078859,108.321977,0.790933,4.130734987,1.48024
2019-10-16,7.09932,0.907029,71.444898,14.977687,5.902585034,108.752834,0.785125,4.174512472,1.486984
2019-10-17,7.077927,0.899847,71.158553,14.873122,5.896697561,108.710519,0.781427,4.159992801,1.466211
2019-10-18,7.083722,0.897344,71.135589,14.767229,5.783111989,108.551687,0.775619,4.160355348,1.460696
2019-10-21,7.072854,0.895015,70.857424,14.752618,5.82180256,108.556341,0.769086,4.122348519,1.453504
2019-10-22,7.079515,0.898473,70.9115,14.675382,5.83081761,108.598383,0.77327,4.123989218,1.45885
2019-10-23,7.073991,0.899038,70.866223,14.673829,5.782432797,108.450957,0.776841,4.086936977,1.461117
2019-10-24,7.07261,0.898634,71.011862,14.625539,5.773813803,108.608914,0.775413,4.035585909,1.462347
2019-10-25,7.069776,0.900333,70.902584,14.620239,5.763212389,108.571171,0.77967,4.027370127,1.464842
2019-10-28,7.068278,0.901957,70.745468,14.539731,5.72553441,108.85722,0.778642,3.982862812,1.46523
2019-10-29,7.065525,0.901307,70.856242,14.622893,5.731951329,108.949977,0.77808,3.992789545,1.458855
2019-10-30,7.056636,0.900414,70.926076,14.911669,5.727984873,108.941113,0.776157,4.016837745,1.458581
2019-10-31,7.04142,0.896539,70.92747,15.162274,5.712479828,108.239197,0.772216,3.990855299,1.446746
2019-11-01,7.041925,0.897747,70.7568,15.107281,5.724122453,108.11563,0.772134,3.989316815,1.449951
2019-11-04,7.028589,0.896218,70.72997,14.814124,5.689460477,108.379638,0.774046,4.001075462,1.448109
2019-11-05,6.99739,0.900171,70.689531,14.751643,5.743721307,108.857683,0.775164,4.019713746,1.447385
2019-11-06,6.997656,0.901713,70.951758,14.801894,5.753201082,108.999098,0.775771,3.989359784,1.449053
2019-11-07,6.975806,0.902772,70.911799,14.73621,5.742800397,109.145075,0.780374,4.08395775,1.449761
2019-11-08,6.988853,0.90629,71.281494,14.783487,5.756117455,109.407287,0.780841,4.131140112,1.455954
2019-11-11,7.010597,0.905715,71.542886,14.867313,5.771397518,108.948465,0.776587,4.161670139,1.458654
2019-11-12,7.007444,0.907853,71.692238,14.828325,5.773036768,109.160236,0.779119,4.164139809,1.460463
2019-11-13,7.021715,0.908595,72.068872,14.941032,5.752862075,108.840632,0.779211,4.181083046,1.465292
2019-11-14,7.021006,0.909339,71.928708,14.840866,5.761662272,108.656906,0.778785,4.176411749,1.474311
2019-11-15,7.009516,0.90629,71.744608,14.726663,5.748867138,108.709444,0.776328,4.195758564,1.470092
2019-11-18,7.018262,0.904077,71.807251,14.77832,5.724256396,108.986529,0.771449,4.176927945,1.468402
2019-11-19,7.02618,0.902772,71.677801,14.734224,5.715446421,108.747856,0.772529,4.194727814,1.465559
2019-11-20,7.033728,0.904241,71.817524,14.799801,5.696988878,108.472737,0.77507,4.196491545,1.467312
2019-11-21,7.026688,0.901632,71.7406,14.664593,5.689027139,108.610585,0.771328,4.188350915,1.468037
2019-11-22,7.038705,0.904323,71.686562,14.714957,5.707994212,108.545849,0.777537,4.188189546,1.47287
2019-11-25,7.036156,0.90843,71.708757,14.740371,5.740915698,108.902616,0.776844,4.205577762,1.474564
2019-11-26,7.039564,0.907441,71.521325,14.826134,5.740018149,108.974592,0.777813,4.257259528,1.474682
2019-11-27,7.026342,0.908348,71.350259,14.704787,5.762739577,109.165228,0.776183,4.245889727,1.47334
2019-11-28,7.034621,0.908678,71.612449,14.74766,5.768014539,109.495684,0.774012,4.251976374,1.476874
2019-11-29,7.027135,0.910581,71.651339,14.678292,5.754689492,109.661264,0.776043,4.230468039,1.477691
2019-12-02,7.042094,0.907194,71.648825,14.675678,5.754876168,109.543681,0.773093,4.232423115,1.473283
2019-12-03,7.05808,0.903261,71.746003,14.655677,5.736428507,108.743564,0.769578,4.20422726,1.462018
2019-12-04,7.052522,0.902446,71.529194,14.549589,5.740276148,108.699576,0.763559,4.198267304,1.462233
2019-12-05,7.042095,0.901388,71.22724,14.672255,5.754912565,108.788534,0.761403,4.217955652,1.464846
2019-12-06,7.030197,0.901388,71.248873,14.6234,5.759239228,108.563187,0.761249,4.182621237,1.459347
2019-12-09,7.039278,0.902935,71.067269,14.607675,5.803160271,108.487585,0.760226,4.144740406,1.465282
2019-12-10,7.038729,0.902772,70.922632,14.816376,5.8048208,108.576329,0.758987,4.14290873,1.469261
2019-12-11,7.039278,0.902935,70.800451,14.764063,5.810293454,108.749436,0.760677,4.116478555,1.462212
2019-12-12,7.037263,0.897908,70.876807,14.658166,5.781628805,108.601957,0.759271,4.111340576,1.451468
2019-12-13,6.971541,0.894935,70.75443,14.443619,5.801145516,109.566852,0.747342,4.086629676,1.446125
2019-12-16,7.000269,0.897183,70.972815,14.472008,5.848734972,109.429392,0.748385,4.081374484,1.451373
2019-12-17,6.996058,0.895897,70.958162,14.417309,5.879053933,109.577137,0.759255,4.068177746,1.459774
2019-12-18,6.998021,0.899685,70.980657,14.367971,5.913810166,109.590643,0.765227,4.057309942,1.459919
2019-12-19,7.010075,0.899523,71.091122,14.318611,5.938832419,109.498966,0.765251,4.062516866,1.456148
2019-12-20,7.00766,0.901144,71.193566,14.232315,5.927187528,109.317834,0.767171,4.070920068,1.449761
2019-12-23,7.011467,0.902935,71.282619,14.2307,5.944379233,109.417607,0.773887,4.083069977,1.445418
2019-12-24,7.007491,0.902527,71.256769,14.193502,5.956137184,109.377256,0.771958,4.083574007,1.445758
2019-12-27,6.995876,0.89662,71.404107,14.045459,5.957948534,109.593831,0.763292,4.048865776,1.434233
2019-12-30,6.986773,0.893735,71.330771,14.067209,5.94932523,109.20547,0.761534,4.033246939,1.429261
2019-12-31,6.961456,0.890155,71.37885,14.044241,5.950062311,108.545487,0.757344,4.019672423,1.423803
2020-01-02,6.963817,0.893416,71.389708,14.070937,5.958992227,108.77334,0.757867,4.008755472,1.430001
2020-01-03,6.971562,0.897102,71.775814,14.283843,5.97353548,108.136718,0.763569,4.061272091,1.438145
2020-01-06,6.972396,0.893336,71.929158,14.245578,5.976415937,108.111488,0.761256,4.061193497,1.439968
2020-01-07,6.942535,0.895095,71.844791,14.296813,5.975653419,108.440745,0.762469,4.08387039,1.454619
2020-01-08,6.94413,0.899685,71.713,14.22996,5.952136752,108.735942,0.763545,4.056860099,1.45704
2020-01-09,6.931683,0.90009,71.252925,14.206931,5.880378038,109.39694,0.767642,4.067866787,1.457516
2020-01-10,6.922099,0.901632,70.950771,14.253088,5.878460013,109.638446,0.764674,4.074294473,1.454513
2020-01-13,6.893493,0.898796,70.845317,14.376056,5.861855114,109.877764,0.770807,4.119360058,1.448589
2020-01-14,6.88583,0.899685,70.830859,14.419613,5.888259109,110.049483,0.770292,4.143589744,1.449393
2020-01-15,6.887991,0.897505,70.797433,14.379645,5.885837372,109.881529,0.769009,4.15993538,1.452881
2020-01-16,6.879488,0.895335,70.929358,14.435402,5.852180141,109.947175,0.765243,4.165010296,1.442833
2020-01-17,6.85866,0.900252,71.080933,14.456428,5.880716601,110.109831,0.76616,4.176269355,1.451386
2020-01-20,6.866216,0.90212,71.072621,14.528191,5.91826793,110.184935,0.769283,4.182228236,1.457285
2020-01-21,6.903464,0.899685,71.196131,14.475843,5.93234368,110.040486,0.765002,4.198020693,1.455421
2020-01-22,6.902056,0.901876,71.127796,14.407468,5.92288961,109.965729,0.761589,4.192460317,1.459596
2020-01-23,6.933279,0.901632,71.315932,14.3813,5.930123524,109.548282,0.761861,4.170318276,1.456045
2020-01-24,6.933303,0.906208,71.291346,14.371092,5.939193475,109.614862,0.764051,4.176166742,1.461441
2020-01-27,6.936689,0.907029,71.421769,14.551565,5.947029478,108.943311,0.765152,4.214693878,1.477642
2020-01-28,6.936665,0.908678,71.289868,14.65234,5.949568378,109.059518,0.768769,4.197728305,1.480236
2020-01-29,6.936642,0.909008,71.281702,14.60949,5.95936733,109.135533,0.768839,4.189528225,1.481593
2020-01-30,6.936622,0.906701,71.639315,14.749569,5.981503309,108.831263,0.763288,4.246622541,1.488077
2020-01-31,6.936663,0.904814,71.39477,14.920376,5.982356135,108.894318,0.761627,4.266829533,1.4924
2020-02-03,7.01979,0.903669,71.393006,14.893006,5.984185794,108.530634,0.766085,4.262606181,1.492951
2020-02-04,6.99656,0.905141,71.245474,14.777516,5.980539464,109.087618,0.768284,4.22737147,1.487962
2020-02-05,6.972512,0.907194,71.153951,14.718861,5.985212737,109.716048,0.766071,4.228794339,1.478636
2020-02-06,6.968645,0.908843,71.148323,14.816686,5.988003272,109.851859,0.771017,4.230937017,1.479778
2020-02-07,6.993436,0.91166,71.439967,14.969824,5.988513082,109.864163,0.772358,4.291913575,1.496672
2020-02-10,6.983015,0.913159,71.32408,15.047576,6.01744133,109.743402,0.772788,4.311021824,1.495115
2020-02-11,6.974131,0.917347,71.272819,14.891386,6.033850105,109.83396,0.773553,4.311072379,1.491606
2020-02-12,6.970222,0.916254,71.316199,14.776067,6.040223566,109.97801,0.770185,4.33260033,1.482041
2020-02-13,6.983528,0.920217,71.27036,14.844299,6.058985921,109.699089,0.767231,4.341768657,1.485046
2020-02-14,6.987364,0.922339,71.449917,14.862479,6.062995757,109.859804,0.76746,4.328260469,1.48967
2020-02-17,6.981541,0.922935,71.381634,14.960314,6.049100138,109.875404,0.768233,4.313705584,1.488602
2020-02-18,7.001849,0.924556,71.551405,15.051036,6.069064349,109.744822,0.767243,4.346246302,1.497319
2020-02-19,6.994259,0.925926,71.513426,14.946759,6.07462963,110.509259,0.769889,4.368888889,1.49463
2020-02-20,7.023818,0.926784,71.616775,15.103429,6.098795181,112.011121,0.777016,4.387488415,1.510102
2020-02-21,7.031293,0.92584,71.987779,15.087955,6.122673826,111.989631,0.773169,4.402370151,1.514952
2020-02-24,7.034757,0.924385,71.941671,15.122204,6.156313551,111.406914,0.77494,4.388426696,1.514513
2020-02-25,7.015221,0.922509,71.701107,15.189022,6.15202952,110.627306,0.771494,4.388284133,1.51679
2020-02-26,7.018759,0.91954,71.650115,15.131494,6.159172414,110.464368,0.773793,4.389977011,1.523218
2020-02-27,7.005928,0.912076,71.632616,15.361182,6.15997811,109.868661,0.775219,4.466891645,1.520613
2020-02-28,6.983875,0.910996,72.228296,15.574474,6.226473536,108.736449,0.777216,4.48501412,1.537305
2020-03-02,6.965384,0.899119,72.754001,15.66283,6.226667865,107.732422,0.783249,4.490019781,1.528322
2020-03-03,6.977782,0.899523,73.247279,15.583791,6.173068274,107.7359,0.782675,4.500494738,1.521184
2020-03-04,6.922607,0.898876,73.260674,15.261483,6.096898876,107.48764,0.780674,4.507505618,1.509573
2020-03-05,6.934746,0.893895,73.436131,15.441673,6.081880754,106.936623,0.774739,4.601769912,1.512202
2020-03-06,6.925812,0.882145,73.735004,15.74753,6.105239944,105.045872,0.768922,4.653140438,1.508733
2020-03-09,6.948324,0.872905,74.162011,15.965258,6.110509777,102.234637,0.762771,4.750174581,1.512744
2020-03-10,6.95698,0.877963,73.845478,15.943459,6.135557507,104.170325,0.767208,4.674539069,1.525637
2020-03-11,6.951394,0.882145,73.678105,16.063867,6.195836274,104.578335,0.773553,4.664255469,1.533963
2020-03-12,7.017527,0.88968,74.259786,16.409875,6.259875445,103.950178,0.788461,4.90044484,1.57242
2020-03-13,6.987302,0.900576,73.736041,16.141481,6.290525937,107.267651,0.802143,4.686779539,1.592579
2020-03-16,7.022587,0.896298,74.22022,16.635475,6.414627588,105.548086,0.814896,4.963789549,1.631084
2020-03-17,7.020124,0.910581,74.273356,16.598798,6.491167365,106.993262,0.827017,5.033691495,1.665179
2020-03-18,7.035394,0.914578,74.204774,16.97677,6.446954454,107.719042,0.84315,5.133802817,1.698189
2020-03-19,7.114989,0.92584,75.122674,17.294695,6.538746412,109.832423,0.860893,5.188130729,1.725303
2020-03-20,7.090595,0.933968,75.15177,17.290277,6.519660035,110.553843,0.850173,5.037545531,1.702251
2020-03-23,7.083836,0.927386,76.162014,17.633312,6.585922285,110.460911,0.86219,5.068348326,1.723639
2020-03-24,7.059762,0.922254,75.954994,17.592364,6.465922715,110.661256,0.849396,5.083095084,1.689108
2020-03-25,7.097442,0.923617,76.382193,17.408146,6.435023552,111.452849,0.845137,5.074074074,1.661864
2020-03-26,7.073582,0.910664,75.161188,17.437756,6.411711137,109.443584,0.831873,4.990984428,1.653948
2020-03-27,7.09611,0.910996,75.49376,17.620024,6.462148128,108.736449,0.817555,5.092921563,1.658832
2020-03-30,7.099601,0.90629,75.675186,17.879826,6.56833424,108.156607,0.805692,5.121533442,1.633225
2020-03-31,7.099671,0.912742,75.664932,17.898412,6.577491785,108.525009,0.809082,5.202719971,1.639923
2020-04-01,7.100677,0.914411,76.445135,17.97906,6.668343087,107.489027,0.808888,5.244056328,1.650786
2020-04-02,7.095819,0.916926,76.403814,18.500825,6.66284614,107.335412,0.804493,5.228589767,1.647717
2020-04-03,7.09096,0.927214,76.231803,18.789244,6.70338433,108.576727,0.814557,5.275197033,1.669356
2020-04-06,7.091002,0.926698,76.08748,18.861459,6.777499768,108.924103,0.813641,5.287369104,1.648596
2020-04-07,7.055765,0.918695,75.564538,18.359026,6.758107487,108.911346,0.809306,5.206982085,1.614883
2020-04-08,7.066323,0.919879,76.233097,18.179008,6.788519915,108.876828,0.809015,5.219483028,1.618618
2020-04-09,7.058894,0.920217,76.311309,18.071501,6.73902641,108.889298,0.805788,5.149167203,1.605227
2020-04-14,7.05701,0.912159,76.15981,18.266442,6.793031105,107.324637,0.795886,5.161452157,1.563349
2020-04-15,7.062093,0.917179,76.505549,18.723012,6.887370449,107.419976,0.801477,5.238558195,1.586628
2020-04-16,7.071179,0.918442,76.878215,18.586793,6.934790595,107.567965,0.800542,5.234202792,1.585783
2020-04-17,7.073757,0.92081,76.479282,18.750092,6.904327808,107.605893,0.800902,5.230018416,1.573481
2020-04-20,7.073573,0.92081,76.559392,18.737201,6.926335175,107.836096,0.804263,5.291252302,1.573204
2020-04-21,7.094952,0.922765,76.936422,18.995386,6.981452431,107.400572,0.81314,5.316877365,1.593245
2020-04-22,7.082359,0.920217,76.533082,18.810435,6.994386675,107.674611,0.809055,5.324928683,1.582682
2020-04-23,7.079372,0.928333,76.067583,19.070925,6.942814705,107.454512,0.809506,5.446156703,1.570553
2020-04-24,7.079167,0.925926,76.264815,18.983241,6.978240741,107.611111,0.810167,5.567407407,1.568796
2020-04-27,7.082565,0.921489,76.132971,18.808422,6.982583856,107.095466,0.804119,5.559159602,1.547641
2020-04-28,7.077043,0.919371,75.868346,18.655236,6.997793509,106.702216,0.80057,5.608531764,1.538476
2020-04-29,7.076462,0.922339,75.651633,18.431655,6.988286294,106.548607,0.805921,5.471130788,1.536156
2020-04-30,7.049007,0.919456,75.037514,18.073924,6.985932328,106.53733,0.799053,5.384792203,1.526113
2020-05-04,7.062237,0.91391,75.659843,18.636812,7.030890148,106.78121,0.803308,5.554834582,1.555657
2020-05-05,7.06216,0.922254,75.757171,18.354514,7.08899751,106.714009,0.802914,5.494420363,1.551692
2020-05-06,7.0979,0.925326,75.859628,18.562321,7.141482373,106.088646,0.807375,5.63486629,1.577311
2020-05-07,7.087731,0.927386,75.830938,18.612446,7.214318835,106.565891,0.811258,5.774923491,1.549105
2020-05-08,7.07544,0.922254,75.58932,18.442313,7.124596514,106.372775,0.807295,5.817024809,1.532141
2020-05-11,7.093773,0.923873,75.846268,18.440503,7.076496674,107.317073,0.811853,5.791851441,1.543699
2020-05-12,7.085375,0.92098,75.145515,18.178486,6.997513354,107.34942,0.808372,5.775280899,1.531129
2020-05-13,7.089839,0.91954,75.294253,18.316322,6.975724138,106.924138,0.811448,5.848827586,1.534437
2020-05-14,7.102947,0.926612,75.604151,18.683933,6.964325426,107.005189,0.820006,5.923369162,1.557172
2020-05-15,7.108631,0.926097,75.929339,18.592425,6.916929061,106.992036,0.8218,5.850342656,1.556307
2020-05-18,7.114845,0.923191,75.834103,18.36346,6.857090103,107.376292,0.823052,5.788497046,1.545052
2020-05-19,7.106484,0.913242,75.665297,18.232785,6.79890411,107.762557,0.817671,5.694703196,1.529772
2020-05-20,7.100383,0.912575,75.619182,18.023636,6.791294032,107.638255,0.815459,5.717831721,1.519712
2020-05-21,7.104818,0.909091,75.504091,17.870636,6.798272727,107.654545,0.817664,5.684727273,1.519091
2020-05-22,7.134721,0.917095,75.86803,17.651871,6.807318415,107.538518,0.821377,5.581162876,1.530998
2020-05-25,7.136205,0.91659,75.886801,17.672502,6.815032081,107.671861,0.820486,5.521814849,1.528689
2020-05-26,7.131572,0.911162,75.559909,17.371298,6.743872437,107.444191,0.809822,5.386241458,1.50697
2020-05-27,7.158766,0.909835,75.739241,17.421254,6.782094441,107.888272,0.815167,5.338822673,1.507142
2020-05-28,7.153595,0.907771,75.765704,17.427469,6.814814815,107.734205,0.814524,5.310003631,1.509078
2020-05-29,7.135057,0.897989,75.523078,17.442439,6.833782328,107.121049,0.80898,5.356860632,1.497935
2020-06-01,7.13629,0.899604,75.510975,17.451691,6.813871896,107.7276,0.806702,5.332493703,1.483267
2020-06-02,7.106945,0.894935,75.209415,17.250313,6.774476463,108.134956,0.797235,5.324771792,1.459638
2020-06-03,7.110863,0.893336,75.491781,17.048776,6.762819368,108.576023,0.795649,5.180721815,1.454351
2020-06-04,7.116978,0.888889,75.495111,16.894133,6.743822222,108.871111,0.7972,5.065688889,1.446756
2020-06-05,7.091703,0.882613,75.578111,16.842277,6.773786408,109.240953,0.789479,5.059929391,1.432215
2020-06-08,7.074524,0.886132,75.534781,16.818697,6.785467435,109.357554,0.790191,4.935932654,1.431635
2020-06-09,7.085621,0.885426,75.534355,16.728794,6.805294847,108.145918,0.789092,4.864884009,1.440322
2020-06-10,7.05978,0.879121,75.519121,16.560527,6.781978022,107.393407,0.782092,4.85389011,1.425934
2020-06-11,7.071731,0.881213,75.834508,16.863941,6.819792034,107.084949,0.790139,4.976295382,1.447039
2020-06-12,7.076256,0.884643,75.891277,17.055379,6.831564048,107.271762,0.793109,5.076786978,1.454972
2020-06-15,7.094997,0.888652,76.004177,17.170532,6.839687195,107.375811,0.796659,5.158535502,1.464143
2020-06-16,7.078263,0.88433,76.0948,17.024938,6.848425893,107.34878,0.790325,5.097895295,1.44358
2020-06-17,7.087073,0.890313,76.166756,17.119747,6.856481481,107.416311,0.796368,5.210202991,1.450499
2020-06-18,7.088309,0.891107,76.343789,17.406345,6.858670469,106.932811,0.802246,5.323293531,1.457494
2020-06-19,7.076896,0.892061,76.139161,17.345227,6.858786798,106.842105,0.80736,5.354950937,1.45058
2020-06-22,7.076429,0.891822,76.035405,17.397396,6.851779185,106.920539,0.805565,5.28386694,1.452956
2020-06-23,7.063439,0.883548,75.488602,17.204365,6.858278848,106.953525,0.80076,5.213465277,1.43771
2020-06-24,7.071986,0.886525,75.645833,17.310638,6.854787234,106.648936,0.800913,5.179255319,1.448759
2020-06-25,7.071964,0.892857,75.635714,17.400268,6.855,107.366071,0.804759,5.358214286,1.457232
2020-06-26,7.07197,0.891822,75.645679,17.283421,6.854989744,106.956212,0.807768,5.403995363,1.454829
2020-06-29,7.075594,0.886211,75.49805,17.215704,6.854927331,107.293513,0.811237,5.415189649,1.453917
2020-06-30,7.074388,0.893017,75.570191,17.362475,6.854884801,107.751384,0.814815,5.457938918,1.459546
2020-07-01,7.067054,0.892857,75.555357,17.226339,6.855089286,107.419643,0.807411,5.442857143,1.4525
2020-07-02,7.067074,0.886054,74.742158,16.919369,6.855218855,107.425128,0.799442,5.300637959,1.443913
2020-07-03,7.066108,0.890948,74.68015,17.084907,6.856468282,107.519601,0.802922,5.356111903,1.441108
2020-07-06,7.019691,0.883002,74.572627,17.020839,6.864724062,107.532009,0.799161,5.275496689,1.433113
2020-07-07,7.022764,0.88574,74.813552,17.086625,6.865190434,107.714792,0.798494,5.376527901,1.440301
2020-07-08,7.014265,0.886054,75.000443,16.979266,6.864965444,107.558037,0.796766,5.355218855,1.439128
2020-07-09,6.98554,0.881679,74.982807,16.81282,6.863427967,107.273849,0.790469,5.335919591,1.431758
2020-07-10,7.001774,0.886839,75.240333,16.928787,6.865643845,106.846399,0.794342,5.382316424,1.440848
2020-07-13,7.00053,0.88269,75.219349,16.746933,6.869450084,107.158619,0.793874,5.339747551,1.434195
2020-07-14,7.015824,0.879121,75.404396,16.767648,6.866901099,107.402198,0.798048,5.356043956,1.437187
2020-07-15,6.988378,0.87382,75.123209,16.520535,6.865431667,106.824537,0.791157,5.322527088,1.423715
2020-07-16,6.996758,0.876117,75.219467,16.662082,6.86174873,107.096548,0.796171,5.357806203,1.4314
2020-07-17,6.998162,0.875044,74.964998,16.669233,6.861480574,107.219111,0.796972,5.323678684,1.431572
2020-07-20,6.987421,0.873515,74.803896,16.719864,6.857791754,107.119147,0.791186,5.37037037,1.428983
2020-07-21,6.989601,0.873897,74.613738,16.499694,6.848641091,107.227126,0.786988,5.279734335,1.411693
2020-07-22,6.995941,0.863707,74.527552,16.368976,6.849110382,107.047849,0.787036,5.175332527,1.393937
2020-07-23,7.006396,0.864379,74.835336,16.613623,6.848387933,107.165701,0.78827,5.145129225,1.40427
2020-07-24,7.016971,0.861475,74.832874,16.742764,6.848380427,106.271537,0.783813,5.235785665,1.410751
2020-07-27,7.002041,0.85034,74.732143,16.443878,6.849659864,105.340136,0.776701,5.180187075,1.40068
2020-07-28,7.001878,0.853461,74.860459,16.584023,6.937185286,105.265853,0.776376,5.176239652,1.4007
2020-07-29,6.999318,0.852878,74.792324,16.483497,6.972110874,105.142857,0.770874,5.129978678,1.394286
2020-07-30,7.003321,0.851571,74.887167,16.781913,6.981009963,105.237163,0.768696,5.210678702,1.400494
2020-07-31,6.974764,0.844024,74.810517,16.961512,6.971218771,104.920662,0.760069,5.167032411,1.391627
2020-08-03,6.984479,0.852806,75.200836,17.292939,6.981408835,106.182842,0.767636,5.234095173,1.407812
2020-08-04,6.98317,0.849979,75.121547,17.41428,6.968975776,106.060348,0.767828,5.333021674,1.40204
2020-08-05,6.940864,0.843597,74.834655,17.228024,7.028091783,105.761768,0.761473,5.256537878,1.384765
2020-08-06,6.951364,0.844381,74.951448,17.533986,7.249261167,105.513806,0.760221,5.348307017,1.392553
2020-08-07,6.959296,0.846238,75.004654,17.524414,7.194634848,105.703647,0.764771,5.354489295,1.388085
2020-08-10,6.971266,0.850123,74.906486,17.72099,7.315735782,106.044376,0.766429,5.415030179,1.398028
2020-08-11,6.947042,0.84868,74.566749,17.505135,7.24857846,106.059577,0.76248,5.43732496,1.392345
2020-08-12,6.945714,0.849545,74.80333,17.423923,7.312377878,106.974768,0.768626,5.418571064,1.402939
2020-08-13,6.945576,0.845094,74.844925,17.443167,7.334910843,106.972027,0.763737,5.388827854,1.396265
2020-08-14,6.94997,0.846525,74.890375,17.448658,7.377380852,106.670617,0.763337,5.396596969,1.398883
2020-08-17,6.940184,0.843668,74.824517,17.444023,7.395258584,106.293765,0.764574,5.413481819,1.390787
2020-08-18,6.921468,0.839913,74.650596,17.398791,7.393247102,105.442634,0.759071,5.440786158,1.381404
2020-08-19,6.911255,0.838012,74.847901,17.194586,7.356490405,105.371658,0.757102,5.456716668,1.376687
2020-08-20,6.918565,0.843882,75.098734,17.226667,7.352658228,105.873418,0.760954,5.607932489,1.396118
2020-08-21,6.923528,0.84969,74.940947,17.24675,7.30096015,105.811879,0.762639,5.60013595,1.39706
2020-08-24,6.912889,0.844096,74.087955,16.933316,7.370135899,105.731409,0.761163,5.566050477,1.388875
2020-08-25,6.913069,0.846453,74.247926,16.766887,7.393939394,106.373794,0.761342,5.574741832,1.394278
2020-08-26,6.893036,0.848248,74.317584,16.794978,7.354822292,106.31945,0.760794,5.54050386,1.388667
2020-08-27,6.888277,0.847027,73.916229,16.963832,7.340758936,106.166356,0.758131,5.591224801,1.379892
2020-08-28,6.861016,0.839278,73.195552,16.687285,7.316491817,105.237096,0.750885,5.506336551,1.360974
2020-08-31,6.843467,0.837521,73.2567,16.715997,7.350921273,105.921273,0.750461,5.422026801,1.357956
2020-09-01,6.818971,0.834237,72.919413,16.63961,7.357637441,105.881371,0.742262,5.433052474,1.354968
2020-09-02,6.82708,0.843099,73.199983,16.790658,7.38453756,106.230503,0.749009,5.413118624,1.363376
2020-09-03,6.840091,0.846525,73.530433,16.766105,7.441547448,106.535173,0.75455,5.369000254,1.372979
2020-09-04,6.840567,0.844452,73.195406,16.574734,7.449332883,106.223611,0.754307,5.30104712,1.375697
2020-09-07,6.832629,0.845737,73.451032,16.71634,7.456698241,106.216171,0.759768,5.299729364,1.372801
2020-09-08,6.844124,0.848536,73.912601,16.973526,7.484259652,106.236742,0.767527,5.382011031,1.381926
2020-09-09,6.844814,0.849401,73.563663,16.73694,7.495115943,106.217617,0.774764,5.332965259,1.381466
2020-09-10,6.837877,0.843953,73.452612,16.760739,7.45809773,106.135539,0.772977,5.31006836,1.374124
2020-09-11,6.836764,0.843597,73.598026,16.74768,7.471317699,106.141387,0.779551,5.277627805,1.370339
2020-09-14,6.819384,0.842034,73.544544,16.661839,7.493853149,105.944763,0.776271,5.313994611,1.374789
2020-09-15,6.771443,0.840901,73.596115,16.453835,7.485956946,105.440632,0.774428,5.236461487,1.363858
2020-09-16,6.759542,0.842531,73.524728,16.322015,7.496840509,105.080462,0.770267,5.241469374,1.36271
2020-09-17,6.769602,0.847673,73.629736,16.332373,7.547427312,104.585912,0.775875,5.265491227,1.369162
2020-09-18,6.773092,0.845094,73.535029,16.185245,7.572044283,104.360686,0.771723,5.254457872,1.372602
2020-09-21,6.78646,0.848392,73.55137,16.748621,7.610927293,104.097735,0.777195,5.451938576,1.377789
2020-09-22,6.77598,0.851789,73.477002,16.676235,7.653321976,104.582624,0.781457,5.423935264,1.387394
2020-09-23,6.793791,0.855286,73.54131,17.072101,7.690728703,105.123161,0.785879,5.516421485,1.406004
2020-09-24,6.829283,0.858738,73.949764,17.06097,7.629969944,105.392872,0.783409,5.576212967,1.420266
2020-09-25,6.829207,0.85955,73.678442,17.105037,7.624978511,105.501117,0.785138,5.549252192,1.422383
2020-09-28,6.813196,0.856898,73.715081,17.04413,7.804027421,105.415596,0.775561,5.531448158,1.414996
2020-09-29,6.817382,0.854555,73.726713,16.978722,7.831909075,105.631516,0.777329,5.641941548,1.402495
2020-09-30,6.809019,0.854117,73.709429,16.83396,7.771609156,105.705501,0.779254,5.663477964,1.403997
2020-10-01,6.790759,0.850919,73.03225,16.62466,7.709836624,105.496937,0.771979,5.600833901,1.388615
2020-10-02,6.790793,0.852515,73.348252,16.53896,7.739727195,105.200341,0.773001,5.629923274,1.395737
2020-10-05,6.808973,0.849762,73.153467,16.438392,7.785010197,105.582937,0.771669,5.656696125,1.391825
2020-10-06,6.791946,0.847817,73.396778,16.492582,7.768122086,105.621026,0.772005,5.541585418,1.396524
2020-10-07,6.791334,0.849618,73.290569,16.634919,7.877824979,105.972812,0.776661,5.56057774,1.401869
2020-10-08,6.79082,0.849979,73.256269,16.574161,7.930641734,105.98385,0.773778,5.59558011,1.39575
2020-10-09,6.701738,0.847817,73.080543,16.474354,7.908350996,105.934718,0.772929,5.578295888,1.390844
2020-10-12,6.74447,0.847529,73.290957,16.510721,7.86676837,105.441139,0.767845,5.531655225,1.386304
2020-10-13,6.735217,0.848392,73.322304,16.496649,7.903198439,105.523034,0.768567,5.547552388,1.391618
2020-10-14,6.731234,0.851064,73.27617,16.501872,7.943319149,105.276596,0.769319,5.568170213,1.393872
2020-10-15,6.732433,0.854847,73.474953,16.697641,7.938792956,105.274406,0.773936,5.637031971,1.415114
2020-10-16,6.697811,0.851716,73.308492,16.511967,7.946512222,105.263606,0.774338,5.625926241,1.410016
2020-10-19,6.683666,0.848536,73.308867,16.445142,7.896224014,105.311837,0.768672,5.612134069,1.406449
2020-10-20,6.682303,0.84674,73.53641,16.532176,7.900169348,105.664691,0.773319,5.603895004,1.422608
2020-10-21,6.655332,0.843739,73.721313,16.400101,7.853864327,104.851502,0.765727,5.578636517,1.411829
2020-10-22,6.68133,0.845952,73.692581,16.306488,7.936299805,104.661196,0.763666,5.616191524,1.408003
2020-10-23,6.676535,0.843455,73.654268,16.186319,7.963731444,104.731781,0.764803,5.571187584,1.398279
2020-10-26,6.713089,0.846095,74.074372,16.251798,8.088078518,105.034267,0.767874,5.644639986,1.403841
2020-10-27,6.705967,0.845166,73.667596,16.110548,8.152974983,104.580798,0.766717,5.638184584,1.401707
2020-10-28,6.723373,0.852733,74.020636,16.38842,8.2634945,104.340411,0.773105,5.729598363,1.415793
2020-10-29,6.709757,0.854409,74.407468,16.43216,8.323479152,104.314764,0.772642,5.782638414,1.424556
2020-10-30,6.681313,0.854847,74.467003,16.272782,8.372371346,104.599077,0.77114,5.779363994,1.415883
2020-11-02,6.690869,0.858222,74.455458,16.217988,8.439066255,104.64298,0.772854,5.742876759,1.418898
2020-11-03,6.682447,0.854555,74.405657,16.03837,8.531874893,104.734233,0.769458,5.703469492,1.401983
2020-11-04,6.657964,0.85317,74.392543,16.047266,8.449535023,104.351165,0.76746,5.695759747,1.394591
2020-11-05,6.607423,0.843526,74.011388,15.764994,8.433572332,103.635597,0.762969,5.55934205,1.379671
2020-11-06,6.610615,0.84246,74.143639,15.748357,8.550042123,103.336142,0.761837,5.566301601,1.37818
2020-11-09,6.603972,0.841538,73.750736,15.257511,8.060759068,104.914584,0.75927,5.255154422,1.366153
2020-11-10,6.614753,0.846883,74.24331,15.540904,8.271934282,105.318428,0.755276,5.383045393,1.375085
2020-11-11,6.624426,0.849907,74.419514,15.665477,7.8890872,105.447901,0.755864,5.425378208,1.374469
2020-11-12,6.62412,0.848104,74.68917,15.68213,7.73530659,105.376982,0.761301,5.397167331,1.379272
2020-11-13,6.607787,0.846382,74.639018,15.579179,7.727719001,104.849767,0.759061,5.459839187,1.379602
2020-11-16,6.588757,0.845309,74.454353,15.413863,7.755621302,104.945055,0.759248,5.404057481,1.371598
2020-11-17,6.555462,0.841609,74.467682,15.406666,7.748779667,104.174381,0.753956,5.417858946,1.366437
2020-11-18,6.557128,0.842602,74.158241,15.403943,7.714863498,103.875969,0.753059,5.30620155,1.367206
2020-11-19,6.586122,0.845166,74.203009,15.479462,7.553498986,104.022989,0.755392,5.355899256,1.375254
2020-11-20,6.567984,0.842957,74.13049,15.358004,7.626232825,103.835455,0.753545,5.3398803,1.367866
2020-11-23,6.569028,0.840266,74.030754,15.331989,7.783883707,103.747584,0.746895,5.36047391,1.364003
2020-11-24,6.586768,0.842815,74.087231,15.356595,7.960556258,104.559629,0.750206,5.389211968,1.363253
2020-11-25,6.57603,0.841043,73.888982,15.263246,7.977291842,104.449117,0.749613,5.353238015,1.361648
2020-11-26,6.575966,0.840336,73.836555,15.218319,7.888907563,104.235294,0.748983,5.335630252,1.358235
2020-11-27,6.577923,0.838785,74.066012,15.321003,7.824693843,104.202315,0.750226,5.369988257,1.357323
2020-11-30,6.577462,0.834725,74.066945,15.379883,7.775876461,104.165275,0.749958,5.302086811,1.356093
2020-12-01,6.570772,0.835561,73.65767,15.316761,7.864471925,104.378342,0.750318,5.311915107,1.359793
2020-12-02,6.564147,0.828775,73.735704,15.380325,7.837725841,104.5334,0.749959,5.218133599,1.357865
2020-12-03,6.548185,0.822978,73.828491,15.264176,7.820014814,104.098428,0.743626,5.187803473,1.346474
2020-12-04,6.531869,0.822436,73.752365,15.188256,7.783205856,103.988815,0.742512,5.161526441,1.347726
2020-12-07,6.539413,0.824538,73.902127,15.191623,7.837483509,104.139182,0.752103,5.122361478,1.350099
2020-12-08,6.530873,0.825491,73.636289,15.037065,7.831434704,104.160475,0.752377,5.11028562,1.348357
2020-12-09,6.537864,0.825832,73.674127,14.927409,7.825749443,104.096127,0.743249,5.119580477,1.336609
2020-12-10,6.541808,0.825423,73.670244,15.002476,7.862979777,104.440776,0.75196,5.085101114,1.333966
2020-12-11,6.546219,0.824606,73.777934,15.126165,7.889667684,104.131277,0.761062,5.067040488,1.326791
2020-12-14,6.543989,0.822233,73.54917,14.992518,7.871073837,103.691827,0.745766,5.035109357,1.320835
2020-12-15,6.54547,0.823723,73.591433,14.943081,7.849670511,103.855025,0.7479,5.089209226,1.327265
2020-12-16,6.533186,0.820412,73.650833,14.863812,7.811879564,103.34728,0.73796,5.111658052,1.321109
2020-12-17,6.533235,0.816593,73.58811,14.683978,7.743589744,103.045893,0.735342,5.073983341,1.310795
2020-12-18,6.537727,0.815727,73.51089,14.576964,7.666857003,103.344482,0.740909,5.111999347,1.313892
2020-12-21,6.554177,0.82149,74.044032,14.856568,7.682494044,103.540623,0.752567,5.187217613,1.330814
2020-12-22,6.541057,0.81706,73.860201,14.58812,7.625214478,103.374459,0.744734,5.134569818,1.322902
2020-12-23,6.538632,0.821963,73.807743,14.622308,7.63981588,103.559099,0.74552,5.167433832,1.32484
2020-12-24,6.530304,0.820143,73.554088,14.619208,7.567866809,103.649635,0.736447,5.216763717,1.315427
2020-12-28,6.539488,0.818398,73.503969,14.568132,7.468205254,103.560029,0.739897,5.192159751,1.316229
2020-12-29,6.531528,0.815727,73.368138,14.654621,7.355983359,103.784974,0.741194,5.197569133,1.315034
2020-12-30,6.525039,0.814266,73.188177,14.661103,7.35453139,103.06164,0.735339,5.176614282,1.304861
2020-12-31,6.537772,0.81493,73.066987,14.686578,7.426534105,103.080434,0.732646,5.193953223,1.295412
2021-01-04,6.464216,0.813273,73.022934,14.574984,7.366541965,102.976578,0.733247,5.143217306,1.295381
2021-01-05,6.463613,0.81493,73.23527,15.010513,7.390921685,102.88485,0.73615,5.339173661,1.297938
2021-01-06,6.455909,0.810504,73.110715,15.004296,7.339439131,102.95834,0.7346,5.277921867,1.282542
2021-01-07,6.467253,0.814598,73.350847,15.307836,7.330319322,103.559791,0.734686,5.308895406,1.289997
2021-01-08,6.464,0.816327,73.304082,15.282612,7.358857143,103.885714,0.735739,5.367183673,1.286367
2021-01-11,6.479158,0.822166,73.457206,15.463208,7.444709364,104.217709,0.741881,5.472498561,1.297624
2021-01-12,6.461311,0.822301,73.260012,15.399145,7.487048762,104.218403,0.735466,5.475865472,1.294466
2021-01-13,6.470163,0.821963,73.162502,15.315552,7.441311853,103.928982,0.731407,5.331990794,1.293276
2021-01-14,6.467255,0.82481,73.129743,15.188634,7.38139228,104.099307,0.733611,5.269548004,1.290168
2021-01-15,6.475212,0.824878,73.114328,15.229481,7.438670296,103.720201,0.734125,5.254227501,1.293409
2021-01-18,6.495275,0.828912,73.306117,15.328166,7.505470822,103.763263,0.738337,5.297579576,1.303133
2021-01-19,6.479558,0.824266,73.155704,14.934141,7.439581273,103.989449,0.734421,5.262776129,1.295994
2021-01-20,6.469879,0.826378,73.02537,14.965788,7.446574663,103.809603,0.731865,5.321047847,1.294604
2021-01-21,6.460931,0.822504,72.974173,14.80408,7.365931897,103.405165,0.728944,5.270027965,1.285985
2021-01-22,6.483139,0.822504,73.011186,15.118441,7.418572134,103.791742,0.732398,5.409195591,1.297088
2021-01-25,6.477288,0.82291,72.934496,15.218071,7.395078999,103.736011,0.730744,5.466919026,1.294273
2021-01-26,6.467677,0.82352,72.927201,15.158116,7.351478218,103.705839,0.730446,5.420077411,1.293667
2021-01-27,6.472759,0.825491,73.004788,15.220324,7.39161301,103.904573,0.729693,5.362968466,1.299653
2021-01-28,6.469771,0.827061,73.046894,15.247291,7.386733934,104.375155,0.732801,5.446778596,1.316186
2021-01-29,6.431032,0.823995,72.867502,15.083883,7.314765985,104.68853,0.728271,5.485168095,1.303477
2021-02-01,6.46665,0.827541,73.10907,15.025985,7.191492883,104.907315,0.729891,5.442320424,1.310079
2021-02-02,6.455995,0.830289,72.98738,14.950764,7.192710063,104.998339,0.731277,5.38890734,1.315759
2021-02-03,6.459432,0.832154,72.912124,14.929849,7.167845552,105.059499,0.733503,5.34709162,1.313223
2021-02-04,6.463988,0.833611,72.886379,15.02976,7.126542181,105.235078,0.731019,5.358869623,1.31102
2021-02-05,6.470416,0.834516,72.909121,14.971793,7.072769757,105.749812,0.730518,5.44504715,1.31528
2021-02-08,6.454719,0.831601,72.951351,14.94395,7.094220374,105.588358,0.73042,5.401663202,1.305031
2021-02-09,6.435393,0.826173,72.931675,14.784617,7.095423001,104.576999,0.725611,5.413912756,1.295522
2021-02-10,6.451307,0.824606,72.827987,14.702812,7.050630824,104.757978,0.722767,5.412797889,1.293148
2021-02-11,6.45822,0.823249,72.778464,14.615378,7.018523092,104.651354,0.722442,5.345846711,1.287396
2021-02-12,6.459118,0.8259,72.577635,14.648332,7.020977866,105.013214,0.724752,5.39329369,1.293855
2021-02-15,6.458241,0.82447,72.609448,14.428725,6.960013192,105.301344,0.719144,5.370104708,1.286339
2021-02-16,6.458206,0.82352,72.815202,14.538747,6.972988553,105.542288,0.719204,5.370089764,1.285761
2021-02-17,6.458209,0.829187,72.797678,14.780017,6.994029851,106.086235,0.721061,5.370729685,1.291294
2021-02-18,6.46905,0.827541,72.550066,14.531778,6.949271764,105.668653,0.716154,5.399867594,1.284177
2021-02-19,6.451767,0.823791,72.505561,14.613312,6.958563308,105.288739,0.712645,5.406788039,1.272345
2021-02-22,6.46559,0.824198,72.506388,14.895904,7.062062145,105.497404,0.713179,5.509189813,1.268606
2021-02-23,6.465124,0.82352,72.517088,14.70798,7.055999341,105.394054,0.710763,5.440335996,1.266409
2021-02-24,6.451671,0.823316,72.349745,14.467561,7.168697514,105.952577,0.708299,5.404412975,1.263544
2021-02-25,6.453824,0.817996,72.633129,14.813988,7.226503067,106.118609,0.706814,5.453006135,1.252924
2021-02-26,6.466876,0.825014,73.901988,14.934824,7.438990182,106.28661,0.7182,5.498226219,1.287435
2021-03-01,6.468929,0.829669,73.563843,15.058326,7.232639177,106.720319,0.718145,5.579025969,1.291795
2021-03-02,6.471566,0.831393,73.377951,15.077569,7.328816096,106.900565,0.718598,5.68565015,1.282175
2021-03-03,6.465554,0.830013,72.847361,14.946298,7.387865206,106.914011,0.716725,5.712732404,1.282786
2021-03-04,6.468838,0.830979,72.753864,15.034569,7.451055343,107.387402,0.716885,5.606531494,1.283779
2021-03-05,6.490953,0.837661,73.06961,15.297286,7.497235718,108.3096,0.722902,5.69433741,1.30382
2021-03-08,6.526715,0.842744,73.358756,15.471262,7.67419518,108.629698,0.722468,5.749873588,1.306169
2021-03-09,6.514041,0.84076,73.000673,15.396671,7.652850177,108.878426,0.720565,5.847738355,1.298134
2021-03-10,6.511352,0.840901,72.998655,15.282543,7.590733266,108.577195,0.720274,5.785990582,1.297511
2021-03-11,6.484585,0.835492,72.594202,14.878185,7.43821539,108.463531,0.715766,5.60105272,1.28532
2021-03-12,6.505992,0.838012,72.677449,14.958937,7.579988268,109.058912,0.719308,5.566161066,1.290036
2021-03-15,6.502349,0.838926,72.560822,14.875503,7.537919463,109.20302,0.718708,5.612080537,1.29354
2021-03-16,6.5,0.838504,72.512997,14.847141,7.492034211,108.904914,0.720652,5.594667114,1.290458
2021-03-17,6.503317,0.839842,72.586714,14.880323,7.516418913,109.196271,0.719476,5.652053414,1.295624
2021-03-18,6.506632,0.83949,72.708613,14.791974,7.362407656,109.200806,0.718393,5.559519812,1.288365
2021-03-19,6.510218,0.840972,72.504836,14.721302,7.262131023,108.939534,0.721243,5.526028088,1.292154
2021-03-22,6.505283,0.838504,72.3541,14.728912,7.890072111,108.812678,0.723067,5.527167533,1.291296
2021-03-23,6.51073,0.841538,72.458554,14.795759,7.879996634,108.550029,0.725389,5.517293613,1.303627
2021-03-24,6.522875,0.845666,72.607611,14.820127,7.950021142,108.752643,0.729387,5.518646934,1.313488
2021-03-25,6.542959,0.847314,72.666074,14.984918,7.991272666,109.091679,0.729266,5.673614642,1.317404
2021-03-26,6.54074,0.848752,72.555169,15.009761,8.022661687,109.777627,0.725709,5.695976914,1.312086
2021-03-29,6.562627,0.848608,72.559233,15.013917,8.164375424,109.631704,0.722335,5.767481331,1.306687
2021-03-30,6.571331,0.851716,73.46393,14.938762,8.329784516,110.280215,0.727178,5.764841155,1.313261
2021-03-31,6.55113,0.852878,73.18806,14.796077,8.29424307,110.797441,0.726729,5.749168443,1.314456
2021-04-01,6.572025,0.851354,73.410097,14.649583,8.164736932,110.701515,0.725311,5.631619275,1.319598
2021-04-06,6.551812,0.846597,73.399932,14.510582,8.151117508,110.28615,0.722638,5.642058923,1.310701
2021-04-07,6.543336,0.841468,74.358381,14.540811,8.18133625,109.861999,0.724209,5.590710199,1.311091
2021-04-08,6.548387,0.842247,74.613409,14.543671,8.152867851,109.247873,0.726775,5.604733429,1.308768
2021-04-09,6.555686,0.841184,74.709371,14.560902,8.151329071,109.707268,0.728954,5.605736878,1.310481
2021-04-12,6.544607,0.840054,75.018481,14.606687,8.15171371,109.375,0.726798,5.667002688,1.311576
2021-04-13,6.54884,0.840619,75.42157,14.645931,8.145006725,109.473773,0.7288,5.734364492,1.315736
2021-04-14,6.531762,0.835841,75.086092,14.459127,8.090270812,108.935139,0.726496,5.699515212,1.300652
2021-04-15,6.527068,0.835422,75.021721,14.240017,8.112865497,108.721805,0.724754,5.650041771,1.29056
2021-04-16,6.520691,0.834307,74.449775,14.263891,8.067078258,108.768563,0.72412,5.623227098,1.289755
2021-04-19,6.507935,0.83091,74.837973,14.241629,8.076277524,108.093062,0.717532,5.571749065,1.287162
2021-04-20,6.497635,0.829807,75.137333,14.29649,8.112521782,108.405941,0.716082,5.569413327,1.285536
2021-04-21,6.497127,0.832848,75.452236,14.27917,8.174897976,108.103606,0.718331,5.569167985,1.295411
2021-04-22,6.490204,0.830151,75.040677,14.307488,8.264403121,108.168687,0.721028,5.524323427,1.293458
2021-04-23,6.490966,0.828775,74.980524,14.260567,8.340377921,107.724184,0.720247,5.434443892,1.29206
2021-04-26,6.485643,0.827472,74.785271,14.269011,8.310136533,108.018204,0.719694,5.452627224,1.284071
2021-04-27,6.483537,0.827267,74.579749,14.343398,8.205575778,108.272667,0.718853,5.437045003,1.284993
2021-04-28,6.484507,0.8285,74.473074,14.345982,8.175393538,108.922949,0.720696,5.436619718,1.290472
2021-04-29,6.469041,0.82447,74.082365,14.242889,8.219473988,108.994971,0.716547,5.357737654,1.282381
2021-04-30,6.466976,0.827678,74.060172,14.391243,8.258318159,108.938917,0.718946,5.346548585,1.289604
2021-05-03,6.473514,0.830289,73.892395,14.443125,8.310112919,109.515111,0.721006,5.438973763,1.293009
2021-05-04,6.499958,0.831878,73.882373,14.51069,8.327926129,109.192247,0.72182,5.472506447,1.298394
2021-05-05,6.466972,0.832986,73.879633,14.411745,8.344356518,109.287797,0.718651,5.428904623,1.291962
2021-05-06,6.472139,0.829187,73.748342,14.26874,8.332504146,109.195688,0.718972,5.365422886,1.289138
2021-05-07,6.452359,0.829256,73.503193,14.251845,8.294137159,109.262791,0.719877,5.290737209,1.287254
2021-05-10,6.413428,0.82176,73.349084,14.039198,8.258279234,108.727093,0.708316,5.246774591,1.268223
2021-05-11,6.423747,0.821693,73.368118,13.956204,8.283566146,108.562038,0.706763,5.223993426,1.274363
2021-05-12,6.440914,0.825219,73.41393,13.975408,8.344611322,108.780327,0.708021,5.239313418,1.281235
2021-05-13,6.453853,0.827746,73.5531,14.15901,8.497061502,109.568744,0.712383,5.299809618,1.297326
2021-05-14,6.436031,0.824878,73.25497,14.082488,8.428111854,109.28813,0.71008,5.274437021,1.289615
2021-05-17,6.442065,0.82352,73.316479,14.16981,8.371901507,109.198715,0.709998,5.300584699,1.291526
2021-05-18,6.422926,0.818197,73.008509,13.977827,8.336197022,108.893798,0.703633,5.243413517,1.280641
2021-05-19,6.435801,0.818867,73.148542,14.039224,8.426957091,109.15493,0.706133,5.283327874,1.290943
2021-05-20,6.438007,0.819471,73.066459,14.065312,8.367942309,108.948619,0.708023,5.291075965,1.289519
2021-05-21,6.431982,0.820479,72.86019,13.9383,8.381276666,108.803741,0.704545,5.302592714,1.287988
2021-05-24,6.427039,0.818867,72.921471,13.971667,8.38740583,108.884704,0.707566,5.347117589,1.294137
2021-05-25,6.40574,0.815395,72.762557,13.828359,8.412915851,108.847032,0.705912,5.297619048,1.2871
2021-05-26,6.390465,0.817728,72.754109,13.842669,8.449178183,108.888707,0.705945,5.315724916,1.28645
2021-05-27,6.378751,0.819807,72.604525,13.74381,8.442859485,109.378587,0.705591,5.30275455,1.291441
2021-05-28,6.37638,0.823588,72.546533,13.831741,8.598089277,110.072476,0.70635,5.258112337,1.300939
2021-05-31,6.370134,0.819605,72.56897,13.767232,8.50159823,109.654946,0.704967,5.234652897,1.292927
2021-06-01,6.383885,0.817996,72.896115,13.765644,8.520408998,109.652352,0.705808,5.202126789,1.291861
2021-06-02,6.38536,0.820614,73.102741,13.726325,8.586985065,109.73248,0.706754,5.16092237,1.292959
2021-06-03,6.392878,0.820546,72.926479,13.556905,8.669073603,109.797325,0.705301,5.078690408,1.295807
2021-06-04,6.409755,0.825287,73.005034,13.652224,8.680614013,110.085005,0.707188,5.106379467,1.304283
2021-06-07,6.396563,0.822233,72.792715,13.478293,8.625390561,109.340569,0.705682,5.047607301,1.289097
2021-06-08,6.3978,0.820883,72.876375,13.511164,8.591856838,109.407322,0.70678,5.032014448,1.290264
2021-06-09,6.386142,0.820008,72.947929,13.554982,8.581467815,109.372694,0.705642,5.030340303,1.289955
2021-06-10,6.392969,0.821423,73.084607,13.643092,8.483982257,109.536718,0.70883,5.046163956,1.29218
2021-06-11,6.39332,0.824742,73.131052,13.590268,8.409814433,109.591753,0.706887,5.078762887,1.293773
2021-06-14,6.398696,0.825627,73.234396,13.801106,8.370211361,109.767173,0.709197,5.106175694,1.295905
2021-06-15,6.400892,0.8259,73.342501,13.776016,8.555170135,110.075983,0.711513,5.07053188,1.300132
2021-06-16,6.399043,0.82481,73.308726,13.741669,8.546106895,109.856483,0.707935,5.036539096,1.296519
2021-06-17,6.440228,0.837731,74.123314,14.078663,8.637262294,110.655944,0.71647,5.050347659,1.320516
2021-06-18,6.439654,0.840477,73.986973,14.138763,8.695495041,110.203396,0.721004,5.007144058,1.330644
2021-06-21,6.468421,0.840972,74.161971,14.250526,8.786729459,110.091666,0.720461,5.061979648,1.330502
2021-06-22,6.475029,0.84076,74.300908,14.329158,8.693038507,110.559946,0.719354,5.017824113,1.329914
2021-06-23,6.47586,0.83675,74.175885,14.173458,8.646473098,110.819178,0.714877,4.953811397,1.318885
2021-06-24,6.467242,0.837802,74.147118,14.244973,8.696548257,110.757373,0.719529,4.946464477,1.32004
2021-06-25,6.455146,0.83682,74.211213,14.088619,8.693472803,110.686192,0.719247,4.906694561,1.315983
2021-06-28,6.458606,0.839631,74.302267,14.260789,8.743073048,110.940386,0.719647,4.967170445,1.32267
2021-06-29,6.461474,0.841184,74.280787,14.343876,8.71551144,110.649394,0.722981,4.948351279,1.329997
2021-06-30,6.45759,0.841468,74.321777,14.314541,8.684786267,110.594076,0.722021,4.968865702,1.333978
2021-07-01,6.466005,0.841468,74.519522,14.283406,8.692948502,111.427129,0.72394,4.96087176,1.332548
2021-07-02,6.47839,0.845809,74.689588,14.445318,8.69322507,111.42688,0.727421,5.025881756,1.339423
2021-07-05,6.461908,0.842744,74.29673,14.226614,8.670908478,110.888252,0.721937,5.06227878,1.328165
2021-07-06,6.466042,0.844737,74.516472,14.21507,8.659739821,110.652137,0.721828,5.093090049,1.320578
2021-07-07,6.464204,0.845237,74.619643,14.256276,8.669258727,110.607725,0.722678,5.174879554,1.327952
2021-07-08,6.490286,0.844737,74.84989,14.407332,8.692684575,109.739821,0.727598,5.276482514,1.347947
2021-07-09,6.479508,0.843313,74.524372,14.231658,8.666722888,110.018553,0.723208,5.259655928,1.338168
2021-07-12,6.475785,0.843739,74.595849,14.467685,8.637529531,110.150186,0.721988,5.267127911,1.340533
2021-07-13,6.467241,0.844309,74.5423,14.584178,8.588821344,110.224586,0.722036,5.176967241,1.337386
2021-07-14,6.456824,0.846597,74.490772,14.644006,8.591686421,110.311548,0.720945,5.129613952,1.339062
2021-07-15,6.461512,0.846812,74.562622,14.567533,8.557964265,110.026251,0.721382,5.087221611,1.344398
2021-07-16,6.471191,0.847314,74.5899,14.390781,8.517285206,110.176241,0.722742,5.096254872,1.347822
2021-07-19,6.488526,0.849907,74.983852,14.511389,8.596124426,109.603944,0.73018,5.168536461,1.363505
2021-07-20,6.480255,0.849257,74.667516,14.551932,8.54895966,109.579618,0.734989,5.234225053,1.365775
2021-07-21,6.473072,0.849473,74.574839,14.679834,8.58503228,110.117227,0.733631,5.243968739,1.366718
2021-07-22,6.467346,0.849257,74.447134,14.560425,8.553460722,110.259023,0.72665,5.182929936,1.355329
2021-07-23,6.477777,0.849834,74.43741,14.777088,8.547038328,110.571938,0.726974,5.184753973,1.354976
2021-07-26,6.483923,0.848392,74.42988,14.8338,8.566471536,110.333418,0.725104,5.221515229,1.358276
2021-07-27,6.502879,0.84674,74.439458,14.846063,8.558001693,110.059272,0.723988,5.189500423,1.35724
2021-07-28,6.49801,0.846955,74.390616,14.804099,8.551960701,110.078767,0.720717,5.160582705,1.361989
2021-07-29,6.459277,0.842247,74.258823,14.580729,8.494146383,109.837446,0.716584,5.088772846,1.352817
2021-07-30,6.461862,0.840972,74.336978,14.572618,8.40846018,109.65436,0.716004,5.10604659,1.35674
2021-08-02,6.461972,0.841326,74.369847,14.386084,8.344354703,109.515396,0.719906,5.170705031,1.357984
2021-08-03,6.463441,0.841397,74.225915,14.387968,8.378291965,109.129154,0.718174,5.199074464,1.353471
2021-08-04,6.461344,0.843099,74.156901,14.266166,8.440687969,109.021162,0.717924,5.194334373,1.349127
2021-08-05,6.460338,0.843882,74.11443,14.36557,8.53628692,109.527426,0.717806,5.153080169,1.349367
2021-08-06,6.468959,0.846955,74.107987,14.481494,8.586855255,109.799272,0.718557,5.216735835,1.352418
2021-08-09,6.478191,0.850268,74.244962,14.630984,8.645438313,110.109685,0.720559,5.249128475,1.360599
2021-08-10,6.481402,0.853097,74.384064,14.810186,8.600324177,110.458966,0.721447,5.244070978,1.361969
2021-08-11,6.485407,0.853388,74.38172,14.791432,8.659071514,110.667349,0.722803,5.21530978,1.361836
2021-08-12,6.477213,0.851861,74.205213,14.71846,8.565721101,110.409745,0.721893,5.218757986,1.359826
2021-08-13,6.479983,0.849979,74.266043,14.837314,8.554866128,110.191245,0.723272,5.23680408,1.360476
2021-08-16,6.476639,0.849473,74.21806,14.768264,8.47069317,109.369691,0.720973,5.278882093,1.364169
2021-08-17,6.479477,0.849834,74.30866,14.82247,8.422962522,109.263194,0.725104,5.274496473,1.371463
2021-08-18,6.480935,0.853024,74.253178,14.872985,8.477352214,109.758594,0.726631,5.281327305,1.37934
2021-08-19,6.489484,0.854993,74.382267,15.176471,8.526932285,109.618673,0.731216,5.443057456,1.395263
2021-08-20,6.499357,0.856825,74.374518,15.31574,8.531488304,109.647845,0.734727,5.451289521,1.402879
2021-08-23,6.484895,0.853388,74.172214,15.208909,8.461341526,110.104113,0.730799,5.361495136,1.391961
2021-08-24,6.477172,0.851789,74.158859,15.068313,8.418739353,109.659284,0.728944,5.339097104,1.380153
2021-08-25,6.478442,0.852079,74.260395,14.979635,8.417433538,109.9182,0.729294,5.257924335,1.379601
2021-08-26,6.482961,0.849834,74.134444,14.907793,8.366618509,110.138523,0.728461,5.226990737,1.377241
2021-08-27,6.478616,0.850268,73.719072,14.909957,8.401411445,110.186209,0.728705,5.245472324,1.379134
2021-08-30,6.469536,0.847386,73.301839,14.624015,8.381408355,109.872045,0.726616,5.21388018,1.369969
2021-08-31,6.461467,0.845023,72.997296,14.558222,8.3074193,109.810715,0.725663,5.187257056,1.365219
2021-09-01,6.467039,0.846238,73.070999,14.431074,8.291867648,110.307185,0.726606,5.152407548,1.361428
2021-09-02,6.458129,0.844167,73.037734,14.340875,8.267938545,110.003377,0.725266,5.185632281,1.353875
2021-09-03,6.448366,0.842318,73.032766,14.343413,8.303066038,109.956199,0.723046,5.161640836,1.344424
2021-09-06,6.457434,0.842886,73.089599,14.251096,8.277056642,109.861767,0.722438,5.195380984,1.344572
2021-09-07,6.464587,0.84317,73.470067,14.31484,8.325042159,110.042159,0.726096,5.170573356,1.352782
2021-09-08,6.457766,0.845523,73.569375,14.275725,8.446013359,110.180096,0.726076,5.21839858,1.35512
2021-09-09,6.453962,0.844737,73.551698,14.145802,8.470349721,109.900321,0.722715,5.293968576,1.354536
2021-09-10,6.437632,0.844523,73.42868,14.072038,8.407904738,109.81336,0.720041,5.188413141,1.350055
2021-09-13,6.456621,0.848896,73.721562,14.185314,8.443803056,110.033956,0.722581,5.226061121,1.359508
2021-09-14,6.447266,0.846453,73.672761,14.228627,8.451667513,110.106653,0.721686,5.230066023,1.363975
2021-09-15,6.43344,0.845737,73.462872,14.29068,8.437838295,109.193166,0.72319,5.241796346,1.36612
2021-09-16,6.4481,0.850123,73.512709,14.498342,8.472583525,109.385361,0.722817,5.237694466,1.366743
2021-09-17,6.455348,0.848896,73.45798,14.591766,8.601273345,110.025467,0.724643,5.266468591,1.367657
2021-09-20,6.466228,0.853898,73.667492,14.798139,8.66808983,109.452651,0.731833,5.33643583,1.3834
2021-09-21,6.470012,0.851934,73.683336,14.860027,8.654455614,109.337195,0.731428,5.323138524,1.380133
2021-09-22,6.466877,0.852588,73.852843,14.781141,8.655725126,109.557507,0.733225,5.255008952,1.379316
2021-09-23,6.456936,0.853606,73.723431,14.618865,8.74605207,110.012804,0.729791,5.274263764,1.37516
2021-09-24,6.468385,0.853315,73.787013,14.97167,8.839491424,110.495776,0.731317,5.318883864,1.379384
2021-09-27,6.463413,0.854847,73.860916,15.060609,8.845187211,110.907847,0.73021,5.316036929,1.378783
2021-09-28,6.459411,0.856311,74.121853,15.096678,8.87866073,111.466004,0.735999,5.405206371,1.379945
2021-09-29,6.465334,0.858074,74.195126,15.034323,8.852582804,111.455294,0.741745,5.424575253,1.38253
2021-09-30,6.46403,0.863632,74.338544,15.16789,8.89377321,111.987218,0.743182,5.409016323,1.390016
2021-10-01,6.446638,0.862069,74.116379,14.9525,8.843362069,111.181034,0.738388,5.415172414,1.378017
2021-10-04,6.446631,0.859402,74.254469,14.881918,8.836026126,111.043314,0.735046,5.378050877,1.371348
2021-10-05,6.447595,0.86192,74.545768,14.979486,8.852525427,111.179107,0.734123,5.439234615,1.373642
2021-10-06,6.44663,0.866401,74.889967,15.123982,8.906775256,111.349853,0.736181,5.50892393,1.378704
2021-10-07,6.446636,0.864902,74.734475,14.882719,8.873378308,111.382114,0.735366,5.481750562,1.369919
2021-10-08,6.447489,0.864379,74.984441,14.889705,8.912611289,111.781485,0.733771,5.500734722,1.368917
2021-10-11,6.449283,0.864006,75.457059,14.956627,8.961983757,112.925523,0.733351,5.505356834,1.360895
2021-10-12,6.449329,0.865426,75.527477,14.941584,9.004240588,113.422761,0.733492,5.536737343,1.355257
2021-10-13,6.441965,0.864902,75.341204,14.87113,9.067029926,113.561668,0.734285,5.519287321,1.359799
2021-10-14,6.43708,0.86192,75.276245,14.792277,9.145319772,113.471815,0.72934,5.475607654,1.348388
2021-10-15,6.435356,0.86192,74.958628,14.696087,9.233925185,114.333736,0.727185,5.484830202,1.348043
2021-10-18,6.430283,0.861772,75.326008,14.754998,9.284729404,114.150293,0.727663,5.485263702,1.353585
2021-10-19,6.389018,0.858001,75.075075,14.586272,9.307936508,114.217074,0.72308,5.56036036,1.338567
2021-10-20,6.39267,0.860363,74.858986,14.480513,9.276520692,114.239009,0.727033,5.577733804,1.335972
2021-10-21,6.398814,0.859328,74.885709,14.541119,9.425195497,114.161726,0.724328,5.662284094,1.334365
2021-10-22,6.391831,0.859845,74.870163,14.671195,9.615649183,113.869304,0.725451,5.701117799,1.33362
2021-10-25,6.389899,0.861846,75.166767,14.78609,9.672670861,113.66026,0.727226,5.636904249,1.336292
2021-10-26,6.3801,0.860733,74.954381,14.745137,9.446032019,114.021346,0.724548,5.562058874,1.331124
2021-10-27,6.392356,0.860807,75.063269,14.972368,9.48377378,113.626582,0.727641,5.553068779,1.330636
2021-10-28,6.39774,0.862589,74.875528,15.143017,9.612266023,113.603036,0.727793,5.589407401,1.329337
2021-10-29,6.396565,0.858738,74.867325,15.238042,9.565736368,113.885788,0.725547,5.64173465,1.327179
2021-11-01,6.398083,0.863707,74.907151,15.326568,9.518224218,114.173432,0.73048,5.650889618,1.330109
2021-11-02,6.398259,0.861846,74.639317,15.440662,9.53684392,113.789537,0.732181,5.680168922,1.339654
2021-11-03,6.398514,0.863707,74.482208,15.42693,9.692433926,113.922957,0.732622,5.671359475,1.345137
2021-11-04,6.394935,0.864379,74.419137,15.20408,9.724522431,113.899213,0.737747,5.604028006,1.348604
2021-11-05,6.402986,0.868131,74.261221,15.195677,9.710738779,113.707787,0.742643,5.572792777,1.353763
2021-11-08,6.395025,0.863632,74.111322,15.002677,9.740219363,113.386303,0.738216,5.585024614,1.34908
2021-11-09,6.391034,0.863782,74.10469,15.026691,9.726613112,113.069016,0.737497,5.514986611,1.351127
2021-11-10,6.390898,0.865202,74.305589,15.166465,9.825488839,113.254888,0.740163,5.447741824,1.358107
2021-11-11,6.395462,0.8726,74.440663,15.250873,9.913176265,113.95288,0.746405,5.443542757,1.369895
2021-11-12,6.380765,0.873515,74.417365,15.279437,9.956935709,113.993711,0.746899,5.407232704,1.370545
2021-11-15,6.381859,0.87382,74.399685,15.164715,10.01773855,113.876267,0.744189,5.457707095,1.357655
2021-11-16,6.388723,0.879662,74.366995,15.233726,10.20584096,114.259324,0.743605,5.439655172,1.362597
2021-11-17,6.377695,0.883704,74.257688,15.480382,10.48082361,114.687169,0.743107,5.481442206,1.371598
2021-11-18,6.383341,0.881446,74.233583,15.620185,11.06408109,114.217717,0.741939,5.538915822,1.373292
2021-11-19,6.390471,0.887233,74.25295,15.749534,11.11232366,113.76098,0.744637,5.561174696,1.382397
2021-11-22,6.381894,0.886682,74.350062,15.765118,11.23550275,114.107111,0.74413,5.589909558,1.377195
2021-11-23,6.389821,0.888178,74.464428,15.853095,12.55049294,114.894751,0.747713,5.621991296,1.383871
2021-11-24,6.389434,0.892379,74.459218,15.891308,12.04908085,115.170444,0.749018,5.595663038,1.38756
2021-11-25,6.386528,0.891027,74.49648,15.876058,12.00561347,115.30785,0.751092,5.581662657,1.392408
2021-11-26,6.389957,0.885661,74.87335,16.15871,12.19041715,114.090869,0.749446,5.604995129,1.398902
2021-11-29,6.38542,0.886839,75.082919,16.185615,12.69652359,113.701667,0.750115,5.603405463,1.39961
2021-11-30,6.371117,0.880049,75.092317,16.04057,13.142832,112.822318,0.749564,5.611370237,1.399102
2021-12-01,6.369542,0.883861,74.905869,15.822079,13.40498497,113.372812,0.751282,5.612338695,1.400831
2021-12-02,6.375959,0.881912,75.008378,15.843725,13.48769733,112.831819,0.750816,5.638504277,1.408854
2021-12-03,6.371003,0.885661,75.144363,15.898415,13.82791604,113.338057,0.753237,5.640510141,1.416969
2021-12-06,6.37778,0.885975,75.413307,15.968016,13.78949234,113.209887,0.754213,5.684415699,1.420572
2021-12-07,6.36736,0.888415,75.406894,15.957001,13.65405117,113.566098,0.754558,5.626066098,1.406894
2021-12-08,6.347995,0.885034,75.435437,15.768475,13.69997345,113.788831,0.757616,5.606690858,1.401982
2021-12-09,6.375564,0.884095,75.596764,15.93051,13.80735567,113.349836,0.758023,5.544867828,1.400407
2021-12-10,6.370443,0.887075,75.676838,16.004081,13.91892132,113.723055,0.757163,5.58174399,1.398474
2021-12-13,6.364338,0.886682,75.742596,15.933144,14.23346338,113.66377,0.755081,5.602943784,1.400514
2021-12-14,6.36272,0.884251,75.938633,16.024317,14.33300911,113.582103,0.754664,5.634715713,1.402953
2021-12-15,6.365743,0.887942,76.393625,16.158409,14.70538093,113.87853,0.754573,5.714260345,1.399663
2021-12-16,6.36759,0.882145,76.217802,15.977505,15.51023289,114.123147,0.748368,5.679075512,1.386203
2021-12-17,6.375463,0.882613,75.961165,15.823477,16.87157988,113.221536,0.752056,5.705913504,1.395852
2021-12-20,6.376475,0.887075,75.847157,15.81398,17.78000532,113.527899,0.755833,5.696708951,1.406458
2021-12-21,6.371403,0.885347,75.577512,15.849934,13.02629482,113.714033,0.755024,5.716954405,1.40239
2021-12-22,6.371029,0.884877,75.574728,15.898416,12.45190691,114.219981,0.751261,5.717724095,1.39439
2021-12-23,6.370999,0.884173,75.223254,15.71786,11.18700265,114.403183,0.744721,5.660035367,1.382759
2021-12-24,6.367765,0.883626,75.006627,15.536008,11.6993903,114.385438,0.745683,5.675444022,1.382434
2021-12-27,6.372613,0.884017,74.973922,15.524134,11.32416902,114.736563,0.745492,5.671587694,1.386581
2021-12-28,6.368282,0.882535,74.691995,15.719089,11.78369076,114.870709,0.743518,5.646544877,1.377019
2021-12-29,6.369459,0.884721,74.659825,15.878174,12.52101212,114.987172,0.744183,5.646642484,1.383526
2021-12-30,6.37286,0.882301,74.34048,15.896683,12.98605964,115.087348,0.740515,5.623257455,1.37586
2021-12-31,6.352375,0.882924,74.368003,15.947819,13.45002649,115.115663,0.741904,5.571340279,1.378686
2022-01-03,6.356143,0.880669,74.323998,15.822193,13.27846764,114.980185,0.740951,5.59568472,1.381858
2022-01-04,6.376806,0.886603,74.656884,16.054615,13.42175725,116.295771,0.74136,5.689688802,1.390371
2022-01-05,6.368672,0.88347,74.353741,15.846718,13.4681509,115.76111,0.738104,5.667108402,1.378214
2022-01-06,6.379761,0.883783,74.456474,15.72532,13.74317278,115.819708,0.73878,5.693327441,1.394432
2022-01-07,6.37812,0.885112,74.32997,15.640025,13.91449814,115.861214,0.738449,5.695078775,1.398832
2022-01-10,6.372857,0.883548,74.04135,15.638717,13.88787772,115.25888,0.736862,5.651970313,1.393709
2022-01-11,6.373941,0.882145,73.877999,15.622265,13.84615385,115.516937,0.736371,5.636026817,1.394143
2022-01-12,6.365787,0.879507,73.903694,15.448109,13.71345646,115.382586,0.732964,5.58117854,1.38628
2022-01-13,6.360726,0.872372,73.904737,15.386984,13.58667016,114.263282,0.728823,5.541132339,1.370409
2022-01-14,6.353455,0.873591,74.206779,15.378964,13.56302961,113.715384,0.729519,5.535162051,1.380536
2022-01-17,6.349382,0.876962,74.304569,15.435412,13.39621152,114.566342,0.732904,5.508024204,1.386565
2022-01-18,6.352776,0.87974,74.613354,15.430457,13.58731416,114.709246,0.736105,5.524500748,1.392892
2022-01-19,6.346673,0.881446,74.405906,15.327369,13.59250771,114.464522,0.733081,5.522873513,1.384663
2022-01-20,6.344682,0.88199,74.406421,15.217058,13.41453519,114.244135,0.734389,5.434909155,1.381372
2022-01-21,6.339972,0.881213,74.391082,15.116849,13.41469863,113.799789,0.736984,5.46906944,1.390025
2022-01-24,6.328114,0.884643,74.619161,15.260881,13.41303963,113.782732,0.741357,5.476026185,1.403574
2022-01-25,6.329872,0.887469,74.79322,15.323837,13.55369187,114.030884,0.742927,5.506656017,1.403443
2022-01-26,6.321983,0.886761,74.868139,15.151015,13.55653099,114.267979,0.740073,5.416688836,1.394608
2022-01-27,6.367473,0.896057,75.080018,15.332616,13.61523297,115.358423,0.747025,5.390591398,1.413172
2022-01-28,6.361735,0.897827,75.059706,15.608188,13.59525947,115.532412,0.746795,5.400161609,1.43392
2022-01-31,6.360972,0.896379,74.727053,15.573144,13.38382933,115.444604,0.745366,5.380960918,1.418071
2022-02-01,6.361012,0.888099,74.775311,15.242718,13.37868561,114.671403,0.741545,5.290586146,1.409236
2022-02-02,6.361035,0.883158,74.726663,15.319173,13.51329153,114.254173,0.73651,5.270423033,1.397863
2022-02-03,6.361421,0.886054,74.887471,15.316676,13.56078327,114.859117,0.737267,5.302410066,1.404306
2022-02-04,6.361043,0.872296,74.707345,15.341504,13.52686671,114.898814,0.737901,5.306175855,1.410066
2022-02-07,6.360356,0.873591,74.722198,15.462567,13.56119507,114.955884,0.739801,5.288809295,1.40622
2022-02-08,6.367111,0.876578,74.732205,15.46108,13.63586957,115.42777,0.739507,5.277787518,1.404716
2022-02-09,6.362833,0.874508,74.837341,15.328465,13.5994753,115.470048,0.736817,5.264363795,1.393354
2022-02-10,6.357374,0.874202,75.126584,15.130518,13.53597342,115.761867,0.736498,5.216190226,1.389457
2022-02-11,6.355785,0.875887,75.19795,15.129719,13.49443812,115.827275,0.735377,5.190768153,1.395025
2022-02-14,6.357105,0.883704,75.531548,15.138742,13.56574761,115.411806,0.739837,5.210763521,1.405267
2022-02-15,6.343676,0.881446,75.313354,15.140326,13.63737329,115.62803,0.738343,5.198501543,1.400441
2022-02-16,6.340222,0.879353,75.086616,15.137179,13.61326064,115.687654,0.738129,5.167516708,1.394566
2022-02-17,6.337731,0.879507,75.016271,14.942216,13.62752858,115.074758,0.734327,5.14467898,1.388391
2022-02-18,6.327286,0.880747,74.557425,15.048265,13.62321649,115.016734,0.734763,5.146644354,1.387529
2022-02-21,6.335421,0.88199,74.684248,15.160963,13.64341154,114.835068,0.73468,5.119509614,1.389222
2022-02-22,6.327896,0.881679,74.729325,15.144419,13.83874096,115.09434,0.737833,5.085258332,1.387674
2022-02-23,6.317789,0.881523,74.588769,15.030677,13.82854372,115.109309,0.735746,5.007757405,1.374471
2022-02-24,6.324554,0.895817,75.513751,15.375258,14.38009496,114.915345,0.747675,5.094866971,1.396847
2022-02-25,6.314907,0.891583,75.202389,15.185004,13.80162268,115.584879,0.746612,5.115905849,1.38561
2022-02-28,6.310385,0.892937,75.501384,15.435575,13.79873203,115.465667,0.746049,5.163675328,1.384766
2022-03-01,6.312668,0.895897,75.704623,15.422415,13.93200143,114.809174,0.746192,5.160186347,1.376545
2022-03-02,6.316676,0.900414,75.793715,15.47848,14.07167297,115.32505,0.750189,5.16054385,1.375113
2022-03-03,6.31961,0.902853,75.99675,15.239978,14.16549296,115.7277,0.747319,5.059678584,1.366829
2022-03-04,6.319425,0.914997,76.343124,15.375972,14.24476164,115.445146,0.753848,5.061121786,1.360783
2022-03-07,6.319045,0.917852,76.92749,15.323635,14.3714548,115.236347,0.758375,5.054153281,1.353924
2022-03-08,6.317022,0.918105,77.051047,15.337036,14.52286082,115.708777,0.763726,5.081344106,1.374495
2022-03-09,6.318021,0.90967,76.59647,15.15146,14.67506595,115.810061,0.760211,5.021468207,1.363686
2022-03-10,6.321093,0.902201,76.332551,15.090581,14.95308553,115.968964,0.759428,5.048538434,1.363136
2022-03-11,6.336033,0.909918,76.421747,15.004186,14.7910828,116.88808,0.764058,5.01155596,1.366424
2022-03-14,6.362956,0.912409,76.57938,15.057391,14.7810219,117.974453,0.765648,5.044343066,1.381113
2022-03-15,6.379492,0.909835,76.385679,15.125921,14.64543718,117.978346,0.764744,5.130106451,1.386043
2022-03-16,6.350464,0.909587,76.205658,15.060397,14.71557213,118.291796,0.763944,5.141258868,1.379389
2022-03-17,6.350195,0.904895,75.869605,14.956656,14.76092661,118.78563,0.762963,5.098090671,1.36232
2022-03-18,6.361828,0.90843,76.110556,15.020621,14.81231831,119.367733,0.7624,5.067587209,1.357649
2022-03-21,6.355499,0.905961,76.266987,14.906958,14.83719877,119.197318,0.758969,4.984598659,1.34961
2022-03-22,6.36221,0.907112,76.119829,14.824927,14.82510885,120.609579,0.754971,4.907928157,1.342707
2022-03-23,6.372599,0.910332,76.438325,14.79299,14.84824761,120.755576,0.758125,4.906964042,1.340737
2022-03-24,6.370286,0.910913,76.406449,14.709237,14.840317,121.798142,0.758681,4.833029696,1.336127
2022-03-25,6.363116,0.908926,76.189329,14.577895,14.84311943,121.859662,0.757862,4.784039266,1.329213
2022-03-28,6.370782,0.91191,76.128488,14.583713,14.84132774,123.955864,0.762748,4.754057997,1.330476
2022-03-29,6.364456,0.90212,75.749662,14.596662,14.72936401,123.283717,0.76175,4.730175913,1.334687
2022-03-30,6.351429,0.898796,75.840374,14.496495,14.67697286,121.759842,0.760049,4.746359878,1.331026
2022-03-31,6.342041,0.90082,75.789569,14.568688,14.66741735,121.763805,0.762048,4.775155391,1.335826
2022-04-01,6.361835,0.904814,75.990499,14.629479,14.6951683,122.466522,0.761355,4.72204126,1.329714
2022-04-04,6.363108,0.908678,75.527488,14.625806,14.70513403,122.744207,0.76229,4.648977737,1.331304
2022-04-05,6.361838,0.91166,75.335035,14.543623,14.72331115,122.85532,0.761145,4.593308415,1.31042
2022-04-06,6.362538,0.915499,75.834752,14.641948,14.73935732,123.867069,0.764195,4.668680765,1.321157
2022-04-07,6.362037,0.916086,75.990289,14.70502,14.74248809,123.964822,0.764474,4.714181019,1.335471
2022-04-08,6.363595,0.920726,75.857656,14.728662,14.7534297,124.178252,0.767471,4.74937851,1.33984
2022-04-11,6.367431,0.917431,75.879358,14.598807,14.7233945,125.697248,0.767826,4.729357798,1.344404
2022-04-12,6.371329,0.920726,76.170242,14.592579,14.68999171,125.485683,0.768391,4.690544149,1.344167
2022-04-13,6.367911,0.923702,76.18511,14.485498,14.59375577,125.863662,0.769259,4.659985221,1.348882
2022-04-14,6.372495,0.919287,76.129803,14.647086,14.62088619,125.317154,0.762162,4.709137709,1.343262
2022-04-19,6.387855,0.925669,76.46376,14.84782,14.66407479,128.112561,0.767889,4.652503934,1.357308
2022-04-20,6.412558,0.923361,76.301754,15.052539,14.67146814,127.913204,0.766066,4.661218837,1.346353
2022-04-21,6.450629,0.918527,76.205566,15.247176,14.69486544,128.23551,0.767181,4.622393681,1.345917
2022-04-22,6.501988,0.924471,76.448461,15.591384,14.74031617,128.344273,0.775862,4.707959693,1.369696
2022-04-25,6.551089,0.930579,76.606179,15.684813,14.7627024,128.168621,0.784757,4.834636144,1.393263
2022-04-26,6.542721,0.936856,76.565955,15.719224,14.79707701,127.552932,0.788224,4.91755668,1.38917
2022-04-27,6.555514,0.944912,76.60446,15.912879,14.82160068,128.101672,0.795757,5.012283851,1.401115
2022-04-28,6.617167,0.953743,76.649499,15.972532,14.81754888,130.786838,0.804483,5.003814974,1.412876
2022-04-29,6.58833,0.948767,76.506641,15.794402,14.83728653,129.990512,0.796091,4.896394687,1.394592
2022-05-02,6.608514,0.950209,76.488978,15.904884,14.88949069,129.827062,0.79637,4.986697073,1.417047
2022-05-03,6.608469,0.947329,76.583933,15.943823,14.86746874,129.840849,0.796987,5.034388026,1.404415
2022-05-04,6.608489,0.949577,76.34935,15.80942,14.79147279,129.940177,0.799487,4.975785775,1.403475
2022-05-05,6.618471,0.946253,76.285484,15.694739,14.86099546,129.806964,0.806113,4.938682816,1.388058
2022-05-06,6.670388,0.946074,76.913907,16.046736,14.95534532,130.463576,0.810076,5.031504257,1.408515
2022-05-09,6.713325,0.947059,77.414054,16.226158,15.0526565,130.7889,0.807226,5.144521261,1.425135
2022-05-10,6.72418,0.947508,77.262175,16.112374,15.24379382,130.168656,0.81102,5.138525677,1.436612
2022-05-11,6.717805,0.947598,77.223065,16.040462,15.33696579,129.887236,0.809182,5.103667204,1.426609
2022-05-12,6.791987,0.960799,77.504804,16.21887,15.38547271,128.602998,0.819495,5.20378555,1.45686
2022-05-13,6.789889,0.962927,77.449687,16.156861,15.47298989,128.945595,0.819596,5.123158402,1.450843
2022-05-16,6.791979,0.959509,77.797927,16.234408,15.65160238,129.543274,0.816014,5.068029169,1.444732
2022-05-17,6.726022,0.948677,77.460867,15.979509,15.75059292,129.323594,0.800683,4.992031117,1.422351
2022-05-18,6.744465,0.950299,77.587665,15.899743,15.94706833,129.012639,0.804618,4.939085812,1.423548
2022-05-19,6.748504,0.950119,77.635629,15.991924,15.96551069,127.752969,0.805017,4.949548694,1.428599
2022-05-20,6.678453,0.945448,77.679588,15.801361,15.90252435,127.956888,0.801929,4.915287889,1.416281
2022-05-23,6.646965,0.938174,77.567783,15.708509,15.82437377,127.638615,0.795412,4.843137255,1.405573
2022-05-24,6.665019,0.932836,77.597948,15.654291,16.09813433,127.322761,0.799907,4.831436567,1.413433
2022-05-25,6.694257,0.938438,77.577515,15.730856,16.32451201,127.008258,0.800441,4.855105105,1.419482
2022-05-26,6.733103,0.934842,77.597925,15.827989,16.41469571,127.091708,0.795298,4.836963635,1.412546
2022-05-27,6.699403,0.932662,77.589536,15.618355,16.39806006,126.88864,0.791597,4.752751352,1.398526
2022-05-30,6.664344,0.929023,77.550167,15.466369,16.3894463,127.508361,0.791063,4.703548867,1.391862
2022-05-31,6.664986,0.933445,77.69159,15.630542,16.41155605,128.218053,0.794717,4.75730421,1.393914
2022-06-01,6.682786,0.933532,77.530807,15.505041,16.45098954,129.462285,0.794978,4.727968633,1.387323
2022-06-02,6.673214,0.935279,77.555181,15.539001,16.47727273,129.741863,0.796811,4.801253273,1.386925
2022-06-03,6.660298,0.931966,77.607642,15.484902,16.53122088,130.093197,0.796086,4.812954334,1.379776
2022-06-06,6.64022,0.932314,77.610479,15.303189,16.59146,130.673131,0.796336,4.753496178,1.38374
2022-06-07,6.672857,0.93791,77.727443,15.387263,16.76064528,132.864378,0.800647,4.807353217,1.395986
2022-06-08,6.684514,0.931185,77.673899,15.329733,17.18316417,134.016203,0.796862,4.883788062,1.389049
2022-06-09,6.676161,0.930839,77.749232,15.278042,17.23019641,133.975612,0.797291,4.887461603,1.394862
2022-06-10,6.699565,0.945358,77.836548,15.61817,17.02741539,133.947816,0.804008,4.889204008,1.403384
2022-06-13,6.736872,0.95648,78.054519,16.075562,17.26398852,134.395026,0.821138,5.048780488,1.434529
2022-06-14,6.737179,0.956755,78.031956,16.069556,17.27898967,134.538844,0.828339,5.102277076,1.45178
2022-06-15,6.712012,0.958681,78.146103,16.020612,17.30083405,134.685073,0.82761,5.096730898,1.442911
2022-06-16,6.715769,0.961538,78.071635,15.966538,17.31980769,132.923077,0.822596,5.05375,1.436442
2022-06-17,6.70494,0.953652,78.076483,15.93868,17.30831585,134.665268,0.815373,5.132939157,1.434198
2022-06-20,6.68879,0.950841,77.963298,16.031473,17.32804032,134.962442,0.815328,5.145668917,1.432062
2022-06-21,6.699526,0.947867,78.126066,15.912891,17.35061611,136.255924,0.815261,5.158293839,1.438578
2022-06-22,6.710769,0.95048,78.32668,15.966638,17.35101226,136.023192,0.81632,5.165763711,1.449862
2022-06-23,6.70609,0.953016,78.28924,16.026875,17.36386162,135.433146,0.81786,5.195368341,1.449728
2022-06-24,6.696883,0.950209,78.2958,15.881509,17.37514253,135.110224,0.815023,5.211991638,1.448879
2022-06-27,6.690976,0.945895,78.445422,15.887911,16.53367386,135.499432,0.815361,5.2446084,1.445138
2022-06-28,6.701543,0.94688,78.97737,16.00909,16.65476754,136.038254,0.817631,5.237004072,1.440205
2022-06-29,6.692213,0.950841,78.955025,16.097271,16.63953599,136.47428,0.822107,5.245126937,1.450604
2022-06-30,6.702994,0.962742,79.053625,16.380379,16.676615,136.266487,0.826225,5.220852989,1.453644
2022-07-01,6.702158,0.959233,79.016499,16.433861,16.74896882,135.29976,0.831156,5.287002398,1.475492
2022-07-04,6.693161,0.95648,78.916021,16.286466,16.83347681,135.351506,0.82219,5.324055476,1.454328
2022-07-05,6.708358,0.971817,79.371234,16.437609,17.01156463,135.830904,0.834257,5.358697765,1.475219
2022-07-06,6.710131,0.982608,79.131473,16.728505,17.24525892,135.314926,0.841859,5.415741378,1.47008
2022-07-07,6.702358,0.982318,79.174853,16.735953,17.24469548,135.667976,0.836002,5.40108055,1.461984
2022-07-08,6.700285,0.983961,79.236446,16.916462,17.32027945,135.835875,0.832284,5.347338384,1.463249
2022-07-11,6.713508,0.990295,79.464745,16.996831,17.37443058,137.423252,0.837195,5.315210933,1.47653
2022-07-12,6.723561,0.995818,79.562338,17.079167,17.3662617,136.73571,0.844682,5.378311093,1.483768
2022-07-13,6.727128,0.993345,79.595212,16.939207,17.44601172,137.10142,0.838095,5.417006059,1.470349
2022-07-14,6.758421,0.9995,80.035182,17.193403,17.48525737,138.970515,0.845177,5.455872064,1.488556
2022-07-15,6.754449,0.994135,79.844915,17.186102,17.44219107,138.671836,0.844895,5.411472313,1.479869
2022-07-18,6.738328,0.987069,79.986181,17.158227,17.49333728,138.347646,0.836127,5.380021716,1.464712
2022-07-19,6.74124,0.976086,79.939483,17.039531,17.58711567,137.637872,0.832631,5.412786725,1.451342
2022-07-20,6.75478,0.980488,80.006863,17.053044,17.59427395,138.170409,0.83516,5.434552407,1.447887
2022-07-21,6.769291,0.980488,79.861751,17.177664,17.68085106,138.699873,0.838759,5.468869497,1.455829
2022-07-22,6.75682,0.981354,79.866536,16.880177,17.75662414,136.908734,0.835535,5.478017664,1.440334
2022-07-25,6.750098,0.976944,79.784584,16.754787,17.84417741,136.615866,0.828576,5.468542399,1.436792
2022-07-26,6.76126,0.987752,79.81529,16.877716,17.84917029,136.655472,0.835223,5.377024891,1.442612
2022-07-27,6.750788,0.985028,79.920213,16.878152,17.91361308,136.810481,0.828783,5.322990544,1.44011
2022-07-28,6.750148,0.987947,79.681387,16.796187,17.92303893,135.605612,0.825785,5.265757755,1.435981
2022-07-29,6.737105,0.980584,79.31163,16.535301,17.89292018,133.771328,0.823593,5.171504217,1.436164
2022-08-01,6.753152,0.977231,79.090687,16.477377,17.92973712,132.297469,0.817942,5.152252516,1.420405
2022-08-02,6.76027,0.978091,78.564456,16.609937,17.95422535,130.966354,0.81832,5.200997653,1.442195
2022-08-03,6.752011,0.980969,79.153914,16.802335,17.96272317,133.588385,0.820375,5.252795762,1.440161
2022-08-04,6.754641,0.982222,79.335527,16.732345,17.96699735,133.395541,0.827335,5.266083882,1.434731
2022-08-05,6.749536,0.977231,79.201505,16.64634,17.96667644,133.118343,0.823493,5.213329424,1.437799
2022-08-08,6.758604,0.980488,79.582312,16.638298,17.96009413,134.934798,0.825228,5.135797627,1.432199
2022-08-09,6.752589,0.977135,79.544655,16.660152,17.91498925,135.098691,0.825875,5.127809263,1.435118
2022-08-10,6.752048,0.975419,79.46547,16.463909,17.95737417,134.763948,0.825283,5.121927429,1.432111
2022-08-11,6.739021,0.967305,79.594216,16.162024,17.96034049,132.104856,0.818098,5.073224995,1.405688
2022-08-12,6.743024,0.97229,79.721439,16.268158,17.9614001,133.660671,0.823675,5.153816237,1.409431
2022-08-15,6.772928,0.980873,79.510544,16.417361,17.96400196,133.016184,0.827612,5.126826876,1.423051
2022-08-16,6.78778,0.987069,79.335209,16.440233,17.96407067,134.350015,0.83129,5.116474188,1.427598
2022-08-17,6.7805,0.983865,79.452479,16.63961,17.9622196,135.143644,0.828493,5.19854388,1.441854
2022-08-18,6.785223,0.982511,79.624681,16.703085,18.08754176,134.771075,0.829151,5.141088623,1.436137
2022-08-19,6.816292,0.994629,79.867515,17.008852,18.10503282,136.930575,0.844818,5.205291426,1.450567
2022-08-22,6.845015,0.9999,79.853515,17.074893,18.1249875,137.066293,0.846495,5.174682532,1.447655
2022-08-23,6.84517,1.007354,79.863504,17.081495,18.11524126,137.342601,0.849632,5.135892012,1.454317
2022-08-24,6.867324,1.006644,79.827461,17.009865,18.1560298,136.641836,0.84843,5.094221864,1.44846
2022-08-25,6.852257,1.003009,79.895186,16.840822,18.1664995,136.479438,0.845466,5.103209629,1.434905
2022-08-26,6.862296,0.9993,79.846607,16.787749,18.1795743,136.924153,0.845308,5.103327671,1.432297
2022-08-29,6.91408,1.001402,79.941418,16.912778,18.18596034,138.684158,0.855398,5.073402764,1.454937
2022-08-30,6.899841,0.996612,79.532091,16.799581,18.17719753,138.239984,0.853548,5.011560694,1.442296
2022-08-31,6.8947,1.0,79.5465,17.0667,18.1849,138.72,0.86035,5.1482,1.4591
2022-09-01,6.89894,0.9996,79.587665,17.145542,18.20761695,139.284286,0.864384,5.221811275,1.464514
2022-09-02,6.907936,1.0007,79.865506,17.291204,18.21995397,140.458321,0.865386,5.218953267,1.468128
2022-09-05,6.932258,1.008065,79.872177,17.225806,18.225,140.594758,0.870544,5.182157258,1.473387
2022-09-06,6.959206,1.007252,79.805097,17.204371,18.22502015,141.93191,0.863648,5.167203868,1.475725
2022-09-07,6.977036,1.011634,79.947395,17.458978,18.235913,144.865959,0.875164,5.248457258,1.491958
2022-09-08,6.950145,0.999101,79.665801,17.364072,18.23818563,143.520831,0.865781,5.199520432,1.481067
2022-09-09,6.92039,0.995124,79.578565,17.290576,18.23882973,142.601254,0.864365,5.183301821,1.46323
2022-09-12,6.927425,0.984737,79.460364,17.057607,18.24047267,142.284589,0.854535,5.114032496,1.452388
2022-09-13,6.925504,0.982801,79.16,17.013464,18.24471744,142.014742,0.853002,5.087371007,1.448256
2022-09-14,6.961962,1.001001,79.501502,17.451652,18.25795796,143.223223,0.865846,5.187887888,1.488789
2022-09-15,6.990793,1.000801,79.775721,17.542334,18.26230985,143.544836,0.870036,5.18785028,1.486489
2022-09-16,7.01095,1.004621,79.727245,17.681736,18.27637131,143.188668,0.878039,5.252059474,1.496283
2022-09-19,7.013614,1.001001,79.732733,17.744444,18.29209209,143.563564,0.878729,5.293893894,1.496496
2022-09-20,7.012818,1.001402,79.72111,17.750951,18.30893251,143.540957,0.875175,5.221209694,1.491388
2022-09-21,7.048355,1.009489,79.906622,17.653846,18.32121946,144.013729,0.881637,5.140722794,1.499192
2022-09-22,7.062323,1.011736,80.834682,17.555038,18.36898017,140.813436,0.8828,5.127175233,1.501416
2022-09-23,7.119336,1.02522,81.064691,17.823765,18.40424441,142.946483,0.904255,5.172852163,1.520197
2022-09-26,7.160999,1.036699,81.59237,18.064172,18.45334854,144.173751,0.926851,5.339415302,1.540328
2022-09-27,7.170883,1.036914,81.474492,17.872356,18.48195769,144.421402,0.925705,5.312629614,1.540751
2022-09-28,7.234605,1.045478,81.824882,18.077993,18.5374804,144.683743,0.943732,5.408050183,1.560272
2022-09-29,7.13198,1.030291,81.716464,17.975067,18.54522975,144.71461,0.921955,5.411188955,1.543581
2022-09-30,7.116126,1.025851,81.478252,17.988613,18.55160033,144.655314,0.905827,5.3943373,1.546574
2022-10-03,7.116039,1.02417,81.829168,18.012188,18.56206473,144.909873,0.891745,5.303154445,1.549365
2022-10-04,7.115964,1.01102,81.588818,17.737034,18.53948034,144.879183,0.882348,5.114649682,1.548681
2022-10-05,7.115986,1.008573,81.602622,17.773878,18.57801311,144.407463,0.880888,5.201714574,1.551185
2022-10-06,7.116024,1.014199,82.212475,17.826471,18.57920892,144.705882,0.888266,5.191176471,1.547972
2022-10-07,7.115954,1.020721,82.214964,17.987343,18.58630193,144.860672,0.891936,5.213330611,1.558232
2022-10-10,7.151078,1.031247,82.466536,18.136125,18.57595133,145.570795,0.904713,5.190058781,1.583995
2022-10-11,7.165381,1.028489,82.233364,18.117145,18.58335905,145.572354,0.902016,5.189344852,1.589016
2022-10-12,7.171131,1.030291,82.315578,18.223367,18.58922316,146.651556,0.905007,5.293426746,1.599526
2022-10-13,7.181949,1.026799,82.142006,18.294794,18.58928021,146.770716,0.888315,5.258650786,1.591026
2022-10-14,7.19893,1.029124,82.298549,18.208501,18.5874241,147.813111,0.893517,5.266748997,1.594422
2022-10-17,7.200945,1.026799,82.275388,18.150631,18.58948557,148.885923,0.885615,5.28770921,1.601704
2022-10-18,7.199288,1.016777,82.277072,18.088866,18.58800203,149.11032,0.883864,5.266395526,1.5818
2022-10-19,7.227654,1.022704,83.038965,18.238801,18.59204336,149.662508,0.889681,5.293004704,1.592146
2022-10-20,7.222301,1.019264,82.739272,18.255631,18.57680155,149.821629,0.889389,5.237692386,1.585363
2022-10-21,7.246043,1.027749,82.979445,18.501644,18.60102775,151.685509,0.901624,5.253545735,1.608016
2022-10-24,7.262613,1.015125,82.7785,18.335702,18.60704497,148.979799,0.88387,5.223936656,1.586742
2022-10-25,7.308792,1.014096,82.803975,18.477943,18.60947166,148.909847,0.883714,5.299056891,1.581888
2022-10-26,7.17829,0.997705,82.01736,17.979846,18.60331238,146.981942,0.864043,5.282250823,1.543051
2022-10-27,7.228455,0.996314,82.3513,18.085185,18.6121351,146.826741,0.864252,5.369034572,1.555246
2022-10-28,7.251432,1.004924,82.460557,18.141895,18.61310421,147.512813,0.865441,5.353230831,1.558738
2022-10-31,7.300787,1.008675,82.815715,18.331249,18.61630018,148.678636,0.86862,5.315109946,1.566371
2022-11-01,7.254951,1.005328,82.521363,18.076003,18.62028752,147.129788,0.865165,5.161053584,1.54911
2022-11-02,7.2826,1.009285,82.753331,18.127574,18.62010497,147.103351,0.868995,5.143722245,1.556924
2022-11-03,7.317441,1.025326,82.932944,18.473598,18.62011689,148.241567,0.894371,5.153491233,1.590998
2022-11-04,7.181321,1.012966,82.070502,18.029072,18.62287277,147.072528,0.886122,5.032617504,1.550952
2022-11-07,7.223957,1.0007,81.898029,17.77074,18.60052036,146.282398,0.87196,5.073551486,1.543881
2022-11-08,7.252401,1.0004,81.55062,17.846839,18.60654262,146.308523,0.87413,5.205082033,1.544118
2022-11-09,7.253013,0.996115,81.340273,17.807551,18.60025899,146.249626,0.87433,5.174519374,1.547764
2022-11-10,7.251758,1.004621,81.681535,17.769942,18.59553948,146.142254,0.877014,5.310427969,1.559675
2022-11-11,7.10778,0.97012,80.738553,17.262709,18.52803648,139.590609,0.849224,5.34992239,1.499709
2022-11-14,7.065219,0.969086,81.188003,17.287819,18.59899215,140.38182,0.848076,5.291694932,1.495009
2022-11-15,7.045271,0.961169,80.863514,17.187812,18.60899654,139.215686,0.84059,5.332564398,1.481642
2022-11-16,7.080292,0.96043,81.243277,17.306473,18.61150595,139.540914,0.840213,5.324433346,1.479063
2022-11-17,7.157573,0.969086,81.785057,17.53668,18.61847078,140.323675,0.847708,5.478728559,1.504603
2022-11-18,7.118464,0.964692,81.697376,17.275709,18.6194289,139.996141,0.83989,5.351147984,1.48881
2022-11-21,7.165626,0.975991,81.727015,17.358774,18.62404841,141.840718,0.847092,5.309486629,1.509955
2022-11-22,7.138797,0.973331,81.639868,17.283239,18.6121277,141.327623,0.840549,5.312244501,1.506035
2022-11-23,7.165327,0.968523,81.807264,17.152833,18.62624697,141.162228,0.836504,5.389830508,1.503341
2022-11-24,7.148948,0.960338,81.657063,17.021608,18.62758091,138.192644,0.825247,5.330260252,1.480265
2022-11-25,7.173494,0.963855,81.65253,17.125494,18.63450602,139.392771,0.827807,5.347084337,1.484723
2022-11-28,7.199274,0.955749,81.656313,17.14384,18.62219249,138.488005,0.827736,5.386026952,1.494027
2022-11-29,7.166602,0.964692,81.665831,16.981189,18.63602161,138.298283,0.831738,5.31796257,1.486977
2022-11-30,7.077583,0.963763,81.362278,16.939861,18.6327101,139.051658,0.833539,5.306765613,1.486604
2022-12-01,7.075282,0.956572,81.2445,17.734169,18.63191123,136.292328,0.819925,5.214080735,1.47092
2022-12-02,7.019453,0.948947,81.271114,17.341905,18.63655343,134.105143,0.814718,5.18665781,1.466787
2022-12-05,6.949372,0.944555,81.727496,17.194484,18.63851894,135.137433,0.81312,5.241428167,1.468027
2022-12-06,6.988779,0.950932,82.396824,17.313427,18.63921643,136.297071,0.819418,5.240871054,1.485831
2022-12-07,6.97844,0.949758,82.336404,17.224143,18.63956691,137.183018,0.820667,5.225852408,1.493779
2022-12-08,6.970625,0.950661,82.398992,17.133283,18.64378743,136.657477,0.820021,5.217225972,1.48208
2022-12-09,6.958519,0.947059,82.350128,17.270385,18.64494744,135.713609,0.813998,5.252107207,1.472961
2022-12-12,6.975005,0.94679,82.610301,17.486934,18.64353342,137.152055,0.814297,5.260367355,1.47936
2022-12-13,6.98312,0.948317,82.784732,17.719772,18.64855382,137.363679,0.81321,5.29009009,1.474917
2022-12-14,6.949854,0.939055,82.489905,17.143675,18.64766645,134.923467,0.808696,5.337778195,1.456475
2022-12-15,6.967988,0.941531,82.793993,17.286414,18.64796159,136.587892,0.811543,5.295829018,1.477733
2022-12-16,6.972125,0.941708,82.704586,17.582447,18.64949619,137.046803,0.82148,5.295508052,1.494114
2022-12-19,6.973108,0.943574,82.593036,17.274391,18.65219853,136.488017,0.822023,5.31487073,1.490281
2022-12-20,6.972356,0.943485,82.710539,17.382678,18.65685442,132.635154,0.825833,5.305594867,1.506935
2022-12-21,6.978093,0.940203,82.840354,17.255453,18.66688605,131.901091,0.824097,5.162937194,1.491068
2022-12-22,6.981003,0.940468,82.795542,17.138907,18.67328129,132.060566,0.829897,5.208878021,1.486316
2022-12-23,6.985314,0.941442,82.807381,17.044624,18.68103935,132.611561,0.828752,5.162304651,1.492845
2022-12-27,6.964797,0.941265,82.90738,17.242188,18.71225527,133.358434,0.831448,5.274378765,1.484375
2022-12-28,6.97594,0.93985,82.795395,17.18891,18.71654135,133.656015,0.827613,5.273402256,1.471805
2022-12-29,6.963189,0.939055,82.852381,17.087708,18.71912856,133.571227,0.831524,5.197765048,1.489248
2022-12-30,6.898744,0.937559,82.665479,16.968498,18.71826364,131.876992,0.831549,5.286517907,1.471311
2023-01-02,6.898624,0.936067,82.772629,17.01011,18.72498362,130.693625,0.829636,5.340073013,1.469531
2023-01-03,6.90972,0.948317,82.891892,17.087719,18.73551446,130.801328,0.834974,5.37278331,1.489616
2023-01-04,6.886027,0.943485,82.829512,16.826965,18.74422115,130.899141,0.830984,5.449382017,1.457873
2023-01-05,6.87322,0.943307,82.516272,17.097444,18.77011603,132.959155,0.832969,5.382511084,1.463541
2023-01-06,6.861429,0.952381,82.771714,17.342095,18.76809524,134.571429,0.842619,5.336571429,1.484762
2023-01-09,6.782536,0.934929,82.346672,17.021223,18.77561705,132.152206,0.823186,5.280011219,1.444091
2023-01-10,6.782803,0.932575,81.789611,17.071155,18.77795393,132.351021,0.823743,5.266343374,1.456309
2023-01-11,6.774635,0.930492,81.708384,17.01191,18.77668186,132.697497,0.825095,5.195868614,1.450451
2023-01-12,6.748979,0.928333,81.491831,16.841534,18.78128481,130.532863,0.823338,5.157445228,1.445414
2023-01-13,6.725448,0.924727,81.464768,16.874607,18.79008692,128.555576,0.821158,5.133345663,1.44128
2023-01-16,6.732427,0.924898,81.649556,17.059748,18.79162042,128.486866,0.820921,5.109137995,1.437014
2023-01-17,6.776077,0.922254,81.690492,17.156414,18.79203173,128.654431,0.817071,5.128377755,1.439731
2023-01-18,6.752745,0.922594,81.31931,16.972045,18.79380017,128.969462,0.807547,5.097518221,1.421995
2023-01-19,6.789089,0.924642,81.411003,17.28442,18.79750347,128.543689,0.81043,5.208136847,1.454092
2023-01-20,6.782283,0.923702,81.116756,17.159616,18.80343617,130.112692,0.809163,5.197764641,1.44273
2023-01-23,6.782265,0.919879,81.3651,17.164658,18.80949315,130.3008,0.809217,5.185539509,1.428479
2023-01-24,6.78228,0.92098,81.620464,17.285596,18.80954135,130.29103,0.813852,5.172591638,1.424756
2023-01-25,6.782313,0.919287,81.564442,17.167218,18.81393639,129.775694,0.811252,5.119507262,1.412024
2023-01-26,6.782285,0.917852,81.528683,17.083708,18.81239101,129.765948,0.807205,5.100688389,1.405048
2023-01-27,6.782329,0.920387,81.612517,17.228256,18.80947998,129.866544,0.808882,5.071698113,1.407179
2023-01-30,6.750527,0.917179,81.526644,17.32459,18.80794277,130.046776,0.806916,5.104466661,1.411538
2023-01-31,6.756946,0.923105,81.820364,17.467276,18.81168651,130.407089,0.813007,5.111511123,1.428598
2023-02-01,6.742427,0.917936,81.793648,17.287314,18.81567836,129.76868,0.811575,5.064622728,1.412888
2023-02-02,6.723517,0.910084,82.181926,17.022752,18.8174372,128.431016,0.812605,4.992628322,1.402166
2023-02-03,6.737588,0.914328,81.91643,17.154979,18.8174088,128.417299,0.816037,5.066654476,1.417116
2023-02-06,6.782665,0.927988,82.676503,17.540182,18.83045657,132.154788,0.828489,5.161933927,1.44729
2023-02-07,6.785794,0.934579,82.719252,17.639813,18.82971963,132.056075,0.834935,5.160373832,1.445794
2023-02-08,6.785375,0.931532,82.528179,17.617979,18.83223102,131.169073,0.827201,5.183418724,1.43605
2023-02-09,6.776715,0.928419,82.52762,17.6524,18.83242039,130.721381,0.82179,5.214464767,1.430601
2023-02-10,6.813564,0.935454,82.55145,17.851637,18.83601497,130.851263,0.826455,5.261459308,1.443592
2023-02-13,6.824818,0.935804,82.720382,17.935991,18.8449373,132.556616,0.826137,5.200823507,1.440015
2023-02-14,6.814202,0.929454,82.835487,17.813551,18.84738359,132.11265,0.819082,5.16330514,1.432382
2023-02-15,6.843832,0.934579,82.842523,18.027196,18.84831776,133.691589,0.83014,5.220560748,1.451308
2023-02-16,6.855234,0.934579,82.670467,18.137009,18.84906542,133.934579,0.830682,5.242056075,1.448598
2023-02-17,6.878212,0.941176,82.843294,18.131765,18.86851765,134.757647,0.836593,5.222305882,1.464471
2023-02-20,6.856942,0.936856,82.729998,18.125445,18.86631066,134.054712,0.831347,5.167884579,1.448004
2023-02-21,6.880345,0.937734,82.786478,18.246343,18.86937359,134.808702,0.824503,5.167854464,1.455083
2023-02-22,6.892803,0.939496,82.899286,18.23074,18.87523487,134.573469,0.82624,5.167981962,1.46336
2023-02-23,6.897796,0.941974,82.582423,18.281462,18.87292766,135.003768,0.830256,5.158722683,1.464864
2023-02-24,6.943992,0.946074,82.766793,18.471429,18.88032167,135.808893,0.834863,5.168684957,1.482308
2023-02-27,6.952625,0.947508,82.751563,18.436043,18.88610953,136.327459,0.834499,5.196892174,1.491283
2023-02-28,6.936906,0.941708,82.607119,18.412092,18.88652415,136.76429,0.825888,5.205763255,1.484132
2023-03-01,6.865313,0.935979,82.445526,18.136372,18.88786971,135.548484,0.829034,5.197959566,1.476601
2023-03-02,6.91042,0.942951,82.542669,18.218859,18.88901462,136.793965,0.837199,5.209052334,1.487317
2023-03-03,6.907772,0.942063,81.882713,18.166463,18.90042393,136.175224,0.834008,5.204710316,1.481677
2023-03-06,6.932369,0.93932,81.856566,18.1935,18.90249859,135.863235,0.832519,5.199699418,1.484783
2023-03-07,6.93624,0.937647,81.821378,18.375527,18.91570558,136.155649,0.834205,5.178059072,1.500422
2023-03-08,6.952584,0.948317,81.954481,18.576861,18.93845424,137.221432,0.844704,5.169274538,1.51522
2023-03-09,6.965605,0.947508,82.074569,18.625924,18.9526246,136.270608,0.84152,5.135683153,1.512697
2023-03-10,6.952012,0.944644,82.124976,18.349707,18.96249764,136.689968,0.833724,5.199036463,1.517476
2023-03-13,6.857183,0.934056,82.239865,18.171586,18.97356622,132.598543,0.825425,5.254623576,1.500654
2023-03-14,6.869517,0.931359,82.360995,18.061935,18.97476018,134.199497,0.820099,5.228276055,1.495017
2023-03-15,6.90729,0.947957,82.768509,18.40838,18.98464309,132.249502,0.827026,5.277467058,1.506114
2023-03-16,6.89429,0.943841,82.80302,18.382161,18.98952336,132.307692,0.828882,5.285983955,1.503728
2023-03-17,6.882896,0.941354,82.638614,18.355267,19.00207098,132.326085,0.823571,5.259531206,1.494305
2023-03-20,6.880564,0.933097,82.569749,18.46235,19.02006158,131.352057,0.81702,5.242418587,1.490902
2023-03-21,6.872494,0.927988,82.619525,18.528118,19.02700445,132.358946,0.816936,5.242297699,1.497402
2023-03-22,6.883449,0.927214,82.596198,18.407881,19.04070468,132.7121,0.815253,5.255725545,1.495781
2023-03-23,6.830775,0.919202,82.251126,18.180623,19.04393786,131.326409,0.813705,5.238992554,1.492968
2023-03-24,6.870731,0.930665,82.424383,18.218241,19.06765938,130.15356,0.818427,5.332526757,1.506654
2023-03-27,6.881184,0.928247,82.305022,18.32108,19.0941242,131.47684,0.815168,5.231783162,1.504131
2023-03-28,6.877041,0.922424,82.154783,18.17443,19.10829259,130.698275,0.811161,5.172954524,1.49608
2023-03-29,6.884761,0.921914,82.325528,18.115055,19.12971328,132.368397,0.811174,5.158845764,1.498294
2023-03-30,6.880213,0.918611,82.084788,18.047033,19.16709535,132.665809,0.809884,5.101139078,1.493937
2023-03-31,6.874759,0.91954,82.206437,17.772414,19.18455172,133.177011,0.80846,5.072,1.495908
2023-04-03,6.884269,0.919963,82.310028,17.866421,19.20202392,132.943882,0.807636,5.040110396,1.479301
2023-04-04,6.883222,0.917347,82.185121,17.834511,19.22841941,132.960279,0.801147,5.056508577,1.481882
2023-04-05,6.879799,0.914077,82.01234,17.925686,19.25219378,131.389397,0.801508,5.07285192,1.49223
2023-04-06,6.872561,0.91617,81.874027,18.225286,19.25744388,131.461292,0.801603,5.047732478,1.494457
2023-04-11,6.884915,0.917011,82.091243,18.249702,19.28775791,133.223292,0.804567,5.050160477,1.502705
2023-04-12,6.883629,0.915583,82.116371,18.433437,19.31660868,133.757554,0.806061,5.002288958,1.499451
2023-04-13,6.877712,0.907853,81.857921,18.130731,19.32927826,133.281888,0.799437,4.91302769,1.483704
2023-04-14,6.851859,0.904404,81.721534,18.029484,19.37397124,132.585692,0.799855,4.920864611,1.474993
2023-04-17,6.869411,0.910664,82.015026,18.116474,19.38211456,133.84027,0.804781,4.904926692,1.489482
2023-04-18,6.875319,0.911411,82.022876,18.164327,19.39591688,133.877142,0.803345,4.912413416,1.483412
2023-04-19,6.897101,0.914662,82.226745,18.275679,19.39842678,134.674838,0.80589,5.016280984,1.490991
2023-04-20,6.8803,0.913743,82.178819,18.142544,19.40314327,134.740497,0.805492,5.069809942,1.488487
2023-04-21,6.888231,0.910913,82.081436,18.124157,19.40235015,133.831299,0.806795,5.04937147,1.49335
2023-04-24,6.893019,0.908926,81.917379,18.130885,19.40619887,134.675514,0.804063,5.070714416,1.496819
2023-04-25,6.921521,0.907276,81.955181,18.281709,19.42215569,134.195246,0.804255,5.056160406,1.502813
2023-04-26,6.923091,0.905879,81.752423,18.396594,19.42422321,133.771175,0.802247,5.049279826,1.515083
2023-04-27,6.923927,0.905633,81.795417,18.244159,19.42836443,133.272958,0.800833,5.029161384,1.509871
2023-04-28,6.919133,0.910664,81.828158,18.355159,19.45250888,136.00765,0.80184,4.996994809,1.51753
2023-05-02,6.912084,0.911993,81.852713,18.373005,19.47177383,137.437301,0.80135,5.00255358,1.493023
2023-05-03,6.912071,0.905551,81.813366,18.26107,19.47450874,135.524767,0.799285,5.027709861,1.499955
2023-05-04,6.911504,0.903016,81.767654,18.182861,19.48934441,134.477154,0.79479,4.984106917,1.497652
2023-05-05,6.910478,0.907935,81.71509,18.371618,19.49745778,134.192845,0.793336,4.990012711,1.487107
2023-05-08,6.917369,0.906043,81.795325,18.352088,19.50747486,135.13636,0.790323,4.948174323,1.471777
2023-05-09,6.921526,0.912492,82.078201,18.432612,19.51437175,135.021444,0.793777,5.006204946,1.479788
2023-05-10,6.924018,0.913242,82.026027,18.721918,19.54100457,135.324201,0.792813,4.976894977,1.481461
2023-05-11,6.936597,0.914913,82.059012,18.983074,19.55910339,134.071363,0.794099,4.960475755,1.484538
2023-05-12,6.952075,0.918105,82.188762,19.227874,19.60962174,134.979802,0.798935,4.94344473,1.497429
2023-05-15,6.953016,0.919456,82.290364,19.078338,19.66678926,136.217359,0.799402,4.912743656,1.495127
2023-05-16,6.965628,0.919033,82.221763,19.069571,19.7063689,135.915817,0.798989,4.902122967,1.498667
2023-05-17,6.996214,0.923446,82.360144,19.280912,19.75851879,136.956321,0.802429,4.961492289,1.502724
2023-05-18,7.027005,0.924813,82.577915,19.392675,19.787663,137.871081,0.80357,4.958105984,1.506058
2023-05-19,7.010178,0.925241,82.736399,19.323464,19.80838268,138.369726,0.803479,4.955033309,1.501758
2023-05-22,7.028923,0.924044,82.859915,19.325171,19.8326557,138.273887,0.802495,4.995010164,1.505637
2023-05-23,7.054365,0.92773,82.816124,19.289359,19.85276927,138.417293,0.80706,4.977177846,1.51053
2023-05-24,7.047288,0.927214,82.6586,19.237738,19.88752898,138.433009,0.806611,4.951043115,1.520816
2023-05-25,7.069492,0.931532,82.725198,19.326129,19.92957615,139.385189,0.808505,4.966930601,1.531719
2023-05-26,7.05739,0.930146,82.601525,19.546833,20.02976467,139.74514,0.807488,5.011440796,1.529067
2023-05-29,7.076062,0.933271,82.613159,19.655716,20.10209986,140.261316,0.810126,4.989267382,1.529071
2023-05-30,7.072785,0.930752,82.649386,19.663905,20.39445272,139.622115,0.803844,5.003350707,1.526154
2023-05-31,7.10718,0.936067,82.692128,19.784049,20.71702705,139.595619,0.808808,5.081718618,1.544229
2023-06-01,7.110966,0.934842,82.459568,19.778162,20.80209405,139.5251,0.802309,5.051135832,1.533795
2023-06-02,7.067267,0.929109,82.354362,19.46121,20.88098114,138.864629,0.798383,4.994146613,1.509616
2023-06-05,7.115248,0.935454,82.624415,19.350327,21.23143124,140.280636,0.807512,4.954069224,1.517212
2023-06-06,7.117851,0.936067,82.588692,19.244875,21.50725452,139.558177,0.805981,4.917906955,1.501264
2023-06-07,7.113465,0.933097,82.5007,19.033871,23.1338061,139.423346,0.802183,4.908743118,1.493328
2023-06-08,7.128714,0.931359,82.534227,18.933035,23.36546521,139.685201,0.802021,4.92372171,1.495855
2023-06-09,7.127922,0.927644,82.458256,18.720408,23.30649351,139.369202,0.795872,4.913265306,1.486364
2023-06-12,7.142406,0.928936,82.427311,18.562935,23.58327915,139.368323,0.795894,4.881467719,1.478867
2023-06-13,7.149727,0.926526,82.33392,18.631242,23.67006393,139.553414,0.795423,4.861391643,1.475215
2023-06-14,7.157276,0.925155,82.056157,18.421686,23.58173744,139.892682,0.790591,4.856045888,1.472384
2023-06-15,7.162492,0.9243,82.246511,18.416859,23.67242814,141.288474,0.790785,4.828912099,1.471855
2023-06-16,7.122013,0.91191,81.885191,18.148915,23.66323181,141.02681,0.779026,4.813970454,1.453675
2023-06-19,7.158213,0.915583,81.956144,18.174052,23.64493682,141.860465,0.7807,4.814869072,1.461637
2023-06-20,7.176621,0.914662,82.093204,18.267996,23.56965151,141.324431,0.783911,4.790633861,1.474435
2023-06-21,7.18841,0.915499,82.007232,18.381672,23.55973634,141.801703,0.785755,4.785590039,1.478898
2023-06-22,7.179426,0.910332,81.957214,18.441056,24.23750569,142.057351,0.783933,4.763859809,1.474192
2023-06-23,7.179438,0.91878,81.973999,18.711136,25.24632488,143.182653,0.785364,4.799246601,1.496233
2023-06-26,7.233193,0.915919,82.02647,18.60643,25.90337058,143.258839,0.786573,4.778988826,1.497161
2023-06-27,7.211761,0.913159,81.996621,18.467172,26.04255319,143.493745,0.785225,4.776824034,1.494749
2023-06-28,7.24648,0.914244,82.050192,18.726275,26.07112818,144.285975,0.79009,4.840007314,1.510788
2023-06-29,7.235326,0.914244,82.013622,18.709545,26.03656976,144.212836,0.789907,4.846041324,1.506674
2023-06-30,7.26882,0.920302,82.096908,18.938432,26.06230444,144.63464,0.789877,4.858089453,1.509111
2023-07-03,7.249014,0.917515,81.954766,18.757225,26.07808056,144.7931,0.78888,4.778695293,1.503165
2023-07-04,7.218541,0.917852,82.017439,18.645893,26.05396971,144.414869,0.786352,4.799724644,1.494814
2023-07-05,7.243129,0.919202,82.284677,18.74198,26.08953029,144.553727,0.787618,4.865612648,1.500965
2023-07-06,7.231856,0.917515,82.437838,18.92614,26.01550601,143.655381,0.782732,4.856041839,1.496284
2023-07-07,7.234846,0.918442,82.702517,19.095794,26.06814842,143.286187,0.783413,4.916146216,1.507715
2023-07-10,7.237222,0.912742,82.601771,18.850219,26.09529025,142.141292,0.782521,4.859985396,1.504929
2023-07-11,7.20202,0.910001,82.414687,18.650742,26.10765311,140.38584,0.774502,4.884793885,1.500865
2023-07-12,7.192343,0.907276,82.305661,18.451098,26.14398476,139.575395,0.774614,4.851841771,1.495101
2023-07-13,7.163119,0.894294,82.090413,18.077982,26.1561438,138.472545,0.765096,4.806564121,1.45761
2023-07-14,7.136262,0.891186,82.166028,18.004812,26.18946618,138.588361,0.762766,4.798770163,1.457089
2023-07-17,7.16447,0.890472,82.018967,18.039359,26.31495993,138.361532,0.764675,4.804986643,1.468121
2023-07-18,7.174145,0.888494,82.037761,17.905375,26.96828076,138.071968,0.762665,4.797956464,1.468059
2023-07-19,7.219212,0.891107,82.079398,17.91784,26.93200855,139.689895,0.774532,4.811620032,1.477633
2023-07-20,7.166205,0.893096,81.969277,17.830669,26.91354827,139.635617,0.776279,4.792801643,1.466107
2023-07-21,7.179718,0.899038,81.969792,18.015374,26.93697743,141.715365,0.77952,4.804189517,1.484312
2023-07-24,7.187185,0.901226,81.813266,17.837689,26.953677,141.01478,0.778208,4.774783706,1.484229
2023-07-25,7.140983,0.904895,81.84282,17.578138,26.95213103,141.326577,0.779549,4.721563659,1.477513
2023-07-26,7.153359,0.904241,82.035537,17.705127,26.948187,140.42861,0.774889,4.738312686,1.483045
2023-07-27,7.146966,0.898876,81.922247,17.513528,26.94588764,140.179775,0.772,4.73411236,1.472629
2023-07-28,7.157039,0.908265,82.19891,17.648411,26.95467757,139.28247,0.777112,4.722615804,1.499364
2023-07-31,7.149415,0.907194,82.254377,17.736642,26.95509389,142.184523,0.778055,4.720221355,1.491064
2023-08-01,7.166819,0.911577,82.27484,18.117502,26.96517776,142.980857,0.782726,4.753691887,1.509298
2023-08-02,7.176058,0.910332,82.544379,18.350387,26.96531634,142.812927,0.783232,4.784797451,1.519436
2023-08-03,7.171332,0.914746,82.781284,18.63337,26.96432492,142.919868,0.790962,4.847786315,1.532016
2023-08-04,7.186278,0.913576,82.888726,18.656496,26.9903161,142.618308,0.787438,4.908551069,1.525123
2023-08-07,7.190095,0.910415,82.732884,18.606245,27.00063729,142.21595,0.784441,4.880644574,1.521759
2023-08-08,7.213999,0.913743,82.841192,18.902595,27.02083333,143.046418,0.787262,4.931469298,1.537555
2023-08-09,7.205507,0.911743,82.858771,19.048231,27.02935813,143.462801,0.78574,4.892778993,1.529814
2023-08-10,7.208821,0.907523,82.673836,18.773936,27.03893275,143.778927,0.783311,4.889009892,1.521644
2023-08-11,7.232279,0.90876,82.785351,18.823882,27.04761905,144.465649,0.785305,4.876045075,1.531261
2023-08-14,7.260384,0.914913,83.090576,19.019305,27.05169259,145.178408,0.788792,4.918938701,1.541903
2023-08-15,7.285832,0.915248,83.343859,19.203094,27.05912502,145.561047,0.786701,4.969339191,1.545671
2023-08-16,7.29727,0.916086,83.220502,19.116068,27.06220227,145.721876,0.784582,4.972150971,1.547728
2023-08-17,7.283211,0.917431,83.027064,19.029083,27.0987156,145.761468,0.78344,4.965779817,1.553303
2023-08-18,7.287844,0.920217,83.079507,19.060734,27.10361645,145.495537,0.786721,4.976166375,1.564277
2023-08-21,7.284195,0.916758,83.114686,18.954895,27.16400807,145.90209,0.783599,4.963329666,1.558031
2023-08-22,7.291908,0.918527,82.963167,18.731698,27.20088179,145.770185,0.783393,4.950032148,1.550289
2023-08-23,7.29255,0.925497,82.670801,18.704026,27.21702915,145.56224,0.792716,4.933456733,1.558538
2023-08-24,7.281734,0.922509,82.582565,18.678967,26.33846863,145.719557,0.790129,4.876845018,1.553321
2023-08-25,7.289323,0.925241,82.627683,18.650814,26.47705403,145.956699,0.792404,4.859733531,1.555237
2023-08-28,7.292931,0.925241,82.627683,18.652665,26.55856773,146.511843,0.793995,4.869818653,1.558013
2023-08-29,7.29427,0.925669,82.7858,18.559289,26.62695548,147.116542,0.794779,4.8840137,1.558086
2023-08-30,7.288903,0.918611,82.692265,18.57156,26.74903546,146.19695,0.789271,4.857339702,1.544553
2023-08-31,7.287081,0.920133,82.746872,18.789014,26.66985646,145.8318,0.788719,4.884247332,1.544442
2023-09-01,7.255533,0.922169,82.715788,18.693379,26.72002951,145.213943,0.788805,4.933142752,1.543434
2023-09-04,7.270438,0.92584,82.681696,18.942876,26.77918711,146.384594,0.792056,4.937320618,1.546894
2023-09-05,7.304072,0.93188,83.027211,19.200913,26.78976796,147.423353,0.797083,4.956108471,1.571056
2023-09-06,7.30349,0.930665,83.14658,19.23704,26.77710563,147.212657,0.795747,4.979246161,1.563611
2023-09-07,7.328478,0.933707,83.189076,19.161345,26.82978525,147.245565,0.802054,4.97945845,1.565546
2023-09-08,7.33978,0.93423,83.016629,19.092862,26.84884155,147.458894,0.800962,4.973654709,1.564182
2023-09-11,7.294853,0.932488,82.96671,18.899758,26.87392764,146.549795,0.798676,4.961301753,1.553059
2023-09-12,7.291608,0.933445,82.914216,18.97545,26.89769439,146.942966,0.802063,4.939792775,1.557174
2023-09-13,7.280723,0.931706,82.996832,18.941582,26.94120935,147.470418,0.802106,4.950153731,1.561726
2023-09-14,7.278006,0.931966,82.994408,18.929077,26.95163094,147.371855,0.801445,4.906989748,1.551538
2023-09-15,7.277257,0.938262,83.144117,19.043723,26.97626196,147.776318,0.805761,4.865828486,1.547945
2023-09-18,7.295883,0.937822,83.306293,19.032918,27.01941292,147.650755,0.80785,4.867767045,1.554441
2023-09-19,7.291235,0.933445,83.210865,18.932979,27.03285728,147.671054,0.805218,4.845888173,1.546346
2023-09-20,7.29387,0.934405,83.080078,18.836853,27.03597458,147.897589,0.80854,4.857222949,1.541581
2023-09-21,7.305595,0.940291,83.095252,18.948942,27.12251998,147.945463,0.815355,4.898166432,1.562482
2023-09-22,7.304029,0.939232,82.931812,18.781816,27.16568047,148.27651,0.815206,4.911712219,1.549357
2023-09-25,7.310072,0.940468,83.115772,18.753879,27.20887802,148.669237,0.817878,4.938963604,1.555911
2023-09-26,7.309477,0.942951,83.262141,18.989816,27.26921264,148.863744,0.820556,4.971334276,1.559547
2023-09-27,7.311219,0.949127,83.191439,19.192863,27.30334093,149.202733,0.823937,5.003416856,1.569951
2023-09-28,7.304868,0.948857,83.15732,19.138438,27.41730714,149.283613,0.819176,5.039851978,1.564
2023-09-29,7.301491,0.943931,83.081461,18.860959,27.4225033,149.235416,0.816103,5.00896734,1.542288
2023-10-02,7.301519,0.949668,83.167142,19.136752,27.4617284,149.734093,0.822678,5.056980057,1.564292
2023-10-03,7.301461,0.955201,83.214729,19.333556,27.49947464,149.97612,0.828876,5.09790811,1.58678
2023-10-04,7.301515,0.952653,83.259503,19.283605,27.56949605,149.071163,0.824883,5.140040011,1.582833
2023-10-05,7.301539,0.950029,83.248147,19.559567,27.55690671,148.878966,0.822772,5.165494965,1.575147
2023-10-06,7.304932,0.946701,83.152513,19.401212,27.61724889,149.076967,0.818991,5.172204866,1.572659
2023-10-09,7.291235,0.949577,83.297408,19.380686,27.7020226,149.140632,0.821574,5.164276897,1.571171
2023-10-10,7.298998,0.945001,83.239936,19.162446,27.72566623,149.036099,0.816386,5.123039123,1.562843
2023-10-11,7.302244,0.94304,83.174274,18.894662,27.73387401,148.877782,0.813514,5.04158808,1.558751
2023-10-12,7.299557,0.941708,83.239947,18.84217,27.74799887,149.119503,0.812318,5.04793295,1.561729
2023-10-13,7.307298,0.950209,83.27062,18.967693,27.80083618,149.600912,0.821123,5.069555302,1.583238
2023-10-16,7.312393,0.948947,83.252515,18.795692,27.88090719,149.497058,0.821266,5.060732587,1.580945
2023-10-17,7.312707,0.946163,83.223105,18.841707,27.91976535,149.522188,0.821459,5.043523512,1.572713
2023-10-18,7.314529,0.946522,83.250355,18.827922,28.00946522,149.645054,0.819782,5.044486512,1.569901
2023-10-19,7.315117,0.947149,83.22599,19.131654,27.99820042,149.848456,0.824948,5.069141883,1.583444
2023-10-20,7.316495,0.944198,83.073364,19.059296,28.01992258,149.938627,0.823463,5.056179775,1.583609
2023-10-23,7.316127,0.943663,83.13768,19.061527,28.05001415,149.957535,0.822431,5.050863452,1.585826
2023-10-24,7.310008,0.940557,83.056622,19.108916,28.09951091,149.793078,0.81852,5.02003386,1.571482
2023-10-25,7.31666,0.945537,83.175586,19.139656,28.11403177,149.914902,0.824887,4.998392587,1.576967
2023-10-26,7.318975,0.948767,83.240512,19.082638,28.15901328,150.360531,0.82704,4.99943074,1.586243
2023-10-27,7.318376,0.948677,83.24732,18.912627,28.1944787,149.966796,0.825567,4.975903614,1.576321
2023-10-30,7.316832,0.942951,83.267327,18.758227,28.23950967,149.740688,0.823621,4.993116455,1.568788
2023-10-31,7.315755,0.941708,83.265373,18.787739,28.29409549,150.955834,0.822733,5.061022695,1.576325
2023-11-01,7.318971,0.949037,83.280345,18.634241,28.33092911,151.210022,0.82514,5.026383221,1.5717
2023-11-02,7.317231,0.937998,83.204202,18.356158,28.35015477,149.97655,0.818919,4.954319482,1.551731
2023-11-03,7.306391,0.934405,83.212951,18.340404,28.40740049,149.383293,0.812773,4.8984302,1.539712
2023-11-06,7.270645,0.931012,83.22875,18.261707,28.43850666,149.771902,0.806629,4.896657667,1.538404
2023-11-07,7.284204,0.935804,83.264552,18.390043,28.4995321,150.449186,0.812792,4.863091896,1.556803
2023-11-08,7.281323,0.937119,83.287414,18.488427,28.51232312,150.848093,0.815434,4.88539031,1.554868
2023-11-09,7.285193,0.935366,83.297166,18.606866,28.50051445,151.127116,0.815686,4.899261061,1.561968
2023-11-10,7.289525,0.936067,83.291491,18.749041,28.56398016,151.427502,0.81845,4.921744828,1.572124
2023-11-13,7.290909,0.937207,83.26523,18.746485,28.58865979,151.790066,0.816823,4.929615745,1.569072
2023-11-14,7.289351,0.932488,83.174002,18.714472,28.63651623,151.687803,0.813409,4.89080567,1.568351
2023-11-15,7.241627,0.920133,83.082168,18.138296,28.66746411,150.340449,0.802245,4.860967979,1.531837
2023-11-16,7.249977,0.921744,83.246843,18.316711,28.67149046,151.212093,0.80671,4.857867085,1.542631
2023-11-17,7.212472,0.919794,83.247333,18.327263,28.69481236,149.273363,0.803854,4.870033113,1.536884
2023-11-20,7.172218,0.915081,83.369327,18.43384,28.76390922,148.352855,0.801885,4.883235725,1.525348
2023-11-21,7.136285,0.912825,83.288453,18.384573,28.80438156,147.52168,0.797134,4.879415792,1.520128
2023-11-22,7.150124,0.916506,83.31317,18.605811,28.82833837,148.703144,0.797635,4.894326826,1.52305
2023-11-23,7.142385,0.917431,83.316514,18.827982,28.76477064,149.522936,0.797615,4.896055046,1.525963
2023-11-24,7.153719,0.916086,83.399597,18.899963,28.88145841,149.596922,0.795328,4.885031147,1.522627
2023-11-27,7.152863,0.913159,83.347913,18.63638,28.90795361,148.717012,0.791444,4.887407543,1.51356
2023-11-28,7.153439,0.913325,83.345511,18.707919,28.93350991,148.634579,0.792949,4.894784912,1.513106
2023-11-29,7.127538,0.910332,83.320892,18.515885,28.91488393,147.583068,0.787665,4.896222121,1.509877
2023-11-30,7.136401,0.914829,83.354039,18.818315,28.85746958,147.461348,0.79012,4.938614948,1.513311
2023-12-01,7.143448,0.91954,83.321839,18.69692,28.91512644,148.174713,0.791218,4.923034483,1.51246
2023-12-04,7.138388,0.920133,83.382407,18.736382,28.89059625,146.73353,0.789382,4.892804564,1.504509
2023-12-05,7.143293,0.924471,83.376629,18.925303,28.92900065,147.111029,0.792484,4.958491264,1.524637
2023-12-06,7.157914,0.927816,83.343385,18.96465,28.940527,147.244387,0.794303,4.916867693,1.520783
2023-12-07,7.15421,0.928419,83.366447,18.759261,28.93203974,145.000464,0.796119,4.884783214,1.523257
2023-12-08,7.161455,0.927902,83.406792,18.897374,28.98209149,144.3166,0.795119,4.911663728,1.514986
2023-12-11,7.17728,0.929627,83.368783,19.098355,28.99247002,146.453472,0.795575,4.942734963,1.526448
2023-12-12,7.168364,0.925583,83.373288,18.909385,29.04155868,145.168456,0.795335,4.93585709,1.517771
2023-12-13,7.177714,0.927042,83.399926,19.08501,29.05339761,145.66608,0.798368,4.969778437,1.525169
2023-12-14,7.131239,0.915835,83.334554,18.56333,29.00201484,141.771224,0.787206,4.885886986,1.491712
2023-12-15,7.108716,0.913576,83.081491,18.253335,29.04851087,141.741275,0.784149,4.941074365,1.491321
2023-12-18,7.134365,0.915919,83.156256,18.531416,29.06090859,142.837516,0.790099,4.940007327,1.486078
2023-12-19,7.136563,0.912242,83.181445,18.479201,29.09386973,144.316731,0.785395,4.869093231,1.484492
2023-12-20,7.138249,0.913743,83.204952,18.376005,29.13285819,143.567251,0.79089,4.869060673,1.478984
2023-12-21,7.140672,0.910498,83.250023,18.334244,29.15678776,142.756988,0.790358,4.88828189,1.478922
2023-12-22,7.134174,0.907194,83.124376,18.42239,29.21564003,142.12102,0.786174,4.864737367,1.469382
2023-12-27,7.147402,0.903751,83.31315,18.46254,29.4025305,142.620877,0.784727,4.829100768,1.461365
2023-12-28,7.102843,0.899766,83.182473,18.535451,29.46742847,140.876372,0.783336,4.835252834,1.46176
2023-12-29,7.104887,0.904977,83.171493,18.414208,29.55031674,141.475113,0.786471,4.852307692,1.471765
2024-01-02,7.143483,0.912742,83.319642,18.588536,29.72654253,142.095655,0.790845,4.888828039,1.473804
2024-01-03,7.148732,0.915835,83.308911,18.804469,29.78093232,143.01676,0.791922,4.93259456,1.486949
2024-01-04,7.151465,0.912992,83.241578,18.649776,29.77147813,144.170547,0.787711,4.908335616,1.486351
2024-01-05,7.154107,0.915667,83.151726,18.817965,29.8404908,145.197326,0.789397,4.919329732,1.495925
2024-01-08,7.16216,0.913576,83.103874,18.726841,29.89365978,144.518546,0.787045,4.897405445,1.496254
2024-01-09,7.164625,0.914077,83.107404,18.681901,29.93903108,144.085923,0.785539,4.888025594,1.49351
2024-01-10,7.169377,0.913576,83.021652,18.649644,29.97323223,145.285949,0.785885,4.888361045,1.492235
2024-01-11,7.158369,0.910167,83.015382,18.597524,29.99699645,145.362701,0.784063,4.879038864,1.489852
2024-01-12,7.169713,0.91391,82.923597,18.681046,30.09550356,145.467008,0.785505,4.87196125,1.496527
2024-01-15,7.174874,0.913659,82.867063,18.666971,30.10004568,145.883965,0.786432,4.872818639,1.502878
2024-01-16,7.189579,0.918949,83.095938,18.886969,30.10696563,146.700974,0.791013,4.887336887,1.514795
2024-01-17,7.195182,0.919371,83.135515,19.061414,30.13726211,147.696975,0.788986,4.934540774,1.525421
2024-01-18,7.193655,0.91954,83.153563,18.93977,30.14804598,147.944828,0.788717,4.924229885,1.524506
2024-01-19,7.191237,0.918527,83.079361,19.003582,30.19252319,148.038946,0.788326,4.908974006,1.515569
2024-01-22,7.194582,0.918274,83.131772,19.177778,30.24251607,147.796143,0.785813,4.934618916,1.516988
2024-01-23,7.17007,0.919794,83.117642,19.041759,30.28007726,147.976453,0.786359,4.965139809,1.517016
2024-01-24,7.152315,0.917011,83.106282,18.832279,30.16689592,147.143512,0.784438,4.913984411,1.514901
2024-01-25,7.169099,0.918021,83.124484,18.893969,30.28477004,147.626916,0.785257,4.926466538,1.518131
2024-01-26,7.174501,0.919879,83.128507,18.789808,30.30493975,147.750897,0.785282,4.909024009,1.516236
2024-01-29,7.17934,0.923958,83.155779,18.758385,30.35285965,147.953433,0.787674,4.909359697,1.515107
2024-01-30,7.179237,0.921999,83.125115,18.894892,30.35985617,147.492163,0.789489,4.950857459,1.517795
2024-01-31,7.178094,0.922765,83.049737,18.754083,30.35747901,147.817662,0.788364,4.959767463,1.519609
2024-02-01,7.182171,0.924727,82.978546,18.711208,30.36646939,146.994637,0.789282,4.954503421,1.534492
2024-02-02,7.177341,0.918864,82.910962,18.650464,30.45437839,146.632362,0.783451,4.913259212,1.513186
2024-02-05,7.198027,0.930579,83.055556,19.00549,30.55211241,148.632049,0.796529,4.996649916,1.541225
2024-02-06,7.18896,0.930839,83.045239,18.921437,30.56176115,148.524621,0.795495,4.968816904,1.53728
2024-02-07,7.194599,0.927988,82.982554,18.901819,30.59948033,148.208983,0.79162,4.959168523,1.531552
2024-02-08,7.196505,0.929541,82.98615,18.956126,30.60448039,149.237777,0.793623,4.977319204,1.540156
2024-02-09,7.193557,0.928333,83.026643,19.016617,30.68297438,149.461567,0.793167,4.97929818,1.535741
2024-02-12,7.193632,0.928247,83.015038,18.997679,30.70361088,148.992853,0.792639,4.953680498,1.532071
2024-02-13,7.193644,0.926526,82.997313,18.825164,30.72398777,149.328268,0.788455,4.953673677,1.531178
2024-02-14,7.193597,0.933445,83.035564,19.040605,30.74927658,150.546066,0.795837,4.953701111,1.542145
2024-02-15,7.194266,0.930839,83.050358,19.023178,30.74066834,150.107046,0.797124,4.970771665,1.538211
2024-02-16,7.193629,0.928678,83.006594,18.88698,30.82754458,150.334324,0.794994,4.973161218,1.533897
2024-02-19,7.198404,0.927988,83.019673,18.959725,30.86859688,149.953601,0.792947,4.958518931,1.529232
2024-02-20,7.194779,0.925754,82.951768,18.947695,30.90399926,150.138863,0.793001,4.954730605,1.523514
2024-02-21,7.19123,0.925155,82.92349,18.821908,31.00647608,149.986123,0.792108,4.926727727,1.52521
2024-02-22,7.191811,0.922169,82.876245,19.059941,30.99326817,150.424198,0.789607,4.933511619,1.522962
2024-02-23,7.196972,0.92302,82.902898,19.260845,31.09119439,150.369208,0.787705,4.968709618,1.519937
2024-02-26,7.19683,0.921489,82.876428,19.305105,31.12255805,150.552893,0.787827,4.986269812,1.525986
2024-02-27,7.197863,0.92115,82.880895,19.134119,31.14701548,150.18423,0.788688,4.969141489,1.525884
2024-02-28,7.199019,0.925241,82.897391,19.231773,31.18865655,150.69393,0.791525,4.949759437,1.539508
2024-02-29,7.194532,0.923702,82.898393,19.306023,31.22732311,150.129318,0.791197,4.992979863,1.541105
2024-03-01,7.198465,0.924813,82.875705,19.176732,31.34597244,150.578008,0.791529,4.96217516,1.538611
2024-03-04,7.199336,0.921999,82.924488,19.028674,31.52646137,150.488659,0.789074,4.952793657,1.534206
2024-03-05,7.199189,0.921744,82.913172,18.975205,31.65950779,150.25348,0.788487,4.950963222,1.540142
2024-03-06,7.198915,0.919625,82.81773,18.88799,31.74296487,149.595365,0.786261,4.942983263,1.532739
2024-03-07,7.197063,0.917852,82.717302,18.781276,31.84295548,147.856815,0.784259,4.941257458,1.514548
2024-03-08,7.189352,0.914746,82.7264,18.642975,31.96496524,147.26491,0.779071,4.965331138,1.506495
2024-03-11,7.182043,0.915248,82.747117,18.696412,32.00164745,146.833242,0.779865,4.992586491,1.514369
2024-03-12,7.177538,0.916086,82.77391,18.67827,32.05368267,147.847197,0.782869,4.98580066,1.514566
2024-03-13,7.192431,0.91416,82.817442,18.697779,32.09946065,147.938568,0.781159,4.98272237,1.512204
2024-03-14,7.191213,0.915332,82.857666,18.641556,32.12320366,148.009153,0.781876,4.964485126,1.512952
2024-03-15,7.196107,0.918105,82.867242,18.684815,32.21786632,148.760558,0.784154,5.000091811,1.522126
2024-03-18,7.198127,0.918105,82.891113,18.900018,32.30123026,149.201249,0.785209,4.992838781,1.522494
2024-03-19,7.199189,0.921319,83.01686,18.927769,32.34346785,150.515939,0.787221,5.045697439,1.534089
2024-03-20,7.198266,0.922169,83.216525,18.866562,32.39035411,151.733678,0.787883,5.017890077,1.533844
2024-03-21,7.199046,0.916842,83.117264,18.72018,32.03859906,151.242321,0.785532,4.970202622,1.515999
2024-03-22,7.229511,0.923958,83.53414,18.996304,31.98826573,151.288922,0.79271,4.998521667,1.533863
2024-03-25,7.21126,0.922935,83.403784,18.909922,32.14877711,151.158283,0.790937,4.99021689,1.530226
2024-03-26,7.218609,0.921234,83.31322,18.912391,32.20101336,151.450944,0.790843,4.980838323,1.526854
2024-03-27,7.228365,0.924556,83.33395,18.927145,32.26747411,151.183432,0.792973,4.989737426,1.534763
2024-03-28,7.228194,0.924984,83.374803,18.983073,32.32698178,151.188604,0.790954,4.997872537,1.536121
2024-04-02,7.235929,0.930319,83.402177,18.829566,32.19211089,151.651316,0.795516,5.034328775,1.537073
2024-04-03,7.235741,0.927386,83.469814,18.795048,31.94083279,151.775944,0.79489,5.071037745,1.533803
2024-04-04,7.233782,0.921489,83.405455,18.678953,31.88951345,151.760044,0.790527,5.045245116,1.515481
2024-04-05,7.233742,0.922424,83.321004,18.606217,31.94465455,151.3698,0.791191,5.039479753,1.518402
2024-04-08,7.23293,0.923958,83.303151,18.624596,32.19818904,151.926453,0.79271,5.063845514,1.518341
2024-04-09,7.233183,0.920217,83.200055,18.483574,32.19177326,151.808227,0.788286,5.014171344,1.5098
2024-04-10,7.232781,0.92081,83.203039,18.494567,32.25865562,151.832413,0.787431,5.002762431,1.510037
2024-04-11,7.237021,0.932053,83.36145,18.7915,32.28036164,153.024513,0.797139,5.076707988,1.533041
2024-04-12,7.237514,0.938791,83.471649,18.767086,32.32576042,153.173113,0.801953,5.110965077,1.540837
2024-04-15,7.238551,0.938438,83.422485,18.962744,32.40343468,153.950826,0.801473,5.119463213,1.542887
2024-04-16,7.238413,0.940115,83.573846,19.000094,32.5016452,154.686472,0.803234,5.227695779,1.558522
2024-04-17,7.238767,0.940026,83.669863,19.059222,32.52998684,154.671931,0.802782,5.268283512,1.556308
2024-04-18,7.237944,0.936417,83.517183,19.052439,32.49695664,154.340294,0.801835,5.241408372,1.551362
2024-04-19,7.241059,0.938703,83.472074,19.223974,32.6015207,154.585563,0.803717,5.272223787,1.560312
2024-04-22,7.243416,0.940557,83.359669,19.137321,32.53790444,154.731001,0.811964,5.213224229,1.553518
2024-04-23,7.246862,0.936856,83.330991,19.237399,32.5845044,154.796702,0.806165,5.175754169,1.549185
2024-04-24,7.246023,0.935804,83.327251,19.189781,32.51890324,154.941044,0.804277,5.13344563,1.536684
2024-04-25,7.246455,0.932836,83.316698,18.971735,32.50699627,155.559701,0.799207,5.135261194,1.53125
2024-04-26,7.246407,0.933358,83.366716,18.85729,32.48422625,156.832182,0.799356,5.152884077,1.529961
2024-04-29,7.241325,0.932836,83.452425,18.703731,32.37901119,156.277985,0.797509,5.103171642,1.522575
2024-04-30,7.240996,0.93301,83.425546,18.723829,32.37964172,156.997574,0.797518,5.124836723,1.532282
2024-05-02,7.241073,0.934754,83.467751,18.666106,32.37474294,154.823331,0.79957,5.143484764,1.531688
2024-05-03,7.241065,0.930752,83.461467,18.517498,32.3419583,153.220402,0.796472,5.111317945,1.519918
2024-05-06,7.206941,0.927988,83.507331,18.408408,32.27050854,153.767632,0.794915,5.074517446,1.507795
2024-05-07,7.217815,0.92885,83.501765,18.495913,32.26899498,154.607096,0.797,5.074215122,1.513747
2024-05-08,7.228055,0.930839,83.497626,18.654845,32.25951783,155.589686,0.801294,5.090012101,1.524155
2024-05-09,7.226426,0.931793,83.495155,18.529258,32.22241893,155.907566,0.801295,5.142471114,1.518729
2024-05-10,7.224882,0.92773,83.512849,18.431487,32.23221078,155.738009,0.798358,5.133314779,1.514055
2024-05-13,7.234368,0.926355,83.495137,18.358962,32.20954145,155.859194,0.796878,5.139972209,1.510421
2024-05-14,7.234439,0.926269,83.512412,18.417469,32.24981475,156.437569,0.796434,5.133290107,1.512505
2024-05-15,7.220458,0.923191,83.497507,18.378231,32.28997415,155.492984,0.792467,5.153895864,1.505539
2024-05-16,7.217927,0.920302,83.498988,18.213786,32.20145408,154.914412,0.790079,5.125713234,1.499172
2024-05-17,7.227038,0.922169,83.353283,18.265216,32.26226485,155.809664,0.79016,5.131409074,1.501383
2024-05-20,7.23322,0.920726,83.29942,18.235153,32.20007366,155.832796,0.787662,5.118313231,1.497008
2024-05-21,7.235825,0.920471,83.313236,18.129142,32.19366716,156.351252,0.786451,5.096741532,1.498343
2024-05-22,7.240443,0.923361,83.299631,18.233056,32.18402585,156.54663,0.78638,5.138227147,1.50397
2024-05-23,7.239543,0.921319,83.236134,18.345126,32.22056385,156.532154,0.784734,5.135894601,1.504791
2024-05-24,7.243727,0.922509,83.121771,18.404613,32.2452952,157.084871,0.786356,5.140405904,1.512362
2024-05-27,7.243844,0.922254,83.131329,18.411141,32.18666421,156.847736,0.784561,5.168126902,1.505119
2024-05-28,7.245176,0.918949,83.178644,18.327789,32.18369785,156.717515,0.781842,5.159070024,1.499173
2024-05-29,7.249332,0.921065,83.383071,18.329189,32.22704246,157.262596,0.784102,5.17168647,1.507783
2024-05-30,7.236338,0.924642,83.285252,18.631623,32.27350902,156.726768,0.786916,5.203791031,1.510957
2024-05-31,7.240785,0.921489,83.418264,18.699502,32.22364541,157.132326,0.786629,5.198857353,1.50341
2024-06-03,7.24608,0.922339,83.125807,18.680502,32.19922524,156.880649,0.785602,5.253366538,1.50249
2024-06-04,7.237,0.920387,83.472158,18.682559,32.41757938,154.891855,0.783645,5.272342384,1.506121
2024-06-05,7.247517,0.919794,83.432671,18.935614,32.4058131,156.107432,0.782266,5.266648271,1.504139
2024-06-06,7.244823,0.920387,83.491486,18.985826,32.23773585,156.226415,0.783139,5.303543488,1.506489
2024-06-07,7.241329,0.9176,83.399706,18.794366,32.26738851,155.551477,0.781061,5.244815562,1.499816
2024-06-10,7.247769,0.929714,83.488657,18.708442,32.418836,156.879881,0.786212,5.317962068,1.515805
2024-06-11,7.254334,0.931966,83.573905,18.599627,32.37651445,156.999068,0.784697,5.355452004,1.515377
2024-06-12,7.253693,0.928936,83.556897,18.623874,32.37928472,157.315374,0.783697,5.379656294,1.512308
2024-06-13,7.252504,0.9273,83.560831,18.396235,32.29886869,157.251484,0.783272,5.402540801,1.505193
2024-06-14,7.255194,0.935804,83.535467,18.343534,32.64327157,157.027887,0.787994,5.36412128,1.511885
2024-06-17,7.256161,0.933532,83.541355,18.284354,32.85595594,157.869679,0.789516,5.399645258,1.516617
2024-06-18,7.255996,0.933271,83.423705,18.133271,32.64330378,158.10546,0.788987,5.438637424,1.512552
2024-06-19,7.256954,0.930319,83.432877,18.025119,32.5379105,157.949577,0.785701,5.440413062,1.50014
2024-06-20,7.260472,0.932923,83.610878,18.104861,32.81322885,158.428958,0.788441,5.403582424,1.499767
2024-06-21,7.260666,0.935629,83.565681,17.893058,32.85263847,158.888473,0.790896,5.436657934,1.499906
2024-06-24,7.25918,0.931966,83.48863,18.184716,32.89403541,159.524697,0.789655,5.431314073,1.505778
2024-06-25,7.262554,0.933358,83.428691,18.157271,32.962479,159.454919,0.788361,5.41487773,1.503547
2024-06-26,7.266629,0.935541,83.565348,18.172233,32.92749556,160.370474,0.790093,5.475161381,1.501824
2024-06-27,7.268605,0.934929,83.434929,18.381545,32.88332087,160.489903,0.790856,5.505516081,1.503179
2024-06-28,7.262774,0.934143,83.371789,18.212985,32.86950023,160.616534,0.79064,5.503503036,1.502008
2024-07-01,7.268218,0.930665,83.441135,18.149372,32.67808283,161.144718,0.789111,5.585481619,1.499209
2024-07-02,7.271321,0.932053,83.457638,18.469662,32.68776214,161.53416,0.789962,5.636965234,1.50247
2024-07-03,7.273378,0.929541,83.506228,18.50251,32.58049823,161.907418,0.787135,5.652816509,1.498699
2024-07-04,7.269907,0.925926,83.517593,18.321019,32.56814815,160.962963,0.783917,5.494907407,1.485741
2024-07-05,7.266722,0.923873,83.489006,18.234571,32.71082779,160.809313,0.781717,5.489560237,1.484941
2024-07-08,7.269589,0.922935,83.498385,18.146931,32.730503,160.932164,0.779049,5.469773881,1.48288
2024-07-09,7.271962,0.924727,83.494544,18.174588,32.91880895,161.087479,0.781311,5.462825966,1.485297
2024-07-10,7.276028,0.923788,83.511778,18.067529,32.8595843,161.468822,0.780767,5.398152425,1.483233
2024-07-11,7.265039,0.921234,83.571165,18.081069,32.86900046,161.575311,0.776647,5.416121603,1.480884
2024-07-12,7.252893,0.918274,83.524793,17.992195,33.02635445,158.741965,0.771616,5.427364555,1.476217
2024-07-15,7.261942,0.916842,83.586687,18.183185,33.05711928,158.008618,0.77056,5.44008435,1.475016
2024-07-16,7.266832,0.917263,83.573198,18.076225,33.09346909,158.365438,0.771033,5.432672904,1.483122
2024-07-17,7.259192,0.914578,83.559722,18.179257,33.09575636,156.584964,0.767468,5.44036949,1.483629
2024-07-18,7.257731,0.914913,83.634492,18.202196,33.08746569,156.468435,0.770128,5.498719122,1.485544
2024-07-19,7.269513,0.918274,83.67034,18.330762,33.04949495,157.58494,0.773921,5.537465565,1.494582
2024-07-22,7.273237,0.918442,83.659533,18.272226,32.97795738,156.869949,0.773466,5.601212344,1.50349
2024-07-23,7.274678,0.92081,83.708564,18.422468,32.92744015,156.206262,0.774153,5.579558011,1.509761
2024-07-24,7.276364,0.921829,83.70944,18.313237,32.86403024,154.157448,0.774087,5.600940265,1.514381
2024-07-25,7.218782,0.921574,83.763248,18.491291,33.09169662,152.631094,0.776703,5.68039812,1.533315
2024-07-26,7.251381,0.92081,83.747238,18.243186,32.96353591,154.548803,0.776961,5.632596685,1.52477
2024-07-29,7.258759,0.924471,83.733013,18.400758,33.01248035,153.86891,0.779745,5.654525284,1.52852
2024-07-30,7.251386,0.923873,83.724593,18.367979,33.093034,154.850333,0.778455,5.621119734,1.529933
2024-07-31,7.221463,0.923532,83.69505,18.230513,33.16263391,150.314001,0.779276,5.621906169,1.536295
2024-08-01,7.248401,0.92687,83.741311,18.179071,33.09491148,150.764668,0.781611,5.665029196,1.529428
2024-08-02,7.205814,0.922935,83.736041,18.186248,33.17203507,148.93401,0.784495,5.774803876,1.534749
2024-08-05,7.117089,0.91191,84.147821,18.576783,33.36202809,142.23965,0.78313,5.814244027,1.550976
2024-08-06,7.152634,0.91617,83.914338,18.471461,33.57508016,145.020614,0.787888,5.682821805,1.542556
2024-08-07,7.180461,0.915583,83.954404,18.342794,33.49075261,147.060978,0.785644,5.618018678,1.523805
2024-08-08,7.172278,0.914913,83.95151,18.389113,33.49798719,146.148216,0.787676,5.63074108,1.525801
2024-08-09,7.170468,0.916003,83.956215,18.335532,33.55088394,146.862691,0.785087,5.539708711,1.521389
2024-08-12,7.179771,0.915332,83.970252,18.219405,33.52796339,147.597254,0.783103,5.49180778,1.515789
2024-08-13,7.163206,0.914829,83.945659,18.170433,33.5549355,147.443052,0.781795,5.494556765,1.516055
2024-08-14,7.135584,0.907523,83.94818,18.083946,33.54796261,147.000635,0.778501,5.447318268,1.510391
2024-08-15,7.157933,0.908183,83.951049,18.00781,33.61611116,147.252747,0.777541,5.472890746,1.508401
2024-08-16,7.163726,0.909587,83.934419,17.918228,33.69547026,148.008004,0.774313,5.46770966,1.507822
2024-08-19,7.141382,0.905715,83.876913,17.838149,33.7304592,146.019382,0.772059,5.453763246,1.493162
2024-08-20,7.144713,0.902201,83.764435,17.799982,33.82389029,146.319018,0.768621,5.447131,1.484482
2024-08-21,7.134401,0.899604,83.895736,17.835282,33.90329255,145.969773,0.767389,5.473551637,1.483897
2024-08-22,7.138841,0.898069,83.949708,17.982667,33.93399192,146.061967,0.762847,5.526537943,1.486304
2024-08-23,7.136409,0.8992,83.903426,17.947217,34.00602464,146.003057,0.761919,5.566226059,1.485298
2024-08-26,7.122816,0.895817,83.905312,17.765565,34.01746842,144.172713,0.758264,5.494221983,1.477739
2024-08-27,7.12659,0.895897,83.922236,17.728275,34.032969,144.454399,0.756477,5.481634116,1.474736
2024-08-28,7.128992,0.899523,83.976343,17.797158,34.03697041,144.436449,0.757066,5.531888099,1.475848
2024-08-29,7.093525,0.901876,83.895202,17.708424,34.08585859,144.62482,0.759154,5.581890332,1.467713
2024-08-30,7.088031,0.901957,83.835573,17.620456,34.06250564,145.386489,0.758726,5.60611527,1.470281
2024-09-02,7.11301,0.904077,83.905162,17.91574,33.97649399,146.96682,0.761396,5.622005244,1.475635
2024-09-03,7.12406,0.906208,83.977345,17.974173,33.97797916,146.135025,0.761985,5.623561396,1.485637
2024-09-04,7.117466,0.904977,83.980543,17.918281,34.0479638,145.031674,0.762425,5.658190045,1.488688
2024-09-05,7.095521,0.901144,83.985492,17.784987,33.99044787,143.462197,0.759827,5.63044066,1.486708
2024-09-06,7.083671,0.900657,83.946681,17.731694,33.9897325,143.141493,0.759191,5.571016842,1.486355
2024-09-09,7.116635,0.905551,83.954541,17.899031,34.04772254,143.557004,0.763968,5.614416372,1.502852
2024-09-10,7.119028,0.906536,83.974708,17.900825,34.05928746,143.060466,0.763893,5.57791678,1.500408
2024-09-11,7.111654,0.905551,83.983519,17.875034,34.00977995,141.809291,0.764059,5.636602373,1.499593
2024-09-12,7.120643,0.907771,83.959695,17.947803,33.95243282,142.538126,0.766703,5.656227306,1.497549
2024-09-13,7.096291,0.902446,83.916614,17.794874,33.94531179,140.934934,0.762341,5.608428842,1.492826
2024-09-16,7.096261,0.898796,83.859428,17.641291,33.97806939,139.906525,0.757487,5.552040266,1.482294
2024-09-17,7.096328,0.897747,83.764252,17.63336,34.03689739,140.685878,0.756603,5.497441422,1.478768
2024-09-18,7.083513,0.898957,83.721233,17.5774,34.10904351,141.981302,0.757147,5.478425027,1.47429
2024-09-19,7.065884,0.896379,83.654536,17.430441,34.0250986,142.999283,0.752537,5.399784869,1.465758
2024-09-20,7.054988,0.895576,83.533942,17.524987,34.10863335,144.259359,0.751478,5.424502955,1.46767
2024-09-23,7.054411,0.899361,83.546632,17.38043,34.15280151,143.520101,0.751129,5.573882543,1.463621
2024-09-24,7.032246,0.89823,83.671068,17.324082,34.13850714,143.84263,0.747507,5.512440492,1.458457
2024-09-25,7.029837,0.893336,83.59389,17.145971,34.13346436,144.264785,0.747302,5.458638556,1.453993
2024-09-26,7.011475,0.896459,83.636934,17.246078,34.15705961,144.132676,0.747898,5.412102196,1.453788
2024-09-27,7.011113,0.896218,83.692418,17.126008,34.17601721,143.063273,0.74689,5.437175121,1.450081
2024-09-30,7.012415,0.893176,83.791533,17.172026,34.18122544,142.74741,0.746186,5.404072883,1.443909
2024-10-01,7.018492,0.902039,83.82735,17.281707,34.20395093,143.757893,0.750433,5.446238499,1.44687
2024-10-02,7.018517,0.903261,83.984283,17.397254,34.22698943,144.756571,0.752308,5.416041911,1.449553
2024-10-03,7.01848,0.905879,83.995833,17.485008,34.15572063,146.734306,0.763276,5.462813661,1.46064
2024-10-04,7.018497,0.906701,83.969082,17.482002,34.25170006,146.604407,0.759226,5.49188503,1.461692
2024-10-07,7.018485,0.910581,83.997268,17.390093,34.25368785,148.08778,0.764141,5.437989437,1.471044
2024-10-08,7.052358,0.910581,83.961482,17.463486,34.27253688,147.960299,0.762867,5.511564378,1.48361
2024-10-09,7.067172,0.912659,83.964133,17.640047,34.24632655,148.735968,0.76426,5.543761979,1.486082
2024-10-10,7.077936,0.914746,83.972283,17.598884,34.21304427,148.966337,0.765514,5.585528723,1.48884
2024-10-11,7.06546,0.914244,84.071585,17.465807,34.2818614,148.966904,0.765268,5.566465533,1.484092
2024-10-14,7.084929,0.91617,84.039395,17.555474,34.27558406,149.693083,0.766514,5.629225836,1.488594
2024-10-15,7.114922,0.917179,84.033752,17.577823,34.25818582,149.362561,0.764514,5.590112813,1.489131
2024-10-16,7.113059,0.917684,84.013949,17.55373,34.21014958,149.18785,0.76723,5.637514912,1.494999
2024-10-17,7.121756,0.920302,84.045647,17.725566,34.1588441,149.549052,0.768038,5.682771949,1.493466
2024-10-18,7.104729,0.921914,84.076703,17.587259,34.29243109,150.041486,0.76671,5.653913524,1.490274
2024-10-21,7.113056,0.921404,84.072607,17.615037,34.25439971,149.995393,0.767668,5.708375564,1.495439
2024-10-22,7.120599,0.924129,84.06894,17.575455,34.24812864,150.836337,0.770169,5.695961556,1.494963
2024-10-23,7.129098,0.928764,84.08749,17.679484,34.29460388,152.93025,0.772249,5.719606204,1.507662
2024-10-24,7.114897,0.92584,84.062587,17.674289,34.23645959,151.948894,0.770392,5.692713638,1.503009
2024-10-25,7.124527,0.923788,84.089607,17.609885,34.2891455,151.916859,0.770051,5.673903002,1.50679
2024-10-28,7.126918,0.924385,84.080237,17.736828,34.29552598,152.689961,0.769921,5.689591422,1.513404
2024-10-29,7.137089,0.92816,84.063486,17.733711,34.29469092,153.75905,0.770559,5.718674587,1.524318
2024-10-30,7.124734,0.924642,84.08969,17.710125,34.29079982,153.407305,0.771382,5.78492834,1.52196
2024-10-31,7.115971,0.918949,84.077375,17.631777,34.247381,152.821173,0.769647,5.755835324,1.521687
2024-11-01,7.110978,0.918695,84.0565,17.557281,34.33697749,152.080845,0.771686,5.770601746,1.518604
2024-11-04,7.094919,0.917095,84.114087,17.539252,34.34776229,151.751651,0.770937,5.809244314,1.514674
2024-11-05,7.103331,0.917684,84.111682,17.461411,34.34816922,152.271267,0.77012,5.784986694,1.509773
2024-11-06,7.178962,0.935016,84.320711,17.750538,34.25497896,154.324451,0.778149,5.808976157,1.52417
2024-11-07,7.154288,0.927214,84.316643,17.369309,34.24376449,153.648586,0.771303,5.654891052,1.501715
2024-11-08,7.169792,0.928333,84.37616,17.524786,34.35796509,152.413665,0.772261,5.758819161,1.509376
2024-11-11,7.202986,0.938879,84.399117,17.854755,34.33198761,153.807154,0.776265,5.809501455,1.51967
2024-11-12,7.231892,0.941886,84.382406,18.045022,34.38249976,154.196101,0.780211,5.757841198,1.52642
2024-11-13,7.209145,0.940822,84.383761,18.007903,34.36033493,154.962838,0.784768,5.741932449,1.533446
2024-11-14,7.240767,0.949397,84.462641,18.336276,34.36523308,155.928985,0.7895,5.802905155,1.546093
2024-11-15,7.227818,0.944912,84.424549,18.175659,34.42256449,155.305679,0.788576,5.79561561,1.544458
2024-11-18,7.244314,0.947688,84.416698,18.078848,34.54008719,155.174375,0.791888,5.78373768,1.549659
2024-11-19,7.239365,0.945358,84.414351,18.053507,34.55832861,153.819247,0.790679,5.78672717,1.537531
2024-11-20,7.245597,0.94679,84.36139,18.108881,34.46553683,155.671274,0.789434,5.773054346,1.536167
2024-11-21,7.239597,0.950029,84.472544,18.077522,34.48204446,154.408132,0.791117,5.821489645,1.533441
2024-11-22,7.247215,0.96043,84.449673,18.050519,34.5502305,154.475605,0.799126,5.808970419,1.538417
2024-11-25,7.243259,0.952835,84.28728,18.064983,34.58980467,154.016198,0.795283,5.806669843,1.535112
2024-11-26,7.248147,0.95039,84.299468,18.088861,34.64084775,153.136286,0.793385,5.797852119,1.538776
2024-11-27,7.249739,0.949577,84.411737,18.14557,34.65777229,151.600038,0.791948,5.820244991,1.542778
2024-11-28,7.247486,0.948587,84.471163,18.152153,34.60576741,151.669512,0.789509,5.965756024,1.539366
2024-11-29,7.241432,0.94679,84.571577,18.062583,34.68945276,150.198826,0.787777,6.093637569,1.538061
2024-12-02,7.273342,0.951746,84.706386,18.181974,34.71704578,150.128486,0.788979,6.026744075,1.542876
2024-12-03,7.285864,0.951294,84.681317,18.103501,34.75019026,149.638508,0.790744,6.071156773,1.542998
2024-12-04,7.270778,0.953107,84.761247,18.173751,34.75667175,151.15326,0.789459,6.049561571,1.561571
2024-12-05,7.26537,0.948767,84.681499,18.067078,34.72248577,150.398482,0.785579,5.99800759,1.553795
2024-12-06,7.263208,0.94509,84.692373,18.058407,34.79812872,150.505623,0.783055,6.005670542,1.559966
2024-12-09,7.264383,0.946253,84.868471,17.81936,34.81406132,150.832702,0.783545,6.042013626,1.549962
2024-12-10,7.253159,0.949938,84.879358,17.878218,34.84734492,151.743137,0.784222,6.061650993,1.562838
2024-12-11,7.263539,0.951746,84.847721,17.778053,34.87008661,152.612544,0.784791,6.037022937,1.572761
2024-12-12,7.270232,0.953198,84.876561,17.693928,34.87703746,152.130397,0.785702,5.907444476,1.564484
2024-12-13,7.274197,0.950751,84.798441,17.886575,34.94808899,153.498764,0.789532,6.035463016,1.567598
2024-12-16,7.283578,0.952562,84.895218,17.878834,34.96227853,154.057916,0.790103,6.038959802,1.572681
2024-12-17,7.284367,0.952653,84.919501,18.128608,34.99114033,153.977327,0.787349,6.152615033,1.576355
2024-12-18,7.284966,0.952744,84.947599,18.064215,35.01867378,153.887195,0.786204,6.149390244,1.581745
2024-12-19,7.297547,0.962001,85.118807,18.311688,35.07118807,156.873497,0.793122,6.285233285,1.599904
2024-12-20,7.29846,0.962464,85.038499,18.39307,35.18229066,156.775746,0.798508,6.080173244,1.604812
2024-12-23,7.29924,0.962186,85.118349,18.478014,35.21908977,157.182719,0.798566,6.149908592,1.603676
2024-12-24,7.296104,0.962001,85.16354,18.594805,35.25483405,157.046657,0.796585,6.193746994,1.604714
2024-12-27,7.299377,0.958313,85.491136,18.711931,35.21379971,157.786296,0.796339,6.189362722,1.607762
2024-12-30,7.299311,0.957488,85.473478,18.73717,35.3230563,157.573727,0.794236,6.200689391,1.604366
2024-12-31,7.299355,0.962557,85.603523,18.884204,35.3616325,156.954471,0.798133,6.184714602,1.6144
2025-01-02,7.299486,0.968898,85.754287,18.672512,35.31857378,157.000291,0.805329,6.220327488,1.610115
2025-01-03,7.318283,0.970968,85.769007,18.735508,35.36731722,157.073502,0.805836,6.16351102,1.607535
2025-01-06,7.316708,0.959141,85.61337,18.484941,35.32562824,156.579705,0.797027,6.104834069,1.587857
2025-01-07,7.326277,0.962186,85.742327,18.590975,35.35379582,157.663812,0.797797,6.07466564,1.593092
2025-01-08,7.331616,0.972195,85.895392,18.895295,35.38323935,158.409489,0.81084,6.13212133,1.613844
2025-01-09,7.332169,0.970403,85.85541,18.877632,35.34323144,157.748666,0.813275,6.112663755,1.61378
2025-01-10,7.331328,0.970497,86.011743,19.037752,35.40848214,158.055124,0.812238,6.055609472,1.616363
2025-01-13,7.331928,0.980584,86.699843,19.144538,35.49901942,157.109237,0.82526,6.090311826,1.625613
2025-01-14,7.331186,0.976086,86.571498,18.950024,35.49380185,157.764763,0.822723,6.080917521,1.6204
2025-01-15,7.331553,0.970874,86.421845,18.865922,35.48320388,157.038835,0.818573,6.056019417,1.613204
2025-01-16,7.331678,0.97352,86.587812,18.890966,35.44304907,156.211059,0.820269,6.034267913,1.613512
2025-01-17,7.328996,0.971062,86.616819,18.76947,35.56719751,155.593319,0.820091,6.070887551,1.61643
2025-01-20,7.31204,0.969368,86.538872,18.745735,35.58889104,156.417216,0.819969,6.076773943,1.611768
2025-01-21,7.284252,0.965531,86.594574,18.603457,35.62885005,155.701458,0.816385,6.052428309,1.606546
2025-01-22,7.26726,0.957579,86.382266,18.469501,35.65182419,155.817294,0.808829,6.007660634,1.589869
2025-01-23,7.288447,0.961169,86.436467,18.564302,35.65868897,156.26682,0.81188,5.95165321,1.594963
2025-01-24,7.24704,0.954927,86.258594,18.384263,35.69222689,156.512605,0.806083,5.907754011,1.58518
2025-01-27,7.246534,0.949668,86.305793,18.664482,35.73266857,154.045584,0.798727,5.923551757,1.585945
2025-01-28,7.246617,0.959601,86.551675,18.696766,35.76480184,155.320986,0.804798,5.90490356,1.602341
2025-01-29,7.251347,0.961908,86.566468,18.665833,35.77664486,155.348211,0.805339,5.847537514,1.607349
2025-01-30,7.25137,0.961261,86.606748,18.527156,35.7810247,154.109392,0.804431,5.91137172,1.605787
2025-01-31,7.251323,0.962186,86.591456,18.626768,35.85634562,154.902338,0.804465,5.838256519,1.607043
2025-02-03,7.251314,0.973331,87.0657,18.828596,35.98578937,154.633054,0.809188,5.851567062,1.62264
2025-02-04,7.251379,0.967586,87.093372,18.778133,35.95104015,155.316884,0.804915,5.818867925,1.608999
2025-02-05,7.272788,0.959509,87.372385,18.567166,35.91498753,152.801765,0.797208,5.788428325,1.590865
2025-02-06,7.288707,0.965251,87.606178,18.612162,35.89440154,152.46139,0.807799,5.803764479,1.597201
2025-02-07,7.288619,0.96367,87.514214,18.427773,35.97802833,152.038161,0.803248,5.768237448,1.592464
2025-02-10,7.305717,0.968992,87.474806,18.417539,35.99651163,152.054264,0.807006,5.777325581,1.593798
2025-02-11,7.307245,0.968617,86.737699,18.490314,36.05191786,152.344053,0.807391,5.801821,1.5926
2025-02-12,7.308968,0.96432,86.88621,18.456895,36.09652845,153.539055,0.803645,5.767791707,1.593539
2025-02-13,7.297113,0.962464,86.984697,18.524639,36.10683349,153.792108,0.801858,5.782868142,1.596824
2025-02-14,7.266749,0.954381,86.667303,18.377076,36.2174079,152.786791,0.794188,5.738404276,1.576064
2025-02-17,7.263057,0.954836,86.88246,18.439034,36.23450778,151.503867,0.793784,5.705719469,1.571279
2025-02-18,7.280176,0.957213,86.962764,18.43668,36.27433713,151.766057,0.794726,5.702689767,1.576146
2025-02-19,7.285509,0.958405,86.871765,18.525781,36.29921411,151.82097,0.793924,5.728867165,1.573606
2025-02-20,7.259121,0.957579,86.59006,18.431485,36.31389447,149.956909,0.793096,5.700086182,1.568706
2025-02-21,7.255901,0.955566,86.631438,18.389871,36.40926899,150.46345,0.790827,5.70960344,1.566555
2025-02-24,7.250048,0.955475,86.724919,18.348653,36.39795528,149.828015,0.79142,5.719185935,1.570227
2025-02-25,7.261027,0.952653,87.186625,18.373059,36.46203677,149.747547,0.789826,5.795846432,1.575498
2025-02-26,7.258987,0.953562,87.107371,18.390102,36.43806618,149.423095,0.790197,5.752741489,1.58501
2025-02-27,7.266107,0.954472,87.153765,18.416245,36.43046674,149.59435,0.78909,5.805574115,1.58805
2025-02-28,7.279032,0.960523,87.379695,18.43406,36.51772164,150.763615,0.793468,5.831524349,1.608011
2025-03-03,7.28925,0.955566,87.293837,18.640038,36.45360726,151.294792,0.788629,5.885332059,1.606402
2025-03-04,7.257175,0.947239,87.136781,18.525054,36.45401156,148.242872,0.7842,5.885384105,1.602633
2025-03-05,7.263419,0.935104,87.046288,18.442304,36.43304657,149.700767,0.780812,5.885356275,1.592482
2025-03-06,7.247777,0.926269,87.076695,18.30113,36.42395332,147.499074,0.776121,5.751018896,1.578084
2025-03-07,7.235977,0.921065,86.988579,18.17316,36.45500599,147.692733,0.774505,5.76743115,1.589574
2025-03-10,7.25846,0.922084,87.315629,18.241494,36.55398801,146.970954,0.773158,5.798709083,1.582112
2025-03-11,7.233229,0.916422,87.193457,18.263105,36.58999267,148.020528,0.773222,5.836510264,1.590634
2025-03-12,7.243064,0.918611,87.201451,18.395003,36.60903913,149.026272,0.77235,5.841172148,1.588922
2025-03-13,7.247738,0.923361,87.045245,18.428255,36.60747922,148.328717,0.773573,5.820129271,1.59409
2025-03-14,7.238681,0.918358,86.936817,18.16806,36.67747268,148.663789,0.773101,5.756543301,1.582974
2025-03-17,7.233697,0.917179,86.793543,18.141521,36.66697239,148.821425,0.770669,5.708337155,1.573879
2025-03-18,7.227239,0.915919,86.558436,18.051291,36.65506503,149.752702,0.770956,5.687030592,1.570526
2025-03-19,7.230063,0.917684,86.317794,18.119666,37.99183261,149.830229,0.77157,5.683123796,1.57915
2025-03-20,7.244623,0.923105,86.357426,18.190898,37.99879996,148.481492,0.772547,5.656050955,1.591618
2025-03-21,7.248268,0.923617,86.025677,18.179643,38.00942089,148.693082,0.773668,5.718204489,1.592316
2025-03-24,7.253603,0.923873,85.568644,18.123429,38.0,149.805987,0.77294,5.757021434,1.591186
2025-03-25,7.258291,0.923788,85.702356,18.164619,37.97496536,149.949192,0.771963,5.732193995,1.581801
2025-03-26,7.265573,0.926956,85.652021,18.258621,38.00899147,150.352243,0.775148,5.725806452,1.582963
2025-03-27,7.265739,0.927214,85.732035,18.271766,38.01019935,150.718591,0.772536,5.763004172,1.585628
2025-03-28,7.265444,0.926183,85.529314,18.163657,38.00935445,150.634435,0.772048,5.765675651,1.585626
2025-03-31,7.253074,0.924642,85.432732,18.380213,37.94720296,149.422099,0.772409,5.779657883,1.601294
2025-04-01,7.270208,0.926956,85.635892,18.329718,37.93112718,149.175009,0.775538,5.717371153,1.599462
2025-04-02,7.269184,0.925669,85.496621,18.609831,37.91289457,149.236323,0.772517,5.666203832,1.587152
2025-04-03,7.291971,0.901144,85.277552,18.880959,37.93547806,146.138596,0.75843,5.624132648,1.572317
2025-04-04,7.282084,0.904404,85.399295,19.063851,38.01193814,145.211178,0.768608,5.734557294,1.636791
2025-04-07,7.308744,0.911826,85.765478,19.39865,38.01112428,146.421081,0.780414,5.87352968,1.657153
2025-04-08,7.338721,0.913242,86.221461,19.34274,38.01050228,146.712329,0.782137,5.864018265,1.650502
2025-04-09,7.349842,0.905387,86.675419,19.716161,38.00995926,144.508828,0.782571,6.054775917,1.665097
2025-04-10,7.321512,0.902364,86.161343,19.425194,37.91075618,145.533297,0.773822,5.855170547,1.615683
2025-04-11,7.299401,0.881368,86.096422,19.283272,38.05834655,142.843293,0.763952,5.831041777,1.604178
2025-04-14,7.312648,0.878966,85.993496,18.926958,38.05317746,143.245144,0.759277,5.844071372,1.585128
2025-04-15,7.314995,0.88308,85.884581,18.945691,38.13396326,142.926528,0.755652,5.846608972,1.571353
2025-04-16,7.306121,0.880669,85.653457,18.851079,38.12426244,142.747688,0.754011,5.871510348,1.569
2025-04-17,7.297535,0.880282,85.403609,18.831602,38.08133803,142.588028,0.755924,5.881161972,1.570863
2025-04-22,7.313437,0.871384,85.208261,18.623127,38.2597595,140.336354,0.748153,5.796096201,1.563698
2025-04-23,7.288568,0.87604,85.399737,18.600613,38.28961892,141.638195,0.751581,5.705387648,1.560578
2025-04-24,7.289469,0.879044,85.336937,18.709388,38.31223629,142.54571,0.751582,5.6854782,1.566719
2025-04-25,7.28828,0.880514,85.42793,18.808488,38.41586687,143.347715,0.751167,5.685128115,1.567051
2025-04-28,7.298028,0.880437,85.025973,18.62872,38.44391618,143.335094,0.749604,5.695633034,1.563568
2025-04-29,7.272927,0.879275,85.133826,18.547613,38.43831883,142.688824,0.747208,5.656027433,1.561066
2025-04-30,7.265893,0.879275,84.530027,18.561066,38.47480876,143.040535,0.748967,5.613206718,1.564934
2025-05-02,7.271357,0.881601,84.300538,18.377678,38.56792736,144.52085,0.75227,5.665520585,1.553381
2025-05-05,7.271357,0.881601,84.294719,18.309001,38.58432513,143.868465,0.750683,5.643921361,1.542096
2025-05-06,7.217219,0.883002,84.378366,18.264636,38.6009713,142.728477,0.747815,5.698719647,1.547196
2025-05-07,7.225264,0.880282,84.764525,18.288292,38.64366197,143.389085,0.749208,5.70096831,1.545158
2025-05-08,7.237674,0.885191,85.502346,18.149951,38.63353103,144.684429,0.750288,5.74621581,1.558378
2025-05-09,7.240491,0.888731,85.385265,18.204319,38.74857803,145.183079,0.753377,5.65650551,1.561678
2025-05-12,7.203223,0.900414,84.856834,18.311543,38.77201513,148.082118,0.758959,5.672789483,1.56528
2025-05-13,7.201314,0.899928,85.339273,18.382829,38.77771778,148.137149,0.756479,5.665046796,1.560565
2025-05-14,7.204744,0.891742,85.389513,18.248974,38.75075798,146.254682,0.750401,5.611467808,1.546281
2025-05-15,7.211533,0.894055,85.513634,18.078587,38.69360751,145.999106,0.753152,5.628430934,1.560751
2025-05-16,7.205557,0.893336,85.599428,18.105056,38.83526889,145.658388,0.752814,5.68608183,1.559585
2025-05-19,7.212307,0.887942,85.435535,18.047239,38.84265672,144.96537,0.747558,5.669774463,1.551323
2025-05-20,7.219464,0.889601,85.565341,17.976426,38.84956854,144.640157,0.748866,5.643981852,1.560181
2025-05-21,7.203427,0.883314,85.564438,17.914142,38.82413214,143.768218,0.746047,5.669993817,1.551895
2025-05-22,7.204616,0.884251,85.975329,18.026262,38.91237068,143.416748,0.745159,5.661420108,1.55699
2025-05-23,7.184939,0.884877,85.436687,17.9854,39.03017432,142.580303,0.741704,5.727015308,1.554641
2025-05-26,7.186978,0.878657,85.088305,17.848168,38.9020297,142.896055,0.737369,5.648888498,1.536596
2025-05-27,7.195227,0.880592,85.398468,17.914759,38.99894329,144.170483,0.738024,5.664934836,1.551955
2025-05-28,7.192896,0.883626,85.391446,17.912256,39.06909958,144.411063,0.742069,5.65361845,1.553415
2025-05-29,7.188458,0.886446,85.468753,17.851166,39.11444021,144.907366,0.742576,5.685311586,1.552433
2025-05-30,7.194285,0.881912,85.567334,17.897434,39.24102655,143.716377,0.741864,5.679954141,1.55631
2025-06-02,7.199755,0.875733,85.383571,17.929241,39.18950871,142.727034,0.738594,5.693580874,1.541816
2025-06-03,7.187862,0.878272,85.624012,17.909099,39.13007202,143.158265,0.74091,5.67697172,1.549271
2025-06-04,7.188598,0.878426,85.891602,17.847681,39.11981729,144.193605,0.739722,5.622101195,1.541813
2025-06-05,7.1792,0.875427,85.826841,17.749715,39.33555108,143.272345,0.737022,5.631182702,1.536374
2025-06-06,7.182105,0.876347,85.738323,17.766716,39.23608799,144.264306,0.73841,5.581018316,1.54167
2025-06-09,7.181683,0.876424,85.665206,17.739702,39.22743208,144.50482,0.7383,5.55687993,1.534969
2025-06-10,7.184793,0.874967,85.577828,17.672937,39.22714148,144.570829,0.740572,5.560328988,1.53373
2025-06-11,7.187265,0.874661,85.538354,17.762617,39.19041371,145.34243,0.741363,5.577888568,1.537479
2025-06-12,7.176212,0.862515,85.537174,17.809988,39.32646196,143.729515,0.736415,5.536311885,1.535191
2025-06-13,7.182245,0.868659,86.092773,18.012509,39.43485059,144.14524,0.738794,5.560024322,1.544215
2025-06-16,7.180059,0.864006,86.036375,17.780888,39.39588733,144.193883,0.736392,5.532486608,1.532055
2025-06-17,7.182832,0.864454,86.252593,17.817514,39.38545989,144.666321,0.736947,5.486687414,1.529478
2025-06-18,7.188304,0.868961,86.423358,18.076208,39.53936392,144.829684,0.743135,5.480100799,1.538321
2025-06-19,7.187315,0.871232,86.738543,18.089127,39.55863391,145.669977,0.744119,5.49154905,1.545914
2025-06-20,7.176987,0.868432,86.615284,17.989579,39.67902736,145.610074,0.741381,5.483716891,1.541815
2025-06-23,7.186367,0.871688,86.763424,18.107479,39.72977685,147.550558,0.746775,5.542276848,1.565812
2025-06-24,7.17343,0.861549,86.027139,17.733781,39.63866632,144.972861,0.734643,5.480572069,1.536487
2025-06-25,7.174513,0.862218,86.10019,17.795137,39.73754096,145.775134,0.735127,5.532850491,1.539403
2025-06-26,7.170757,0.855066,85.742625,17.799829,39.77469004,144.437794,0.729799,5.555365541,1.531082
2025-06-27,7.171822,0.854409,85.507519,17.802717,39.88533835,144.600137,0.728725,5.478383459,1.530417
2025-06-30,7.164676,0.853242,85.802474,17.782509,39.73395904,144.343003,0.729949,5.493515358,1.531399
2025-07-01,7.162066,0.84674,85.565199,17.583912,39.85469941,142.845047,0.72718,5.428873836,1.518628
2025-07-02,7.16929,0.850702,85.6661,17.657933,39.76699277,144.151425,0.732029,5.474691621,1.525649
2025-07-03,7.161518,0.848752,85.37727,17.52716,39.85859786,143.931421,0.732388,5.431335936,1.521643
2025-07-04,7.162828,0.849834,85.406646,17.621994,39.85246877,144.403841,0.732982,5.416248831,1.525283
2025-07-07,7.173261,0.85266,85.928121,17.751279,39.99957367,145.55764,0.734226,5.442274898,1.538455
2025-07-08,7.174091,0.853388,85.67119,17.784434,40.02338283,146.526711,0.736644,5.464157706,1.529698
2025-07-09,7.180116,0.854847,85.715507,17.83946,40.04864079,146.717388,0.73628,5.461959309,1.533425
2025-07-10,7.174823,0.854044,85.762661,17.773081,40.01802033,146.323341,0.736784,5.610214365,1.526433
2025-07-11,7.167765,0.855945,85.822135,17.961568,40.17427031,147.059831,0.740991,5.56543696,1.521613
2025-07-14,7.167237,0.855432,86.001711,17.869204,40.2219846,147.365269,0.741403,5.561420017,1.523182
2025-07-15,7.172996,0.857265,85.864123,17.81243,40.2155165,147.94685,0.744021,5.60025718,1.524646
2025-07-16,7.180572,0.86192,85.996811,17.912257,40.25780038,148.732977,0.746337,5.563609722,1.533701
2025-07-17,7.181708,0.863632,86.080404,17.899041,40.28378962,148.786596,0.746524,5.581138268,1.547888
2025-07-18,7.17794,0.858369,86.138197,17.712532,40.33253219,148.446352,0.743004,5.553562232,1.532361
2025-07-21,7.176309,0.857118,86.282678,17.71398,40.35810405,147.441502,0.741922,5.587468929,1.532785
2025-07-22,7.174972,0.854774,86.425421,17.577913,40.42542098,147.166424,0.741516,5.572527566,1.533806
2025-07-23,7.160242,0.852806,86.421201,17.561402,40.45446017,146.281767,0.738956,5.568650861,1.515947
2025-07-24,7.157366,0.850629,86.39248,17.596632,40.47745832,146.495407,0.737921,5.522541681,1.511654
2025-07-25,7.168714,0.852951,86.509724,17.733367,40.55390652,147.654384,0.743347,5.523456158,1.522689
2025-07-28,7.173932,0.858074,86.695984,17.848121,40.5391282,148.146559,0.744723,5.57902866,1.53192
2025-07-29,7.177491,0.867077,86.849042,17.96497,40.57452528,148.773086,0.750022,5.593514263,1.539322
2025-07-30,7.18166,0.867528,87.488505,17.868136,40.58089702,148.312657,0.747983,5.587056476,1.542032
2025-07-31,7.194653,0.873668,87.624498,18.118994,40.59444347,149.851476,0.755635,5.58264896,1.551808
2025-08-01,7.211768,0.876885,87.504384,18.32322,40.66853736,150.482287,0.759821,5.623377762,1.556998
2025-08-04,7.176221,0.864678,87.656291,18.02179,40.67652399,147.384349,0.752616,5.536013835,1.543104
2025-08-05,7.187424,0.866101,87.778884,18.023385,40.66421271,147.600901,0.752901,5.52139269,1.546856
2025-08-06,7.185712,0.861772,87.722768,17.813513,40.66003102,147.552568,0.751206,5.506290934,1.537746
2025-08-07,7.179163,0.858885,87.49592,17.724985,40.64158722,147.384695,0.744911,5.461049558,1.533282
2025-08-08,7.183808,0.858516,87.620622,17.709907,40.69067651,147.819368,0.74442,5.42814217,1.533053
2025-08-11,7.18465,0.860437,87.738341,17.766563,40.70383755,147.87472,0.744794,5.446308725,1.536569
2025-08-12,7.187317,0.861623,87.705756,17.715061,40.74090987,148.457694,0.742805,5.43822161,1.541186
2025-08-13,7.174451,0.853898,87.448126,17.515669,40.74442832,147.271796,0.736999,5.390487576,1.526087
2025-08-14,7.170573,0.855432,87.571429,17.577759,40.78742515,146.5355,0.736527,5.397775877,1.532763
2025-08-15,7.179073,0.855578,87.461499,17.585986,40.89621834,146.99692,0.73768,5.401009582,1.535507
2025-08-18,7.178789,0.856678,87.379851,17.613638,40.86481624,147.579885,0.738542,5.408035638,1.536109
2025-08-19,7.179079,0.856018,87.087656,17.615819,40.85944188,147.808594,0.739599,5.441105975,1.540318
2025-08-20,7.176122,0.858295,87.057334,17.702257,40.90078105,147.429405,0.741996,5.483477813,1.553
2025-08-21,7.178194,0.85918,87.263511,17.702552,40.93487413,147.856345,0.743535,5.485952401,1.556663
2025-08-22,7.178928,0.861475,87.537043,17.62879,40.88645762,148.690558,0.745434,5.467091661,1.556513
2025-08-25,7.15645,0.85492,87.559631,17.5551,40.99127982,147.354022,0.740275,5.429084381,1.539284
2025-08-26,7.15743,0.857927,87.617536,17.639671,41.02625257,147.366163,0.741421,5.404255319,1.540494
2025-08-27,7.161822,0.862589,87.758992,17.762184,41.03726387,148.046235,0.74407,5.438713016,1.545415
2025-08-28,7.131381,0.856458,87.575797,17.627355,41.04196643,146.865365,0.739723,5.408273381,1.531346
2025-08-29,7.13287,0.85778,88.182793,17.735289,41.13364213,147.297993,0.743524,5.425716246,1.532424
2025-09-01,7.134528,0.853606,88.196756,17.579855,41.11463935,147.221511,0.739394,5.427827571,1.526675
2025-09-02,7.144256,0.858664,88.081315,17.726172,41.1548171,148.634724,0.747209,5.474583548,1.536751
2025-09-03,7.145628,0.858148,88.03055,17.629967,41.1674247,148.605509,0.745473,5.453531279,1.529477
2025-09-04,7.140723,0.85859,88.113248,17.791706,41.17480896,148.330042,0.743797,5.459345754,1.534301
2025-09-05,7.137642,0.85492,88.245704,17.66641,41.18748397,147.978114,0.7419,5.425322732,1.527742
2025-09-08,7.12986,0.85266,88.033339,17.567275,41.26492156,147.842769,0.739171,5.405866303,1.51765
2025-09-09,7.121509,0.851499,88.169704,17.484588,41.27503406,146.764305,0.737653,5.421066076,1.513198
2025-09-10,7.122832,0.85419,88.120355,17.570684,41.28495772,147.492953,0.738874,5.431109593,1.513624
2025-09-11,7.12469,0.855798,88.430466,17.545828,41.29413778,147.950364,0.740009,5.417115961,1.514506
2025-09-12,7.122461,0.853388,88.273426,17.385731,41.37028503,147.917733,0.738437,5.398532173,1.505888
2025-09-15,7.121792,0.849907,88.147629,17.322285,41.27018528,147.356791,0.734404,5.334778174,1.50085
2025-09-16,7.115271,0.846955,88.050733,17.358262,41.29457102,146.989074,0.733124,5.309477429,1.498941
2025-09-17,7.104165,0.844809,87.851229,17.385909,41.29348653,146.388443,0.732872,5.298132973,1.497677
2025-09-18,7.105517,0.846167,88.114317,17.353444,41.3012354,147.436114,0.734473,5.27297343,1.504569
2025-09-19,7.115712,0.852079,88.160361,17.385651,41.39502386,148.082822,0.74199,5.331203136,1.516871
2025-09-22,7.11213,0.848824,88.276038,17.303709,41.38816739,147.839742,0.740939,5.342755284,1.516425
2025-09-23,7.111761,0.847961,88.774527,17.318324,41.41202408,147.799542,0.740185,5.339353854,1.513949
2025-09-24,7.127084,0.850629,88.707469,17.296614,41.45023818,148.443348,0.742685,5.294317795,1.513355
2025-09-25,7.124116,0.851861,88.68856,17.347815,41.47116449,148.820172,0.745208,5.318766505,1.519039
2025-09-26,7.137423,0.856751,88.716158,17.450308,41.56973955,149.751542,0.748801,5.359150103,1.531957
2025-09-29,7.121215,0.853024,88.750576,17.288237,41.57928858,148.75032,0.744093,5.332679348,1.523416
2025-09-30,7.119581,0.851716,88.795503,17.274508,41.58308492,147.994208,0.743889,5.317434631,1.512648
2025-10-01,7.119584,0.852951,88.725691,17.183129,41.59211873,147.108495,0.742409,5.310815421,1.513221
2025-10-02,7.119534,0.850774,88.718564,17.185554,41.60940956,146.784074,0.74196,5.312404288,1.513187
2025-10-03,7.119567,0.852224,88.787285,17.25669,41.68467701,147.349582,0.743651,5.341060167,1.514488
2025-10-06,7.119541,0.856311,88.780613,17.248501,41.6932694,150.042816,0.744562,5.342267512,1.515499
2025-10-07,7.119578,0.857192,88.755786,17.198268,41.70504029,150.908623,0.746014,5.328304475,1.517915
2025-10-08,7.119549,0.860067,88.756773,17.186721,41.71462974,152.68771,0.745764,5.35718586,1.521373
2025-10-09,7.122384,0.861252,88.797261,17.102317,41.72457153,152.786151,0.747825,5.329170614,1.515804
2025-10-10,7.122839,0.864454,88.710494,17.213174,41.82538036,152.541494,0.752853,5.366701245,1.525761
2025-10-13,7.132077,0.864379,88.690466,17.363212,41.80534186,152.113407,0.750022,5.475321981,1.536434
2025-10-14,7.139964,0.865576,88.793214,17.463083,41.82826971,152.099022,0.75409,5.499523933,1.5499
2025-10-15,7.126398,0.860437,88.058424,17.320943,41.84081914,151.548787,0.74901,5.463775598,1.534934
2025-10-16,7.125848,0.858443,87.92729,17.316765,41.85329213,151.283372,0.744785,5.448021289,1.538845
2025-10-17,7.122335,0.856091,87.995035,17.378307,41.94931941,150.415204,0.744371,5.432497218,1.540536
2025-10-20,7.123466,0.858001,87.903475,17.320978,41.95838696,150.759331,0.745689,5.406435006,1.541399
2025-10-21,7.118635,0.861549,87.970449,17.329887,41.96726114,152.020333,0.747652,5.386921685,1.540881
2025-10-22,7.126607,0.863036,88.413912,17.460257,42.00863036,151.825321,0.749892,5.386294986,1.541728
2025-10-23,7.124385,0.862589,87.821013,17.347969,42.08392996,152.626585,0.749677,5.385491245,1.537566
2025-10-24,7.12246,0.861178,87.803996,17.328195,41.97847055,152.90217,0.751464,5.388391319,1.538236
2025-10-27,7.107474,0.859107,88.244845,17.186684,41.92001718,152.860825,0.749227,5.367439863,1.524656
2025-10-28,7.101376,0.859845,88.315391,17.250559,41.96337059,152.287188,0.753224,5.376956148,1.525795
2025-10-29,7.099433,0.859402,88.231351,17.105792,41.94534204,152.174287,0.756875,5.34719835,1.515211
2025-10-30,7.114286,0.865801,88.717576,17.352468,41.98787879,154.4329,0.761991,5.392900433,1.530043
2025-10-31,7.11615,0.865501,88.719924,17.349143,42.04881426,154.18037,0.763026,5.380907045,1.529514
2025-11-03,7.120636,0.868508,88.774101,17.308755,42.04820219,154.220948,0.761247,5.359041167,1.528313
2025-11-04,7.125315,0.870246,88.70899,17.469759,42.08650248,153.502741,0.765382,5.384474806,1.539553
2025-11-05,7.127132,0.870171,88.641664,17.443265,42.09162896,153.733032,0.76662,5.400887574,1.54229
2025-11-06,7.119483,0.867077,88.574092,17.34475,42.12043701,153.602705,0.763635,5.338333478,1.534466
2025-11-07,7.120837,0.864977,88.67572,17.34798,42.2114869,153.092293,0.762131,5.363463368,1.542946
2025-11-10,7.119264,0.86423,88.679457,17.186414,42.22444041,154.100769,0.758621,5.313974592,1.530551
2025-11-11,7.118531,0.863931,88.492441,17.16622,42.23473002,154.177106,0.760605,5.286911447,1.532441
2025-11-12,7.116534,0.863856,88.603576,17.046216,42.24438493,154.794402,0.76218,5.268918452,1.52868
2025-11-13,7.096136,0.860659,88.688786,17.00284,42.25423875,154.548584,0.759015,5.282984766,1.52526
2025-11-14,7.096068,0.858516,88.673163,17.132641,42.33035714,153.863324,0.759444,5.302541209,1.532194
2025-11-17,7.107565,0.862589,88.604761,17.077374,42.3282153,154.895195,0.758647,5.304321573,1.535237
2025-11-18,7.11044,0.862813,88.562554,17.234771,42.33615186,155.25453,0.761087,5.340207075,1.538395
2025-11-19,7.110334,0.863334,88.504274,17.156868,42.35672969,156.133989,0.762065,5.335405335,1.541311
2025-11-20,7.113775,0.868508,88.712871,17.23884,42.37015807,157.608129,0.76559,5.331075213,1.543599
2025-11-21,7.109809,0.868056,89.637847,17.358507,42.44453125,156.736111,0.764149,5.371440972,1.551476
2025-11-24,7.088791,0.866251,89.149342,17.280146,42.34727997,156.981982,0.762647,5.382623008,1.548683
2025-11-25,7.085534,0.865726,89.199463,17.217643,42.42680287,156.194269,0.7608,5.36550948,1.547658
2025-11-26,7.079468,0.863782,89.199706,17.142438,42.4513259,156.422216,0.758055,5.376349659,1.539086
2025-11-27,7.083376,0.863111,89.402296,17.17314,42.44035905,156.31797,0.755567,5.34766097,1.53228
2025-11-28,7.075566,0.864603,89.478212,17.115857,42.49602283,156.12139,0.756701,5.339097354,1.532163
2025-12-01,7.071784,0.858664,89.543448,17.075562,42.45629401,154.799931,0.753735,5.346642624,1.52327
2025-12-02,7.071035,0.86103,89.952213,17.103668,42.41441364,156.07026,0.757362,5.358188393,1.526003
2025-12-03,7.06385,0.857045,90.167552,17.081248,42.44497772,155.365101,0.751286,5.318563593,1.516969
2025-12-04,7.071661,0.857192,89.870564,16.980885,42.44753986,154.765987,0.749614,5.305331733,1.513544
2025-12-05,7.070245,0.858738,89.938171,16.931644,42.51369687,155.225419,0.74942,5.3112924,1.506741
2025-12-08,7.068039,0.858001,90.0429,16.964221,42.56713857,155.546976,0.750408,5.417074217,1.505706
2025-12-09,7.064278,0.859328,89.842743,17.071496,42.58313998,156.363324,0.750623,5.464294921,1.506574
2025-12-10,7.062489,0.85955,89.909575,17.02742,42.60099708,156.713082,0.751332,5.457108475,1.505329
2025-12-11,7.05805,0.853679,90.319703,16.940925,42.61627113,155.583063,0.747055,5.445535257,1.502561
2025-12-12,7.054727,0.852442,90.525531,16.855852,42.57002813,155.988407,0.747336,5.401500298,1.499787
2025-12-15,7.047052,0.850847,90.745342,16.777163,42.69888539,155.126351,0.746958,5.387730792,1.503361
2025-12-16,7.042289,0.849185,90.921365,16.759935,42.71467391,154.611073,0.744226,5.431810462,1.506199
2025-12-17,7.043934,0.853097,90.366405,16.733322,42.72376728,155.587784,0.749445,5.502303361,1.510322
2025-12-18,7.0413,0.853315,90.262394,16.777285,42.73393634,155.772677,0.746309,5.547572318,1.513269
2025-12-19,7.041069,0.853825,89.697746,16.776383,42.80917008,157.231899,0.747951,5.52954235,1.5146
2025-12-22,7.037037,0.851426,89.646658,16.699276,42.80928054,157.318008,0.744317,5.529416773,1.504215
2025-12-23,7.028084,0.848464,89.553623,16.634482,42.82988291,156.024096,0.740624,5.587222128,1.493891
2025-12-24,7.014423,0.848392,89.739119,16.636209,42.8499194,155.959956,0.740562,5.520997709,1.492068
2025-12-29,7.006459,0.849907,89.899711,16.655618,42.9354921,156.357301,0.741628,5.570712222,1.494391
2025-12-30,6.99294,0.850557,89.80182,16.634431,42.92310964,156.060219,0.741005,5.522582291,1.492132
2025-12-31,7.001021,0.851064,89.869362,16.548,42.96493617,156.67234,0.742638,5.477787234,1.496255
2026-01-02,6.993687,0.85317,90.196229,16.514035,43.02806928,156.932002,0.743879,5.438358502,1.493729
2026-01-05,6.985425,0.857339,90.291495,16.483882,43.0420096,156.83299,0.743827,5.441529492,1.499657
2026-01-06,6.984368,0.85419,90.151619,16.396259,43.04211156,156.43632,0.739985,5.398564961,1.488169
2026-01-07,6.991185,0.855871,89.852362,16.454296,43.04270798,156.547415,0.741527,5.391561109,1.486392
2026-01-08,6.981842,0.856531,89.925482,16.514861,43.0482227,156.719486,0.744069,5.379957173,1.493191
2026-01-09,6.982305,0.858959,90.219464,16.574987,43.10608143,157.636145,0.745319,5.388507129,1.49811
2026-01-12,6.973059,0.855286,90.16336,16.388813,43.12931919,157.731782,0.741875,5.376582278,1.488967
2026-01-13,6.975631,0.858074,90.224644,16.454007,43.15608375,158.846748,0.743093,5.383216063,1.492535
2026-01-14,6.973393,0.858295,90.302807,16.395159,43.17998455,158.630161,0.74397,5.368122908,1.497726
2026-01-15,6.967309,0.860289,90.299983,16.372075,43.18969374,158.559876,0.746215,5.381710255,1.495354
2026-01-16,6.9697,0.860807,90.726521,16.388224,43.28002066,158.104502,0.74632,5.372385297,1.492984
2026-01-19,6.963374,0.859771,90.874817,16.417419,43.27211762,157.93139,0.745508,5.36669246,1.491015
2026-01-20,6.958902,0.85266,90.959243,16.441081,43.27293656,157.895634,0.74369,5.389580491,1.485334
2026-01-21,6.963881,0.851861,91.641111,16.310589,43.29823665,157.790272,0.744868,5.347389045,1.477128
2026-01-22,6.975739,0.854263,91.590637,16.218606,43.28361524,158.790364,0.745088,5.31505211,1.469076
2026-01-23,6.964572,0.851644,91.861693,16.145631,43.35581673,158.158746,0.739312,5.281127576,1.456651
2026-01-26,6.954376,0.84488,91.763687,16.073251,43.37630956,154.207503,0.732933,5.286329841,1.447533
2026-01-27,6.954816,0.838293,91.615391,15.987426,43.40355436,153.340599,0.72789,5.255427949,1.439098
2026-01-28,6.946384,0.835143,91.943377,15.882579,43.41456489,152.6307,0.725322,5.17362619,1.428679
2026-01-29,6.94619,0.835561,91.917614,15.673797,43.42488302,153.308824,0.723763,5.181400401,1.415023
2026-01-30,6.949744,0.838997,91.939341,15.933048,43.4872053,154.031378,0.726739,5.221327293,1.426378
2026-02-02,6.943412,0.844595,91.568412,16.028209,43.49163851,155.059122,0.73125,5.255236486,1.439358
2026-02-03,6.938141,0.847386,90.137277,15.949326,43.49173799,155.851199,0.730701,5.227099398,1.42615
2026-02-04,6.941709,0.846024,90.414382,15.937479,43.50972927,156.641286,0.728934,5.220558376,1.422504
2026-02-05,6.939227,0.847601,90.308527,16.179776,43.53992202,156.899474,0.73665,5.260128835,1.434311
2026-02-06,6.938952,0.847889,90.661777,16.1243,43.61488893,157.08835,0.735883,5.237154485,1.431236
2026-02-09,6.922514,0.841326,90.726485,15.975349,43.58901228,156.192159,0.732038,5.193084301,1.417045
2026-02-10,6.914831,0.84076,90.5396,15.957373,43.63452161,155.128636,0.731041,5.206742896,1.414999
2026-02-11,6.911345,0.840336,90.715546,15.881429,43.64319328,153.605042,0.731008,5.189327731,1.406471
2026-02-12,6.901129,0.842176,90.588681,15.895233,43.64948627,153.713997,0.73362,5.17609904,1.404581
2026-02-13,6.908616,0.843028,90.609509,16.033553,43.73992581,153.28781,0.734783,5.219693138,1.418311
2026-02-16,6.908646,0.843526,90.731759,15.950401,43.70873049,153.34458,0.733024,5.2243779,1.411303
2026-02-17,6.908676,0.845594,90.695501,16.093354,43.72687299,153.103332,0.738458,5.224759006,1.418569
2026-02-18,6.908653,0.844238,90.692275,16.023132,43.75728155,153.642887,0.736513,5.222878852,1.41393
2026-02-19,6.908619,0.850847,91.19629,16.218838,43.76976091,154.896622,0.74347,5.234323152,1.420744
2026-02-20,6.908643,0.849834,90.945441,16.097306,43.84567009,155.205235,0.741735,5.214413189,1.418968
2026-02-23,6.90869,0.848608,90.898676,16.011456,43.83893415,154.820095,0.741174,5.181517312,1.414545
2026-02-24,6.881719,0.849113,90.928505,16.008321,43.85166002,155.83765,0.74136,5.176870171,1.419547
2026-02-25,6.869484,0.848608,90.942804,15.860319,43.86897488,156.73795,0.739477,5.128733876,1.410132
2026-02-26,6.84129,0.846453,90.926866,15.876333,43.88141188,156.060606,0.738023,5.125782969,1.404435
2026-02-27,6.858196,0.847099,91.080474,15.940534,43.95984752,155.976281,0.742313,5.155612029,1.4072
2026-03-02,6.882544,0.854847,91.739614,16.16131,43.95871089,157.454266,0.747051,5.206702,1.417251
2026-03-03,6.907634,0.861623,92.152766,16.393417,43.97802861,157.659831,0.751077,5.243408582,1.424608
2026-03-04,6.89733,0.858443,92.083269,16.318826,43.97407503,157.112198,0.747274,5.219761353,1.416688
2026-03-05,6.901102,0.860733,91.648563,16.50284,43.99423309,157.540024,0.748408,5.248407643,1.419349
2026-03-06,6.90468,0.864977,91.838509,16.718017,44.07395554,157.918865,0.749875,5.276533172,1.427299
2026-03-09,6.917265,0.865426,92.297707,16.676763,44.08429251,158.502813,0.748853,5.230203375,1.424924
2026-03-10,6.877158,0.859033,91.959454,16.288807,44.04501332,157.778541,0.74345,5.177905678,1.404948
2026-03-11,6.866246,0.863483,92.07236,16.401779,44.0955876,158.561437,0.74573,5.171142388,1.398411
2026-03-12,6.86897,0.866026,92.209665,16.541699,44.10955226,158.855114,0.746887,5.162120031,1.402096
2026-03-13,6.896567,0.871384,92.384542,16.79627,44.18978738,159.33252,0.753773,5.243290345,1.419746
2026-03-16,6.896149,0.871232,92.247604,16.767817,44.18513678,159.139223,0.752814,5.270256142,1.417669
2026-03-17,6.886827,0.867227,92.364496,16.658746,44.20518602,158.954124,0.749545,5.208915098,1.40725
2026-03-18,6.888174,0.869565,92.895652,16.884696,44.22078261,159.556522,0.751243,5.22426087,1.417826
2026-03-19,6.900426,0.870398,93.248324,17.068936,44.32065454,158.812777,0.751919,5.298720515,1.427713
2026-03-20,6.894331,0.865426,93.617482,16.885937,44.30722631,158.771095,0.748057,5.255214193,1.415058
2026-03-23,6.891687,0.862366,93.220938,16.810883,44.32123146,158.554674,0.745257,5.25948603,1.424543
2026-03-24,6.893363,0.864155,93.844625,17.101884,44.34782233,158.92672,0.747848,5.266937435,1.438991
2026-03-25,6.8995,0.862664,93.944531,16.913475,44.35714286,158.963078,0.746705,5.233005521,1.436077
2026-03-26,6.910218,0.866626,94.119508,17.057717,44.36658289,159.623884,0.749762,5.236588959,1.446659
2026-03-27,6.91378,0.868282,94.811583,17.190588,44.45610836,159.902752,0.752974,5.256143093,1.452722
2026-03-30,6.911355,0.870777,94.713166,17.184518,44.45559039,159.456635,0.75586,5.240247301,1.45768
2026-03-31,6.900417,0.869716,93.823969,17.070012,44.48017046,159.497304,0.755201,5.223951992,1.451818
2026-04-01,6.873847,0.861698,93.428695,16.781129,44.46678156,158.31969,0.750651,5.159758725,1.438087
2026-04-02,6.897614,0.867679,93.101952,17.0118,44.49414317,159.600868,0.757076,5.181778742,1.455184
2026-04-07,6.857402,0.865276,93.008134,16.889504,44.60941421,159.84252,0.755023,5.148914078,1.441983
2026-04-08,6.82966,0.854263,92.220485,16.310439,44.48206048,158.149667,0.742295,5.081838373,1.417137
2026-04-09,6.83466,0.855798,92.660505,16.432092,44.5910997,158.921694,0.744998,5.099186992,1.420026
2026-04-10,6.828366,0.853898,92.886602,16.428059,44.67142003,159.192212,0.743788,5.054307916,1.414141
2026-04-13,6.832164,0.855871,93.330195,16.590979,44.7173913,159.833961,0.745104,5.027387881,1.421602
2026-04-14,6.815823,0.847961,93.086153,16.352497,44.72500636,158.848469,0.736988,4.981514458,1.404053
2026-04-15,6.821138,0.848896,93.437606,16.414941,44.71103565,159.091681,0.737988,4.998132428,1.401273
2026-04-16,6.821253,0.848752,93.243507,16.384824,44.76464098,158.9798,0.738355,4.988202343,1.394076
2026-04-17,6.822328,0.847673,92.822328,16.384928,44.86496567,159.125201,0.7389,4.976434687,1.393405
2026-04-20,6.817687,0.85034,93.071854,16.349915,44.87959184,158.911565,0.740179,4.983078231,1.397279
2026-04-21,6.815841,0.849834,93.505141,16.369508,44.89453557,159.037988,0.739653,4.963882043,1.395683
2026-04-22,6.824427,0.852297,93.804227,16.468934,44.92474218,159.217591,0.740672,4.971703742,1.398108
2026-04-23,6.834958,0.855139,94.1098,16.467932,44.92483325,159.483496,0.740337,4.962972465,1.397896
2026-04-24,6.836322,0.853825,94.252476,16.561988,45.02305328,159.417691,0.741146,5.000597678,1.399676
2026-04-27,6.823134,0.851136,94.199081,16.478679,45.00706443,159.21355,0.736914,4.96808239,1.390501
2026-04-28,6.838784,0.856164,94.542808,16.634332,45.0547089,159.743151,0.742423,5.001712329,1.39786
2026-04-29,6.833504,0.854263,94.850077,16.598582,45.06962242,159.789851,0.740159,4.985392107,1.396207
2026-04-30,6.828747,0.854555,94.914972,16.790292,45.18518202,156.562981,0.740258,4.981370706,1.398992
2026-05-04,6.830256,0.854701,95.092735,16.724786,45.20111111,157.119658,0.738103,4.966068376,1.392222
2026-05-05,6.830224,0.855725,95.284956,16.690399,45.21949341,157.812767,0.738858,4.952507274,1.394746
2026-05-06,6.811172,0.850196,94.615287,16.405288,45.22470668,156.214929,0.734314,4.909199116,1.380548
2026-05-07,6.801869,0.849618,94.254885,16.257774,45.2324554,156.389125,0.734155,4.916737468,1.377995
2026-05-08,6.801207,0.850268,94.488989,16.419437,45.36467987,156.763881,0.734716,4.914037922,1.38245
2026-05-11,6.796515,0.849979,95.315342,16.446069,45.37696558,157.135572,0.73513,4.901912452,1.38113
2026-05-12,6.792128,0.851934,95.636821,16.526666,45.39998296,157.590731,0.739504,4.903816664,1.384563
2026-05-13,6.790952,0.853606,95.671618,16.450021,45.41775501,157.772087,0.740188,4.90388391,1.379257
2026-05-14,6.785165,0.854555,95.767817,16.406939,45.43471202,157.947359,0.740198,4.997009058,1.381131
2026-05-15,6.81063,0.859993,95.970072,16.661421,45.54506364,158.548332,0.748624,5.032421741,1.398779
2026-05-18,6.800223,0.858516,96.350017,16.623626,45.57992788,158.765453,0.747081,5.039234203,1.395604
2026-05-19,6.80611,0.860585,96.541738,16.647935,45.57358003,159.113597,0.745878,5.0232358,1.405077
2026-05-20,6.802759,0.862069,96.825,16.593534,45.58646552,159.034483,0.746164,5.029913793,1.402672
2026-05-21,6.802224,0.862143,96.205276,16.553927,45.61212173,159.14303,0.745176,5.011983792,1.402966
2026-05-22,6.795257,0.862441,95.695127,16.476498,45.71513583,159.146184,0.745304,5.016386373,1.404312
2026-05-25,6.784334,0.858885,95.2392,16.329211,45.71416302,158.928111,0.740831,5.002576656,1.39483
2026-05-26,6.785199,0.85955,95.685061,16.357229,45.90596527,159.205776,0.742436,5.020113461,1.395565
2026-05-27,6.782074,0.859328,95.699063,16.359457,45.90478646,159.422532,0.744333,5.045802183,1.402509
2026-05-28,6.779892,0.860807,95.696393,16.35009,45.89937161,159.45597,0.746019,5.072566067,1.404666
2026-05-29,6.766833,0.858811,95.001288,16.224064,45.88603573,159.266575,0.744787,5.045259361,1.394538
2026-06-01,6.76507,0.858664,94.993131,16.253563,45.89412674,159.488236,0.742684,5.024471922,1.393955
2026-06-02,6.762641,0.858443,95.273843,16.203623,45.92668899,159.747618,0.742253,5.005579878,1.39248
2026-06-03,6.769416,0.86103,95.709919,16.270277,45.95737903,159.858791,0.743671,5.018426038,1.396418
2026-06-04,6.773883,0.859107,95.785653,16.239433,45.97396907,159.802405,0.743041,5.0645189,1.400086
2026-06-05,6.765636,0.859107,94.949742,16.270533,46.08462199,159.862543,0.742552,5.059879725,1.40043
2026-06-08,6.781889,0.866551,95.708406,16.463692,46.09948007,159.965338,0.748354,5.143240901,1.413432
2026-06-09,6.771537,0.86408,95.350817,16.453469,46.11768772,160.157263,0.746047,5.162965523,1.416314
2026-06-10,6.780744,0.866626,95.266054,16.601785,46.13779357,160.49051,0.747274,5.190744432,1.427767
2026-06-11,6.777412,0.866776,95.76493,16.50273,46.15463292,160.535668,0.748288,5.160440322,1.429054
2026-06-12,6.762341,0.864528,95.114982,16.302498,46.26480505,160.197112,0.746131,5.107287974,1.421458
2026-06-15,6.757043,0.861549,94.714827,16.213836,46.27871112,160.187818,0.745093,5.049797536,1.415008
2026-06-16,6.756426,0.862515,94.560549,16.189581,46.29955149,160.376057,0.745825,5.060289805,1.415474
2026-06-17,6.759469,0.862738,94.534121,16.221724,46.31722888,160.314037,0.745949,5.084030713,1.416444
2026-06-18,6.771573,0.872524,94.333392,16.430591,46.44551086,160.928366,0.755938,5.146933077,1.427624
2026-06-19,6.769338,0.872068,94.32938,16.473969,46.44519055,161.227871,0.755673,5.160286038,1.425656
2026-06-22,6.774791,0.872905,94.686627,16.411837,46.46246508,161.775489,0.754784,5.151885475,1.426851
2026-06-23,6.785727,0.877809,94.740169,16.483936,46.47963483,161.53441,0.756671,5.172489466,1.441626
2026-06-24,6.810935,0.881834,94.674162,16.61358,46.48906526,161.684303,0.759832,5.199559083,1.449383
2026-06-25,6.798184,0.881679,94.395609,16.561541,46.51472403,161.849762,0.759857,5.201904426,1.450714
2026-06-26,6.798176,0.877116,94.404438,16.460486,46.6251206,161.652487,0.756539,5.175861767,1.44882
2026-06-29,6.793968,0.876732,94.544976,16.415308,46.64220586,161.862178,0.755874,5.163861126,1.449325
2026-06-30,6.785501,0.877655,94.660786,16.372126,46.65982096,162.43637,0.756345,5.178427242,1.451992
2026-07-01,6.794518,0.878503,95.248616,16.433629,46.67187912,162.707546,0.755275,5.187384696,1.451111
2026-07-02,6.789017,0.87727,95.397403,16.377489,46.69479779,161.58435,0.751513,5.200982542,1.451531
2026-07-03,6.781447,0.873515,95.214885,16.212963,46.80476939,161.146052,0.748777,5.196191474,1.4413
2026-07-06,6.795707,0.87604,95.403855,16.234604,46.8,162.339028,0.749347,5.180026281,1.442138
2026-07-07,6.793493,0.874661,94.972448,16.23782,46.84019942,161.891017,0.747057,5.141345229,1.439255
2026-07-08,6.800246,0.876885,95.559891,16.382936,46.85741845,162.486847,0.749167,5.156260961,1.444318
2026-07-09,6.795977,0.874508,95.388282,16.371928,46.8220376,162.413642,0.746506,5.145343244,1.441014
2026-07-10,6.774541,0.874891,95.333771,16.321697,46.98503937,161.872266,0.745013,5.118547682,1.438933
2026-07-13,6.777574,0.87535,95.621061,16.36362,46.9929972,162.141106,0.746936,5.115458683,1.440301
2026-07-14,6.780096,0.876808,96.204735,16.461903,47.03761508,162.218325,0.747172,5.123279263,1.440421
2026-07-15,6.774329,0.876732,96.259863,16.382606,47.03138699,162.388217,0.746037,5.081009995,1.432141
2026-07-16,6.766896,0.872068,96.354321,16.371065,47.05476585,162.195866,0.74015,5.085724252,1.426877
2026-07-17,6.777525,0.874508,96.28509,16.507914,47.14210756,162.352427,0.744189,5.115784871,1.433669
2026-07-20,6.766935,0.875197,96.445388,16.48976,47.1809032,162.384036,0.742937,5.104323473,1.427184
2026-07-21,6.766071,0.87581,96.235768,16.444474,47.18488352,162.743037,0.746234,5.079435978,1.425469
2026-07-22,6.772966,0.876578,96.569951,16.475456,47.21756662,163.069776,0.748072,5.079680926,1.429874
2026-07-23,6.770277,0.877809,96.581373,16.439782,47.23516503,163.474368,0.748929,5.071541433,1.430039
2026-07-24,6.772172,0.878966,96.567636,16.850136,47.34534587,163.821746,0.750532,5.082710732,1.431045
2026-07-27,6.76609,0.87804,95.919308,16.741066,47.35516727,163.640355,0.750935,5.08253578,1.428659
2026-07-28,6.771268,0.87974,95.857306,16.785168,47.37960764,163.913082,0.752617,5.116389549,1.435031
2026-07-29,6.766257,0.878735,95.648067,16.749912,47.39771529,163.681898,0.752504,5.120210896,1.440861
2026-07-30,6.755054,0.871384,95.684908,16.582433,47.41260021,162.940049,0.746907,5.100644824,1.432468
2026-07-31,6.751328,0.870701,95.38485,16.575011,47.52538093,160.235089,0.745085,5.058336961,1.424902
2026-08-03,6.752579,0.866927,95.338101,16.469788,47.53645427,156.679671,0.742375,5.067533593,1.427222
2026-08-04,6.753539,0.868432,95.378637,16.440816,47.55588363,157.412071,0.743717,5.080590534,1.422232
2026-08-05,6.749957,0.865501,95.122468,16.346633,47.5758179,157.590445,0.741908,5.11528475,1.418124
2026-08-06,6.74909,0.866401,95.224831,16.309478,47.59495755,157.832265,0.742549,5.123722059,1.420031
2026-08-07,6.747638,0.866927,95.212397,16.22332,47.70585176,158.335501,0.74352,5.099783268,1.420373
2026-08-10,6.744353,0.865426,95.303159,16.177239,47.6950238,158.641281,0.740502,5.085590653,1.415751
2026-08-11,6.745321,0.866551,95.439775,16.179029,47.72668977,159.202773,0.740754,5.104852686,1.415598
2026-08-12,6.743179,0.866176,95.339108,16.134257,47.75773062,159.090515,0.73935,5.155738415,1.414205
2026-08-13,6.743021,0.867002,95.44087,16.118779,47.7748396,159.328941,0.7412,5.181116698,1.418068
2026-08-14,6.741333,0.864528,95.428201,16.164779,47.88441255,159.012709,0.73874,5.176190888,1.412034
2026-08-17,6.739412,0.862589,95.607263,16.176658,47.90183732,159.225395,0.737514,5.21021306,1.403519
2026-08-18,6.742312,0.863856,95.687025,16.219592,47.91197305,159.701106,0.739331,5.207411887,1.406185
2026-08-19,6.738216,0.861698,95.757432,16.244291,47.93459716,159.086601,0.737682,5.204136148,1.41327
2026-08-20,6.723568,0.856091,95.7097,16.174043,47.95351425,158.762092,0.733884,5.193562195,1.407243
2026-08-21,6.720574,0.854774,95.70006,16.004445,48.06547568,158.697325,0.732285,5.172920762,1.395077
2026-08-24,6.722737,0.857339,95.754029,16.002915,48.08136145,159.122085,0.733453,5.149862826,1.396348
2026-08-25,6.719774,0.857486,95.417596,15.987824,48.09938261,159.235123,0.733579,5.158034642,1.397959
2026-08-26,6.720542,0.856971,95.42163,15.916017,48.11731939,159.071043,0.733679,5.14654212,1.391807
2026-08-27,6.720309,0.858738,95.541005,15.985831,48.13078574,159.390296,0.736282,5.142035208,1.390812
2026-08-28,6.720862,0.858885,95.386498,16.001804,48.24512583,159.68393,0.736236,5.164132955,1.389934
2026-08-31,6.719731,0.862366,95.171611,16.116333,48.26215937,159.727492,0.7386,5.171783374,1.396257
2026-09-01,6.722261,0.862813,94.951251,16.155824,48.2742019,160.163934,0.739042,5.198878343,1.400345
2026-09-02,6.721541,0.863707,94.974952,16.094403,48.29374676,159.595785,0.741665,5.150716877,1.399119
2026-09-03,6.71907,0.860956,94.489884,16.037279,48.31485149,156.013775,0.740895,5.074042187,1.390185
2026-09-04,6.710893,0.860437,94.490191,15.967217,48.44217863,156.246773,0.739098,5.111426605,1.388229
2026-09-07,6.710979,0.860437,94.494063,15.99174,48.43314404,154.749613,0.739064,5.126140079,1.386078
2026-09-08,6.710522,0.86103,94.826502,16.024023,48.45996211,154.296539,0.738247,5.111072843,1.386086
2026-09-09,6.707775,0.858222,95.110281,16.039821,48.47725712,153.269825,0.737195,5.088911775,1.38414
2026-09-10,6.706267,0.860882,95.441202,16.146608,48.49483471,154.175275,0.739626,5.124655647,1.391787
2026-09-11,6.708247,0.862664,95.555124,16.15873,48.59635956,154.037267,0.740295,5.110766046,1.394151
2026-09-14,6.708424,0.865726,95.55493,16.249242,48.62228378,154.54939,0.741044,5.156609817,1.402649
2026-09-15,6.7115,0.866626,95.960222,16.273247,48.63983014,155.004766,0.741659,5.151226276,1.403415
