Day,Value-CNY,Value-EUR,Value-INR,Value-ZAR,Value-TRY,Value-JPY,Value-GBP,Value-BRL,Value-AUD,CNY_return,EUR_return,INR_return,ZAR_return,TRY_return,JPY_return,GBP_return,BRL_return,AUD_return
2015-01-02,6.207673,0.830358,63.356307,11.661131,2.352569958,120.576268,0.647679,2.693099726,1.232334,,,,,,,,,
2015-01-05,6.219975,0.839278,63.462526,11.72799,2.338984473,120.016786,0.656903,2.713722199,1.238355,0.001981740984101421,0.010742354502515594,0.0016765339558064696,0.005733491888565645,-0.005774742193660254,-0.004640067314075513,0.014241622779185281,0.007657522965415886,0.004885850751500831
2015-01-06,6.213027,0.839349,63.572268,11.73166,2.327681719,118.927312,0.658217,2.699261373,1.228806,-0.001117046290378898,8.459652224890313e-05,0.0017292409697025057,0.00031292659697013114,-0.0048323339169084045,-0.009077680183836923,0.0020002953251849753,-0.0053287790494283005,-0.007711036011483041
2015-01-07,6.213507,0.845237,63.174964,11.713972,2.328374609,119.32212,0.661229,2.677626574,1.239118,7.725702785443822e-05,0.007014960403836756,-0.006249643319316545,-0.0015077150207216672,0.0002976738590778627,0.0033197420622774754,0.004575998492898137,-0.008015081168651239,0.008391886107326885
2015-01-08,6.216179,0.849762,62.567981,11.634262,2.309738273,119.816451,0.663749,2.70003399,1.233685,0.0004300308988145485,0.005353528063726465,-0.009607967485347535,-0.00680469442815812,-0.008004011007491707,0.0041428278344366465,0.003811085115746682,0.008368387219330087,-0.004384570315337233
2015-01-09,6.206806,0.846525,62.323965,11.568188,2.298654025,119.199187,0.660205,2.657157369,1.227969,-0.0015078394621519386,-0.0038093018986493643,-0.0039000139704045145,-0.005679260102617656,-0.0047989194834630045,-0.005151746649548206,-0.0053393677429268704,-0.01588003008806571,-0.004633273485532996
2015-01-12,6.200779,0.84717,62.164012,11.526262,2.294984751,119.078279,0.66003,2.656218231,1.228228,-0.0009710308329277106,0.0007619385133339485,-0.002566476635432302,-0.003624249536746782,-0.0015962706697455475,-0.0010143357773069184,-0.0002650691830567986,-0.0003534371019784377,0.00021091737657874532
2015-01-13,6.198269,0.848752,62.043032,11.499491,2.281021898,118.451876,0.659226,2.643269394,1.225683,-0.00040478785004272044,0.0018673937934534646,-0.0019461420861961454,-0.0023226090123579235,-0.006084072233558668,-0.00526043040981472,-0.0012181264487978183,-0.0048749145867902355,-0.002072090849581709
2015-01-14,6.196858,0.849257,62.18879,11.502081,2.289341826,116.755839,0.658429,2.624968153,1.22913,-0.00022764420195375834,0.0005949912341887131,0.0023493049146920963,0.00022522736006314048,0.003647456434896501,-0.014318363349517638,-0.0012089935773162974,-0.00692371388309565,0.00281230954496392
2015-01-15,6.193116,0.854117,61.783481,11.450034,2.282200205,116.569867,0.655278,2.608216604,1.207977,-0.0006038544049258299,0.0057226493275885915,-0.006517396463253222,-0.004525007257382363,-0.0031195083752424413,-0.0015928282610344624,-0.0047856336825991,-0.0063816198992187045,-0.017209733714090403
2015-01-16,6.206938,0.862962,61.862012,11.566275,2.320331377,116.551605,0.659044,2.619692786,1.217898,0.002231832893167196,0.010355724098689123,0.0012710679089122934,0.010152022256003645,0.016708074916678806,-0.0001566614123357235,0.005747179059879759,0.004400011096624468,0.00821290471590097
2015-01-19,6.220422,0.861698,61.712538,11.651271,2.339422663,117.423524,0.660405,2.628436019,1.217923,0.002172407715366198,-0.0014647226644974864,-0.002416248601807447,0.007348606184791606,0.008227827365194562,0.007480969481286959,0.002065112496282495,0.0033375031785121134,2.0527170584205834e-05
2015-01-20,6.213663,0.863632,61.706538,11.626306,2.332671215,118.637188,0.659556,2.62354262,1.219708,-0.0010865822286654225,0.002244405812709349,-9.722497557951293e-05,-0.002142684690794705,-0.002885946223732949,0.010335782462123966,-0.0012855747609421542,-0.0018617150901248936,0.001465609894878428
2015-01-21,6.212111,0.862589,61.575002,11.545415,2.341154145,117.372552,0.661692,2.599672216,1.217373,-0.00024977215532939745,-0.0012076903125404215,-0.00213163797975513,-0.006957583947988288,0.003636573360811246,-0.010659692979236746,0.0032385422920873097,-0.0090985386774467,-0.0019143926251200538
2015-01-22,6.209675,0.860733,61.55896,11.479342,2.334997418,117.662248,0.657945,2.578326734,1.230763,-0.0003921372300013104,-0.002151662031396273,-0.0002605278031496683,-0.005722877869699716,-0.002629782841573669,0.002468175012502183,-0.00566275548140216,-0.008210835915630765,0.010999093950662564
2015-01-23,6.228791,0.893017,61.498482,11.469012,2.352205751,117.985355,0.667351,2.594838364,1.265315,0.003078421978605972,0.037507566225531086,-0.0009824402491529494,-0.0008998773623088985,0.007369743909498405,0.002746054962335931,0.014296027783477383,0.006404009927160725,0.02807364212281316
2015-01-26,6.254358,0.889363,61.427517,11.479278,2.359124867,118.311989,0.666089,2.595517609,1.265297,0.004104648879694306,-0.004091747413543012,-0.0011539309214169124,0.0008951076169421146,0.0029415436966166997,0.0027684283358726525,-0.0018910588281129126,0.00026176774993902363,-1.4225706642223557e-05
2015-01-27,6.244737,0.884486,61.384221,11.593844,2.367592429,117.707412,0.660932,2.590129135,1.258889,-0.0015382873829735688,-0.005483700131442393,-0.0007048307031521928,0.009980244402130412,0.0035892809738249376,-0.005110023127072871,-0.007742208623772617,-0.0020760691360038885,-0.005064423609634661
2015-01-28,6.247267,0.881523,61.404972,11.566643,2.37649859,117.859661,0.658145,2.584802539,1.25476,0.00040514116126910693,-0.0033499682301360023,0.0003380510440949003,-0.00234615887534817,0.003761695168015722,0.001293452956046659,-0.0042167726785811155,-0.0020564982371044094,-0.0032798761447592195
2015-01-29,6.245868,0.883783,61.900398,11.624481,2.409809987,117.923111,0.660848,2.600176757,1.284578,-0.00022393792357522369,0.002563744791684419,0.008068174023432517,0.0050004136896073526,0.014017006843669133,0.0005383521338993003,0.004106997698075654,0.005947927459846847,0.023763907041983945
2015-01-30,6.248474,0.884564,62.019726,11.59027,2.439540027,117.717824,0.664396,2.66377709,1.285714,0.000417235842960606,0.0008837010895208497,0.0019277420477974427,-0.002943013111725068,0.012337088882684588,-0.0017408546828451277,0.00536885940488574,0.024460003662743368,0.0008843371130442534
2015-02-02,6.257383,0.884173,61.8687,11.576835,2.418744474,117.648099,0.665429,2.678691424,1.284085,0.0014257881204275957,-0.00044202567592621644,-0.002435128462192848,-0.001159161952223653,-0.008524374582848382,-0.0005923062254360456,0.0015547956339292401,0.00559894221479329,-0.0012670002815556858
2015-02-03,6.257032,0.879044,61.716421,11.45552,2.406997187,117.33474,0.662755,2.711673699,1.300897,-5.609373758974634e-05,-0.005800900954903598,-0.0024613253551473147,-0.01047911626968867,-0.004856770579230618,-0.002663527950417688,-0.0040184602714941065,0.012312831072848418,0.013092591222543692
2015-02-04,6.248995,0.873668,61.832605,11.421457,2.428446619,117.499563,0.656649,2.701293028,1.286214,-0.0012844748116997984,-0.0061157348210101325,0.0018825459758919916,-0.002973500984678079,0.00891128253736495,0.0014047246365398447,-0.00921305761555924,-0.003828141639544702,-0.011286827473658612
2015-02-05,6.249518,0.876424,61.738475,11.378615,2.445048203,117.423313,0.655741,2.737773883,1.280982,8.369345790804061e-05,0.0031545163609059124,-0.001522335990857937,-0.0037510100506441546,0.006836297685158144,-0.0006489385837120665,-0.0013827783184015008,0.01350496026231185,-0.004067752333592911
2015-02-06,6.249236,0.873591,61.714161,11.311785,2.435397921,117.305844,0.652835,2.754957631,1.272997,-4.5123479922803966e-05,-0.003232453698210014,-0.0003938224907564791,-0.005873298288060491,-0.003946867791055908,-0.001000389079466646,-0.004431627731070642,0.006276540260209629,-0.006233498987495589
2015-02-09,6.246386,0.886918,62.129933,11.577738,2.490465632,118.59867,0.65765,2.787583149,1.279823,-0.0004560557482545802,0.015255422732148194,0.00673705991077167,0.02351114346674721,0.022611381296321564,0.011020985450648224,0.00737552367749883,0.011842475409742592,0.005362149321640253
2015-02-10,6.241657,0.885191,62.195008,11.635213,2.492254581,119.208639,0.656812,2.800832079,1.285474,-0.0007570777726513267,-0.0019471924123763973,0.001047401741122167,0.0049642684952795335,0.0007183190874084922,0.005143135247638098,-0.0012742340150535547,0.004752837598674953,0.0044154543245433775
2015-02-11,6.242708,0.883861,62.355489,11.826498,2.49708326,119.763125,0.653703,2.861057097,1.290967,0.00016838477346636793,-0.0015025005902680189,0.0025802874725893155,0.016440180338769927,0.0019374742198539074,0.004651391079131484,-0.004733470155843578,0.02150254506564453,0.004273131934212637
2015-02-12,6.243821,0.882768,62.276571,11.80791,2.490289548,119.809322,0.65113,2.874735169,1.303054,0.00017828801218944257,-0.0012366197852377026,-0.0012656143230630468,-0.0015717247827717884,-0.002720658981951729,0.00038573642763584104,-0.003936038231429295,0.0047807756141400315,0.009362749009076188
2015-02-13,6.239434,0.878657,62.17002,11.723926,2.469466655,119.022933,0.650294,2.846410684,1.29066,-0.0007026146329306426,-0.0046569427074837355,-0.0017109323504660434,-0.007112520335944228,-0.008361635303301584,-0.0065636712308579925,-0.0012839217974904837,-0.009852902383997053,-0.009511501441997083
2015-02-16,6.249299,0.876578,62.213885,11.632013,2.447317672,118.565919,0.650508,2.834502104,1.285852,0.0015810728985994338,-0.0023661110080498426,0.0007055651582545952,-0.007839779950845838,-0.008969136293115909,-0.0038397138138076548,0.00032908192294556216,-0.004183718135594261,-0.0037252258534392624
2015-02-17,6.255191,0.87604,62.189488,11.595007,2.447218572,118.799825,0.651248,2.837932545,1.278406,0.0009428257473358403,-0.0006137502880518841,-0.00039214718707891727,-0.0031813925930103126,-4.0493312794542824e-05,0.001972792873135898,0.0011375724818143418,0.0012102446476083273,-0.005790713083620891
2015-02-18,6.2551,0.879353,62.302146,11.688445,2.456911713,119.319381,0.648259,2.831076328,1.283679,-1.4547917081997319e-05,0.0037817907858088695,0.0018115280190118543,0.008058468614982273,0.003960880777428288,0.004373373445625939,-0.0045896494115913455,-0.0024159196497041124,0.004124667750307953
2015-02-19,6.255291,0.878194,62.209888,11.644507,2.449284272,119.012909,0.64802,2.849916572,1.284974,3.05350833720297e-05,-0.0013180144947478878,-0.0014808157651584608,-0.0037590971254087835,-0.003104483144283132,-0.002568501423922176,-0.0003686798023628812,0.006654799029494729,0.001008819182988896
2015-02-20,6.252611,0.885112,62.234201,11.655249,2.463710391,118.525403,0.650381,2.870596566,1.274473,-0.0004284373021175014,0.007877530477320427,0.0003908221149666602,0.0009224950442296986,0.005889932485550364,-0.004096244719133724,0.0036434060677139612,0.007256350660639566,-0.008172149786688343
2015-02-23,6.256506,0.885112,62.315012,11.711011,2.481589662,119.047619,0.650735,2.896884404,1.284298,0.0006229397606856146,0.0,0.0012984982325072725,0.0047842821719210615,0.007257050611676474,0.004405941568492278,0.0005442963432202852,0.009157621907362135,0.0077090687680319014
2015-02-24,6.253708,0.882768,62.202507,11.607521,2.478990113,119.491525,0.648305,2.870586158,1.289636,-0.00044721446762785444,-0.0026482524245519112,-0.0018054237075330049,-0.008836982562820506,-0.0010475337803853568,0.0037288104014914225,-0.0037342389759270622,-0.00907811370163325,0.004156356235079484
2015-02-25,6.259915,0.881368,61.967478,11.479817,2.469328398,118.914155,0.645866,2.855191257,1.268112,0.0009925311511187473,-0.0015859206495930644,-0.003778448994025241,-0.011001832346458795,-0.003897439908829514,-0.004831890797276195,-0.003762118138838977,-0.00536298168828564,-0.016689980738751165
2015-02-26,6.258814,0.883626,61.751171,11.432447,2.481664752,118.883096,0.645136,2.850932226,1.268622,-0.00017588098240950423,0.0025619264597760427,-0.003490653597359561,-0.004126372397748268,0.004995833689027229,-0.00026118841781286317,-0.0011302654110915134,-0.0014916797568493845,0.0004021726787539759
2015-02-27,6.270907,0.88968,61.816904,11.62669,2.517793594,119.261566,0.647509,2.898487544,1.277402,0.0019321551974542661,0.00685131492282931,0.0010644818379232923,0.016990500808794495,0.01455830888152132,0.0031835476424673104,0.0036782941891322363,0.01668062031299944,0.006920895270616567
2015-03-02,6.275586,0.89071,61.941302,11.707669,2.512781687,119.77376,0.649684,2.862118108,1.285562,0.0007461440585867507,0.0011577196295295966,0.002012362184945493,0.006964922948835772,-0.001990594865259654,0.004294711340617319,0.003359026669899734,-0.012547728926862622,0.006387965573875887
2015-03-03,6.271759,0.895415,61.92192,11.792264,2.533667622,119.752865,0.651504,2.913323782,1.27937,-0.0006098235288305442,0.005282302881970624,-0.00031290914743764553,0.007225605711948413,0.00831187807044853,-0.00017445390375980807,0.0028013618928586226,0.017890831918107475,-0.004816570496016692
2015-03-04,6.268788,0.898957,62.264114,11.782722,2.545577131,119.696152,0.652553,2.966468896,1.27571,-0.00047371080425773204,0.003955707688613641,0.005526217533306399,-0.0008091745571503495,0.00470050171403269,-0.00047358365914673684,0.0016101205825291842,0.018242089783620186,-0.00286078304165327
2015-03-05,6.268136,0.903424,62.254766,11.759238,2.589484145,120.245731,0.655073,2.982112205,1.283314,-0.00010400734559845581,0.004969091958792138,-0.00015013463453450449,-0.001993087845066688,0.017248353414752726,0.004591450859673385,0.003861755290374802,0.005273377051447703,0.005960602331251064
2015-03-06,6.262063,0.912159,62.397519,11.779075,2.5791298,119.930676,0.658579,3.005472954,1.276111,-0.0009688685759210447,0.009668771252479447,0.0022930453228273695,0.0016869290340071341,-0.003998613013326713,-0.0026200930160256153,0.005352075264894118,0.007833625093258467,-0.005612811829373121
2015-03-09,6.264641,0.92081,62.680479,12.08849,2.609023941,120.911602,0.661694,3.095764273,1.293094,0.00041168541421576776,0.009484092137445277,0.004534795686347737,0.026268191687377707,0.011590785775884571,0.008179108404258395,0.00472988054584178,0.03004229962536531,0.013308403422586323
2015-03-10,6.261501,0.931272,62.786832,12.280592,2.642484634,121.335444,0.663811,3.137455765,1.306947,-0.0005012258483766407,0.011361735862990052,0.001696748360841216,0.01589131479614081,0.012824985035275516,0.0035053873490153986,0.0031993640564975667,0.013467269573337992,0.010713064943461248
2015-03-11,6.262526,0.945358,62.781339,12.294857,2.620627718,121.317829,0.665107,3.129325014,1.313953,0.00016369876807509343,0.01512554871186933,-8.748649716860957e-05,0.0011615889527150092,-0.00827135027344117,-0.0001451760460033924,0.0019523629466819958,-0.0025915109595178176,0.005360584629674925
2015-03-12,6.261943,0.942241,62.44813,12.214454,2.592763592,120.880053,0.668143,3.112315085,1.29756,-9.309342587970892e-05,-0.003297163614207621,-0.005307452904118604,-0.006539563656576153,-0.010632615158808423,-0.003608505061527212,0.004564679066676458,-0.005435654310083082,-0.012476093132707144
2015-03-13,6.259175,0.945895,63.027998,12.465759,2.638100643,121.462353,0.676551,3.205921302,1.305335,-0.00044203532354092356,0.003877988752346795,0.009285594300421751,0.020574394893132286,0.017485994920589,0.004817171944820231,0.012584132438714368,0.03007607341915386,0.005992015783470306
2015-03-16,6.26248,0.947239,62.872312,12.400966,2.621009757,121.208677,0.675476,3.230747371,1.306905,0.0005280248595063153,0.0014208765243499677,-0.002470108601577259,-0.005197677895104502,-0.0064784814200888885,-0.0020885154431348196,-0.0015889415579904975,0.007743817349637361,0.0012027563805461217
2015-03-17,6.249929,0.940291,62.732111,12.393982,2.612505877,121.203573,0.676963,3.27183827,1.308322,-0.002004158097111741,-0.0073350020427791485,-0.002229932311062388,-0.000563181932762391,-0.003244505281710053,-4.210919652214429e-05,0.002201410560848993,0.012718697651460387,0.0010842410121623125
2015-03-18,6.229418,0.944109,62.760008,12.372356,2.62396148,121.17636,0.682591,3.236688066,1.312406,-0.003281797281217136,0.004060445117522127,0.0004447004820227196,-0.0017448790872860442,0.004384909944453508,-0.0002245230839853507,0.008313600595601267,-0.010743258406840428,0.003121555702648049
2015-03-19,6.194624,0.936593,62.583029,12.252037,2.601479816,120.932846,0.672755,3.253722956,1.308045,-0.005585433502776627,-0.007960945187473034,-0.0028199327189377676,-0.009724825247511504,-0.008567833091818189,-0.0020095833873867708,-0.014409800305014264,0.005263062010498976,-0.0033229046499331227
2015-03-20,6.2049,0.927988,62.332034,12.12203,2.587416481,120.879733,0.673255,3.268374165,1.29807,0.0016588577450382669,-0.009187555320187113,-0.004010592072812624,-0.010611051860192622,-0.0054058981789923966,-0.0004391941623534956,0.0007432126108317672,0.0045029061165096085,-0.007625884430581431
2015-03-23,6.214443,0.916422,62.277493,11.971499,2.559017595,119.868035,0.670638,3.204087243,1.277309,0.0015379780496058704,-0.01246352323521438,-0.0008750075442749417,-0.012417969597501521,-0.010975769153725223,-0.008369459254182754,-0.003887085873851781,-0.019669388740257587,-0.015993744559230305
2015-03-24,6.208311,0.913242,62.327306,11.837443,2.561004566,119.534247,0.670685,3.12347032,1.264201,-0.0009867336461207854,-0.0034700170881972747,0.0007998555754322734,-0.011197929348697233,0.0007764585143463787,-0.0027846289463242524,7.008251843765301e-05,-0.025160651657074706,-0.010262199671340344
2015-03-25,6.212472,0.910332,62.371416,11.795539,2.557032317,119.371871,0.67046,3.12553482,1.267638,0.0006702305989503277,-0.003186450031864463,0.0007077154915053896,-0.0035399536876334903,-0.001551051119836111,-0.0013584056793363164,-0.0003354779069161262,0.0006609635400665059,0.002718713242593651
2015-03-26,6.212886,0.911328,62.726328,11.864486,2.590449285,119.083204,0.67174,3.180898569,1.274948,6.664013938406654e-05,0.0010941063260436756,0.00569029890230488,0.005845175875388131,0.013068652976277573,-0.0024182162647010674,0.001909137010410955,0.017713368171659027,0.005766630536478079
2015-03-27,6.215733,0.92115,62.518423,12.021371,2.607037583,119.187546,0.672255,3.209837878,1.284083,0.0004582411459022051,0.01077767828926568,-0.003314477455144571,0.013223075993346933,0.0064036374292499865,0.0008762108886488651,0.0007666656742193467,0.009097840868625306,0.007164998101883535
2015-03-30,6.207838,0.922084,62.626095,12.120424,2.606270171,119.88935,0.675703,3.284094053,1.305486,-0.0012701639533101439,0.0010139499538619479,0.001722244337481138,0.008239742372146974,-0.00029436169428631587,0.0058882326514213545,0.005129006106313838,0.023133933183649757,0.01666792567147124
2015-03-31,6.20039,0.929454,62.52793,12.205967,2.614648202,119.853146,0.675992,3.249186727,1.31555,-0.0011997735765656437,0.007992764216709025,-0.0015674775826275411,0.007057756395320691,0.0032145673511605466,-0.0003019784492951372,0.000427702703702737,-0.010629210198201289,0.0077090064543012815
2015-04-01,6.198233,0.9298,62.497536,12.088424,2.609390981,120.213854,0.677359,3.160762436,1.315946,-0.0003478813429477201,0.00037226156431624524,-0.0004860867775409172,-0.009629962132455372,-0.00201068005859395,0.003009583077610678,0.0020222132806304582,-0.027214284197708438,0.0003010147846909117
2015-04-02,6.196214,0.923361,62.181902,11.999077,2.598799631,119.658356,0.675531,3.1677747,1.324377,-0.0003257379966192797,-0.006925145192514526,-0.005050343104726518,-0.0073911206291241704,-0.004058935620273152,-0.00462091499038042,-0.002698716633277254,0.0022185356039834403,0.006406797847327894
2015-04-07,6.199041,0.921914,62.319535,11.832304,2.588642021,120.153038,0.671706,3.132571218,1.30838,0.0004562463465593858,-0.001567101057982745,0.002213393215279913,-0.013898819050831901,-0.003908577590528317,0.004134119977379669,-0.005662212392917532,-0.011113000555247776,-0.012078886903049368
2015-04-08,6.203001,0.920641,62.244983,11.782545,2.590683115,119.766157,0.668753,3.100349843,1.296078,0.0006388084866675303,-0.0013808229401006678,-0.0011962862046387412,-0.004205351721862427,0.000788480594628993,-0.0032199019387257888,-0.004396268605610154,-0.010285919379854236,-0.009402467173145412
2015-04-09,6.205959,0.92816,62.19742,11.788194,2.590959718,119.936885,0.674587,3.033320958,1.294877,0.00047686595568818824,0.008167135723914143,-0.0007641258412746099,0.0004794380161501355,0.00010676836483725083,0.0014255112151591032,0.008723699183405431,-0.021619781119649573,-0.0009266417607581845
2015-04-10,6.208704,0.946074,62.355724,12.059035,2.64153264,120.454115,0.685336,3.087890255,1.307852,0.0004423168119545018,0.01930055162902944,0.0025451859578742297,0.022975614415575274,0.019518991996926083,0.004312518204887539,0.015934193810434927,0.017989951526916625,0.010020256750254974
2015-04-13,6.212282,0.947688,62.421437,12.154852,2.652103867,120.545868,0.683757,3.098369977,1.319655,0.0005762877405655065,0.001705997628092426,0.0010538407027396168,0.007945660660243492,0.004001929349621847,0.0007617257409595624,-0.0023039793619480387,0.0033938129708563913,0.009024721451662776
2015-04-14,6.212893,0.946611,62.386407,12.126089,2.677394926,119.907232,0.683169,3.110280197,1.319197,9.835355188325678e-05,-0.0011364499708764741,-0.0005611854145555206,-0.002366380108947408,0.009536224924934222,-0.005297867198567174,-0.0008599546330054775,0.0038440276946951624,-0.00034706040593945886
2015-04-15,6.205123,0.945269,62.371302,12.153039,2.713961622,119.595425,0.677569,3.087342849,1.318178,-0.0012506251113610922,-0.0014176889979092833,-0.0002421200502858989,0.002222480801518101,0.013657565286653517,-0.002600401950734632,-0.008197093252182208,-0.007374688628414838,-0.0007724395977248832
2015-04-16,6.197087,0.93362,62.260573,12.051256,2.698067407,119.167211,0.671179,3.016711792,1.287461,-0.0012950589375908539,-0.012323476174506909,-0.001775319681477816,-0.008375106835417867,-0.005856462696877451,-0.0035805215793163203,-0.009430773840007456,-0.022877620158991308,-0.023302619221379883
2015-04-17,6.196874,0.924727,62.395043,11.946736,2.685130387,118.78121,0.665711,3.011096726,1.280007,-3.4370987530008e-05,-0.009525288661339726,0.0021597938072301925,-0.008672954918557907,-0.004794920974337202,-0.0032391544348553403,-0.008146857991683132,-0.0018613200024247822,-0.005789689940122522
2015-04-20,6.205633,0.932575,62.973049,12.100065,2.704000746,119.071155,0.671034,3.052130934,1.289098,0.001413454590169172,0.008486829085773584,0.009263652562912839,0.012834384220091755,0.007027725391422601,0.0024410005589268202,0.007995962211830632,0.01362766185678499,0.007102304909270218
2015-04-21,6.201682,0.934579,62.905701,12.109907,2.687383178,119.392523,0.671682,3.030186916,1.291682,-0.0006366796102831307,0.002148888829316631,-0.0010694733869405226,0.0008133840603334885,-0.006145548600377526,0.0026989576106823954,0.000965673870474415,-0.007189736769005917,0.0020045023729771128
2015-04-22,6.19408,0.930839,62.945174,12.134134,2.712929349,119.566229,0.663595,3.021595458,1.284185,-0.0012257964855341141,-0.004001801880846978,0.0006274947957420896,0.002000593398446382,0.009505965211485723,0.0014549152294907053,-0.01203992365434825,-0.0028352897818398892,-0.005804060132447497
2015-04-23,6.197921,0.928333,63.322503,12.254085,2.729112514,120.08912,0.665615,3.001113999,1.293817,0.0006201082323766816,-0.0026921948908458226,0.0059945660011997415,0.009885419099541881,0.005965199575125535,0.004373233181084846,0.003044025346785162,-0.006778359077080687,0.007500476956201929
2015-04-24,6.194845,0.923873,63.562546,12.182465,2.731430155,119.512195,0.661401,2.973300074,1.282705,-0.0004962954513295648,-0.004804310522193989,0.0037908008784808267,-0.005844581623189238,0.000849228820032355,-0.004804140458352868,-0.006330987132200927,-0.009267866868525543,-0.008588540728712069
2015-04-27,6.21983,0.924044,63.567363,12.109222,2.717981889,119.414156,0.6618,2.959064868,1.281371,0.004033192113765516,0.000185090374975605,7.578362263838123e-05,-0.0060121658465671635,-0.004923525492820158,-0.0008203263273677264,0.000603264887715671,-0.004787678890697755,-0.0010399897092472354
2015-04-28,6.205363,0.915164,63.144962,11.907019,2.668710534,119.05372,0.654342,2.908941155,1.258534,-0.0023259478152939383,-0.009609931994580379,-0.0066449350746231595,-0.016698265173435645,-0.018127918806010723,-0.003018369111950192,-0.01126926563916597,-0.016939038255649352,-0.017822316877781685
2015-04-29,6.199873,0.908926,63.428558,11.878022,2.675604436,119.251045,0.650882,2.951008907,1.250863,-0.0008847185893878784,-0.0068162646257937665,0.004491189653420102,-0.002435286279462545,0.0025832333301682997,0.001657445059255691,-0.005287754721537086,0.014461534200405524,-0.006095186939725106
2015-04-30,6.203121,0.891663,63.500045,11.806777,2.65849309,118.823005,0.647971,2.96317432,1.262684,0.0005238816988670791,-0.018992745283994528,0.0011270475359064225,-0.00599805253770358,-0.006395319790088783,-0.003589402507961359,-0.004472392845400575,0.0041224589228257,0.009450275529774066
2015-05-04,6.2092,0.8967,63.662213,12.050753,2.715028694,120.220588,0.661657,3.076757532,1.275556,0.0009799905563667721,0.005648995192129913,0.00255382496185641,0.02066406437590884,0.021266033834227427,0.01176188903823805,0.021121315614433422,0.038331599741995515,0.010194157841550311
2015-05-05,6.202213,0.899523,63.429163,12.048035,2.713771701,120.464154,0.66115,3.086983899,1.270037,-0.0011252657347161632,0.003148210103713467,-0.003660727282603249,-0.00022554607168534524,-0.0004629759540949463,0.0020259924198673396,-0.0007662580460874313,0.0033237480996275437,-0.0043267406527034424
2015-05-06,6.200356,0.890472,63.539982,12.034016,2.707479964,119.84862,0.656812,3.062689225,1.249332,-0.00029940925924343276,-0.010061999526415621,0.0017471301016536156,-0.001163592237240385,-0.0023184474204965833,-0.005109685990074664,-0.006561294713756438,-0.007870035865062186,-0.016302674646486603
2015-05-07,6.203361,0.884564,64.155595,11.996196,2.683060593,119.16851,0.656789,3.0268023,1.254843,0.00048464959108796,-0.00663468362845776,0.009688592609295998,-0.003142757995335921,-0.009019225008011889,-0.005674742020392087,-3.501763061575236e-05,-0.011717455596560011,0.004411157322472992
2015-05-08,6.206131,0.891186,63.98993,12.054808,2.702432938,120.221014,0.648784,3.035380091,1.263791,0.0004465321299211844,0.007486173979497357,-0.0025822377611804948,0.0048858821579773615,0.007220241335786914,0.00883206477952947,-0.012188084757814077,0.0028339449193626187,0.007130772534891028
2015-05-11,6.210196,0.897505,63.844014,11.98923,2.69628433,119.94256,0.645845,2.986627176,1.267008,0.0006549974533247571,0.007090551242950438,-0.00228029629036941,-0.005439987098923571,-0.0022752120556043254,-0.002316184090744744,-0.004530013070605965,-0.016061551943545416,0.002545515832918399
2015-05-12,6.212474,0.889759,64.289172,12.129816,2.691075718,119.983984,0.637423,3.070913782,1.251891,0.0003668161198133735,-0.008630592587227981,0.006972587907771555,0.011726024106635702,-0.0019317740128690364,0.00034536531486417665,-0.013040280562673812,0.028221334981919366,-0.011931258524018662
2015-05-13,6.204616,0.891186,64.009981,11.981998,2.65074414,119.695214,0.639337,3.001871491,1.242759,-0.001264874508931646,0.0016038050753068855,-0.00434273752973513,-0.012186334895764261,-0.014987158380654675,-0.0024067378859498056,0.0030027156221223983,-0.022482653666373698,-0.007294564782397317
2015-05-14,6.201244,0.875733,63.680007,11.833523,2.606532971,119.204834,0.633243,3.027585603,1.233646,-0.0005434663482799529,-0.017339814584160895,-0.005155039805432748,-0.012391505990904106,-0.01667877647368865,-0.004096905662410166,-0.009531749296536995,0.008566026919238245,-0.007332877895070533
2015-05-15,6.203919,0.882768,63.661635,11.867761,2.595780367,119.862288,0.636564,3.011917373,1.249912,0.0004313650615908049,0.008033270414612659,-0.00028850499341193103,0.0028933057382827254,-0.004125251481424619,0.00551533002428406,0.005244432232176299,-0.005175156727021735,0.013185305995399021
2015-05-18,6.20432,0.87804,63.668013,11.858021,2.58012117,119.703222,0.638335,2.999473176,1.249276,6.463656279209751e-05,-0.00535588059376868,0.00010018592830673967,-0.0008207108316387046,-0.006032558531944621,-0.001327072948916208,0.0027821240283774085,-0.004131652850624223,-0.0005088358220417533
2015-05-19,6.206082,0.894454,63.698837,11.855098,2.584973166,120.178891,0.645662,3.010107335,1.254651,0.0002839956675348976,0.01869390916131386,0.00048413635902222474,-0.000246499816453416,0.0018805302853277528,0.003973735978468396,0.011478299012274151,0.0035453422571296578,0.004302492003368297
2015-05-20,6.203814,0.899442,63.794298,11.897913,2.594441446,120.912035,0.643731,3.036427415,1.265515,-0.00036544795895376847,0.005576586386778937,0.0014986301869215346,0.0036115264504772426,0.00366281558529713,0.0061004390529781904,-0.002990728895304162,0.008743900821729378,0.008658981661035625
2015-05-21,6.195994,0.89823,63.612773,11.776969,2.569927243,121.072487,0.637654,3.011766819,1.267583,-0.001260514902606813,-0.0013475021179798485,-0.0028454737443776024,-0.010165144088715494,-0.009448740127781519,0.0013270143042418692,-0.009440278625699294,-0.008121582580296938,0.0016341173356302363
2015-05-22,6.197958,0.895736,63.470889,11.782784,2.592708707,120.933357,0.639377,3.039322823,1.268631,0.000316979002884743,-0.002776571702125308,-0.0022304325579391993,0.0004937603215224851,0.008864633838196134,-0.0011491462961357168,0.0027020923572971256,0.009149448033679342,0.0008267703179989372
2015-05-25,6.203134,0.910913,63.559938,11.936054,2.611131354,121.50665,0.646748,3.119876116,1.277373,0.0008351137584348134,0.016943608384613285,0.0014029896445912904,0.013007961446123595,0.007105559891962043,0.004740569634563263,0.011528409686303975,0.026503697596851117,0.0068908926236235235
2015-05-26,6.204009,0.915248,63.925041,12.012447,2.631429617,122.707304,0.64946,3.122917811,1.283178,0.00014105772985062437,0.0047589616132386325,0.005744231531503274,0.0064001888731402,0.007773742584380239,0.009881385092914696,0.004193287029878867,0.0009749409549952848,0.004544483091469598
2015-05-27,6.19884,0.920556,64.051183,12.116358,2.655619994,123.695112,0.650833,3.16072908,1.296971,-0.000833170938340122,0.005799521004143271,0.001973279923277449,0.008650277499663517,0.009192864914083554,0.008050115745351194,0.002114063991623727,0.01210767342861696,0.010749093266873455
2015-05-28,6.201175,0.917768,63.822504,12.114629,2.658773862,124.229075,0.653818,3.154643906,1.30938,0.0003766833794711655,-0.0030286044520919653,-0.0035702541200526294,-0.00014269964621371756,0.0011876202194311958,0.00431676718155205,0.004586430005854014,-0.0019252437795143074,0.00956767730350161
2015-05-29,6.198177,0.911577,63.800638,12.161258,2.66071103,123.928897,0.655424,3.146946217,1.307019,-0.0004834567642422183,-0.006745713513654938,-0.0003426064260970696,0.003848982911486498,0.0007285944952621914,-0.002416326451758488,0.0024563410612739034,-0.0024401134420779513,-0.0018031434724832263
2015-06-01,6.195815,0.913743,63.699105,12.254751,2.676991959,124.07712,0.657209,3.204130117,1.310398,-0.00038107979168722217,0.0023761020736592364,-0.0015914104181841138,0.007687773748406679,0.006119014359857067,0.0011960325927857784,0.002723427887901586,0.018171235241037476,0.002585272287549012
2015-06-02,6.198023,0.906701,63.835978,12.259226,2.679844048,124.689455,0.656723,3.149424245,1.30039,0.00035636958172569067,-0.0077067621858663005,0.0021487429061992636,0.0003651644982423097,0.001065408131097012,0.004935116160013964,-0.0007394907860363009,-0.017073548826793794,-0.007637374293916865
2015-06-03,6.199569,0.89815,63.905335,12.258757,2.678641997,124.357823,0.653404,3.137865996,1.28624,0.00024943437609059593,-0.00943089287427712,0.0010864876230141096,-3.825690137371218e-05,-0.0004485525942813373,-0.002659663561766279,-0.005053881164509222,-0.0036699561890874977,-0.010881350979321525
2015-06-04,6.201025,0.883626,64.006539,12.337634,2.684191924,124.123001,0.649819,3.136697005,1.291685,0.00023485503589038004,-0.016171018204086174,0.0015836549483700946,0.006434339142214807,0.0020719181608499504,-0.0018882768637723535,-0.0054866514438233205,-0.0003725433149440738,0.004233269063316225
2015-06-05,6.203958,0.891424,63.790515,12.402032,2.665270102,124.772687,0.652255,3.13683366,1.295596,0.00047298632080994274,0.008825000622435297,-0.00337503016683971,0.005219639357108452,-0.007049355089259968,0.005234211183791748,0.0037487361865380375,4.3566528670879734e-05,0.003027827992118759
2015-06-08,6.206594,0.895897,64.088873,12.584035,2.765185451,125.282207,0.655617,3.137699337,1.309353,0.0004248900459995486,0.005017814193919001,0.004677153021887426,0.014675256441847528,0.03748788872280673,0.004083586017507246,0.005154425799725582,0.00027597159869796606,0.010618279154921861
2015-06-09,6.205885,0.888968,63.974131,12.434528,2.734287492,124.064361,0.653747,3.10472042,1.298427,-0.0001142333460186773,-0.0077341480103182425,-0.001790357586721858,-0.011880688507303061,-0.011173919271427524,-0.00972082172849964,-0.0028522750325267188,-0.010510540831975113,-0.008344579345676784
2015-06-10,6.206933,0.886603,63.874812,12.368029,2.742796347,122.963029,0.645802,3.081922156,1.29187,0.00016887196588388775,-0.002660388225447896,-0.0015524868950544946,-0.005347931180017418,0.003111909418777481,-0.008877102103480028,-0.012153019440242163,-0.007343097257047071,-0.005049956601333672
2015-06-11,6.206108,0.890313,63.981838,12.428864,2.737624644,123.709046,0.646902,3.158742877,1.293892,-0.00013291588615504946,0.00418451099308248,0.0016755587476329215,0.0049187303813729155,-0.0018855585124490926,0.006067002464618776,0.001703308444383822,0.024926236650864908,0.001565172966320194
2015-06-12,6.208111,0.891266,64.07959,12.413458,2.71657754,123.68984,0.645722,3.094474153,1.297683,0.0003227465587127831,0.0010704100692677798,0.001527808563423827,-0.0012395340394746324,-0.007688089762827199,-0.00015525137911087672,-0.0018240784539234056,-0.02034629803773036,0.0029299199624079897
2015-06-15,6.209039,0.891424,64.167499,12.423961,2.740060617,123.49795,0.644856,3.131930825,1.289535,0.00014948186332364166,0.000177275919871267,0.0013718720734638978,0.0008460978399411623,0.008644361021993952,-0.0015513804529134756,-0.0013411344200755515,0.012104373844482375,-0.006278883209535624
2015-06-16,6.210522,0.891663,64.309318,12.448239,2.738029425,123.423986,0.640392,3.134195274,1.291306,0.00023884533500284633,0.0002681103492838677,0.00221013756512467,0.0019541271901930557,-0.0007412945492512035,-0.0005989087268249982,-0.006922475715508636,0.0007230201197052644,0.0013733632666037554
2015-06-17,6.207111,0.886603,64.139995,12.432485,2.736058161,123.929426,0.635695,3.098856282,1.302775,-0.0005492291952270412,-0.00567478969072388,-0.002632946597256769,-0.0012655605343052656,-0.0007199572006061361,0.004095152136797786,-0.007334570075828495,-0.011275300008636413,0.008881705807918472
2015-06-18,6.20712,0.876885,63.732462,12.176166,2.714836899,122.711329,0.628464,3.049631708,1.277622,1.449949904142045e-06,-0.010960937420694483,-0.006353804673667307,-0.02061687586994876,-0.007756144332927484,-0.009828957006546624,-0.011374951824381196,-0.015884755380856208,-0.019307247989867715
2015-06-19,6.209399,0.885034,63.562528,12.26728,2.712186919,123.187893,0.631383,3.067970617,1.291353,0.0003671590044982409,0.009293122815420496,-0.0026663649052188765,0.007482979453466543,-0.0009761102042541436,0.0038836186021584673,0.004644657450546097,0.0060134831861473614,0.010747310237300134
2015-06-22,6.209431,0.881446,63.525782,12.156016,2.680299691,123.226091,0.631908,3.092904363,1.288321,5.153477816488561e-06,-0.004054081538110488,-0.0005781079065955153,-0.009069981283544526,-0.011757017105501366,0.0003100791731212027,0.0008315079753493659,0.00812711368936836,-0.0023479250057883982
2015-06-23,6.206623,0.892538,63.614959,12.184398,2.678507676,123.812924,0.633792,3.093091753,1.297572,-0.0004522153479120661,0.012583867871656551,0.0014037922429668281,0.0023348110104495223,-0.0006685875486301951,0.00476224633304323,0.0029814466662869687,6.058706575018391e-05,0.007180663825242295
2015-06-24,6.208776,0.891822,63.588335,12.125033,2.672077053,123.900829,0.634799,3.071613306,1.290734,0.0003468875103258551,-0.0008022067407774669,-0.0004185179149450713,-0.004872214449987533,-0.0024008230618935977,0.0007099824247749353,0.001588849338584275,-0.006944005776475248,-0.005269842444195705
2015-06-25,6.209174,0.892379,63.58201,12.102891,2.663305372,123.612351,0.635909,3.0955738,1.291897,6.410281189062061e-05,0.0006245640946287434,-9.94679291415057e-05,-0.0018261393597857056,-0.003282720081051571,-0.0023282975774117087,0.0017485849851683888,0.007800621892474657,0.0009010377041280826
2015-06-26,6.208981,0.892698,63.600964,12.177468,2.664524192,123.710052,0.635869,3.138457418,1.306106,-3.1083039386592404e-05,0.00035747143310183027,0.0002981031898803277,0.006161916190106975,0.0004576343414517403,0.0007903821843822101,-6.290208190151692e-05,0.013853204856560053,0.010998554838349994
2015-06-29,6.208659,0.89823,63.836792,12.254918,2.686158268,122.886913,0.636396,3.140123956,1.30477,-5.1860361627742435e-05,0.006196944543395366,0.00370793121940749,0.006360107043599017,0.008119301774385912,-0.006653776202438233,0.0008287870614858139,0.0005310054520548668,-0.0010228878819942278
2015-06-30,6.199482,0.893735,63.622576,12.191974,2.677004201,122.450621,0.635803,3.101170793,1.300384,-0.001478096961034625,-0.005004286207318853,-0.003355682409604821,-0.005136223677710494,-0.0034078658391247796,-0.003550353649131144,-0.00093180975367535,-0.01240497621935277,-0.0033615119906190705
2015-07-01,6.201622,0.900901,63.605045,12.191712,2.68,123.09009,0.638784,3.103693694,1.302523,0.0003451901304012406,0.008018036666349593,-0.0002755468436236308,-2.1489547139763587e-05,0.0011190864022108116,0.005222260163139536,0.004688559192076891,0.0008135317815112231,0.0016448987376036506
2015-07-02,6.2045,0.903669,63.512471,12.353696,2.70422917,123.639978,0.641876,3.149286102,1.316917,0.00046407214112687,0.003072479662027172,-0.0014554505857200528,0.013286403090886578,0.009040735074626882,0.004467362076020942,0.00484044684901308,0.014689725370818252,0.011050860522232364
2015-07-03,6.205479,0.901226,63.438807,12.289023,2.692231435,122.909156,0.64005,3.116798846,1.329037,0.00015778870174876225,-0.002703423488024881,-0.0011598352077972773,-0.005235113442972783,-0.004436656158102181,-0.005910887496275663,-0.0028447862203914154,-0.010315752506375508,0.00920331349659853
2015-07-06,6.20794,0.90843,63.444586,12.421057,2.690952035,122.738009,0.643169,3.148528343,1.334302,0.00039658501785266864,0.00799355544558189,9.109566010612191e-05,0.010744059963106789,-0.000475219174461472,-0.001392467457835167,0.004873056792437991,0.0101801555274319,0.003961514991682069
2015-07-07,6.212515,0.914829,63.484585,12.479005,2.682920135,122.477358,0.647425,3.160461074,1.346812,0.0007369594422625969,0.007044021003269396,0.0006304556861636001,0.004665303443982305,-0.0029847800687388126,-0.0021236371856089287,0.006617234350536183,0.0037899392033518,0.009375688562259343
2015-07-08,6.209089,0.907112,63.596335,12.515784,2.684325109,121.444122,0.650671,3.205188679,1.348512,-0.0005514674813662523,-0.008435456243735096,0.0017602698355829727,0.002947270235086785,0.0005236734339093552,-0.008436138865764886,0.005013708151523355,0.014152240433510821,0.0012622400156814262
2015-07-09,6.208793,0.90465,63.389995,12.456034,2.671069296,121.494482,0.649177,3.22751945,1.340329,-4.767204979660988e-05,-0.002714108070447807,-0.0032445265910371335,-0.00477397181031558,-0.0049382293357670415,0.00041467630685332324,-0.0022960912657856714,0.00696706909839917,-0.0060681699532521005
2015-07-10,6.209388,0.894055,63.4,12.411802,2.663924899,122.378185,0.644435,3.185158695,1.338847,9.583183076000701e-05,-0.011711711711711592,0.00015783247813794254,-0.003551050037275183,-0.002674732928381607,0.007273606055623105,-0.007304633405065264,-0.013124864359841393,-0.001105698675474609
2015-07-13,6.208435,0.905059,63.541949,12.48846,2.660059734,123.35958,0.64395,3.175943524,1.346185,-0.00015347728310743936,0.012307967630626582,0.002238943217665712,0.00617621840889826,-0.0014509286659887266,0.008019362274411801,-0.0007525972363386924,-0.002893159142891677,0.00548083537551336
2015-07-14,6.207778,0.906536,63.340042,12.400961,2.636750975,123.307044,0.64219,3.128909437,1.344212,-0.00010582377040257995,0.0016319378073694768,-0.0031775386681954787,-0.007006388297676414,-0.008762494579379165,-0.0004258769363513215,-0.0027331314543054264,-0.014809484691579833,-0.001465623224148227
2015-07-15,6.209192,0.908348,63.422473,12.352257,2.644381869,123.489872,0.639931,3.143428104,1.340085,0.00022777876399571184,0.0019988174766363276,0.0013014042523054048,-0.003927437559073099,0.002894051835896194,0.0014827052378290073,-0.003517650539559991,0.0046401684971491,-0.003070200236272247
2015-07-16,6.211098,0.920217,63.510905,12.417226,2.653906322,124.137296,0.642404,3.148891138,1.353916,0.0003069642555746377,0.013066578007547625,0.0013943322582201656,0.005259686549591747,0.0036017691361656112,0.0052427295414152475,0.0038644791391571065,0.001737922363501454,0.010320987101564372
2015-07-17,6.209477,0.918358,63.473781,12.323538,2.65056479,123.98751,0.641289,3.164202406,1.351088,-0.0002609844507364123,-0.002020175675954583,-0.0005845295386673888,-0.007545002402307932,-0.001259099453624346,-0.0012066156169536768,-0.001735667897460158,0.004862431671653233,-0.00208875587554902
2015-07-20,6.208809,0.921489,63.655087,12.410984,2.689734611,124.244379,0.64237,3.194434206,1.354865,-0.00010757749807277506,0.0034093458106752017,0.0028563919959330164,0.0070958518568287055,0.01477791493638625,0.0020717328705124327,0.0016856674603806798,0.00955431926310224,0.0027955247918713955
2015-07-21,6.209533,0.920217,63.610012,12.394957,2.689058618,124.385755,0.642956,3.19131315,1.356952,0.00011660851541739348,-0.0013803745893874453,-0.0007081130845050243,-0.001291356108427788,-0.000251323307970841,0.001137886487404094,0.000912246835935715,-0.0009770293575425137,0.001540374871297212
2015-07-22,6.209411,0.917263,63.640983,12.375894,2.720601724,123.812145,0.640433,3.193542469,1.354339,-1.9647210184770003e-05,-0.0032101123974017653,0.00048688876210234433,-0.001537964189791019,0.01173016675384364,-0.004611540927656921,-0.003924063232942809,0.0006985585228449498,-0.0019256392267376077
2015-07-23,6.209565,0.909174,63.767524,12.428584,2.72524775,123.78398,0.640422,3.26684244,1.349577,2.4801064062218714e-05,-0.008818626718836375,0.00198835709373002,0.004257470207808867,0.0017077200087811661,-0.00022748172241104925,-1.717587944405352e-05,0.02295255870605417,-0.00351610638104638
2015-07-24,6.208794,0.91416,64.119572,12.632965,2.750251394,124.051559,0.64622,3.333577109,1.376543,-0.00012416328680020516,0.005484098753373967,0.005520803975390454,0.016444431642413937,0.009174815023698324,0.002161660983917235,0.009053405410807125,0.020427881119360114,0.019981075551821048
2015-07-27,6.209803,0.904323,64.170013,12.686471,2.774371496,123.195876,0.644511,3.378006873,1.373124,0.0001625114313665854,-0.010760698346022557,0.0007866708779651344,0.0042354269168005665,0.008770144450293005,-0.006897801260200231,-0.00264461019467066,0.013327954490702565,-0.002483758226223265
2015-07-28,6.209433,0.907029,63.915011,12.561542,2.749659864,123.773243,0.641633,3.348390023,1.368617,-5.9583210610725246e-05,0.002992293682677616,-0.003973849904004179,-0.009847419349320985,-0.008907109965492599,0.004686577333156805,-0.0044654009008379125,-0.008767551729016332,-0.0032822964277079425
2015-07-29,6.209066,0.906618,63.904986,12.540073,2.759202176,123.7534,0.639438,3.369265639,1.369084,-5.910362508132483e-05,-0.00045312773902483894,-0.00015684891300415948,-0.0017091054585495202,0.003470360870787337,-0.00016031736358390614,-0.003420958710041555,0.006234523414717641,0.0003412203706369965
2015-07-30,6.209676,0.912825,64.041168,12.684801,2.781560931,124.372433,0.63989,3.35326335,1.375171,9.824343951247982e-05,0.006846323368827845,0.0021310074303122484,0.011541240629141525,0.00810334059406026,0.005002149435894276,0.0007068707208517377,-0.0047494886763364,0.004446038373101979
2015-07-31,6.20972,0.911826,64.136227,12.693535,2.779702745,124.31841,0.642017,3.371386888,1.380505,7.085715905352785e-06,-0.0010944047325609496,0.0014843420719623523,0.00068854056125911,-0.0006680371367353555,-0.0004343647438335152,0.003324008814014956,0.005404746394284787,0.00387879034680072
2015-08-03,6.209661,0.913159,64.04374,12.718199,2.778741667,124.253493,0.641768,3.453931148,1.376221,-9.501233550035515e-06,0.001461901722477732,-0.001442039925423244,0.0019430363566965703,-0.0003457484803829347,-0.0005221833194294367,-0.00038784019737780895,0.024483769659841004,-0.003103212230307184
2015-08-04,6.210061,0.911328,63.752483,12.656065,2.773170509,124.004374,0.640436,3.437346213,1.35159,6.441575474092076e-05,-0.002005127256041961,-0.0045477824998977345,-0.004885440147618381,-0.002004921172112706,-0.002004925527526291,-0.002075516385983689,-0.0048017561119027,-0.01789756151083277
2015-08-05,6.209685,0.918864,63.755031,12.770651,2.779288799,124.258017,0.639805,3.466047965,1.355784,-6.05469092814781e-05,0.008269251027072544,3.996707077291717e-05,0.009053840984539985,0.002206243712798761,0.0020454359134138844,-0.0009852662873418572,0.008349974143265104,0.0031030120080794976
2015-08-06,6.209738,0.918695,63.764998,12.761139,2.785117134,124.88746,0.644373,3.516123105,1.364171,8.535054515590446e-06,-0.00018392275679535164,0.0001563327606255438,-0.0007448328201906662,0.0020970598672929164,0.005065612788589746,0.007139675369839171,0.014447330361742505,0.006186088639488219
2015-08-07,6.20967,0.913993,63.815008,12.699753,2.788776163,124.696097,0.644457,3.526094507,1.353533,-1.095054251887273e-05,-0.005118129520678805,0.0007842860749402991,-0.0048103856560139935,0.0013137792142856597,-0.0015322835455218176,0.00013035927948568116,0.0028359081016873233,-0.0077981426082213146
2015-08-10,6.209672,0.912409,63.871168,12.725821,2.791149635,124.698905,0.645164,3.518156934,1.358029,3.2207830691355355e-07,-0.0017330548483412977,0.000880043766507077,0.00205263834658842,0.0008510801374057575,2.2518748120869958e-05,0.001097047592003797,-0.0022510947974430096,0.0033216774175435226
2015-08-11,6.325011,0.904568,64.204975,12.720941,2.767616463,124.821348,0.641158,3.470465853,1.365174,0.018574088937386657,-0.008593733731254272,0.005226254825964727,-0.00038347231192392695,-0.008431354487377751,0.0009819091835649996,-0.0062092739210494186,-0.013555700298388151,0.0052613014891436105
2015-08-12,6.385836,0.896459,64.71896,12.745226,2.775885253,124.114747,0.640879,3.460062752,1.356163,0.00961658406601984,-0.008964500181302015,0.00800537653040112,0.0019090568850212986,0.002987693602254815,-0.0056608986469206535,-0.00043515015019701675,-0.0029976093817511984,-0.0066006238032662035
2015-08-13,6.398236,0.900171,65.229094,12.800882,2.789900081,124.430642,0.639662,3.492033486,1.361149,0.0019417974404603022,0.00414073593995945,0.007882296007228895,0.004366811541827387,0.0050487778573891084,0.002545185061691324,-0.001898954404809694,0.009239928952594845,0.003676549205368307
2015-08-14,6.391191,0.895175,65.007519,12.794468,2.833407931,124.160773,0.639603,3.500134276,1.353684,-0.0011010847364804066,-0.005550056600357012,-0.0033968737937706273,-0.0005010592238877676,0.015594769969111244,-0.002168830729009641,-9.223621224951906e-05,0.0023197916149650943,-0.005484337129880612
2015-08-17,6.394865,0.900901,65.315045,12.913514,2.858108108,124.522523,0.64009,3.50009009,1.36,0.0005748537322700642,0.006396514647973639,0.0047306220069711635,0.009304490034286683,0.008717480010470124,0.002913561113218943,0.0007614098120241053,-1.262408711077967e-05,0.004665786106654135
2015-08-18,6.394213,0.904159,65.315009,12.915642,2.88915009,124.267631,0.636709,3.486799277,1.362116,-0.00010195680440483468,0.003616379602198405,-5.511746947739482e-07,0.00016478860827517927,0.010861024435398825,-0.0020469549914275964,-0.00528206970894729,-0.003797277400936938,0.0015558823529411292
2015-08-19,6.395616,0.905715,65.273707,12.900824,2.920297075,124.363735,0.638439,3.478308124,1.360927,0.00021941715110229687,0.0017209362512566884,-0.0006323508276635526,-0.0011472910134857628,0.010780673910921745,0.0007733630972655003,0.002717096821310827,-0.0024352285077062774,-0.0008729065659607294
2015-08-20,6.389073,0.894214,65.550031,12.945989,2.960296879,123.848699,0.63829,3.504426361,1.366986,-0.001023044535506945,-0.012698254969830569,0.004233312503608921,0.003500939164816197,0.013697169490881178,-0.00414136806039167,-0.00023338173263220963,0.0075088911243335055,0.004452112420431087
2015-08-21,6.388086,0.886446,65.9032,12.941317,2.928729723,122.684159,0.638064,3.471412109,1.363709,-0.00015448250473881764,-0.008686958602750594,0.005387777772370539,-0.0003608839772690775,-0.010663510212078231,-0.009402924773557753,-0.000354071033542791,-0.00942072927181703,-0.0023972447413506126
2015-08-24,6.404801,0.869792,66.772288,13.2672,2.954683831,119.857354,0.635122,3.560494042,1.38323,0.0026165896952545786,-0.018787382423746002,0.013187341434103494,0.02518159473259174,0.008861899340241841,-0.02304132027346739,-0.00461082273878477,0.025661583875059346,0.01431463750697537
2015-08-25,6.412828,0.869112,66.096298,13.055015,2.920737007,119.798366,0.633582,3.530418912,1.385103,0.001253278595228835,-0.0007817961075751167,-0.010123810644319997,-0.015993201278340696,-0.01148915618105606,-0.0004921516955896932,-0.0024247309965643726,-0.008446897999331071,0.0013540770515387823
2015-08-26,6.409314,0.877039,66.194527,13.067532,2.92667953,119.680758,0.641466,3.591825995,1.400018,-0.0005479641743081354,0.009120803762921348,0.001486149799191372,0.0009587886340995944,0.0020345970848307804,-0.0009817162280828517,0.012443535327708144,0.01739371007538959,0.010768152260156816
2015-08-27,6.405619,0.886211,66.045019,13.11698,2.920950018,120.187877,0.647997,3.583392414,1.399326,-0.0005765047554231462,0.010457915782536409,-0.002258615731176694,0.0037840351184905696,-0.0019576834228924866,0.004237264272674457,0.01018136580894402,-0.0023479926398829454,-0.0004942793592652706
2015-08-28,6.389599,0.887469,66.162496,13.236244,2.921636493,120.837771,0.649716,3.565051473,1.401225,-0.002500929262261753,0.001419526501025059,0.0017787412552641158,0.009092336803136147,0.00023501771539025107,0.00540731741188849,0.0026527900592130393,-0.00511831775061633,0.0013570819094335107
2015-08-31,6.382434,0.891663,66.401962,13.334463,2.918502006,121.328578,0.648712,3.62648239,1.404637,-0.001121353624851884,0.004725798872974751,0.003619361639560781,0.007420458553045739,-0.0010728531792061347,0.0040617018663806626,-0.0015452905577205689,0.017231424978082055,0.002435012221449151
2015-09-01,6.364721,0.889996,66.309719,13.385813,2.923193307,120.03382,0.652189,3.654859381,1.420078,-0.002775273508507814,-0.0018695403981100478,-0.001389160760038921,0.0038509237304871213,0.0016074345641547971,-0.010671500658319677,0.005359851521168135,0.007824935556904666,0.010992875739425978
2015-09-02,6.35602,0.888494,66.193781,13.458907,2.943225233,120.133274,0.654731,3.730964016,1.42701,-0.0013670669931957757,-0.001687648034373157,-0.001748431478046264,0.0054605573826558285,0.006852754469583333,0.0008285498203755015,0.0038976431678545698,0.020822862678557374,0.004881422006396852
2015-09-03,6.355864,0.890551,66.242497,13.615015,2.969988423,120.206608,0.65411,3.800160299,1.427999,-2.454366097015548e-05,0.0023151535069454443,0.0007359603767005396,0.011598861631185953,0.009093150500317115,0.000610438703268823,-0.0009484811319457886,0.018546488977984277,0.0006930575118606619
2015-09-04,6.355899,0.897827,66.495331,13.62399,2.977823667,119.249416,0.656761,3.776800144,1.431855,5.506725757387088e-06,0.00817022270481993,0.003816794526933176,0.0006591986861563814,0.0026381395763439563,-0.007962890026811276,0.004052835150051282,-0.006147149899478399,0.002700282002998655
2015-09-07,6.365871,0.897183,66.856899,13.915485,3.025031401,119.406065,0.655257,3.839763144,1.441055,0.001568936196122639,-0.0007172874061485146,0.005437494551309152,0.021395714471311278,0.01585309920233091,0.0013136248818190754,-0.002290026356619901,0.016670990679775732,0.0064252316051554015
2015-09-08,6.367586,0.895897,66.502419,13.815624,3.013169683,119.888909,0.648988,3.793764558,1.431285,0.0002694053963707699,-0.0014333753537459915,-0.0053020706210139545,-0.007176250055244249,-0.003921188387029262,0.0040437141949196675,-0.009567238503365827,-0.011979537350338187,-0.00677975510997153
2015-09-09,6.378221,0.897747,66.411258,13.670527,3.019391328,120.881587,0.650956,3.801059341,1.423826,0.0016701776780085886,0.002064969522165949,-0.001370792241407015,-0.010502384836182599,0.0020648173367407985,0.008279981928937197,0.0030324135423149823,0.0019228349278075374,-0.00521140094390693
2015-09-10,6.377202,0.894055,66.433706,13.856594,3.045775592,121.037103,0.649575,3.888153777,1.415378,-0.00015976241651083356,-0.0041125172236720076,0.0003380149793277276,0.01361081397959274,0.008738272431045413,0.0012865152076471098,-0.002121495154818409,0.022913200817613832,-0.005933309266722198
2015-09-11,6.374867,0.887469,66.468495,13.568246,3.044195953,120.713525,0.648385,3.840255591,1.415957,-0.00036614803796386486,-0.007366437187868891,0.0005236648998627746,-0.02080944278225938,-0.0005186327594682849,-0.002673378592017328,-0.0018319670553823553,-0.012319005046389053,0.0004090779989514015
2015-09-14,6.369571,0.884564,66.361787,13.582043,3.068996019,120.336134,0.648739,3.863600177,1.404157,-0.0008307624300241123,-0.0032733537734838114,-0.0016053921485660316,0.001016859511538959,0.008146672022068868,-0.003126335677795855,0.0005459719148344089,0.006078914657323908,-0.00833358640128179
2015-09-15,6.369876,0.883392,66.363781,13.477739,3.029858657,119.646643,0.64894,3.841519435,1.403269,4.788391557286609e-05,-0.0013249465273288408,3.0047412677314256e-05,-0.007679551596177503,-0.012752496828833393,-0.0057297087506567035,0.0003098318430061475,-0.005715069103538917,-0.0006324079144995887
2015-09-16,6.37077,0.890631,66.460011,13.359458,3.001959387,120.63591,0.647177,3.841645885,1.396242,0.00014034810096785755,0.008194550097804898,0.0014500379356021664,-0.00877602689887369,-0.00920810940653738,0.008268238666754746,-0.00271673806515238,3.2916662830784205e-05,-0.005007592984666576
2015-09-17,6.366337,0.884017,66.25,13.385697,3.017857143,120.898161,0.644139,3.862800566,1.394625,-0.0006958342555138941,-0.007426195584927853,-0.0031599603557092015,0.0019640766863446846,0.005295793163906826,0.002173904934277049,-0.004694233571341355,0.005506671263637353,-0.0011581086946245156
2015-09-18,6.364305,0.875733,65.673789,13.220247,2.999649707,119.371223,0.63911,3.885629214,1.37569,-0.000319178830778144,-0.009370860515125923,-0.008697524528301859,-0.012360208063875944,-0.006033233230483659,-0.012629952245510223,-0.007807321090634312,0.005909869694266767,-0.013577126467688383
2015-09-21,6.368267,0.888889,65.715289,13.339644,2.987733333,120.444444,0.643822,3.958133333,1.394933,0.0006225345894015355,0.015022843720631895,0.0006319111571284619,0.009031374375985557,-0.0039725885233172775,0.0089906174455463,0.007372752734271071,0.01865955679424225,0.013987889713525492
2015-09-22,6.376423,0.896459,65.895831,13.674765,3.037292694,119.90139,0.647512,4.016943075,1.410309,0.0012807251957243082,0.008516248935468873,0.0027473363162109354,0.02512218466999583,0.01658761190384994,-0.004508750939146711,0.005731397808711014,0.014857948697606593,0.011022751630365146
2015-09-23,6.382511,0.896861,65.981166,13.658027,3.025112108,120.206278,0.654439,4.017399103,1.418206,0.0009547672731247125,0.0004484309934977837,0.0012949984650774127,-0.0012240064088853142,-0.004010343166485741,0.002542822898049746,0.010697871236363232,0.00011352612956794239,0.005599482099313047
2015-09-24,6.382261,0.889601,66.239125,13.998043,3.057557157,119.633485,0.657148,4.208166533,1.436438,-3.916953687976843e-05,-0.008094899878576589,0.0039095853504620415,0.02489495737561498,0.010725238550398863,-0.004765083900193701,0.004139423231194872,0.047485307062856696,0.012855678230101919
2015-09-25,6.374496,0.896781,66.156309,13.737243,3.02815891,120.993633,0.65891,3.890503094,1.425433,-0.0012166534712384491,0.008071034092812512,-0.001250258061229026,-0.018631175800788657,-0.009614946014237402,0.011369291799866899,0.0026812833638694133,-0.07548737354116497,-0.007661312218139704
2015-09-28,6.365175,0.895255,66.104834,14.031155,3.056132498,120.080573,0.658192,4.00957923,1.429454,-0.001462233249499234,-0.0017016417609204693,-0.0007780814978658457,0.021395268322763172,0.00923782034939502,-0.007546347500781314,-0.0010896784082803368,0.03060687348729818,0.0028208972291225987
2015-09-29,6.365227,0.892538,65.99527,13.906819,3.037308104,119.939307,0.659675,4.090860407,1.428865,8.16945331427732e-06,-0.003034889500756699,-0.0016574279575377604,-0.008861423026115811,-0.006159547733064374,-0.001176426764719074,0.0022531419403457598,0.020271747317486044,-0.0004120454383281791
2015-09-30,6.355976,0.892618,65.590021,13.834152,3.026242971,120.226725,0.659198,3.999642953,1.422744,-0.0014533652923925944,8.963203807565989e-05,-0.006140576438281253,-0.0052252783328812225,-0.0036430722933337156,0.0023963620200007085,-0.0007230833364915146,-0.02229786522265953,-0.004283819675056755
2015-10-01,6.357124,0.89662,65.512508,13.852327,3.030216085,119.752533,0.66054,3.947189097,1.414597,0.00018061742209218856,0.004483440844795794,-0.0011817803808904515,0.0013137776713745275,0.0013128866512286397,-0.003944148025324723,0.002035807147473312,-0.01311463463523821,-0.005726258553892971
2015-10-02,6.357079,0.896057,65.512545,13.897939,3.026344086,120.286738,0.659319,4.003584229,1.422043,-7.078672682792053e-06,-0.0006279137204167062,5.647776453177045e-07,0.003292731972036167,-0.001277796332468606,0.004460907728774277,-0.0018484876010537166,0.01428741583291826,0.005263689941375382
2015-10-05,6.356088,0.889996,65.300018,13.589979,2.994749021,120.211819,0.658775,3.921235315,1.410911,-0.00015588920634779235,-0.006764078624462488,-0.0032440656976462368,-0.022158681226043586,-0.01044001081904733,-0.0006228367419855996,-0.000825093770997043,-0.02056879767971531,-0.007828173972235675
2015-10-06,6.357627,0.890948,65.382573,13.685584,2.9914469,120.340342,0.659212,3.938791875,1.406005,0.00024213006490780842,0.0010696677288437595,0.0012642416116945832,0.007034963041517628,-0.0011026369745326114,0.0010691378024985099,0.000663352434442821,0.004477303346942962,-0.0034771860166942226
2015-10-07,6.35727,0.887626,64.897923,13.375644,2.928901118,120.095864,0.653116,3.837919404,1.383455,-5.615302690775703e-05,-0.0037286126687527954,-0.007412525658786584,-0.022647188457577072,-0.020908203986505614,-0.00203155480478856,-0.009247404476860233,-0.025610002813362676,-0.016038349792497075
2015-10-08,6.353919,0.888573,65.096144,13.466856,2.933357029,119.886263,0.654523,3.87186778,1.391861,-0.0005271130532444879,0.001066890785082819,0.003054350445082621,0.006819260440843022,0.0015213593154836946,-0.0017452807533822057,0.0021542880590890157,0.00884551561052005,0.006076092102742736
2015-10-09,6.345186,0.880127,64.800035,13.261222,2.902041894,120.269319,0.65191,3.749427918,1.364372,-0.0013744273416139707,-0.009505127884822051,-0.0045487947796108985,-0.015269636803126097,-0.010675527966902743,0.003195161734251384,-0.003992220288668191,-0.03162294503765317,-0.019749816971666112
2015-10-12,6.323485,0.879275,64.752484,13.272575,2.91717225,120.117823,0.650752,3.764881737,1.356634,-0.0034200731073920076,-0.0009680421121042171,-0.000733811332046308,0.0008561051161046773,0.005213693169379363,-0.0012596396259630938,-0.001776318817014566,0.004121647178709775,-0.005671473762287715
2015-10-13,6.341041,0.879198,65.184983,13.457007,2.954105855,119.711623,0.65764,3.804378407,1.37023,0.002776317173204257,-8.757214750787501e-05,0.006679264999316592,0.013895721063923228,0.012660755634158916,-0.003381679669635651,0.01058467741935476,0.010490812928289461,0.010021862934291859
2015-10-14,6.348379,0.876424,64.983786,13.417528,2.936021034,119.614373,0.650131,3.873619632,1.377914,0.0011572232382666137,-0.003155148214622927,-0.003086554459943769,-0.002933713269228422,-0.00612192720494098,-0.0008123689042291993,-0.011418101088741528,0.018200404269090864,0.00560781766564733
2015-10-15,6.345222,0.874202,64.824985,13.109275,2.882682053,118.218376,0.646647,3.796223446,1.364805,-0.000497292300916663,-0.00253530254762524,-0.0024437018797273113,-0.02297390398589072,-0.018167097708878366,-0.01167081317225982,-0.005358919971513498,-0.01998032676224315,-0.009513656149803262
2015-10-16,6.352025,0.880282,64.867165,13.146039,2.902464789,119.058099,0.647535,3.854929577,1.377993,0.0010721453087063626,0.006954914310422611,0.0006506750445063325,0.0028044266368658644,0.006862614619400187,0.00710315120552818,0.001373237639701319,0.01546435077783892,0.00966291887852111
2015-10-19,6.360364,0.882379,64.804994,13.192359,2.898526427,119.377041,0.645637,3.898791141,1.374835,0.0013128096945460577,0.0023821911614687608,-0.0009584355968078606,0.003523494795656612,-0.0013569025935907808,0.002678876974173905,-0.002931115692587971,0.01137804546721033,-0.0022917387824176183
2015-10-20,6.348457,0.879275,65.057505,13.199596,2.891233623,119.722149,0.646443,3.859843489,1.372725,-0.0018720626681114627,-0.0035177627754060525,0.003896474398254135,0.0005485751259497462,-0.0025160384711579997,0.0028909076411098855,0.001248379507370112,-0.009989673873633031,-0.001534729622100106
2015-10-21,6.349128,0.880747,65.126299,13.426458,2.90549586,120.045799,0.647261,3.926105337,1.383389,0.00010569497438517317,0.0016741065082026552,0.00105743372728484,0.017187041179139273,0.004932924439776221,0.002703342720652202,0.0012653861206632921,0.017166977932871363,0.00776848968292998
2015-10-22,6.358084,0.883939,65.126315,13.524883,2.888977283,119.764872,0.646513,3.95925042,1.387077,0.0014105874066485669,0.0036241962788405857,2.4567648160278566e-07,0.007330675000063458,-0.0056852867104066895,-0.002340165189787302,-0.0011556389153679625,0.008442229679279656,0.0026659168173230885
2015-10-23,6.350595,0.902201,64.828762,13.443432,2.87513533,120.714543,0.649179,3.89462288,1.375857,-0.0011778705660383526,0.0206597966601767,-0.004568859761219568,-0.0060223071800326045,-0.004791298665258514,0.007929461987818964,0.004123660313094968,-0.01632317563787744,-0.008088952523904402
2015-10-26,6.352102,0.908183,64.906457,13.570974,2.885659795,121.02443,0.652438,3.85805104,1.378803,0.0002373005993927535,0.006630451529093806,0.0011984649652880819,0.009487309490612272,0.0036605111732253004,0.0025671057711744716,0.005020187036241186,-0.009390341793503842,0.0021412108961904597
2015-10-27,6.3525,0.904077,64.963656,13.74288,2.909773077,120.296537,0.652201,3.92161649,1.383148,6.265642459757359e-05,-0.004521115237787865,0.000881252846692826,0.012667182178670355,0.008356245612106239,-0.006014430309648988,-0.00036325290678951294,0.016476052115681705,0.0031512841210818987
2015-10-28,6.358502,0.90212,65.000902,13.579702,2.891023906,120.324763,0.653857,3.884709066,1.401804,0.0009448248720975716,-0.0021646386314440047,0.0005733359588013798,-0.011873639295402416,-0.006443516557425366,0.0002346368457806225,0.0025390945429399903,-0.009411278255819444,0.013488072136893514
2015-10-29,6.354986,0.914913,65.364044,13.837786,2.936870997,121.043001,0.655718,3.936139067,1.413175,-0.0005529604299879809,0.014181040216379115,0.005586722473482242,0.019005129862201597,0.01585842680333771,0.005969161975411419,0.0028461880808801077,0.013239086924199617,0.008111690364701607
2015-10-30,6.326858,0.907688,65.367614,13.81701,2.916220387,120.613597,0.651902,3.878006717,1.41091,-0.004426130915158644,-0.007896925718620107,5.461718372257174e-05,-0.0015013962493710675,-0.007031500539552038,-0.0035475326656847495,-0.005819574878225153,-0.014768876050994528,-0.0016027738956604365
2015-11-02,6.337382,0.906454,65.585025,13.764594,2.805474982,120.576505,0.646483,3.872733865,1.401106,0.0016633848902567472,-0.0013594979772786342,0.003325974235498297,-0.0037935848638742664,-0.03797566380568629,-0.00030752751698470693,-0.008312599132998422,-0.0013596809868547943,-0.006948706862946685
2015-11-03,6.336097,0.911079,65.727861,13.897777,2.844569971,120.854592,0.649736,3.80949344,1.394042,-0.00020276511657335572,0.005102299730598503,0.002177875208555724,0.009675766680804276,0.013935247774738535,0.0023063116649466586,0.00503184151787428,-0.016329659409735853,-0.0050417313179730305
2015-11-04,6.336626,0.914495,65.486328,13.816187,2.839689072,121.124829,0.648743,3.752629172,1.390947,8.348988344097918e-05,0.00374940043618599,-0.003674743043897366,-0.005870723065998229,-0.0017158653328129825,0.0022360507410426056,-0.001528313037910789,-0.014926989347959108,-0.0022201626636787486
2015-11-05,6.346136,0.918864,65.891758,13.886153,2.868234862,121.887347,0.654783,3.800790223,1.399706,0.0015007986900286152,0.004777500150356273,0.006191063270488906,0.005064060004399185,0.010052435064623166,0.0062953071331064425,0.009310312404141596,0.012833948890913716,0.006297148633269245
2015-11-06,6.354473,0.920471,65.900037,13.94827,2.880522828,121.879602,0.660576,3.792893962,1.399485,0.0013137127852285158,0.0017488986400600037,0.00012564545629523138,0.004473305169545583,0.004284156141743489,-6.354228056171252e-05,0.008847205868203645,-0.0020775313912924087,-0.00015789029981994052
2015-11-09,6.363122,0.927988,66.422513,14.25297,2.918522643,123.496659,0.662676,3.795100223,1.416388,0.001361088480508199,0.008166471295673716,0.007928311178338143,0.021845003000372065,0.013191985368289583,0.013267659013195487,0.003179043743641863,0.0005816827525642054,0.012078014412444604
2015-11-10,6.35991,0.93362,66.270003,14.351228,2.914760527,123.219121,0.661376,3.793016525,1.418075,-0.0005047836580847065,0.006069043996258516,-0.002296058867871986,0.006893861419760228,-0.0012890480767807633,-0.002247332051306672,-0.0019617429935595565,-0.0005490495316491373,0.0011910578174907371
2015-11-11,6.367581,0.933184,66.235536,14.184957,2.886244867,123.086973,0.658828,3.733949235,1.416853,0.001206149143619939,-0.0004669994216062179,-0.0005200995690313182,-0.011585837811231237,-0.009783191358553767,-0.001072463420673131,-0.0038525740274820697,-0.01557264241025158,-0.0008617315727307284
2015-11-12,6.370502,0.932314,66.313817,14.257785,2.884393064,122.990863,0.658587,3.803188514,1.405277,0.00045872993213591506,-0.0009322920238666876,0.0011818580285967162,0.005134171361957485,-0.0006415959439797225,-0.0007808299908390604,-0.00036580108920680754,0.018543176310751308,-0.008170219493482955
2015-11-13,6.373746,0.929023,66.146414,14.349591,2.876254181,122.668153,0.656865,3.794778893,1.400687,0.0005092220361910815,-0.003529926612707679,-0.002524406037432647,0.006439008583731587,-0.002821696911416538,-0.002623853448365465,-0.002614688719941305,-0.0022112027760503583,-0.0032662599615592702
2015-11-16,6.372284,0.932575,65.990208,14.38963,2.883707918,123.109205,0.658211,3.836985918,1.409121,-0.00022937845342441143,0.003823371434291678,-0.002361518796771045,0.0027902537431205854,0.002591473677548306,0.003595489042702127,0.002049127294040609,0.011122393738896452,0.006021330961164084
2015-11-17,6.377226,0.937207,66.00956,14.237582,2.867197751,123.233365,0.657638,3.812933458,1.402062,0.0007755460993263963,0.004966892743210938,0.00029325562968374186,-0.010566498235187516,-0.005725325681198101,0.0010085354706010907,-0.0008705415132838068,-0.006268581775910498,-0.005009505926034885
2015-11-18,6.380461,0.937559,66.220139,14.207482,2.864241515,123.429589,0.657135,3.803018939,1.408963,0.0005072738522988729,0.0003755840492014606,0.003190128823764571,-0.002114123030160564,-0.0010310541011582242,0.0015922960474219483,-0.0007648584783724877,-0.0026002339430282184,0.004922036258025786
2015-11-19,6.385702,0.935716,66.229999,14.204735,2.847665388,123.140264,0.654814,3.757275194,1.396557,0.0008214140012767768,-0.0019657429559100104,0.0001488973014689421,-0.00019334882845545298,-0.005787265813022802,-0.0023440489621981975,-0.003531998752159038,-0.012028271679348612,-0.008805057336494948
2015-11-20,6.384637,0.935629,66.194985,13.927957,2.822324102,122.829341,0.655876,3.710703593,1.38707,-0.00016677884436211432,-9.297692889720377e-05,-0.0005286728148675701,-0.019484911193345056,-0.008898968996423284,-0.002524949922147357,0.0016218345973055825,-0.012395046568420276,-0.006793134830873404
2015-11-23,6.389427,0.940645,66.381244,14.020882,2.847051077,123.14928,0.660803,3.730034804,1.391497,0.0007502384238917692,0.005361099324625362,0.002813793220135752,0.006671832774900244,0.008761210302699718,0.0026047440896064256,0.0075120907000714165,0.005209581017591169,0.0031916197452181994
2015-11-24,6.388884,0.938879,66.339499,14.065158,2.880011267,122.542484,0.663036,3.71326636,1.386067,-8.49841464657386e-05,-0.0018774351641691611,-0.0006288673951333479,0.003157861252951033,0.011576957739279692,-0.004927320728143947,0.0033792219466315387,-0.004495519447169305,-0.003902272157252251
2015-11-25,6.386832,0.944644,66.300302,14.090119,2.878518798,122.747024,0.662904,3.768184394,1.379275,-0.00032118285447035877,0.006140301359387035,-0.0005908546279494997,0.0017746690083395578,-0.0005182163754361424,0.0016691354159263927,-0.00019908421262182507,0.014789683441938761,-0.004900196022270098
2015-11-26,6.389465,0.942329,66.56634,14.225028,2.908970976,122.559367,0.662269,3.763192612,1.383811,0.00041225446355874773,-0.0024506586608289416,0.004012621239643854,0.009574723960812603,0.010579113821024277,-0.0015288109958576657,-0.0009579064238562918,-0.0013247180811927217,0.00328868427253437
2015-11-27,6.39414,0.94518,66.772117,14.318526,2.917296786,122.637051,0.664367,3.720132325,1.388374,0.0007316731526034737,0.0030254826074544994,0.003091307108066932,0.006572781438461961,0.0028621151839227643,0.0006338479212282255,0.0031678970327768674,-0.011442488184816968,0.0032974156152827394
2015-11-30,6.398431,0.945269,66.667454,14.452595,2.910388506,123.09292,0.666226,3.848095283,1.386804,0.0006710832105647491,9.416195856881693e-05,-0.0015674656533652964,0.009363324129872064,-0.002368041548995947,0.00371722082586623,0.0027981522261038005,0.03439742106485433,-0.001130819217300294
2015-12-01,6.396981,0.943396,66.521038,14.468019,2.889150943,123.179245,0.663774,3.891981132,1.371698,-0.00022661805683299452,-0.0019814465511933665,-0.0021962140627119764,0.0010672131890501202,-0.007297157391948472,0.0007012994736008693,-0.003680432766058339,0.011404564017392538,-0.010892671206601534
2015-12-02,6.3987,0.942329,66.544572,14.336035,2.883999246,123.162458,0.66519,3.852619676,1.365341,0.00026872051050319534,-0.0011310202714449602,0.0003537828137918364,-0.009122465211028441,-0.0017831179822853649,-0.00013628107559837677,0.0021332561986457943,-0.010113475544978545,-0.004634402033100726
2015-12-03,6.397995,0.937119,66.661325,14.313185,2.883328648,123.306157,0.667416,3.79308406,1.363509,-0.00011017863003426331,-0.005528854572023123,0.0017545082414835989,-0.0015938856176063165,-0.00023252363915493568,0.001166743521796132,0.0033464123032518334,-0.015453281405086283,-0.001341789340538302
2015-12-04,6.402678,0.917263,66.778573,14.426252,2.912034489,122.986608,0.660521,3.777288571,1.36663,0.0007319480556018387,-0.021188344276447224,0.001758860928731787,0.007899499657134212,0.009955799183666292,-0.0025915088733159397,-0.010330888081796052,-0.00416428656737966,0.002288947120994367
2015-12-07,6.408178,0.925155,66.73374,14.487279,2.900268295,123.415672,0.663984,3.73993894,1.373763,0.0008590155556784662,0.008603857345166999,-0.0006713680449564885,0.00423027408643617,-0.004040540743746601,0.003488705046650331,0.0052428310379231124,-0.009887947478185999,0.005219408325589203
2015-12-08,6.417931,0.91954,66.838713,14.668322,2.923034483,122.887356,0.668598,3.797425287,1.388414,0.001521961468610833,-0.006069253260264418,0.001573012392232176,0.012496687611248447,0.007849683437648913,-0.004280785344668359,0.006948962625605404,0.0153709319650015,0.01066486722964588
2015-12-09,6.427657,0.913993,66.83996,14.577004,2.919202998,122.511653,0.662736,3.769947902,1.387625,0.0015154416586902197,-0.006032364008090929,1.8656852354581588e-05,-0.006225524637378355,-0.0013107902155391482,-0.0030572958213862522,-0.008767600262040931,-0.007235793445117933,-0.0005682743043501359
2015-12-10,6.434799,0.913826,66.747327,15.273965,2.918760852,121.511469,0.661153,3.762862104,1.370739,0.0011111358306767904,-0.00018271474726838655,-0.0013858925110069586,0.047812362540340825,-0.00015146120372666605,-0.0081639907348241,-0.0023885830858743073,-0.0018795479895733491,-0.012168993784343884
2015-12-11,6.458082,0.913242,67.006301,15.88621,2.960365297,121.479452,0.659726,3.852968037,1.386301,0.003618294837181457,-0.0006390713330546305,0.003879915670630396,0.040084221745957826,0.01425414657439017,-0.00026348953118171536,-0.0021583506389594165,0.02394611615031428,0.01135300009702811
2015-12-14,6.458072,0.910498,67.145042,15.300464,2.989802422,120.677411,0.661022,3.904488755,1.38678,-1.5484473564475465e-06,-0.0030046800300467247,0.002070566468070023,-0.036871349428214795,0.009943747492862087,-0.0066022770665773445,0.001964451908822662,0.013371696184667714,0.00034552380760022317
2015-12-15,6.461965,0.909918,66.893631,14.942038,2.963876251,120.991811,0.659873,3.877070064,1.383076,0.0006028114892495662,-0.000637014029684857,-0.003744297307908484,-0.023425825517448318,-0.008671533212103344,0.0026052928828577127,-0.001738217487466276,-0.00702235112468641,-0.0026709355485368125
2015-12-16,6.469039,0.914662,66.710875,15.065215,2.964968444,121.814689,0.666148,3.93688832,1.389006,0.001094713450165763,0.005213656615211448,-0.0027320388692908537,0.00824365458045273,0.0003685015525300983,0.006801104911141387,0.009509405597743603,0.015428727109018325,0.004287544574556934
2015-12-17,6.487409,0.922424,66.26695,14.998616,2.921686191,122.516373,0.670233,3.877040863,1.392584,0.0028396798968131076,0.008486194900411359,-0.006654462259714111,-0.004420713544413424,-0.014597879814737147,0.005760257697657423,0.006132270906765491,-0.015201715704244334,0.0025759427965035275
2015-12-18,6.485234,0.92285,66.403654,15.042267,2.914451827,121.447028,0.670598,3.900424511,1.403285,-0.0003352648183582163,0.0004618266653946268,0.002062928805385056,0.0029103351935939603,-0.0024760920670688913,-0.008728180355126902,0.0005445867332705134,0.0060313132686216075,0.007684276137022827
2015-12-21,6.481785,0.919963,66.315547,15.097976,2.911039558,121.370745,0.671435,3.97598896,1.3954,-0.0005318235240239222,-0.0031283523866283414,-0.0013268396344575661,0.00370349761774591,-0.0011708098821151536,-0.0006281174702769121,0.0012481397200707622,0.0193733909698528,-0.005618958372675453
2015-12-22,6.476717,0.913075,66.241234,15.134039,2.947406866,120.909423,0.672206,3.982742878,1.379565,-0.0007818833855181007,-0.007487257639709477,-0.001120596954436448,0.0023885983127804877,0.012492893784303627,-0.0038009324240367848,0.0011482868781043098,0.0016986762458213178,-0.011348000573312311
2015-12-23,6.477556,0.916086,66.209967,15.262917,2.933125687,120.850128,0.671491,3.967662147,1.384665,0.00012954093871941907,0.0032976480573885247,-0.00047201717286848854,0.008515770310886683,-0.00484533681614896,-0.0004904084274722775,-0.0010636620321746726,-0.0037865188544565775,0.003696817475073777
2015-12-24,6.474833,0.913492,66.210012,15.186992,2.922261807,120.425687,0.670686,3.940988399,1.376998,-0.0004203745980736473,-0.002831611879233975,6.796559799404633e-07,-0.004974475062663353,-0.003703857645156572,-0.0035121270206681654,-0.0011988247050219725,-0.006722787125453267,-0.005537079365767195
2015-12-28,6.48732,0.912242,66.102536,15.249316,2.912151067,120.461595,0.670817,3.925743477,1.376482,0.0019285439485465794,-0.0013683754209122823,-0.0016232590321839657,0.004103775125449571,-0.0034599021811737574,0.0002981755877382586,0.00019532240124298106,-0.003868299131219999,-0.000374728213112796
2015-12-29,6.488769,0.913075,66.331081,15.302958,2.910701242,120.416362,0.675721,3.851990504,1.374726,0.00022335879839419093,0.0009131348918378634,0.0034574316483106937,0.0035176659726900983,-0.0004978536369315556,-0.00037549726948238327,0.0073104885535102415,-0.018787007717672055,-0.0012757159192783307
2015-12-30,6.490024,0.915248,66.387516,15.453688,2.91387516,120.501556,0.675444,3.898041369,1.371957,0.00019341110771553538,0.002379870218766289,0.0008508077834583627,0.009849729705851518,0.001090430702471945,0.0007074952156418401,-0.00040993250172771667,0.011955082690930707,-0.0020142195608432445
2015-12-31,6.485533,0.918527,66.15367,15.571783,2.917700009,120.391292,0.674153,3.9604115,1.368329,-0.00069198511438473,0.003582635526108824,-0.003522439369474273,0.007641865165130879,0.0013126331053936457,-0.0009150421260949448,-0.0019113353586678317,0.016000376880556555,-0.0026443977471598545
2016-01-04,6.534043,0.9176,66.633327,15.558635,2.954028262,119.086071,0.67728,4.039548541,1.390439,0.007479724488334227,-0.0010092245519184306,0.0072506483767262875,-0.0008443477538827571,0.012450989782342603,-0.010841490097140971,0.004638412941869285,0.019982024847670532,0.016158394655086727
2016-01-05,6.520938,0.930579,66.586544,15.600503,2.978689745,119.00242,0.681509,4.003629257,1.394193,-0.0020056494883794462,0.014144507410636553,-0.0007020961147563565,0.002690981567470274,0.008348424866897908,-0.0007024415139198492,0.006244094023151403,-0.008891905527420252,0.002699866732736922
2016-01-06,6.552597,0.930925,66.862968,15.82871,3.008285236,118.404394,0.683672,4.03379259,1.413796,0.004854976385299192,0.00037181152809151463,0.00415134925759153,0.014628182181048777,0.009935741394241804,-0.005025326375715733,0.003173839230296238,0.007533997546666393,0.014060463651732524
2016-01-07,6.594774,0.920133,66.894737,16.101123,3.017206478,117.537725,0.685913,4.048675009,1.430806,0.0064366845694920904,-0.011592770631361327,0.0004751359526846688,0.017210056915566874,0.0029655572195215196,-0.007319567886982292,0.0032778876420271885,0.0036894358517327586,0.012031438764857239
2016-01-08,6.590277,0.920726,66.679495,16.008655,2.991529325,118.322438,0.686115,4.022189485,1.426664,-0.0006819035800165185,0.0006444720491494138,-0.0032176223370159462,-0.0057429534573457675,-0.008510240577575656,0.006676265003427773,0.0002944979902699263,-0.00654177575160364,-0.0028948718414656405
2016-01-11,6.571822,0.918442,66.808688,16.575496,3.0191036,117.863703,0.686122,4.02149155,1.425055,-0.0028003375275424958,-0.00248065113834095,0.0019375221722959246,0.0354084087638844,0.009217451010613109,-0.003876990769916433,1.0202371322654002e-05,-0.00017352116368529735,-0.00112780584636607
2016-01-12,6.577704,0.92285,66.86997,16.587025,3.030823182,117.930971,0.692876,4.033222591,1.426726,0.0008950333712629543,0.004799432081721067,0.0009172759087858751,0.0006955447969700934,0.0038818084944152176,0.0005707270201751324,0.00984373041529052,0.0029170870693486783,0.0011725863212297405
2016-01-13,6.575536,0.924556,66.865015,16.489737,3.016457101,118.102811,0.693602,3.995377219,1.425018,-0.00032959829144030284,0.0018486211193586843,-7.409903129906859e-05,-0.005865307371273554,-0.004739993109898255,0.0014571235913931613,0.0010478065339252218,-0.009383407720776726,-0.0011971464738148585
2016-01-14,6.592215,0.918021,67.430093,16.567979,3.031763518,117.745341,0.694969,4.014504728,1.440834,0.0025365232583323127,-0.007068257628526586,0.008451026295290598,0.0047448907159646225,0.005074302894918059,-0.0030267696168553293,0.001970870902909594,0.004787410037039752,0.011098807172962077
2016-01-15,6.586769,0.916254,67.789995,16.699102,3.042697453,117.097306,0.697728,4.044255085,1.456386,-0.000826125968282243,-0.0019247925701045832,0.00533740921875947,0.007914242286279904,0.003606460376966769,-0.005503699717511523,0.00396996125007032,0.007410716642702875,0.010793748620590682
2016-01-18,6.578957,0.918105,67.688762,16.790488,3.039111274,117.315461,0.700174,4.033143592,1.451524,-0.0011860139622325017,0.002020182176557972,-0.0014933324600482356,0.005472509839151929,-0.0011786183330400046,0.001863023219338622,0.003505664098330419,-0.0027474758061655224,-0.0033384006712505743
2016-01-19,6.578579,0.920133,67.615017,16.66498,3.039197644,117.887376,0.703653,4.026315789,1.442124,-5.7455915884463415e-05,0.0022088976751024614,-0.0010894718387669533,-0.007474946529249182,2.841949248089115e-05,0.004875018135930054,0.004968764907008927,-0.0016929233597196003,-0.006475952171648647
2016-01-20,6.579994,0.916842,67.995507,16.768681,3.053726964,116.6957,0.705969,4.085358027,1.459246,0.00021509204343361787,-0.003576656852867899,0.005627300219417375,0.006222689736201437,0.004780643347984892,-0.01010859720891577,0.003291395048411694,0.014664085256627102,0.01187276544874094
2016-01-21,6.579087,0.918021,67.996328,16.657762,3.038465069,116.983384,0.708547,4.15220784,1.446342,-0.0001378420709805539,0.0012859358537238297,1.2074327205180424e-05,-0.006614652637258689,-0.00499779291990432,0.0024652493622301375,0.003651718418230976,0.016363269157364302,-0.008842922988995694
2016-01-22,6.57883,0.925241,67.629996,16.482513,3.01369356,118.217987,0.698177,4.121946706,1.42302,-3.9063170923281376e-05,0.007864743834836041,-0.005387526220533512,-0.01052056092529119,-0.00815263905869168,0.010553661193456243,-0.014635585218764624,-0.007287962251908864,-0.016124816952007293
2016-01-25,6.57938,0.924642,67.77374,16.512252,3.019879797,118.418863,0.701711,4.093943597,1.432825,8.360149145048013e-05,-0.0006473988939098563,0.0021254474124174916,0.0018042758407046389,0.00205270936703994,0.0016991999703057648,0.005061753681372849,-0.006793661101740622,0.00689027561102451
2016-01-26,6.580603,0.922765,67.896743,16.506505,3.017347975,118.316877,0.702178,4.103072806,1.434899,0.00018588377628292463,-0.0020299748443181054,0.0018149064814778626,-0.00034804459137371957,-0.0008383850252965397,-0.000861231035464316,0.0006655161455357828,0.0022299303309136764,0.001447490098232418
2016-01-27,6.577976,0.918442,68.049963,16.33018,2.9904482,118.3964,0.697695,4.037747979,1.420004,-0.00039920353803446496,-0.004684833083179352,0.002256662002181775,-0.010682152278753243,-0.008915039041859307,0.0006721188220679686,-0.006384421044236643,-0.015920952439468006,-0.010380521555872546
2016-01-28,6.57663,0.917179,68.224984,16.306063,2.979455196,118.884711,0.699147,4.104650096,1.414198,-0.0002046222120603014,-0.0013751548818542458,0.0025719484961366224,-0.001476836140201554,-0.0036760389295490414,0.004124373714065488,0.002081138606411015,0.01656916611634829,-0.004088720876842533
2016-01-29,6.576007,0.915751,67.860714,16.018956,2.963827839,121.108059,0.699725,4.056227106,1.409158,-9.472936747245697e-05,-0.0015569479894328442,-0.005339246396891872,-0.017607377084217224,-0.00524503842883095,0.018701715143169206,0.0008267217051636244,-0.011797105445647826,-0.003563857394792036
2016-02-01,6.578923,0.91878,67.907019,16.080393,2.964810731,121.269754,0.699191,3.99770305,1.412808,0.0004434301849132183,0.0033076676956946827,0.0006823535632118904,0.00383526866544881,0.00033162924886065426,0.0013351299767756508,-0.0007631569545178962,-0.014428200017062687,0.002590199253738934
2016-02-02,6.579998,0.915835,67.984706,16.099276,2.952376591,120.743658,0.694752,3.989834234,1.417254,0.00016340060523578614,-0.0032053375127888417,0.0011440201785326565,0.0011742872204676402,-0.004193906838635186,-0.004338229299945762,-0.006348765930911493,-0.0019683342913626722,0.0031469244228514714
2016-02-03,6.577883,0.914662,68.041709,16.184945,2.93954084,119.436568,0.689015,3.958657276,1.416263,-0.0003214286691272106,-0.0012807983970911652,0.0008384679930806271,0.005321295193647213,-0.004347599503101596,-0.010825330469944827,-0.008257622863986014,-0.007814098574402073,-0.0006992395152879416
2016-02-04,6.576031,0.892379,67.695877,15.854899,2.900232019,117.338926,0.683518,3.880599679,1.387293,-0.0002815495502123122,-0.0243620047624149,-0.005082647174544097,-0.020392160739502008,-0.013372435744080202,-0.01756281208616106,-0.007978055630138758,-0.019718200277967113,-0.02045524030494328
2016-02-05,6.572398,0.892698,67.653723,15.852883,2.901089091,116.684521,0.687154,3.879128727,1.391091,-0.0005524608992871771,0.00035747143310183027,-0.0006226967116474968,-0.00012715312787547894,0.0002955184255550858,-0.005577049512111576,0.005319538037037885,-0.00037905275516048054,0.0027377057333959343
2016-02-08,6.575534,0.90082,68.033961,16.204396,2.947572291,116.304837,0.695793,3.895594991,1.416629,0.0004771470017488344,0.009098261674160835,0.005620355881966743,0.022173443152264438,0.01602267236266708,-0.0032539363125979603,0.01257214539972118,0.0042448356728637116,0.018358252623300597
2016-02-09,6.57921,0.889996,68.044589,16.194375,2.950694197,114.871841,0.693708,3.892933428,1.431381,0.0005590420489043346,-0.012015719011567172,0.00015621609919191926,-0.0006184124357364595,0.0010591448459236208,-0.012321035280759673,-0.0029965808796581506,-0.0006832237453197054,0.01041345334593613
2016-02-10,6.574309,0.888336,67.855024,15.846051,2.926623434,114.968464,0.686933,3.887181309,1.407835,-0.0007449222627031737,-0.0018651769221434966,-0.0027858938203007,-0.021508949866852034,-0.00815766100888149,0.0008411373854451121,-0.009766357026299244,-0.001477579595537959,-0.0164498480837737
2016-02-11,6.57372,0.88129,68.436591,15.852384,2.927381687,112.188244,0.693928,3.95135278,1.411651,-8.959116463802541e-05,-0.007931683507141463,0.008570728675890038,0.00039965793370222435,0.0002590879958079828,-0.024182457547662795,0.010182943605853811,0.016508484142847557,0.0027105449147095673
2016-02-12,6.573304,0.886918,68.241064,15.893038,2.929490022,112.700665,0.689446,3.998847007,1.410288,-6.328228156959881e-05,0.006386093113504021,-0.0028570534730465447,0.002564535403633883,0.0007202118566782545,0.004567510656464213,-0.006458883342363997,0.012019738465366858,-0.0009655360992200102
2016-02-15,6.494275,0.894454,68.072004,15.752594,2.943470483,114.132379,0.690519,3.986314848,1.397496,-0.012022720993886793,0.008496839617642138,-0.002477393963259189,-0.008836825281610783,0.0047723190367636725,0.012703687240887218,0.001556322032472357,-0.0031339431036152554,-0.009070487730165722
2016-02-16,6.514508,0.895576,68.420652,15.732491,2.957460147,113.756045,0.694788,4.015135232,1.397546,0.003115513279003501,0.0012543965368818633,0.005121753136575702,-0.001276170769081042,0.004752778762619592,-0.0032973464962120502,0.006182306352178424,0.007229831335189285,3.577827771938935e-05
2016-02-17,6.527029,0.897989,68.498563,15.653736,2.959859914,114.134339,0.698949,4.02891523,1.403466,0.001922017748692495,0.0026943553645921714,0.0011387058983303167,-0.005005882412390972,0.000811428347541554,0.0033254848126971215,0.005988877182680374,0.003432013420164637,0.004235996525338015
2016-02-18,6.517683,0.902201,68.518676,15.396698,2.96679899,113.830747,0.695985,4.017232046,1.398051,-0.0014318919067158875,0.004690480618359416,0.00029362659768494836,-0.016420233482920654,0.0023443933840174846,-0.002659953197783893,-0.0042406527514884385,-0.002899833660684803,-0.0038583050818474796
2016-02-19,6.522891,0.901226,68.467466,15.445205,2.965302812,113.013699,0.700388,4.042357606,1.406363,0.0007990569654892088,-0.0010806904448122934,-0.0007473874714098994,0.003150480706967107,-0.0005043071691217538,-0.0071777443400243834,0.00632628576765315,0.006254445775672357,0.005945419730753798
2016-02-22,6.521767,0.906947,68.560493,15.280791,2.948666788,113.23236,0.709623,3.968347542,1.389625,-0.0001723162321738414,0.0063480192537721525,0.001358703708999487,-0.010644986583214555,-0.005610227708508275,0.0019348185391223627,0.013185548581643225,-0.018308638476256633,-0.01190162141637685
2016-02-23,6.527359,0.908926,68.538357,15.124614,2.935648064,111.906926,0.708826,3.960189057,1.381749,0.0008574363358886394,0.002182045918890596,-0.0003228681567384317,-0.010220478769718211,-0.004415122133494931,-0.011705434736147824,-0.0011231315783170048,-0.0020558897409193033,-0.005667716110461574
2016-02-24,6.53802,0.910664,68.562517,15.540934,2.944722703,111.884164,0.718833,3.988070303,1.395046,0.0016332792481614788,0.0019121468634410999,0.00035250334349257173,0.027525991737706645,0.0030911876363119983,-0.00020340117286399284,0.014117710129143202,0.007040382567270909,0.00962331074601841
2016-02-25,6.531786,0.906865,68.875034,15.566972,2.924458148,112.460325,0.715698,3.947311145,1.386778,-0.0009534996833904241,-0.004171681322639342,0.004558131960062051,0.001675446276266257,-0.0068816513620638675,0.0051496206380019505,-0.004361235502543859,-0.01022027068312692,-0.005926686288480809
2016-02-26,6.537707,0.908595,68.690714,15.675813,2.939033255,113.047429,0.715473,3.939305833,1.387879,0.0009064902003832476,0.0019076709322776164,-0.0026761511290143147,0.0069917900539679945,0.004983865818003919,0.005220543333837924,-0.000314378411005678,-0.0020280418000846456,0.0007939266414667134
2016-02-29,6.553178,0.918442,68.316036,16.032605,2.964088905,113.096988,0.721712,3.985488611,1.401543,0.002366426026739976,0.010837611917300816,-0.005454565518128174,0.022760669574203307,0.008525133207449853,0.00043839121719435603,0.008720105440736425,0.011723582772660501,0.009845238669941692
2016-03-01,6.551692,0.919794,67.853201,15.822664,2.951526858,113.07947,0.7156,4.002851361,1.397719,-0.00022676020703238375,0.0014720581158091939,-0.006774910066503215,-0.013094628103168526,-0.004238080368915376,-0.00015489360335574354,-0.008468752078391373,0.004356492188204664,-0.0027284214612038893
2016-03-02,6.551676,0.92115,67.530859,15.668478,2.938743552,114.28703,0.713062,3.917004422,1.382646,-2.4421172424293758e-06,0.0014742431457479555,-0.0047505791215360915,-0.009744629602195909,-0.004331082390577334,0.010678861512173787,-0.0035466741196199525,-0.021446446859459067,-0.010783998786594418
2016-03-03,6.540501,0.917347,67.275021,15.709109,2.928171727,113.962022,0.710348,3.848179066,1.362444,-0.0017056704269258205,-0.004128534983444565,-0.003788460620647638,0.002593168270715207,-0.0035973962385404956,-0.0028437872608991777,-0.003806120645890476,-0.017570916084097332,-0.014611115209533065
2016-03-04,6.515953,0.911577,67.083865,15.613036,2.919507748,113.737466,0.706317,3.722333637,1.354512,-0.0037532293015474227,-0.006289877222032669,-0.0028414112275043646,-0.006115751058828334,-0.002958835685800576,-0.0019704459087256376,-0.005674683394617852,-0.03270259175616019,-0.005821890661194207
2016-03-07,6.517027,0.912992,67.088925,15.370949,2.922852187,113.621839,0.707003,3.7640829,1.349037,0.00016482623493452309,0.0015522550481199548,7.542797362680709e-05,-0.015505440453733699,0.0011455489379301742,-0.0010166131184952132,0.0009712352952004899,0.011215884192919301,-0.004042046139126065
2016-03-08,6.505622,0.906783,67.307309,15.368607,2.918026841,112.985129,0.703736,3.780377222,1.341494,-0.001750031110811734,-0.006800716764221448,0.003255142335340855,-0.0001523653484244436,-0.0016509031901995597,-0.005603764255215027,-0.004620913914085256,0.0043288956255453925,-0.005591395936508814
2016-03-09,6.512895,0.911328,67.150278,15.378474,2.907317962,112.667456,0.702953,3.712749476,1.335095,0.0011179561308665154,0.005012224534425513,-0.0023330452863596918,0.0006420230538786154,-0.0036699042138796933,-0.0028116355029341733,-0.0011126331465207695,-0.017889152861899182,-0.0047700548791124175
2016-03-10,6.519941,0.921065,66.92871,15.072304,2.882195818,114.092291,0.706715,3.65846919,1.33757,0.0010818537685621799,0.010684407809262941,-0.0032995842548858567,-0.01990899747270114,-0.008641003264299951,0.012646375897579443,0.005351709146984129,-0.014619970011679806,0.0018538006658701534
2016-03-11,6.503066,0.901713,67.012624,15.241028,2.875383228,113.769161,0.699684,3.643011722,1.33147,-0.0025882136050005,-0.021010460716670454,0.0012537818224795938,0.011194307121193958,-0.002363680481892949,-0.002832180835075082,-0.009948847838237462,-0.004225119085942142,-0.004560508982707434
2016-03-14,6.496088,0.899361,67.061157,15.400935,2.882363522,113.643313,0.696358,3.620919147,1.327008,-0.001073032320446865,-0.0026083687381683873,0.0007242366751671891,0.010491877582010867,0.0024276047561337943,-0.001106169711491467,-0.004753574470760968,-0.006064371098940979,-0.0033511832786318196
2016-03-15,6.511477,0.900171,67.358268,15.853542,2.892069493,112.845441,0.705356,3.7078945,1.339184,0.0023689642135389377,0.0009006394540125306,0.004430448463631498,0.029388280646597043,0.0033673653326231623,-0.007020844244482793,0.012921514508341891,0.024020241675946075,0.009175528708191605
2016-03-16,6.523861,0.903832,67.234996,16.212491,2.924981923,113.593637,0.711587,3.816341287,1.347704,0.0019018726473272185,0.0040670050468187835,-0.0018300945624076803,0.022641564894457122,0.011380234838637593,0.006630272285435224,0.008833837097862673,0.02924753846151784,0.006362083179010547
2016-03-17,6.48192,0.884095,66.642207,15.395456,2.861462293,111.643533,0.691522,3.663513394,1.310936,-0.006428861681755715,-0.02183702280954869,-0.00881667338836456,-0.05039540191572045,-0.021716247030631464,-0.0171673700349958,-0.02819753593025165,-0.04004565669233873,-0.02728195508806086
2016-03-18,6.475485,0.886603,66.284688,15.251707,2.856458906,111.525844,0.690265,3.616810001,1.312528,-0.000992761404028375,0.0028367992127542596,-0.005364753301162373,-0.009337105701838211,-0.001748541999746167,-0.001054149728493492,-0.0018177295877788158,-0.012748252286040374,0.0012143994825071225
2016-03-21,6.479283,0.887233,66.53651,15.300151,2.867979771,111.738089,0.69473,3.62851566,1.31479,0.0005865197741945494,0.0007105773384479264,0.0037990976136148547,0.0031763002003644125,0.00403326824544914,0.001903101490987158,0.006468530202168754,0.003236459475826292,0.0017233918057366626
2016-03-22,6.49224,0.891902,66.679005,15.336247,2.877274349,111.603639,0.702729,3.614520157,1.315644,0.0019997583065904934,0.005262428246018747,0.0021416061647958617,0.002359192402741739,0.0032408101667882327,-0.0012032602419037586,0.011513825514948284,-0.003857087666530923,0.0006495333855598417
2016-03-23,6.503267,0.895175,66.795721,15.350013,2.874496464,112.801003,0.707054,3.634410527,1.323069,0.0016984892733480361,0.0036696856829563362,0.0017504160417509684,0.0008976120428942913,-0.000965457117763302,0.01072871826338928,0.006154577369085201,0.005502907477630048,0.005643623959064925
2016-03-24,6.514434,0.896539,66.863009,15.497041,2.878787879,112.435001,0.70771,3.704142012,1.332078,0.0017171369405561965,0.0015237244114278958,0.001007369918201828,0.009578363223536002,0.0014929275627038052,-0.0032446697304632233,0.0009277933510027925,0.019186463521928987,0.00680916868281245
2016-03-29,6.510005,0.893336,66.530552,15.468644,2.868411649,113.56977,0.700822,3.644363052,1.33116,-0.0006798748747780525,-0.0035726276269074653,-0.0049722111668651925,-0.0018324143299356388,-0.0036043746313133562,0.01009266678442966,-0.009732800158256949,-0.016138409328351644,-0.0006891488336270291
2016-03-30,6.478806,0.88308,66.386436,14.935447,2.83821971,112.477923,0.693924,3.644913458,1.303956,-0.0047924694374275045,-0.011480562744588863,-0.002166162697703089,-0.03446953721347512,-0.010525664616696684,-0.009613887568848623,-0.009842727539945861,0.0001510294095692366,-0.020436311187235212
2016-03-31,6.457093,0.878349,66.253667,14.744488,2.821080369,112.340799,0.695257,3.616512956,1.300571,-0.003351389129416571,-0.005357385514336066,-0.0019999416748326393,-0.01278562335630129,-0.006038764701553068,-0.001219119239959654,0.0019209596439957455,-0.00779181792030359,-0.0025959464889919737
2016-04-01,6.464573,0.874738,66.351295,14.761896,2.824090273,112.027642,0.698828,3.612316305,1.301959,0.0011584160240527552,-0.0041111221166074685,0.0014735486263726116,0.0011806445907107666,0.0010669330916888153,-0.002787562513241526,0.005136230199767944,-0.0011604136501259799,0.0010672235502715566
2016-04-04,6.475923,0.878735,66.105009,14.657293,2.807732865,111.572935,0.700685,3.551845343,1.310808,0.0017557230771467758,0.004569368199392354,-0.003711849180939142,-0.007086013883311537,-0.005792098133826085,-0.004058882181952939,0.0026573062327210906,-0.016740217880781505,0.0067966810014754575
2016-04-05,6.474444,0.87974,66.458608,14.972024,2.829682414,110.680039,0.705199,3.641682062,1.327087,-0.00022838443261286034,0.00114368950821353,0.0053490500243333905,0.021472655284983322,0.007817534664217307,-0.008002801037724883,0.006442267209944674,0.02529297036456013,0.012419057558391344
2016-04-06,6.488179,0.882145,66.670783,15.243913,2.853122795,110.382851,0.712844,3.705010586,1.325776,0.0021214176846691135,0.002733762247936866,0.0031925886861789987,0.01815980257579075,0.008283749753692282,-0.0026851092815389777,0.010840911572478129,0.017389910190353186,-0.0009878779612789712
2016-04-07,6.470873,0.879972,66.625748,15.238472,2.852956705,108.368532,0.710384,3.66217881,1.328054,-0.0026673123537436227,-0.0024633138542983213,-0.0006754832922840626,-0.00035692935271924853,-5.82134075305385e-05,-0.018248477745877345,-0.003450965428621111,-0.011560500302441046,0.0017182389785304064
2016-04-08,6.474523,0.880049,66.59949,15.06838,2.85267975,108.56288,0.710464,3.65695679,1.328082,0.0005640660850552148,8.750278417957169e-05,-0.00039411189800075963,-0.011162011519265214,-9.707648192291973e-05,0.0017933988438636472,0.00011261514898985858,-0.0014259325584377036,2.108348003915239e-05
2016-04-11,6.471378,0.877963,66.466637,14.74583,2.830553117,108.235294,0.702897,3.568656716,1.322212,-0.0004857500699279038,-0.002370322561584537,-0.0019948050653240124,-0.02140575164682601,-0.0077564377845077415,-0.0030174770602992007,-0.010650785965228393,-0.02414577996695444,-0.004419907806897494
2016-04-12,6.461214,0.877501,66.398736,14.689014,2.832046332,108.318708,0.700597,3.512987013,1.305897,-0.0015706083001177928,-0.0005262180752492185,-0.0010215801951888315,-0.0038530214982811506,0.0005275347037410061,0.0007706728269247787,-0.0032721721674725535,-0.015599624012700875,-0.012339171025523843
2016-04-13,6.476545,0.885112,66.603824,14.723137,2.855284121,109.284829,0.702673,3.513011152,1.307134,0.002372773909051773,0.008673494389180192,0.003088733496372731,0.002323028625338619,0.008205299728832216,0.008919244125400683,0.002963187110421428,6.871360443527763e-06,0.0009472416277853668
2016-04-14,6.485069,0.888731,66.534661,14.569677,2.861980092,109.393886,0.707074,3.51813011,1.298436,0.0013161338337031037,0.004088748090637084,-0.001038423859867299,-0.010423050468116868,0.0023451154828175724,0.0009979152733083918,0.00626322628021847,0.001457142541971601,-0.0066542527391989514
2016-04-15,6.475718,0.886211,66.592077,14.571429,2.854661468,108.92414,0.705202,3.490517547,1.298121,-0.0014419276032375805,-0.0028355036563370017,0.0008629487118001489,0.00012024974884483619,-0.0025571889966871097,-0.0042940791042015425,-0.002647530527215003,-0.007848647473700177,-0.0002425995582376883
2016-04-18,6.478065,0.884486,66.578808,14.599416,2.852556165,108.190341,0.705643,3.503095701,1.298868,0.00036243085322751334,-0.0019464890415488156,-0.00019925793874864262,0.0019206764140977661,-0.0007374965555810853,-0.006736789475684568,0.0006253527358119904,0.0036035212058482813,0.0005754471270396078
2016-04-19,6.468483,0.881601,66.552499,14.284933,2.833112933,109.406683,0.696244,3.56237327,1.282465,-0.0014791453929530185,-0.003261781418812726,-0.0003951557678832929,-0.02154079313857482,-0.006816073330496497,0.011242611759583854,-0.01331976651082778,0.01692148147225292,-0.012628688981482283
2016-04-20,6.466122,0.878812,66.19826,14.203621,2.813164601,109.148431,0.69514,3.547060374,1.279199,-0.00036500057277721876,-0.003163562654760921,-0.0053227002039396565,-0.005692151303754889,-0.007041135483037975,-0.0023604773759570152,-0.0015856510074054864,-0.00429850968424772,-0.0025466581934009414
2016-04-21,6.475121,0.880669,66.278732,14.178688,2.814795244,109.643329,0.693025,3.526464113,1.276618,0.0013917151578641818,0.002113079930633699,0.0012156210752367613,-0.0017553974440743803,0.0005796472056489588,0.004534174201734409,-0.0030425525793364994,-0.005806571873140598,-0.002017668869347067
2016-04-22,6.495516,0.887863,66.538666,14.369706,2.831039687,110.858563,0.695507,3.570807067,1.293616,0.003149748089649629,0.00816878986316083,0.003921831214272586,0.013472191503191455,0.005771092243610498,0.011083519727862479,0.0035814003823815277,0.012574338651720307,0.01331486787747016
2016-04-25,6.493697,0.887784,66.600675,14.483398,2.847478693,110.928622,0.689276,3.566051136,1.295011,-0.00028003933790632374,-8.897769137794498e-05,0.0009319243039827008,0.007911922484704847,0.005806702772655159,0.000631967419602919,-0.008958932117146157,-0.001331892457577033,0.0010783725618728202
2016-04-26,6.498184,0.885975,66.569771,14.484983,2.830778772,111.145566,0.68648,3.538850004,1.293524,0.0006909777280954543,-0.002037657808656279,-0.00046401932112538624,0.0001094356448674283,-0.005864809819667305,0.001955708058827277,-0.00405643022533797,-0.007627802003566164,-0.0011482527947639376
2016-04-27,6.494824,0.884721,66.46669,14.466071,2.822967354,111.289038,0.685437,3.523489339,1.316907,-0.0005170675376381384,-0.0014153898247692975,-0.001548465594090831,-0.0013056280425044475,-0.002759459014340715,0.001290847715868404,-0.0015193450646777684,-0.004340580974790509,0.018076974219264796
2016-04-28,6.476668,0.880437,66.500264,14.379996,2.814139813,108.152844,0.685314,3.513558725,1.312379,-0.0027954568129945345,-0.004842204491585456,0.0005051251988026362,-0.005950129789906278,-0.003127043246706984,-0.028180619190903644,-0.00017944756410870344,-0.0028184033055194124,-0.003438359732312213
2016-04-29,6.484522,0.876962,66.384723,14.168815,2.800491099,107.287556,0.68425,3.484872402,1.310883,0.0012126605841151772,-0.003946903639897026,-0.001737451749063812,-0.014685748174060653,-0.004850048294313458,-0.008000603294352593,-0.0015525729811443068,-0.008164463794468113,-0.001139914613080495
2016-05-02,6.475072,0.870095,66.404333,14.184895,2.791264248,106.560515,0.680832,3.45697381,1.307317,-0.0014573163604040262,-0.007830441911964359,0.0002953992893817148,0.0011348867212959135,-0.0032947260583311433,-0.006776564096585447,-0.0049952502740227,-0.008005627977652474,-0.0027203037952280296
2016-05-03,6.483966,0.864379,66.395367,14.462443,2.828075028,105.912352,0.68375,3.545682427,1.322759,0.0013735754598558358,-0.006569397594515469,-0.0001350213095281383,0.01956644726661705,0.013187852073258899,-0.006082581338875848,0.004285932506110202,0.02566077207278572,0.011811978273058354
2016-05-04,6.500565,0.869187,66.589309,14.782442,2.859017818,106.579748,0.689126,3.571577575,1.336723,0.0025600072548190855,0.005562374837889461,0.002921017064338338,0.022126206478393584,0.010941290345427124,0.0063013991040439254,0.007862522851919573,0.007303290278568353,0.010556722728781276
2016-05-05,6.504939,0.874202,66.504502,14.927092,2.899379316,107.098523,0.689396,3.521461666,1.334557,0.0006728645894626961,0.005769759556919274,-0.0012735828209299305,0.009785257401990766,0.014117260041504265,0.004867481953513497,0.00039180062862231857,-0.014031869096389427,-0.0016203805874516197
2016-05-06,6.502144,0.87512,66.632537,14.96097,2.919663954,106.965958,0.690032,3.557364138,1.356524,-0.00042967351423273126,0.001050100548843469,0.0019252080107297065,0.0022695646278592108,0.006996200148100762,-0.0012377855108235414,0.0009225466930471438,0.010195332337887164,0.016460143703116437
2016-05-09,6.512242,0.877578,66.604651,15.105485,2.935146994,108.284335,0.693269,3.507766564,1.364107,0.0015530262018188523,0.0028087576560928973,-0.0004185042511587467,0.009659467267162603,0.005303021253109774,0.012325201630971172,0.004691086790177934,-0.01394222578177906,0.005590022734577316
2016-05-10,6.516923,0.879121,66.675604,15.227692,2.940659341,109.116484,0.692396,3.485450549,1.361407,0.0007188000691622509,0.0017582482696696378,0.001065285966290963,0.008090240068425514,0.001878048019832823,0.0076848511836915545,-0.0012592514593902093,-0.00636188714181507,-0.0019793168717702203
2016-05-11,6.504689,0.876501,66.608379,15.140415,2.962661057,108.76501,0.692068,3.463669033,1.356298,-0.0018772663111104038,-0.002980249590215811,-0.0010082398353677968,-0.005731466068528257,0.007481898937847786,-0.0032210898584305037,-0.0004737173524976823,-0.006249268406992359,-0.003752735221722814
2016-05-12,6.518746,0.87804,66.668715,14.990956,2.947493195,109.316007,0.692668,3.461146721,1.364562,0.0021610564317524616,0.0017558451159782607,0.0009058319824899463,-0.009871525978647266,-0.005119675085397457,0.00506593986430004,0.0008669668298491029,-0.000728219693039045,0.006093056245751294
2016-05-13,6.521061,0.881213,66.78049,15.168488,2.964310892,108.882622,0.694025,3.48598872,1.372841,0.0003551296522368297,0.0036137305817502963,0.0016765734872794535,0.01184260696916195,0.005705762791421876,-0.003964515462040241,0.001959091512817146,0.007177389750418595,0.0060671482864098625
2016-05-16,6.522872,0.88308,66.843871,15.569587,2.9812787,108.857294,0.695867,3.532232427,1.37107,0.00027771554352873373,0.002118670514393184,0.0009490945633969794,0.026442912437943722,0.005724031189101142,-0.00023261746948011197,0.002654083066171875,0.013265592838751283,-0.0012900255747023692
2016-05-17,6.526506,0.883548,66.821435,15.600018,2.966513518,109.498145,0.690493,3.485686517,1.365701,0.0005571165584732363,0.000529963310232473,-0.000335647826260721,0.001954515556514158,-0.004952633915104809,0.005887074503248213,-0.0077227401213162405,-0.013177476556810896,-0.003915919683167179
2016-05-18,6.535508,0.886603,66.979342,15.884032,2.984218459,109.38913,0.686985,3.536749712,1.376097,0.0013792985097997867,0.003457650291778247,0.0023631189602559832,0.01820600463409705,0.00596826574110354,-0.0009955876421468002,-0.005080428041993268,0.014649393957534729,0.007612207943026972
2016-05-19,6.548004,0.893096,67.466107,15.848263,2.994284183,110.002679,0.683978,3.585424667,1.389926,0.0019120166328310262,0.007323458188163157,0.007267389996157281,-0.002251884156365347,0.003372984966848902,0.005608866255724099,-0.0043770970254081165,0.013762623584826494,0.010049436921961252
2016-05-20,6.547464,0.891345,67.472591,15.747304,2.983866655,110.357429,0.686407,3.547285854,1.383278,-8.246787876120543e-05,-0.0019605955014914134,9.610751662303407e-05,-0.006370351123022089,-0.0034791380387825255,0.0032249214585036157,0.003551283813222117,-0.010637181517443861,-0.004782988446866976
2016-05-23,6.554347,0.891663,67.522336,15.619527,2.986625056,109.407044,0.690531,3.551671868,1.385823,0.0010512467117040902,0.00035676421587593765,0.0007372623351606933,-0.008114214344245863,0.0009244384280302498,-0.008611880583046183,0.006008097236770649,0.0012364422210446868,0.0018398326294497558
2016-05-24,6.556769,0.895415,67.673711,15.62509,2.958005014,109.74212,0.685109,3.549337393,1.39658,0.00036952575138293753,0.00420786777067117,0.002241850755874353,0.000356156751737835,-0.009582736856273089,0.0030626547226704215,-0.007851928443473266,-0.0006572890421081556,0.007762174534554411
2016-05-25,6.561636,0.897183,67.378432,15.678181,2.95029607,110.165082,0.681186,3.560111251,1.38839,0.0007422863303556682,0.0019745034425378005,-0.004363274832083541,0.003397804428646456,-0.002606129456682482,0.0038541446073758756,-0.005726096139446413,0.003035456144926618,-0.005864325709948548
2016-05-26,6.557754,0.895415,67.080498,15.595004,2.931948424,110.073424,0.680247,3.582020057,1.386193,-0.0005916207482402625,-0.0019706124614488063,-0.004421800732911096,-0.005305271064290018,-0.006218916869587088,-0.0008320059163573479,-0.001378478124917315,0.006153966675576772,-0.0015824084010976902
2016-05-27,6.561694,0.895415,67.03707,15.625358,2.948424069,109.652579,0.68271,3.609419771,1.386372,0.0006008154621230943,0.0,-0.0006474012760013803,0.0019463925754683586,0.005619350212689778,-0.003823311610620883,0.0036207436416477723,0.007649235225932305,0.0001291306477524401
2016-05-30,6.58174,0.897747,67.13933,15.770985,2.956459287,111.185923,0.68341,3.604273274,1.391866,0.003055003784083743,0.0026043789751120094,0.0015254246642939506,0.009319914462119883,0.002725258582875867,0.013983656508434805,0.0010253255408592121,-0.001425851612314455,0.003962861338803858
2016-05-31,6.577282,0.896539,67.196521,15.76681,2.952035144,111.018469,0.683029,3.572709342,1.377622,-0.0006773284876034902,-0.0013455906842351206,0.0008518255990936918,-0.0002647266483355448,-0.0014964329187463488,-0.001506071951212773,-0.0005574984270056982,-0.008757363718142952,-0.010233743765563741
2016-06-01,6.577591,0.894935,67.458386,15.695722,2.947735815,109.244675,0.692304,3.598621801,1.375515,4.6979892301957094e-05,-0.0017891023145674145,0.003897002346296974,-0.004508711654418351,-0.0014563949242738516,-0.01597746767702224,0.013579218451925223,0.007252887520229789,-0.0015294471197467852
2016-06-02,6.581963,0.893815,67.301573,15.592957,2.947175545,109.009653,0.691232,3.596263854,1.386843,0.0006646810359598465,-0.0012514875382011459,-0.002324588673082051,-0.006547325443200358,-0.00019006791488884733,-0.002151335980449365,-0.0015484527028589712,-0.0006552361238252313,0.00823546090009919
2016-06-03,6.586695,0.896539,67.250314,15.579882,2.949793796,108.902636,0.69289,3.583736776,1.380402,0.0007189344576989942,0.0030476105234304995,-0.0007616315297712672,-0.0008385195957379965,0.0008883932972509889,-0.000981720398651298,0.0023986158048239226,-0.0034833589827028,-0.004644361330013669
2016-06-06,6.566217,0.881135,66.965812,14.985021,2.908978765,107.128381,0.693629,3.518724117,1.358446,-0.0031089947234538284,-0.01718162846234239,-0.004230493258366108,-0.038181354646973586,-0.013836570900429002,-0.016292121707687568,0.0010665473596098707,-0.018141025154354118,-0.01590551158285769
2016-06-07,6.571995,0.881213,66.743479,14.865615,2.898924921,107.648925,0.686288,3.506168488,1.34473,0.0008799587342300796,8.85221901298916e-05,-0.0033200971265756607,-0.007968357201501353,-0.003456142107658211,0.004859067178472509,-0.010583467530913548,-0.0035682334228307466,-0.010096831232157988
2016-06-08,6.567674,0.878889,66.55036,14.731236,2.882668307,107.022324,0.685955,3.408859202,1.338372,-0.000657486805756835,-0.0026372738486608593,-0.002893451208918818,-0.009039585647818704,-0.0056078078746489846,-0.005820782697086968,-0.00048521903340870143,-0.02775373925498592,-0.004728086679110399
2016-06-09,6.559552,0.881601,66.730583,14.825002,2.896059244,106.426871,0.69151,3.383408269,1.344442,-0.0012366630865052741,0.0030857138956112973,0.0027080694980463615,0.006365114237528946,0.004645327028254709,-0.005563820497861638,0.008098198861441253,-0.007466114465821239,0.004535360871267491
2016-06-10,6.559006,0.884643,66.808209,15.090587,2.918789809,106.85598,0.694268,3.420205237,1.351203,-8.323739182192202e-05,0.0034505405506572995,0.001163274716182272,0.0179146687467564,0.007848791438605174,0.004031961063667877,0.003988373270090051,0.010875710252631121,0.005028852118574179
2016-06-13,6.586084,0.887469,67.103745,15.175719,2.923233937,106.061413,0.705671,3.439829606,1.351438,0.004128369451102731,0.0031945089714155994,0.0044236479981074606,0.005641397514888125,0.0015225926808077883,-0.007435868352898889,0.016424493135215767,0.005737775262052214,0.00017391909283803741
2016-06-14,6.593764,0.890869,67.309577,15.355724,2.929710468,105.995546,0.708045,3.498708241,1.36098,0.0011660950573968432,0.00383111973488659,0.003067369786887486,0.011861381987897879,0.0022155363339297907,-0.0006210269893349718,0.003364173956418748,0.017116730112822998,0.0070606272725795005
2016-06-15,6.581033,0.890472,67.112199,15.228495,2.930097952,106.224399,0.70488,3.46794301,1.352449,-0.0019307636730705457,-0.00044563229835137275,-0.002932391032556936,-0.008285444567771583,0.00013226016844747335,0.002159081288189313,-0.004470054869394002,-0.008793311382605307,-0.006268277270790268
2016-06-16,6.586093,0.894935,67.299982,15.414355,2.935743691,104.394129,0.707294,3.485144084,1.361375,0.0007688762539255212,0.005011948719330972,0.002798045702540497,0.012204751684260273,0.0019268089642348052,-0.017230222220414704,0.0034246964022244253,0.004960022108321693,0.00659987918213556
2016-06-17,6.590634,0.888573,67.085036,15.213968,2.931224454,104.26515,0.699929,3.460280789,1.353652,0.0006894831275536806,-0.007108896176817425,-0.0031938492940458696,-0.01300002497671815,-0.0015393840456352503,-0.0012355005136351904,-0.010412925883720114,-0.007134079510269009,-0.005672940960426032
2016-06-20,6.579774,0.882457,67.35616,14.820067,2.896311331,104.632898,0.682801,3.37857395,1.340275,-0.0016477929133980052,-0.00688294602694417,0.004041497421272799,-0.02589074723964191,-0.011910764101451532,0.0035270461894505445,-0.024471053492568617,-0.023612777107493876,-0.009882155827347083
2016-06-21,6.581757,0.883861,67.570532,14.675977,2.898267633,104.640269,0.678407,3.367509281,1.332243,0.0003013781324403553,0.00159101236660808,0.003182663619778703,-0.009722628109576026,0.0006754460333946444,7.044629500763122e-05,-0.006435257124696614,-0.00327495243962328,-0.005992799985077735
2016-06-22,6.578658,0.886289,67.495613,14.692015,2.902596827,104.590978,0.680608,3.39953913,1.332358,-0.0004708469182316266,0.002747038278643421,-0.0011087525550338428,0.0010928062915334102,0.0014937178163627607,-0.00047105192361462933,0.0032443651082609826,0.009511435998325934,8.632058866120396e-05
2016-06-23,6.579594,0.87804,67.30266,14.45702,2.870489068,105.698481,0.672535,3.351655106,1.322329,0.0001422782579669768,-0.009307347828981238,-0.002858748760456553,-0.01599474272249246,-0.011061735719316346,0.010588896109184454,-0.011861453288824153,-0.01408544575276005,-0.007527256187901288
2016-06-24,6.623983,0.903669,68.004699,15.120007,2.933038135,102.322429,0.729713,3.439634918,1.34737,0.0067464649034574276,0.029188875222085464,0.0104310736009543,0.045859174297330885,0.021790386766245673,-0.03194040224665107,0.08501862356605971,0.02624966150082142,0.01893704214306724
2016-06-27,6.64739,0.909256,67.954628,15.325605,2.944717221,101.654846,0.75832,3.403346063,1.350882,0.0035336745278482518,0.006182573486531062,-0.0007362873556723271,0.013597745027499109,0.003981907313318933,-0.006524307588515077,0.03920308395218397,-0.010550205433168647,0.0026065594454380836
2016-06-28,6.64734,0.903098,67.919263,15.247088,2.908064662,102.411271,0.747042,3.357987898,1.353201,-7.521749137651135e-06,-0.006772570101269637,-0.0005204207725190146,-0.005123256145515898,-0.0124468858125375,0.007441111071084583,-0.01487234940394555,-0.013327520669472293,0.001716656229041602
2016-06-29,6.643823,0.901713,67.600812,14.969883,2.899639315,102.660054,0.744364,3.265644725,1.344545,-0.0005290838139766496,-0.0015336098629383788,-0.004688669840248405,-0.018180848697141427,-0.0028972350959368676,0.0024292541003616552,-0.0035848051381314194,-0.02749955503264301,-0.006396684601918001
2016-06-30,6.643398,0.900739,67.519636,14.813637,2.88776797,102.729238,0.74446,3.233471447,1.344713,-6.396919364048959e-05,-0.0010801663056870803,-0.0012008139783883376,-0.010437356123624952,-0.004094076438606931,0.0006739135360283033,0.00012896916024951466,-0.00985204475970669,0.00012494933230189353
2016-07-01,6.65568,0.898069,67.328065,14.574495,2.880736417,102.640323,0.752851,3.218410418,1.336686,0.0018487527015542682,-0.0029642327022588733,-0.002837263518423172,-0.01614336843814923,-0.002434943898903308,-0.0008655276894004027,0.011271257018510061,-0.004657851243428657,-0.005969303487063815
2016-07-04,6.664482,0.897827,67.253098,14.492368,2.89854552,102.612677,0.753322,3.243939666,1.328066,0.0013224794461270672,-0.00026946704540520283,-0.0011134584069808495,-0.0056349808346704,0.006182135545238943,-0.0002693483339875069,0.0006256218029863092,0.007932253716685711,-0.006448784531296159
2016-07-05,6.673156,0.897183,67.4712,14.75148,2.920330163,101.830253,0.762579,3.288623722,1.336982,0.0013015265102374052,-0.0007172874061485146,0.0032430030212140526,0.017879203729852744,0.007515715330218553,-0.007625022783490976,0.012288237964641846,0.013774626103049137,0.0067135217677434245
2016-07-06,6.686964,0.903424,67.420996,14.889782,2.947691752,100.713705,0.770621,3.323425784,1.338152,0.0020691858544892305,0.006956217404921805,-0.0007440804372828014,0.009375466054931447,0.009369347804116801,-0.010964796483418304,0.010545792632632223,0.010582561260257028,0.0008751052744166987
2016-07-07,6.682671,0.902527,67.422744,14.660018,2.93032491,100.99278,0.767915,3.329783394,1.330054,-0.0006419953808634027,-0.000992889274582076,2.5926641605611422e-05,-0.015430984818985194,-0.00589167506684396,0.0027709734241232464,-0.003511453749638238,0.001912968849976382,-0.006051629411307435
2016-07-08,6.685727,0.903342,67.31093,14.696206,2.927009937,100.424571,0.770036,3.337127371,1.330714,0.0004573021775275965,0.0009030200758537443,-0.0016584017998436673,0.002468482644427894,-0.0011312646555634576,-0.005626233875332454,0.0027620244428094853,0.002205541962048585,0.0004962204542069415
2016-07-11,6.690741,0.905059,67.14318,14.442302,2.89863336,102.479862,0.770178,3.317132772,1.322925,0.0007499558387591421,0.0019007197716922608,-0.002492165833988591,-0.017276840022520168,-0.009694732033975972,0.020466017226003386,0.00018440696279142799,-0.005991560038659305,-0.005853248707085146
2016-07-12,6.684818,0.901551,67.095204,14.303732,2.887486477,103.939776,0.759782,3.282906599,1.310133,-0.0008852532178423855,-0.003875990405045382,-0.0007145327343746066,-0.009594730812303998,-0.0038455650010181808,0.014245862274873122,-0.013498178343188338,-0.010317999113241383,-0.009669482396961193
2016-07-13,6.69048,0.903179,67.029895,14.333002,2.894418353,104.606214,0.753233,3.298139451,1.311145,0.0008469938897364138,0.0018057769333070794,-0.0009733780673801817,0.0020463191004977954,0.0024006609399611634,0.00641177060069853,-0.008619577720977767,0.004640050376285565,0.0007724406606046674
2016-07-14,6.684324,0.896298,66.858475,14.211975,2.888141974,105.655642,0.746715,3.23034866,1.30752,-0.0009201133550955642,-0.0076186448090577175,-0.0025573663810751768,-0.008443939378505627,-0.0021684422341693432,0.010032176482364763,-0.008653364895059079,-0.0205542524830008,-0.0027647590464822125
2016-07-15,6.681794,0.898634,67.024623,14.348311,2.88686197,105.706326,0.748338,3.255930985,1.306434,-0.0003784975114911049,0.0026062760376570626,0.0024850701425662702,0.009593036858001724,-0.0004431928940900054,0.0004797093561743626,0.002173520017677344,0.007919369607613858,-0.0008305800293685328
2016-07-18,6.703067,0.904732,67.199674,14.266263,2.956663349,105.690763,0.754293,3.253686782,1.317018,0.0031837258077695996,0.006785854975440486,0.0026117416579873876,-0.005718303708359795,0.024178980403416928,-0.00014722865308935962,0.007957634117203849,-0.0006892661454862559,0.008101442552781002
2016-07-19,6.694608,0.906208,67.134028,14.32696,2.979429089,106.207522,0.760761,3.269415496,1.334572,-0.0012619596372824837,0.0016314223438542719,-0.0009768797390297124,0.004254582997663681,0.007699807963493788,0.004889348750372724,0.00857491717409542,0.004834120508161455,0.01332859535708697
2016-07-20,6.674022,0.908018,67.204486,14.282757,3.038499955,106.537728,0.759148,3.247162444,1.335876,-0.00307501200966509,0.0019973339454075756,0.0010495124767428976,-0.0030853021157314364,0.01982623658273619,0.0031090641583748635,-0.0021202453858701897,-0.006806431310803274,0.0009770922812706306
2016-07-21,6.673173,0.907853,67.21498,14.292601,3.072265093,106.264185,0.75892,3.250476623,1.335452,-0.00012720964959356262,-0.000181714459404958,0.00015615029032423067,0.0006892226759860343,0.011112436564113759,-0.0025675693027732427,-0.00030033669324036616,0.0010206384981212846,-0.00031739472825320636
2016-07-22,6.673325,0.907935,67.076721,14.247322,3.047031051,106.101326,0.763646,3.281096786,1.336208,2.2777770035231626e-05,9.032299281930278e-05,-0.0020569670629968506,-0.003168002800889691,-0.0082134976104421,-0.0015325859789918628,0.006227270331523815,0.009420207111577206,0.0005661004663588542
2016-07-25,6.679658,0.910581,67.348753,14.273812,3.030140229,106.210162,0.761883,3.256055363,1.335458,0.0009490021840685703,0.002914305539493345,0.0040555351535445094,0.0018592967857398168,-0.00554337048664344,0.0010257741736421355,-0.0023086613430831626,-0.00763202813975139,-0.000561289859063896
2016-07-26,6.670637,0.909339,67.329272,14.428662,3.047012822,104.273893,0.761208,3.280894789,1.327544,-0.0013505182450956887,-0.0013639643260731082,-0.0002892555412272735,0.010848538568393629,0.005568254841317399,-0.018230543702588364,-0.0008859628053126123,0.007628686625620995,-0.005926056828443826
2016-07-27,6.670094,0.909835,67.209535,14.291784,3.040851606,105.750159,0.763124,3.280502229,1.338823,-8.140152132407596e-05,0.0005454511463820477,-0.0017783795434472838,-0.009486534510268485,-0.0020220512219426556,0.014157580172057038,0.0025170518439112666,-0.00011965028604876693,0.008496140240926042
2016-07-28,6.65807,0.901713,67.046258,14.244184,3.019927863,104.724977,0.759423,3.273760144,1.328674,-0.0018026732456842831,-0.008926893337802944,-0.002429372558521714,-0.0033305849010871746,-0.006880882631271734,-0.009694377859044145,-0.004849801604981718,-0.0020551990303189216,-0.007580539025696553
2016-07-29,6.650589,0.899847,66.954918,14.154684,3.016557185,103.329434,0.759471,3.282461981,1.330154,-0.0011235988807567487,-0.0020693945856387064,-0.001362342996084731,-0.006283266208861216,-0.0011161452037637964,-0.013325789510557629,6.320588130726001e-05,0.0026580557576729724,0.0011138924973319586
2016-08-01,6.640631,0.895736,66.700107,13.894751,2.993908993,102.364744,0.757255,3.256986743,1.321301,-0.0014973109900491277,-0.004568554432031191,-0.0038057099853368026,-0.018363744467909004,-0.007507960436692329,-0.009336061978235555,-0.0029178204302732214,-0.007761015404735616,-0.006655620326668887
2016-08-02,6.632091,0.893416,66.714018,13.97016,2.994014116,101.599214,0.753239,3.265344412,1.31484,-0.0012860223674526772,-0.0025900488536800825,0.00020856038506789076,0.005427157348843581,3.51122897341849e-05,-0.007478453714493738,-0.0053033654449293754,0.002566074000136087,-0.004889877476820237
2016-08-03,6.628036,0.892857,66.895,13.980446,3.012678571,101.089286,0.749196,3.268392857,1.316964,-0.0006114210435291811,-0.0006256883691360127,0.002712803177287171,0.0007362836216622259,0.006233923514340711,-0.005019015206160993,-0.00536748628257433,0.000933575333982084,0.0016154056767363478
2016-08-04,6.641613,0.897989,66.876796,13.739045,3.022988506,101.167385,0.759725,3.223239943,1.311422,0.002048419773218013,0.005747840919654523,-0.00027212796173103904,-0.01726704570083104,0.003422182206639368,0.0007725744546260849,0.014053732267657715,-0.013815020401630962,-0.004208163624821903
2016-08-05,6.643062,0.896379,66.772947,13.673001,3.000268914,101.048763,0.760219,3.182233776,1.305755,0.00021816989336764792,-0.0017928950131905763,-0.001552840539788991,-0.004807029891815695,-0.007515606478458836,-0.0011725320368812797,0.0006502352825035196,-0.012722033644766095,-0.0043212634834554065
2016-08-08,6.660774,0.901957,66.835032,13.64517,2.983854965,102.453324,0.766258,3.178407144,1.309642,0.002666240357232841,0.0062228142337112935,0.0009297927197970957,-0.0020354712180594703,-0.005470825939437707,0.013899833687226915,0.007943763573391438,-0.001202498706682098,0.0029768218387062895
2016-08-09,6.661672,0.90269,66.888428,13.54685,2.980231089,102.247698,0.770888,3.163477162,1.305561,0.00013481916666147065,0.0008126773227548068,0.0007989223376148047,-0.007205480034327194,-0.001214494686406331,-0.002007021265605702,0.006042351270720836,-0.004697315769687904,-0.003116118756118058
2016-08-10,6.631706,0.894134,66.640737,13.276288,2.95332618,101.117668,0.764852,3.121512876,1.292024,-0.0044982701039618656,-0.009478336970610068,-0.0037030471100323314,-0.019972318288015267,-0.00902779287797717,-0.011051886957885393,-0.007829931196230877,-0.013265240699088632,-0.010368722717666867
2016-08-11,6.637766,0.89662,66.848202,13.366807,2.963328252,101.362862,0.771434,3.15215637,1.296512,0.0009137920167148206,0.002780343885815828,0.0031131858580735194,0.006818095539958158,0.0033867142978429854,0.002424838357625303,0.008605586440252555,0.009816872528575882,0.0034736196850833068
2016-08-12,6.647517,0.896218,66.864044,13.506005,2.957340025,101.962717,0.771196,3.162484316,1.302653,0.0014690183414118874,-0.00044835047177183007,0.00023698468359723002,0.010413706130417033,-0.00202077748084728,0.005917897227487368,-0.00030851634747752765,0.0032764700692815563,0.004736554694441564
2016-08-15,6.63712,0.894454,66.88542,13.358318,2.952325581,101.046512,0.775286,3.172003578,1.303846,-0.001564042634264684,-0.001968271112608777,0.0003196934962532705,-0.010934913766135868,-0.001695592646638544,-0.008985686405355353,0.005303450744039262,0.003010058248143377,0.000915823323632603
2016-08-16,6.61992,0.885347,66.764143,13.23807,2.92563081,99.814077,0.770784,3.164320496,1.292784,-0.002591485463574683,-0.010181630357737781,-0.0018132053293526962,-0.009001732104296334,-0.009041946854302707,-0.012196709966594499,-0.005806889328583309,-0.002422154266561116,-0.008484130794587763
2016-08-17,6.635775,0.886839,66.867595,13.454062,2.934196524,100.682866,0.768358,3.213728272,1.310748,0.002395044048870698,0.0016852149496187074,0.0015495143852890525,0.016315973552035956,0.002927817813075384,0.008704072873408464,-0.003147444679702849,0.015614023946833422,0.013895592767237286
2016-08-18,6.630686,0.883314,66.807879,13.358096,2.933044784,100.344493,0.760295,3.222683509,1.304302,-0.0007669036397406348,-0.003974791365738306,-0.000893048419043585,-0.007132864409276629,-0.0003925231287609243,-0.003360780373494743,-0.010493806272596773,0.0027865569961291747,-0.0049178026592449076
2016-08-19,6.65204,0.882924,67.177291,13.510419,2.936782624,100.23839,0.764056,3.23671199,1.313526,0.003220481259405217,-0.0004415190973990901,0.005529467564746371,0.011403047260627686,0.0012743889968507283,-0.0010573873745119977,0.0049467640849931716,0.004353043344412333,0.007071981795627069
2016-08-22,6.650893,0.884486,67.213869,13.587918,2.942331505,100.592606,0.762781,3.214134088,1.313993,-0.0001724283077071398,0.0017691216911082108,0.000544499479742333,0.005736239564442691,0.0018894421925044202,0.0035337359269238533,-0.0016687258525551751,-0.00697556720207293,0.0003555315996790487
2016-08-23,6.640885,0.881912,67.069054,13.474998,2.932092777,100.079372,0.7584,3.187759062,1.307258,-0.001504760338198241,-0.002910164773665125,-0.002154540456524079,-0.008310323921589813,-0.0034798009614487313,-0.005102104621884429,-0.005743457165293897,-0.008205950740658663,-0.0051255980815726465
2016-08-24,6.657171,0.887469,67.116436,14.14448,2.954384097,100.239617,0.755502,3.235977991,1.311857,0.0024523839819541315,0.006301082194141827,0.0007064659060198597,0.04968327268026318,0.007602528874549375,0.0016011791121151031,-0.003821202531645529,0.015126277758817697,0.0035180507596817012
2016-08-25,6.655979,0.88574,67.048184,14.130027,2.942338353,100.487157,0.757927,3.220992028,1.314438,-0.00017905503704196413,-0.0019482370651819902,-0.0010169193131767118,-0.0010218120425776744,-0.004077243717982348,0.002469482699639647,0.0032097863407376526,-0.004631046021227436,0.0019674400487248445
2016-08-26,6.671213,0.88574,67.003543,14.049779,2.937112489,100.380868,0.756864,3.227723649,1.308326,0.002288769240407662,0.0,-0.000665804759156674,-0.005679253125277173,-0.001776092132528384,-0.001057737159386396,-0.001402509740384028,0.002089921658135818,-0.004649896001180598
2016-08-29,6.67932,0.895255,67.174127,14.529991,2.958639212,102.273948,0.765228,3.286481647,1.324082,0.0012152212798481887,0.010742430058482189,0.002545895222286987,0.034179327660598835,0.007329212987456701,0.018858972209724323,0.011050862506341907,0.018204160079876797,0.012042870049207899
2016-08-30,6.676665,0.895415,67.040025,14.374731,2.952811605,102.319126,0.762625,3.222689828,1.324051,-0.0003974955534395974,0.00017872002948871035,-0.0019963340945241548,-0.01068548493939192,-0.001969691666480866,0.00044173517189327605,-0.0034016005687194095,-0.019410368245394327,-2.341244726522529e-05
2016-08-31,6.67544,0.898311,66.974668,14.528476,2.95822853,103.314768,0.761822,3.235357528,1.33004,-0.0001834748336182468,0.0032342545076864404,-0.0009748952211757755,0.010695504493266617,0.0018344973281829713,0.009730751609430266,-0.0010529421406326733,0.0039307847407275,0.004523239663728917
2016-09-01,6.679706,0.897183,66.959447,14.670016,2.960972546,103.705365,0.754082,3.232190921,1.32792,0.0006390589983582551,-0.001255689844608443,-0.00022726503101133666,0.009742246881228267,0.0009275875653866894,0.003780650216433701,-0.010159853614098768,-0.000978750253285865,-0.0015939370244503204
2016-09-02,6.678728,0.893416,66.793532,14.523988,2.959438935,103.484321,0.752792,3.265344412,1.323148,-0.00014641362958189852,-0.004198697478663749,-0.0024778430443130883,-0.009954181372399451,-0.000517941647946496,-0.0021314615690326555,-0.0017106892884328762,0.01025728114778035,-0.0035935899752996825
2016-09-05,6.677662,0.896379,66.457512,14.352456,2.946575834,103.298673,0.749758,3.250089638,1.317318,-0.00015961123136032374,0.0033164841462431927,-0.005030726627841875,-0.011810254869392578,-0.0043464660979735115,-0.0017939722482210874,-0.004030329759083462,-0.004671719756096593,-0.004406158645895997
2016-09-06,6.678466,0.896138,66.491173,14.204947,2.94121337,103.405323,0.748589,3.265973654,1.310601,0.00012040142193492365,-0.0002688594891223639,0.0005065040653344788,-0.010277613810486419,-0.0018198968233308355,0.0010324430789154793,-0.0015591697587755693,0.004887254743464409,-0.005098996597632577
2016-09-07,6.663344,0.889917,66.357124,14.027498,2.931298389,101.655246,0.747246,3.198718519,1.302572,-0.0022642924288301947,-0.006942011163459272,-0.0020160420391440725,-0.012492056464554313,-0.0033710512474651733,-0.016924438212914783,-0.0017940418574143857,-0.020592675301477015,-0.006126197065315697
2016-09-08,6.662093,0.885269,66.380135,13.903771,2.937234419,101.628895,0.748584,3.185375354,1.295326,-0.00018774357139605957,-0.005222958995052318,0.0003467751254560003,-0.008820318491579826,0.0020250514319100077,-0.0002592192831839535,0.0017905749913684765,-0.004171409556903205,-0.0055628402882912376
2016-09-09,6.680511,0.887469,66.740327,14.324104,2.967696131,102.813277,0.750426,3.243876464,1.316649,0.0027645966515328357,0.0024851203419524737,0.005426201679161968,0.03023158249657598,0.01037088214783033,0.01165398875979129,0.0024606456990798886,0.018365531059483464,0.016461493091314505
2016-09-12,6.680474,0.890789,66.907625,14.480937,2.981738821,101.888473,0.752494,3.28977374,1.329948,-5.538498477064557e-06,0.0037409757411246414,0.0025067003342671423,0.010948887274205843,0.004731849010184197,-0.008994986124214233,0.0027557680570768905,0.014148897625837487,0.010100641856713555
2016-09-13,6.680715,0.889126,66.895172,14.298124,2.979016627,102.231706,0.75365,3.272783853,1.328176,3.6075284478354064e-05,-0.0018668843014452152,-0.00018612228426873045,-0.012624390258724416,-0.0009129552128536167,0.003368712768911486,0.0015362248735537598,-0.005164454562154752,-0.0013323829202344095
2016-09-14,6.676235,0.891424,66.920128,14.331966,2.983597789,102.843644,0.758406,3.306917454,1.339098,-0.0006705869057428426,0.0025845605684684525,0.00037306130254077807,0.0023668839352630755,0.0015378101479794903,0.005985794661393928,0.0063106216413453264,0.010429531106587397,0.008223307754393838
2016-09-15,6.673361,0.888573,66.91754,14.21699,2.975297672,102.168118,0.757046,3.326728274,1.336147,-0.00043048215049357186,-0.0031982535807876245,-3.867296846771229e-05,-0.008022346689909865,-0.0027819155217908564,-0.006568475928371287,-0.001793234758163842,0.005990721049307535,-0.002203722207037795
2016-09-16,6.673348,0.890789,67.02031,14.135044,2.973810796,101.86175,0.758979,3.295296633,1.331641,-1.9480438717689452e-06,0.0024938862648313798,0.0015357707411238763,-0.00576394862766294,-0.0004997402491833114,-0.0029986653957940756,0.0025533455034436603,-0.0094482141044262,-0.0033723834278712728
2016-09-19,6.669861,0.895656,66.980296,14.029288,2.977429467,101.791312,0.765786,3.263770712,1.324854,-0.0005225263241179778,0.005463695667548674,-0.0005970428963996133,-0.007481830265261391,0.0012168464129820311,-0.0006915058891094894,0.008968627590486777,-0.009566944803782174,-0.005096719010604267
2016-09-20,6.670601,0.894134,67.026109,13.87196,2.975232475,101.868741,0.77086,3.261176681,1.324392,0.00011094683982171283,-0.0016993131291478392,0.000683977269972269,-0.011214254066207796,-0.0007378821309959038,0.0007606641321216134,0.0066258719799003885,-0.0007947957221573487,-0.0003487176700224248
2016-09-21,6.671211,0.896861,66.977578,13.712018,2.97470852,100.887892,0.768547,3.240986547,1.315247,9.144603312361e-05,0.0030498784298551573,-0.0007240611266874364,-0.011529877537132416,-0.00017610556633895769,-0.009628557203823718,-0.0030005448460161954,-0.006191058006035033,-0.006905055300847507
2016-09-22,6.669247,0.889838,66.623954,13.487008,2.950080085,100.720769,0.764593,3.19807795,1.305748,-0.0002943993227015884,-0.007830644882540372,-0.005279737048717981,-0.01640969257770819,-0.008279276720530526,-0.0016565218747953692,-0.005144773188887619,-0.013239362884649442,-0.0072222175758622775
2016-09-23,6.669966,0.891742,66.622971,13.58748,2.948011414,100.784733,0.770778,3.20411985,1.309524,0.00010780827280787442,0.0021397153189681717,-1.4754453030341175e-05,0.007449539586541265,-0.0007012253702936011,0.000635062665178765,0.008089271023930422,0.0018892284973854867,0.0028918290512411904
2016-09-26,6.668887,0.887942,66.648908,13.672971,2.980198899,100.435091,0.773308,3.242940863,1.309803,-0.00016176994005667744,-0.004261322221001174,0.00038931016750964886,0.006291895185862373,0.010918371905597857,-0.0034691960735759864,0.0032823977850950925,0.012115967821865192,0.00021305451446496093
2016-09-27,6.668984,0.891266,66.470143,13.55,2.978966132,100.285205,0.770169,3.22771836,1.306684,1.4545155735845583e-05,0.003743487750325958,-0.002682189481634345,-0.008993729307258835,-0.0004136525922526779,-0.0014923668461652717,-0.0040591846974297185,-0.004694042735616799,-0.0023812741305372365
2016-09-28,6.673586,0.890869,66.451225,13.585033,2.978886414,100.605791,0.768,3.241781737,1.303964,0.0006900601350969815,-0.00044543379866390787,-0.0002846089860224499,0.0025854612546123423,-2.6760290808058862e-05,0.0031967427298971174,-0.0028162650015775004,0.0043570644744854725,-0.0020816050399331543
2016-09-29,6.667855,0.891186,66.866144,13.790215,2.999821763,101.488281,0.76765,3.235005793,1.304875,-0.0008587586943511472,0.00035583233898583977,0.006243963147406495,0.015103533425351312,0.0070279111353857004,0.008771761458542748,-0.00045572916666658525,-0.002090191305189726,0.0006986389194794107
2016-09-30,6.671714,0.895977,66.629782,13.908969,3.008332587,101.326046,0.771463,3.244332945,1.313234,0.0005787468383759986,0.005375982118211109,-0.0035348531537873207,0.008611468349115636,0.0028371098926520677,-0.0015985589508604736,0.004967107405718707,0.0028831948369867355,0.006405977584059697
2016-10-03,6.671591,0.889996,66.541474,13.584995,3.013616946,101.370595,0.777127,3.240388038,1.302777,-1.8436042072411674e-05,-0.006675394569280235,-0.0013253532782083743,-0.023292452517508777,0.0017565740645948402,0.000439659907384371,0.007341894556187389,-0.0012159377803933058,-0.007962785002520456
2016-10-04,6.671624,0.895977,66.484634,13.603978,3.035839083,102.589374,0.784338,3.209031449,1.304901,4.946346381373701e-06,0.006720254922494062,-0.0008542041013397395,0.0013973505327018465,0.007373908959961151,0.01202300331767825,0.009279049627666902,-0.009676800627666071,0.0016303634466989791
2016-10-05,6.674605,0.891981,66.572919,13.74418,3.053697262,103.157613,0.786326,3.244492017,1.313175,0.0004468177463237133,-0.0044599359135334415,0.0013279008199096332,0.010305956096077207,0.005882452433003449,0.00553896546829491,0.002534621553462957,0.011050240100030972,0.006340710904505276
2016-10-06,6.670094,0.894055,66.736254,13.819759,3.052391596,103.710326,0.789656,3.237013858,1.319803,-0.0006758452372837009,0.002325161634608941,0.002453475113506798,0.005498982114611417,-0.000427568906796183,0.005357946776065825,0.004234884767895242,-0.0023048782246394284,0.005047309002988998
2016-10-07,6.671634,0.897666,66.706014,13.880521,3.050718133,103.626571,0.811068,3.23940754,1.31921,0.00023088130392179274,0.004038901409868512,-0.00045312702148381234,0.004396748163263853,-0.0005482464970067991,-0.0008075859292930865,0.027115604769671897,0.000739472274449593,-0.000449309480278548
2016-10-10,6.706989,0.896057,66.516577,13.848566,3.070609319,103.396057,0.807079,3.215591398,1.316308,0.005299301490459429,-0.0017924261362243232,-0.0028398788750890747,-0.002302147015951328,0.006520165132541944,-0.0022244680855068033,-0.00491820661152953,-0.007352005484311586,-0.0021998013962901686
2016-10-11,6.719018,0.902609,66.590848,14.26302,3.08141529,103.709721,0.814451,3.216355267,1.324939,0.00179350227054198,0.007312034837069437,0.0011165788041076485,0.02992757517276523,0.0035191617940895092,0.0030336166494240313,0.009134173978012194,0.00023755163683891745,0.006556976026887318
2016-10-12,6.717695,0.907441,66.796733,14.394011,3.088838475,103.901996,0.816606,3.199274047,1.320599,-0.00019690377373604573,0.005353370063892582,0.003091791232332941,0.009183959638281447,0.0024090180327496213,0.0018539727823585483,0.0026459541457988234,-0.005310737957107681,-0.003275622500356623
2016-10-13,6.727759,0.905961,66.893912,14.29634,3.098025005,103.723501,0.819261,3.20139518,1.323066,0.001498132916126771,-0.0016309600293573645,0.0014548466015544825,-0.006785530454297972,0.002974105015316475,-0.00171791694935286,0.0032512619304780888,0.000663004471901818,0.001868091676580086
2016-10-14,6.72605,0.908926,66.749682,14.206781,3.08752954,104.308308,0.817215,3.180694419,1.310762,-0.00025402217885628353,0.003272767812301014,-0.0021561005432002567,-0.00626447048685197,-0.00338779221699681,0.00563813402326252,-0.0024973726321648737,-0.0064661686034025445,-0.009299611659584706
2016-10-17,6.737766,0.909587,66.815081,14.238039,3.094142259,104.111333,0.82304,3.196925596,1.31308,0.0017418841667844465,0.0007272319198703414,0.0009797649672698139,0.0022002169245800562,0.0021417508445926714,-0.001888392245802617,0.007127867207527894,0.005103029358319411,0.0017684369855093252
2016-10-18,6.737014,0.90967,66.710179,14.046484,3.09997271,104.038934,0.814746,3.190484854,1.303739,-0.00011160969377677077,9.125020476319357e-05,-0.0015700347650556834,-0.013453748792231934,0.0018843513038357962,-0.0006953997985983396,-0.010077274494556754,-0.002014667469289355,-0.007113808754988349
2016-10-19,6.73677,0.91083,66.66272,13.903816,3.071682303,103.37007,0.813717,3.193642408,1.302304,-3.621782587959199e-05,0.0012751877054317795,-0.0007114206664023959,-0.010156847791945589,-0.00912601808033342,-0.006428977828627058,-0.0012629702999461534,0.000989678417072426,-0.0011006804276010307
2016-10-20,6.737705,0.910747,66.79827,13.910656,3.060655738,103.606557,0.815738,3.153825137,1.303643,0.0001387905479925955,-9.11256765807611e-05,0.002033370375526422,0.0004919512743839505,-0.00358974786853139,0.0022877705316441954,0.0024836644681134334,-0.0124676672943278,0.0010281777526599534
2016-10-21,6.763274,0.918611,66.89785,14.031876,3.079827301,103.766305,0.820503,3.15451038,1.310674,0.0037949123625922176,0.008634670221257856,0.0014907571708069334,0.008714182853777785,0.006263874359331734,0.0015418715245987258,0.005841336311413814,0.0002172736186165647,0.005393347718662067
2016-10-24,6.773942,0.918189,66.841888,13.879993,3.076026077,104.021669,0.817326,3.140207511,1.311358,0.0015773425710683409,-0.0004593892300439606,-0.0008365291261229757,-0.010824140692235251,-0.001234232841161531,0.0024609530039640948,-0.003872015093180581,-0.004534101105097665,0.000521868901038891
2016-10-25,6.777502,0.919794,66.811074,13.833977,3.072755703,104.534584,0.818598,3.115526122,1.308775,0.0005255433246993402,0.0017480061294570248,-0.0004609983488197411,-0.0033152754471850177,-0.0010631814939584538,0.004930847629449175,0.0015562945507667791,-0.007859795543301629,-0.001969713838631426
2016-10-26,6.769245,0.915332,66.842563,13.750023,3.084851259,104.320366,0.818902,3.118077803,1.301602,-0.0012182954722846917,-0.0048510862214800055,0.0004713140818539685,-0.006068681478941351,0.003936387129048757,-0.002049254818864421,0.0003713666537177307,0.0008190208972993496,-0.0054806975988997975
2016-10-27,6.77972,0.915164,66.819347,13.857509,3.097373479,104.685641,0.815942,3.135444312,1.312254,0.001547439928677452,-0.00018353996145670237,-0.0003473236057690565,0.007817150560402775,0.004059262164898936,0.0035014735281890808,-0.003614596129939973,0.005569620162553912,0.008183761241915777
2016-10-28,6.780168,0.915583,66.798663,13.881157,3.118293353,105.383629,0.823155,3.18998352,1.320637,6.607942510883369e-05,0.0004578414360705274,-0.0003095510646039523,0.001706511610420014,0.006754068936741353,0.006667466457983329,0.008840089123981931,0.017394411309193725,0.006388244958674072
2016-10-31,6.774712,0.913576,66.776905,13.564955,3.102959985,105.033802,0.822675,3.182532432,1.315275,-0.0008046998245471171,-0.0021920459423121486,-0.00032572508225214847,-0.02277922510349828,-0.004917230761899982,-0.003319557347944424,-0.0005831222552252768,-0.002335776330280259,-0.004060161876427881
2016-11-01,6.769252,0.907029,66.705215,13.495692,3.101587302,104.825397,0.817896,3.196281179,1.300771,-0.0008059383188540048,-0.0071663441246268,-0.0010735747636103632,-0.0051060250476319125,-0.0004423785696998639,-0.0019841707719958634,-0.005809098368128485,0.004320065009159935,-0.011027351694512633
2016-11-02,6.758269,0.901307,66.670572,13.377467,3.116719243,103.307796,0.811744,3.241730509,1.305002,-0.0016224835476651434,-0.006308508327738105,-0.0005193447019096187,-0.008760202885483848,0.004878773197917852,-0.01447741714729689,-0.007521738705165371,0.014219440485589319,0.003252686291437934
2016-11-03,6.763557,0.903832,66.744396,13.462129,3.111984816,103.262834,0.80132,3.228488792,1.304591,0.0007824488785515005,0.0028014871736268265,0.0011072951346509097,0.006328701838696382,-0.0015190418612882617,-0.00043522368824899793,-0.012841486971261862,-0.004084767985258808,-0.00031494204606574705
2016-11-04,6.756964,0.901469,66.744343,13.532949,3.148832597,102.983864,0.800577,3.244929235,1.301542,-0.0009747829433535138,-0.002614423919489517,-7.940741570955367e-07,0.005260683507044117,0.011840604366239349,-0.0027015528161855595,-0.0009272200868567504,0.005092302950141292,-0.0023371309475537227
2016-11-07,6.774634,0.903996,66.754656,13.455523,3.170131983,104.321099,0.804918,3.20421262,1.301483,0.0026150797902726453,0.002803202328643728,0.00015451496765805928,-0.005721295484081179,0.006764216687890068,0.012984898294358116,0.005422339137896914,-0.012547766700373053,-4.5330846027313854e-05
2016-11-08,6.787371,0.905961,66.595851,13.34644,3.170230114,104.783475,0.807103,3.203841276,1.298424,0.0018801015671106036,0.002173682184434478,-0.002378935186183928,-0.00810693125789319,3.095486261339708e-05,0.0044322385829158595,0.0027145622286990356,-0.00011589243412934991,-0.002350395664023175
2016-11-09,6.783796,0.907276,66.572764,13.454999,3.194973689,103.919434,0.807748,3.226728361,1.300671,-0.0005267135095459174,0.001451497360261511,-0.00034667324845794045,0.008133929347451607,0.007804977591604478,-0.008245966265195914,0.0007991545069216954,0.007143638847357359,0.0017305595090661985
2016-11-10,6.798073,0.917852,66.735659,13.864525,3.238182653,106.837999,0.805737,3.287287747,1.315833,0.002104573899333051,0.011656871778819244,0.0024468715164056576,0.030436717237957378,0.013524043765607452,0.02808488160164546,-0.0024896378573515676,0.018768045904314024,0.011657060086678328
2016-11-11,6.804659,0.917095,67.250092,14.221662,3.253026412,106.346295,0.789921,3.412325752,1.31493,0.0009688039537087967,-0.0008247517028889817,0.007708517570793605,0.025759050526433347,0.004583978296050839,-0.0046023325464940035,-0.01962923385670512,0.03803682994106938,-0.0006862572986086057
2016-11-14,6.844112,0.927902,67.811079,14.388234,3.292010764,107.887167,0.797857,3.447434351,1.324673,0.005797939323631152,0.011783948227828134,0.008341802714560087,0.011712555114866241,0.011984025661824216,0.01448919306497709,0.010046574277680964,0.010288759500590494,0.007409519898397665
2016-11-15,6.857037,0.928936,67.755225,14.183,3.279795634,108.267534,0.804812,3.437621923,1.322805,0.0018884845835369646,0.0011143418162693486,-0.0008236707161083379,-0.014264016000851809,-0.0037105376852285543,0.0035256000373056207,0.008717100934127142,-0.0028462987256461236,-0.0014101593374364896
2016-11-16,6.879088,0.934405,68.068585,14.333489,3.320968043,109.558961,0.804616,3.437768641,1.339282,0.0032158204775620813,0.005887380831402833,0.004624883173216521,0.01061051963618409,0.012553345877159616,0.011928109492177041,-0.0002435351361559368,4.268008620100794e-05,0.012456106531196998
2016-11-17,6.869553,0.933097,67.868807,14.270038,3.332275823,109.284315,0.802977,3.410469348,1.339834,-0.0013860848996263275,-0.0013998212766413998,-0.0029349515639262025,-0.004426765876752059,0.0034049650142928822,-0.0025068328276679486,-0.002036996530021762,-0.007940991919706097,0.0004121611430600858
2016-11-18,6.882679,0.940822,67.943362,14.374824,3.367955593,110.029165,0.811158,3.391570232,1.352526,0.0019107502336761506,0.008278882045489544,0.0010985164362766753,0.007343077853051216,0.01070732793297946,0.00681570818282573,0.010188336652232843,-0.005541500031684188,0.00947281528905819
2016-11-21,6.894271,0.940645,68.14881,14.220017,3.363465337,110.610479,0.806368,3.35499953,1.356787,0.001684227900211388,-0.00018813335572520629,0.0030238126868082915,-0.010769314462563129,-0.0013332289800176422,0.005283271939762413,-0.005905138086538142,-0.010782823146325948,0.0031504015449610456
2016-11-22,6.885184,0.941886,68.295187,14.05689,3.364132994,110.897617,0.804587,3.34341151,1.351794,-0.0013180508860182183,0.001319307496451927,0.0021479025092294712,-0.011471645919973295,0.00019850271464250113,0.002595938491505745,-0.0022086689948013216,-0.003453955774473716,-0.0036800175709230665
2016-11-23,6.900302,0.943218,68.736559,14.139974,3.390303716,111.337483,0.805442,3.382380683,1.348236,0.0021957292644612103,0.0014141838821257746,0.006462710176047937,0.005910553472354252,0.007779336324299946,0.003966415256695832,0.0010626569904808036,0.011655512007255009,-0.002632057843132918
2016-11-24,6.919606,0.948047,68.756636,14.228764,3.425862723,113.225256,0.803944,3.404342055,1.353242,0.002797558715545989,0.005119707215087033,0.00029208619535348035,0.006279360909715814,0.010488442918014984,0.01695541294031222,-0.0018598483813856426,0.006492874119811143,0.0037129998012217502
2016-11-25,6.919845,0.944109,68.535215,14.135008,3.448168429,113.038142,0.804211,3.435989426,1.343467,3.453953881193961e-05,-0.004153802501352777,-0.0032203582502204897,-0.006589187929464613,0.00651097484153329,-0.0016525818232639988,0.0003321126844655353,0.009296178377116604,-0.007223393894070784
2016-11-28,6.908765,0.944465,68.720249,13.884964,3.426709482,112.627503,0.805657,3.391480922,1.340574,-0.001601191934212376,0.0003770751046754395,0.0026998383239915658,-0.017689696390691734,-0.006223288520225467,-0.0036327472544620543,0.001798035590162117,-0.012953620771707253,-0.0021533837451906956
2016-11-29,6.899773,0.945537,68.699414,13.989977,3.429179274,112.972769,0.801957,3.404784418,1.343608,-0.0013015350789902236,0.0011350341198455016,-0.0003031857466055943,0.007563073263999742,0.00072074741467687,0.0030655567317336985,-0.004592525106838163,0.003922621505461743,0.002263209640049668
2016-11-30,6.883404,0.940291,68.508698,14.00047,3.420028209,113.286319,0.801598,3.396144805,1.343771,-0.002372396888999151,-0.005548169981714035,-0.002776093548629288,0.000750036972898549,-0.0026685875157893557,0.0027754475948094104,-0.00044765492414178265,-0.002537491934680336,0.00012131514548885391
2016-12-01,6.885857,0.940999,68.351369,14.074998,3.484708761,114.22791,0.791362,3.443775289,1.352969,0.0003563643801816063,0.0007529583926677574,-0.0022964821196863605,0.005323249862326129,0.01891228611208229,0.008311603804515677,-0.012769492937856675,0.014024868412523483,0.006844916284099112
2016-12-02,6.888743,0.939673,68.255967,14.081282,3.54698365,113.888367,0.792173,3.468239053,1.346833,0.00041911994396626184,-0.0014091407110954357,-0.0013957584375523524,0.0004464654275615487,0.01787090206704378,-0.002972504705723744,0.0010248154447649593,0.007103763151487197,-0.004535211080224366
2016-12-05,6.883013,0.934405,68.164362,13.840871,3.531489441,114.296393,0.78647,3.461409082,1.344702,-0.000831791808752258,-0.005606205562998956,-0.0013420804660199126,-0.01707309036208493,-0.004368277536322962,0.0035826837345027673,-0.007199185026503074,-0.0019692907252434333,-0.001582230313631916
2016-12-06,6.881032,0.931619,67.800913,13.613005,3.465809577,113.91839,0.784516,3.431805478,1.341066,-0.00028781000413624636,-0.0029815765112558568,-0.005331950440612965,-0.016463270266733998,-0.01859834641935154,-0.003307217227756176,-0.002484519434943544,-0.008552471926518201,-0.002703944814538839
2016-12-07,6.881267,0.931966,67.644921,13.563001,3.418732526,114.091333,0.793057,3.397670084,1.342777,3.415185396615783e-05,0.00037246986160655027,-0.0023007359797647675,-0.00367325215850578,-0.013583276851796833,0.0015181306547609186,0.010886967251146018,-0.009946774145221493,0.0012758507038430622
2016-12-08,6.879855,0.929195,67.371771,13.674224,3.407916744,113.928638,0.78977,3.40076194,1.338599,-0.00020519477009106613,-0.002973284433123058,-0.004037997176462138,0.00820047126738399,-0.003163681837565324,-0.0014260066538095417,-0.004144720997355855,0.000909993002134124,-0.003111462290462219
2016-12-09,6.906999,0.947059,67.564163,13.774979,3.476370868,115.048774,0.794914,3.391893172,1.339237,0.003945431989482273,0.019225243355807997,0.002855676749242697,0.0073682426147179125,0.02008679470251762,0.009831908988501947,0.006513288678982487,-0.0026078767512907053,0.00047661771747908865
2016-12-12,6.910627,0.943752,67.42969,13.726029,3.517270668,115.788977,0.791808,3.393072858,1.337675,0.0005252643007476188,-0.0034918627033795335,-0.0019903006864748773,-0.003553544437345346,0.01176508535855092,0.006433819103539573,-0.0039073409198983056,0.0003477957412509891,-0.0011663357568526544
2016-12-13,6.902262,0.942507,67.539114,13.687088,3.482846371,115.240339,0.78688,3.329406221,1.334119,-0.001210454565121144,-0.0013192025023524012,0.0016227866389419976,-0.0028370186308073198,-0.009787218627554384,-0.004738257597698636,-0.006223731005496225,-0.018763710555135926,-0.0026583437681050315
2016-12-14,6.905205,0.939496,67.478861,13.670425,3.487880496,114.984968,0.788829,3.310973318,1.331924,0.00042638196000077677,-0.003194671233210933,-0.0008921200831861764,-0.0012174247728954368,0.0014454054137778005,-0.0022159861921268176,0.0024768706791378214,-0.005536393511772819,-0.0016452805184544728
2016-12-15,6.935598,0.959785,67.801612,14.040023,3.53584797,118.08235,0.802361,3.387849122,1.354161,0.004401462375121401,0.021595621482156435,0.004782994188357925,0.027036321109255912,0.01375261395997085,0.026937277575274088,0.017154541732111728,0.023218490944057812,0.016695397034665493
2016-12-16,6.958042,0.957946,67.800077,13.974135,3.506178753,118.191398,0.803621,3.360570936,1.36402,0.003236058375932327,-0.0019160541162864808,-2.263957971981867e-05,-0.004692869805127731,-0.008390976436693287,0.0009234911059952111,0.0015703654589394045,-0.008051771202814528,0.007280522773879916
2016-12-19,6.953272,0.959509,67.858856,14.075034,3.505277298,117.242372,0.807331,3.376607177,1.376991,-0.000685537684308235,0.0016316159783535955,0.0008669459180703498,0.007220411138149085,-0.0002571046896078233,-0.008029569123126912,0.0046166040957118515,0.004771879929154954,0.009509391357898078
2016-12-20,6.957159,0.964878,68.069761,14.068506,3.519008105,118.130066,0.810286,3.357873408,1.381706,0.0005590173949761024,0.005595570234359526,0.0031079952187818005,-0.000463799945350174,0.003917181390423519,0.007571443539200917,0.0036602087619574952,-0.0055481043597863655,0.003424132764847432
2016-12-21,6.944535,0.959601,67.880242,13.949333,3.512810671,117.368775,0.808368,3.332597639,1.376259,-0.0018145337773650683,-0.005469085210772717,-0.0027841878275436382,-0.008470906576718229,-0.001761130925272525,-0.006444515149936492,-0.0023670654559007076,-0.007527314442462796,-0.003942227941400089
2016-12-22,6.94753,0.957488,67.982095,14.056971,3.512255841,117.636921,0.810465,3.328322482,1.385484,0.00043127437618228903,-0.002201956854984588,0.001500480802646642,0.007716354609930143,-0.00015794474908092937,0.0022846451281441915,0.0025941155513331537,-0.0012828302312795081,0.00670295344117644
2016-12-23,6.945721,0.957304,67.803465,14.010435,3.510817538,117.365499,0.81637,3.268811028,1.394409,-0.00026038030782171706,-0.00019216951021838735,-0.0026276036359279553,-0.0033105282781049628,-0.00040950974675879603,-0.002307285822280236,0.007285940787079115,-0.01788031487989683,0.006441792182370953
2016-12-27,6.952513,0.957396,68.016276,13.958066,3.52101484,117.386309,0.816659,3.279655337,1.391288,0.000977868244347757,9.610322321851328e-05,0.003138644905536836,-0.0037378568188638495,0.002904537729354395,0.00017730934710202817,0.00035400614917247,0.0033175086926438,-0.002238224222591789
2016-12-28,6.959331,0.961446,68.232382,13.89626,3.546005192,117.671378,0.81846,3.27141621,1.393328,0.0009806526071940436,0.004230224483912526,0.003177268923103105,-0.004427977342992939,0.007097485564701689,0.002428468894102531,0.0022053268255171066,-0.0025121929451088487,0.0014662672286398504
2016-12-29,6.955515,0.956663,68.013967,13.672821,3.532574381,116.751172,0.816034,3.264421697,1.38764,-0.0005483285677889693,-0.004974798376611855,-0.003201046095679394,-0.016079074513574043,-0.00378758920892186,-0.007820134476542062,-0.002964103315983624,-0.0021380688212705445,-0.004082312276793343
2016-12-30,6.944502,0.948677,67.919078,13.715018,3.516933877,117.066692,0.812238,3.254435063,1.384688,-0.0015833478901274844,-0.008347767186564159,-0.0013951399129533693,0.003086195599284247,-0.0044275087551227665,0.002702499637434075,-0.004651766960690362,-0.0030592352725684613,-0.0021273529157418425
2017-01-02,6.946011,0.955566,68.139513,13.728619,3.543621596,117.458194,0.813569,3.274247492,1.392642,0.00021729419906568737,0.0072616918086978455,0.0032455534805697628,0.0009916866313992578,0.007588348241214238,0.003344264652152429,0.001638682258155777,0.006087824343232295,0.005744254301329965
2017-01-03,6.96052,0.962927,68.368801,13.754454,3.587963409,118.199326,0.814299,3.265864227,1.385364,0.002088824794547417,0.0077032878942950855,0.0033649785551008726,0.0018818353106020425,0.012513134317177821,0.006309751365664473,0.0008972809927614289,-0.0025603638761221292,-0.005226037991098886
2017-01-04,6.935135,0.95813,68.064578,13.64463,3.582159624,117.50503,0.813883,3.236945482,1.37712,-0.0036469976381074964,-0.004981686046813483,-0.004449734316680609,-0.007984613565903964,-0.0016175708440732128,-0.00587394212383241,-0.0005108688577536435,-0.008854852189175144,-0.00595078261020221
2017-01-05,6.886106,0.95229,67.935816,13.640987,3.620607561,116.541282,0.813637,3.213217789,1.371393,-0.0070696532944203305,-0.006095206287247135,-0.0018917622614217366,-0.0002669914830961684,0.01073317245340033,-0.008201759533187691,-0.00030225474668954533,-0.00733027266969577,-0.0041586789822236625
2017-01-06,6.917839,0.944376,67.989895,13.615922,3.617433185,115.997733,0.808839,3.20190764,1.363018,0.004608264816138519,-0.008310493652143758,0.0007960307711620818,-0.0018374770095449522,-0.0008767522982036091,-0.004664003953551821,-0.005896978628061489,-0.0035198824800233286,-0.006106929231810332
2017-01-09,6.937809,0.950932,68.169932,13.705496,3.728604032,116.641308,0.824078,3.212248003,1.365253,0.002886739630685309,0.006942150160529348,0.0026479964412358115,0.006578621704795395,0.0307319696908237,0.005548168773263917,0.01884058508553621,0.003229438248256278,0.0016397435690505002
2017-01-10,6.924955,0.946342,68.217564,13.700483,3.777041734,116.248699,0.82275,3.193243115,1.362733,-0.0018527463065068916,-0.004826843559791905,0.0006987244757703515,-0.000365765675317431,0.01299084096468639,-0.0033659516232448228,-0.001611497940728901,-0.005916382540280485,-0.0018458117286687115
2017-01-11,6.933828,0.952109,68.391412,13.781015,3.879558221,116.290584,0.825716,3.216795201,1.355898,0.0012813079651781134,0.0060939913900048825,0.002548434593765414,0.005878040942060236,0.027142005362866817,0.000360305107586667,0.003604983287754493,0.007375600651690517,-0.005015656038270144
2017-01-12,6.893998,0.936417,67.97968,13.43534,3.775540781,113.952617,0.813213,3.157411743,1.330181,-0.005744301704628363,-0.016481306236995952,-0.006020229557477164,-0.025083420923640243,-0.026811671348803245,-0.020104525401643758,-0.015142010085792301,-0.01846044099467059,-0.018966765936670793
2017-01-13,6.900291,0.937998,68.16293,13.514867,3.788293781,114.351374,0.821199,3.198292843,1.334303,0.0009128230092321221,0.001688350382361703,0.0026956584673538675,0.005919239855485703,0.0033777942657058357,0.003499322880842648,0.009820305381247119,0.01294766198631958,0.0030988264003168897
2017-01-16,6.900793,0.943931,68.120634,13.612611,3.781008118,114.13064,0.828847,3.221634888,1.337738,7.27505550128793e-05,0.006325173401222628,-0.0006205132320457052,0.0072323316241291735,-0.0019232043292263246,-0.001930313491467217,0.009313211535815213,0.007298282598195538,0.0025743777837567983
2017-01-17,6.854642,0.935979,67.983433,13.475197,3.796330962,113.347061,0.812336,3.210876076,1.325534,-0.006687782114316421,-0.008424344576033582,-0.002014088712092632,-0.01009461006415302,0.004052581618921636,-0.006865632226367935,-0.019920443700707224,-0.003339550375517364,-0.009122862623323957
2017-01-18,6.838991,0.937734,68.113747,13.562641,3.785727682,113.512753,0.814263,3.222711928,1.324831,-0.0022832702276792682,0.001875042068251398,0.0019168493594607927,0.0064892557785982685,-0.0027930336174941672,0.001461811171266314,0.0023721711213093855,0.003686175274240089,-0.0005303522957539331
2017-01-19,6.865486,0.937383,68.136014,13.5973,3.819553806,114.576303,0.811352,3.208005249,1.322928,0.003874109499486078,-0.00037430657307935267,0.0003269090452475698,0.002555475736621071,0.008935170947670823,0.009369431820581253,-0.003575012004720879,-0.004563448216461152,-0.00143640962507674
2017-01-20,6.877822,0.940557,68.173909,13.623965,3.824774266,115.189992,0.814475,3.195729872,1.327596,0.0017968138016741797,0.0033860225756174867,0.000556166963332938,0.00196105109102529,0.0013667722108794411,0.005356159903326718,0.0038491308334729357,-0.0038264828288004926,0.0035285367004098678
2017-01-23,6.85357,0.933271,68.159589,13.55651,3.786654223,113.59776,0.803994,3.161269249,1.321232,-0.003526116261804879,-0.007746473632113782,-0.0002100510328665317,-0.004951201797714577,-0.009966612497596117,-0.013822659176849439,-0.012868412167347021,-0.010783334130313404,-0.004793626976881571
2017-01-24,6.859044,0.930406,68.09546,13.364626,3.764886491,113.369929,0.803405,3.163379233,1.32099,0.0007987078267237546,-0.0030698478791262307,-0.0009408654151361606,-0.0141543804415738,-0.00574853966538158,-0.0020055941243911635,-0.0007325925317850368,0.0006674483676667453,-0.00018316238177684685
2017-01-25,6.882156,0.930839,68.080145,13.27255,3.824071488,113.366844,0.794219,3.170157312,1.323001,0.003369565787885387,0.0004653882283649491,-0.00022490486149884248,-0.0068895306161204095,0.015720260661638008,-2.7211801464588348e-05,-0.011433834740884108,0.002142670385292922,0.0015223430911663893
2017-01-26,6.881682,0.934579,68.184112,13.374019,3.865514019,114.392523,0.795729,3.186261682,1.32757,-6.887376572117798e-05,0.004017880643161886,0.0015271265946921186,0.007645026765768392,0.010837279357890583,0.009047433657057624,0.0019012388270742697,0.005079990806462487,0.0034535121288645776
2017-01-27,6.895796,0.936242,68.067597,13.525981,3.877539556,115.167119,0.797397,3.167680929,1.326561,0.0020509520782854285,0.0017794108363231587,-0.0017088291770961384,0.011362478249806518,0.00311098005100785,0.00677138662288268,0.00209619103991443,-0.0058315213420692125,-0.0007600352523782217
2017-01-30,6.877046,0.940734,67.950611,13.594544,3.815710254,114.543744,0.799012,3.134336783,1.327281,-0.0027190479532747114,0.004797904815208032,-0.001718673864746667,0.005068985384498292,-0.0159454987130504,-0.005412786265843739,0.0020253399498617597,-0.010526358792874446,0.0005427567974634062
2017-01-31,6.877731,0.9298,67.689912,13.430033,3.777963738,113.379823,0.800604,3.118084612,1.32013,9.960672067621523e-05,-0.011622839187272915,-0.0038365953766035243,-0.012101251796308943,-0.009892395776233354,-0.010161366822442952,0.001992460688950981,-0.00518520252454957,-0.0053877061451191866
2017-02-01,6.883225,0.926784,67.427247,13.423262,3.760982391,113.299351,0.79164,3.143466172,1.31835,0.0007988099563649431,-0.0032437083243707088,-0.003880415740531773,-0.0005041685303379673,-0.004494841183676712,-0.0007097559148597776,-0.011196546607311397,0.008140112651952691,-0.0013483520562369566
2017-02-02,6.881662,0.925241,67.23168,13.392117,3.73676906,112.324204,0.796336,3.114267209,1.300888,-0.00022707379171826858,-0.0016648971065534868,-0.0029004150206517476,-0.002320225888461258,-0.006438033599397541,-0.0086068189393248,0.005931989288060269,-0.009288779138164727,-0.013245344559487116
2017-02-03,6.868634,0.931012,67.321013,13.42631,3.735033982,113.108649,0.800791,3.132017503,1.308724,-0.0018931473240040297,0.006237293851007353,0.0013287337160099444,0.00255321843439682,-0.00046432572421262197,0.0069837574811570935,0.0055943722247895344,0.005699669555875975,0.006023577740743136
2017-02-06,6.861464,0.933532,67.162995,13.29593,3.678491412,112.285288,0.802371,3.118745332,1.307506,-0.0010438756818313966,0.0027067320292328834,-0.0023472314654563453,-0.009710784273564421,-0.0151384352250854,-0.00727938143793061,0.0019730491476550593,-0.004237578808958586,-0.0009306775148922863
2017-02-07,6.884028,0.936768,67.422014,13.437283,3.726932084,112.355972,0.808712,3.126744731,1.312787,0.0032885110233034087,0.0034664050080768227,0.0038565731024950978,0.01063129844997679,0.013168624464359624,0.0006295036621359884,0.007902827993534256,0.0025649413941952748,0.00403898720158824
2017-02-08,6.87248,0.937647,67.144398,13.423535,3.723300516,111.945617,0.799953,3.125175809,1.308955,-0.0016775062507008442,0.0009383326501331002,-0.004117586876001833,-0.0010231234989991345,-0.0009744121755237423,-0.003652275822063067,-0.010830802560120256,-0.000501774892093132,-0.0029189807638252407
2017-02-09,6.866162,0.935279,66.741489,13.410026,3.693041526,112.270857,0.795829,3.117190423,1.306117,-0.0009193187903057121,-0.0025254706728652376,-0.006000634632244317,-0.0010063668027832096,-0.00812692659912062,0.0029053392952402834,-0.0051553028740438656,-0.0025551797684481015,-0.0021681417619399124
2017-02-10,6.879293,0.940822,66.93339,13.347069,3.685483112,113.510208,0.802427,3.111299276,1.308213,0.0019124221071391556,0.00592657378172734,0.002875287963683304,-0.004694770912450186,-0.0020466636908322844,0.011038937736085774,0.008290725771491037,-0.0018898899972655814,0.0016047566948445002
2017-02-13,6.873836,0.940822,66.975256,13.341707,3.685859441,113.745413,0.798664,3.119672594,1.304638,-0.0007932501203248288,0.0,0.0006254875182625241,-0.00040173614147043235,0.00010211117201275322,0.0020721043872986566,-0.004689523159115971,0.002691260871170442,-0.0027327354184678576
2017-02-14,6.862657,0.941354,66.813047,13.097995,3.650569519,113.367222,0.801073,3.095264991,1.300292,-0.0016263117129940996,0.0005654629674900491,-0.0024219242999236057,-0.018266927912597763,-0.009574407967772536,-0.0033248901210636284,0.0030162871996233243,-0.007823770688931364,-0.0033311922540965044
2017-02-15,6.870772,0.947418,66.888205,13.046045,3.662908574,114.4955,0.805287,3.079583136,1.303742,0.0011824866083209873,0.006441784918319815,0.0011249000513329221,-0.003966255904052418,0.003380035617943866,0.009952418168983623,0.005260444428909716,-0.005066401437549772,0.0026532501930334185
2017-02-16,6.855802,0.938791,66.996808,12.940011,3.664663913,113.546752,0.799005,3.041870071,1.296282,-0.002178794464435696,-0.009105801240846145,0.0016236494909678267,-0.008127673942562641,0.00047921998721456305,-0.008286334397421768,-0.007800945501417522,-0.012246159085344543,-0.0057219910074232105
2017-02-17,6.867042,0.938967,67.1,13.085164,3.672957746,112.751174,0.804883,3.091830986,1.304413,0.0016394872547369488,0.00018747516752926074,0.001540252484864446,0.011217378408720169,0.002263190621813349,-0.007006611690662856,0.007356649833230033,0.016424407957561282,0.006272554891605386
2017-02-20,6.877449,0.941974,66.939054,13.110023,3.624811605,113.140543,0.802044,3.097588546,1.303222,0.0015154996867647874,0.0032024554643559355,-0.0023985991058121936,0.001899785130702103,-0.01310827521836666,0.00345334763432259,-0.0035272207264906985,0.0018621845844970508,-0.0009130543777161604
2017-02-21,6.884787,0.949037,66.93556,13.159913,3.626554048,113.666129,0.805353,3.096042517,1.306064,0.0010669653820769565,0.007498083811230405,-5.219673406209324e-05,0.0038054853145566003,0.0004806989134542583,0.0046454258222889955,0.004125708813980333,-0.0004991072820166309,0.0021807489437715155
2017-02-22,6.878246,0.951203,66.986588,13.105013,3.602301912,112.993437,0.803291,3.083991249,1.302102,-0.0009500657028315151,0.00228231354520414,0.0007623451570435424,-0.004171760102061439,-0.006687377515681714,-0.005918139430964531,-0.0025603679380346023,-0.003892474968876569,-0.0030335420010043634
2017-02-23,6.875343,0.945805,66.723257,12.879977,3.571077272,112.834579,0.800416,3.065544311,1.294902,-0.00042205527397531917,-0.005674919023594294,-0.003931100356984851,-0.017171749467169484,-0.008667968638604195,-0.0014059046632947103,-0.003579026778589567,-0.005981514378804231,-0.005529520728790871
2017-02-24,6.868979,0.942596,66.608069,12.915072,3.581016118,112.206617,0.796522,3.088886794,1.302291,-0.000925626546922742,-0.0033928769672395553,-0.0017263545752870257,0.002724771946409632,0.0027831506413842355,-0.0055653329463835055,-0.00486497021548804,0.007614466023616373,0.005706223328097559
2017-02-27,6.872202,0.944555,66.696892,12.955039,3.598753188,112.27921,0.805516,3.109096061,1.303108,0.0004692109263981781,0.0020783028996516073,0.0013335171148709524,0.0030946014083390594,0.0049530829841408774,0.0006469582805443963,0.011291590188343914,0.006542572890419596,0.0006273559442551147
2017-02-28,6.867982,0.943663,66.649995,13.014061,3.622817779,112.13551,0.804992,3.09615929,1.302916,-0.0006140680963685474,-0.000944360042559711,-0.0007031362121041607,0.004555910638323946,0.006686924538265915,-0.001279845128942525,-0.0006505147011356405,-0.0041609428419649985,-0.00014734005163041797
2017-03-01,6.880471,0.949397,66.833761,13.082028,3.649292699,113.775752,0.812209,3.110984525,1.305611,0.0018184380797736655,0.006076321737739088,0.0027571795016636536,0.005222581944252402,0.007307825459360595,0.01462732010582557,0.008965306487517699,0.004788266239363903,0.0020684372591941447
2017-03-02,6.885962,0.951113,66.768119,13.106239,3.706676812,114.361803,0.813772,3.108902416,1.31634,0.0007980558307709718,0.0018074630528639446,-0.0009821682786936847,0.0018507069393216558,0.015724721948372267,0.0051509305778967285,0.0019243815323397584,-0.000669276553216025,0.008217608460713066
2017-03-03,6.897492,0.946522,66.816848,13.082821,3.728159016,114.368197,0.817369,3.131093232,1.320965,0.0016744210903283374,-0.004826976395023497,0.0007298243642297475,-0.0017867826155162359,0.005795542770401063,5.591027626583589e-05,0.00442015699729148,0.007137829700216702,0.00351352993907339
2017-03-06,6.896715,0.944109,66.64983,12.995091,3.712990937,113.812311,0.814766,3.105740181,1.315804,-0.0001126496413478284,-0.002549333243178742,-0.0024996390132021595,-0.006705740298670992,-0.0040685171782920415,-0.004860494565635198,-0.0031846081757443967,-0.008097188145306577,-0.003906992236735962
2017-03-07,6.900151,0.945537,66.631997,12.957451,3.677571861,114.041225,0.819875,3.117813918,1.316188,0.000498208204920747,0.0015125372176305607,-0.00026756257292770425,-0.002896478370178368,-0.009539230394302378,0.002011328985315197,0.006270512024311392,0.0038875553962509635,0.00029183677812194553
2017-03-08,6.911046,0.947329,66.782872,13.064418,3.735695339,114.295188,0.821836,3.140488822,1.323228,0.0015789509533921109,0.0018952193303911624,0.002264302539213947,0.008255250203145659,0.01580485173284818,0.0022269403016321743,0.002391828022564324,0.007272693174243505,0.005348779961525274
2017-03-09,6.910435,0.947777,66.723059,13.266894,3.753483082,114.633684,0.821278,3.168988721,1.331059,-8.840919305130868e-05,0.0004729085671397737,-0.0008956338385684992,0.015498279372261337,0.004761561472719444,0.0029615944986240983,-0.0006789675799064865,0.00907498819940078,0.005918103304948241
2017-03-10,6.914577,0.942863,66.634452,13.264284,3.752687158,115.425231,0.822648,3.176881011,1.328965,0.0005993833962696371,-0.005184763926535441,-0.0013279816802166389,-0.00019673029723465962,-0.00021204944383967916,0.00690501231732199,0.0016681318627798092,0.0024904758883173006,-0.0015731834576829806
2017-03-13,6.913345,0.937822,66.161024,13.138985,3.746787958,114.742568,0.818325,3.151927225,1.320266,-0.00017817431203681622,-0.005346481938521275,-0.007104853207166695,-0.009446344785741911,-0.0015719935479897584,-0.005914330810392721,-0.005254981474458131,-0.007854806621210186,-0.00654569533433913
2017-03-14,6.914778,0.940645,65.767096,13.160004,3.741510676,114.881008,0.823657,3.159721569,1.32377,0.00020728026736693828,0.003010166108280643,-0.005954079549917557,0.0015997430547336489,-0.0014084816272381673,0.0012065269447341098,0.006515748632878182,0.002472881968269336,0.002654010631190973
2017-03-15,6.913764,0.941442,65.663246,13.053003,3.718414611,114.639428,0.819742,3.158821314,1.317266,-0.00014664245186191138,0.0008472909546108909,-0.0015790571017457733,-0.008130772604628467,-0.006172925056221246,-0.0021028715207651594,-0.00475319216615655,-0.00028491592703361324,-0.004913240215445147
2017-03-16,6.899497,0.932314,65.374324,12.704643,3.638821555,113.322767,0.809342,3.099384673,1.300112,-0.0020635647962526926,-0.009695764582417166,-0.004400056616147174,-0.026688111540309922,-0.021405105219989173,-0.011485236998914461,-0.012686918567061278,-0.01881608204192331,-0.013022426753594218
2017-03-17,6.905188,0.931359,65.428891,12.759989,3.622613393,113.150787,0.809053,3.105336686,1.298314,0.0008248427385357804,-0.0010243330036875387,0.0008346854951799543,0.004356360111811064,-0.004454233810319397,-0.0015176120787803171,-0.00035708019601110585,0.0019203853757974176,-0.001382957775945437
2017-03-20,6.907366,0.93006,65.365048,12.675967,3.633463542,112.713914,0.807227,3.107886905,1.294829,0.0003154150183890536,-0.0013947360792133656,-0.0009757616096532917,-0.006584801914797822,0.0029951164595609647,-0.0038609806576068717,-0.0022569596800209313,0.0008212375203944244,-0.002684250497183238
2017-03-21,6.88928,0.925754,65.259211,12.573783,3.607850398,112.553231,0.80312,3.07119052,1.293186,-0.0026183642216148773,-0.004629808829537896,-0.001619168091179346,-0.0080612390360435,-0.0070492365490755216,-0.0014255826481192058,-0.005087788193407938,-0.01180750333641889,-0.0012688934214479808
2017-03-22,6.88748,0.925326,65.420098,12.594985,3.623207181,111.103914,0.803091,3.098362173,1.303414,-0.0002612754888755564,-0.0004623258446627698,0.0024653531284648533,0.0016862069275411784,0.004256491069727586,-0.01287672496936132,-3.610917422047777e-05,0.00884727040639599,0.007909148413298706
2017-03-23,6.885592,0.927128,65.464027,12.510013,3.619321342,110.661969,0.799861,3.11589097,1.310217,-0.00027412057820863645,0.0019474217735153676,0.0006714908925999907,-0.006746494735801467,-0.0010724860064247332,-0.003977762655598238,-0.004021960151464721,0.0056574396475501665,0.005219370054334149
2017-03-24,6.886256,0.925497,65.388246,12.477186,3.625728829,111.142989,0.801481,3.132346136,1.31254,9.643324786012819e-05,-0.0017591961412015689,-0.0011575975917278436,-0.0026240580245601164,0.0017703559298933857,0.0043467507793937266,0.002025351904893391,0.005281046788360388,0.0017729887491919616
2017-03-27,6.878042,0.918358,65.035357,12.637524,3.600238773,110.138672,0.793489,3.120580402,1.30967,-0.001192810723272597,-0.007713693291280244,-0.005396826212466288,0.012850493693049136,-0.007030326095024075,-0.009036260487829795,-0.009971540186230254,-0.0037562049304757927,-0.0021866000274278763
2017-03-28,6.885256,0.920895,65.055254,12.940234,3.623998527,110.36007,0.79616,3.12616263,1.31513,0.0010488450055989862,0.0027625392276213745,0.00030594127437488794,0.02395326806105369,0.006599493949730917,0.002010174954715227,0.003366146222568922,0.001788842869237639,0.004168989134667456
2017-03-29,6.890863,0.930406,64.904168,13.138723,3.651470041,110.876442,0.803731,3.132303684,1.30815,0.0008143488056218118,0.01032799613419555,-0.002322425795155736,0.015338903454141573,0.00758044292659843,0.0046789749227234,0.009509395096463091,0.0019644064390853533,-0.005307460099001626
2017-03-30,6.889541,0.931359,64.90733,12.86812,3.643382695,111.194933,0.802645,3.12517463,1.302785,-0.00019184824890583485,0.0010242840222440819,4.871798063876831e-05,-0.0205958372057925,-0.0022148192123151444,0.0028724857531052805,-0.0013511983487011214,-0.002275977912491567,-0.004101211634751301
2017-03-31,6.888224,0.935366,64.91114,13.319989,3.638013282,111.823029,0.800234,3.161537742,1.307829,-0.0001911593239666276,0.00430231521894342,5.869907142996844e-05,0.03511538593050112,-0.001473743893928181,0.005648602711060491,-0.00300381862467225,0.011635545627093569,0.0038717056152779428
2017-04-03,6.887065,0.937998,64.984992,13.554638,3.642341244,111.28412,0.799737,3.124847575,1.314323,-0.00016825817511167962,0.0028138717892247644,0.0011377399934742183,0.017616305839291746,0.0011896498623062968,-0.00481930247122897,-0.0006210683375111881,-0.0116051649526695,0.004965480961196089
2017-04-04,6.888649,0.938879,65.181673,13.761994,3.654210872,110.365224,0.803896,3.135386349,1.324664,0.00022999637726672795,0.0009392344120136009,0.0030265603479646686,0.015297789583166965,0.003258790762549424,-0.008257206868329536,0.0052004596511103784,0.003372572180580624,0.007867928964189197
2017-04-05,6.896235,0.936505,64.893238,13.703596,3.690204158,110.966473,0.800805,3.088031467,1.319067,0.0011012318961236556,-0.002528547342096288,-0.0044250935381791034,-0.004243425771003895,0.009849810878675536,0.005447812075296543,-0.003845024729567048,-0.015103364220203197,-0.004225222396018968
2017-04-06,6.898275,0.937559,64.518095,13.803581,3.708044253,110.847553,0.802456,3.115694731,1.322239,0.000295813585238891,0.0011254611561071215,-0.005780925895545463,0.007296260047362724,0.004834446614918164,-0.0010716750454886625,0.0020616754390894165,0.008958219595759154,0.0024047300099236946
2017-04-07,6.897272,0.940734,64.325024,13.813735,3.737158984,110.667921,0.805014,3.137253057,1.328598,-0.00014539866850771244,0.00338645354585676,-0.0029925093107601164,0.0007356062169665556,0.007851775494978064,-0.0016205319390315553,0.003187713718883156,0.006919267727194978,0.0048092667059433936
2017-04-10,6.903195,0.945358,64.559936,13.889015,3.733598034,111.287578,0.806721,3.13622613,1.334846,0.0008587453126396305,0.0049153108104948995,0.003651953553876597,0.005449648483918379,-0.0009528494814499133,0.005599246777211908,0.0021204600168445165,-0.0003273331737485563,0.004702701644891949
2017-04-11,6.900528,0.941974,64.482856,13.836756,3.710625471,110.550113,0.803787,3.131217031,1.331669,-0.0003863428455953555,-0.0035795963010838427,-0.0011939293124453298,-0.0037626138354664995,-0.006152928834545213,-0.006626660524501671,-0.0036369451148537957,-0.00159717405326254,-0.0023800498334639597
2017-04-12,6.892032,0.942951,64.676568,13.69024,3.674210278,109.589816,0.8,3.142857143,1.335502,-0.001231210133485483,0.001037183616533044,0.003004085302921622,-0.010588898149248238,-0.009813761395376486,-0.0086865311480957,-0.004711447186879103,0.0037174401789334954,0.0028783428915142295
2017-04-13,6.888711,0.940734,64.432267,13.528222,3.668015052,109.134525,0.797394,3.130479774,1.319567,-0.0004818607922889573,-0.00235112959209971,-0.003777272164472434,-0.01183456243279879,-0.0016861381171063838,-0.004154500998523436,-0.0032575000000000243,-0.003938253772548306,-0.01193184285759219
2017-04-18,6.882981,0.936154,64.602134,13.3871,3.690601011,108.837296,0.78988,3.107470511,1.325126,-0.0008317956726592302,-0.004868538821813484,0.002636365409896424,-0.010431673874068514,0.006157542616321843,-0.0027235102732156014,-0.009423196061169259,-0.007350075598987149,0.004212745544561303
2017-04-19,6.885967,0.932401,64.562238,13.29697,3.663589744,109.006993,0.777902,3.111235431,1.329138,0.00043382365867339345,-0.004008955791461655,-0.0006175647386510441,-0.0067326007873251825,-0.007318934482349104,0.0015591805955927907,-0.015164328758798806,0.0012115706284814287,0.0030276366171970714
2017-04-20,6.883667,0.930665,64.623081,13.148627,3.635830619,109.036761,0.781014,3.142857143,1.328804,-0.00033401263758592314,-0.0018618598650151919,0.0009423929821021915,-0.0111561506117559,-0.007577028799543362,0.00027308339750287125,0.004000503919516785,0.01016371557257445,-0.00025129068614382355
2017-04-21,6.88596,0.934754,64.608805,13.141428,3.645634698,109.104506,0.782576,3.148532436,1.329127,0.00033310733944569293,0.004393632510086842,-0.0002209117822777884,-0.0005475096373179777,0.0026965169798520705,0.0006213042223439658,0.0019999641491703635,0.001805775045372382,0.0002430757282487761
2017-04-24,6.885232,0.921829,64.447824,12.96451,3.592275074,110.315265,0.781987,3.125276549,1.320981,-0.00010572236841333016,-0.013827167361680104,-0.002491626334831687,-0.01346261608707966,-0.014636580025221169,0.011097241025040727,-0.0007526425548446403,-0.007386262480289063,-0.006128834942033423
2017-04-25,6.884216,0.918189,64.28519,13.044808,3.592599394,110.494904,0.7798,3.152052153,1.327151,-0.0001475622026969603,-0.0039486716082917095,-0.0025234986987302532,0.006193677971631617,9.028261848542662e-05,0.0016284147076111033,-0.00279672168463152,0.008567435099005039,0.004670771192015533
2017-04-26,6.890756,0.918021,64.122831,13.23584,3.579454696,111.401818,0.779427,3.169099422,1.336546,0.0009499992446488914,-0.00018296886588720085,-0.002525605042156598,0.014644293729735303,-0.0036588265371176876,0.008207745037725811,-0.000478327776353038,0.005408308039502208,0.0070790738958868005
2017-04-27,6.894955,0.919033,64.117269,13.359158,3.565573017,111.451153,0.775848,3.160279386,1.339583,0.0006093670999234302,0.001102371296517246,-8.673977604034544e-05,0.009316975726512355,-0.003878154685268753,0.00044285632753315873,-0.004591834770927838,-0.0027831364136987613,0.0022722749534995756
2017-04-28,6.895425,0.914913,64.283166,13.256999,3.545837145,111.399817,0.772855,3.176395242,1.338426,6.816578208268531e-05,-0.004482972863868895,0.0025873996598326787,-0.007647113687853757,-0.005535119293842206,-0.0004606143464482848,-0.0038577143976655792,0.005099503566486252,-0.0008637016146070264
2017-05-02,6.895373,0.91617,64.225836,13.274027,3.538341732,112.276683,0.774347,3.168575355,1.330096,-7.541232048824398e-06,0.001373901125025112,-0.0008918353523532652,0.0012844535931548773,-0.002113862733535088,0.007871341476261229,0.0019305044283857153,-0.0024618746737185004,-0.006223728469112233
2017-05-03,6.893214,0.915835,64.15789,13.34646,3.535397014,112.162286,0.773331,3.152669658,1.338493,-0.0003131085149418178,-0.0003656526627154877,-0.0010579231697350755,0.0054567464718882075,-0.0008322310910132691,-0.0010188847492048625,-0.001312073269477354,-0.005019826015783657,0.006313078153757257
2017-05-04,6.895763,0.915164,64.185961,13.543608,3.560904182,112.848906,0.775739,3.186785028,1.351972,0.00036978396434506067,-0.0007326647267247299,0.000437529974879336,0.014771557401737967,0.007214795933524032,0.006121665530247844,0.0031138024985419843,0.010821105190463198,0.010070280531911724
2017-05-05,6.902199,0.912326,64.37825,13.584344,3.562996077,112.480613,0.772831,3.18556701,1.353161,0.0009333267399127543,-0.0031010835216420674,0.002995810875215943,0.003007765729781786,0.0005874617493428769,-0.0032635938889827854,-0.0037486835133980767,-0.00038220902549057634,0.0008794560834100018
2017-05-08,6.90373,0.914244,64.312946,13.575974,3.564179923,112.543427,0.772216,3.190345584,1.352258,0.00022181336701532217,0.0021023186887143552,-0.00101437985655084,-0.0006161504743990021,0.000332261381830401,0.0005584429025113913,-0.0007957755317786752,0.0015000701554854778,-0.0006673263565829535
2017-05-09,6.906778,0.918442,64.656043,13.665044,3.595518001,113.923586,0.774247,3.189750184,1.360121,0.0004415004642417397,0.004591771999597594,0.005334804597506793,0.0065608552285087995,0.008792507302387342,0.012263346130378716,0.002630093134563305,-0.00018662555021808913,0.005814718788870188
2017-05-10,6.902775,0.918949,64.546039,13.489983,3.589138026,113.80261,0.771779,3.164859401,1.35453,-0.0005795755995052776,0.0005520217934285032,-0.0017013722909087203,-0.01281086251899366,-0.0017744244357073002,-0.0010619047753640531,-0.00318761325520156,-0.007803364390369438,-0.004110663683598692
2017-05-11,6.902118,0.92081,64.370166,13.366206,3.58388582,113.895028,0.777947,3.164180479,1.356998,-9.517911274814495e-05,0.0020251395888128965,-0.0027247682851614385,-0.009175474869019484,-0.0014633613870385087,0.0008120903378225908,0.007991925149557044,-0.00021451885027989892,0.001822034211128587
2017-05-12,6.900239,0.919456,64.306271,13.454947,3.589371092,113.847003,0.777749,3.147020964,1.35445,-0.0002722352761862501,-0.0014704444999510402,-0.000992618226275832,0.006639206368658446,0.001530537599548909,-0.0004216601974933454,-0.0002545160531501889,-0.005423051913089005,-0.0018776741012146436
2017-05-15,6.892909,0.911411,64.04712,13.19887,3.556325191,113.425082,0.774043,3.104721108,1.343511,-0.0010622820455928883,-0.008749738976090327,-0.004029949116470921,-0.019032181992244324,-0.009206599193282816,-0.0037060351953226434,-0.0047650334490947355,-0.013441237438162834,-0.008076340950201266
2017-05-16,6.888959,0.904241,64.065919,13.137445,3.556379419,113.635953,0.776454,3.102993037,1.349127,-0.0005730526835622252,-0.007866922826255118,0.00029351827217194426,-0.004653807485034744,1.5248324348293707e-05,0.0018591214243071086,0.003114814034879121,-0.0005565945989632892,0.0041800923103718635
2017-05-17,6.88603,0.899523,64.100927,13.091032,3.550598183,112.278492,0.771296,3.098497796,1.350544,-0.0004251730921899233,-0.005217635563970258,0.000546437178244652,-0.0035328787294637287,-0.0016255959555704358,-0.01194569996698136,-0.0066430207069575475,-0.0014486790483893008,0.0010503088293392082
2017-05-18,6.891724,0.898553,65.046994,13.528709,3.635636625,110.566987,0.767032,3.134872855,1.343966,0.000826891547088815,-0.001078349302908177,0.014759022127714294,0.033433345820253146,0.02395045499858517,-0.015243391405719953,-0.005528357465875544,0.011739578787810734,-0.004870629909132895
2017-05-19,6.889257,0.894534,64.587172,13.263619,3.602737275,111.235352,0.768477,3.330083192,1.344575,-0.0003579655830674433,-0.004472746738367173,-0.0070690737837939555,-0.019594626508708135,-0.009049130425678897,0.0060448875214444975,0.001883884896588306,0.062270575563741826,0.0004531364632736068
2017-05-22,6.889353,0.889442,64.535266,13.181357,3.560170773,111.34039,0.76806,3.293515965,1.338522,1.3934739261367568e-05,-0.0056923493126030955,-0.0008036580390917702,-0.006202078030136393,-0.01181504471485506,0.0009442861294670646,-0.0005426317248271584,-0.010980874918634753,-0.004501794247252944
2017-05-23,6.890504,0.891663,64.894784,13.203745,3.564065983,111.119037,0.770959,3.274008025,1.332055,0.00016706938953481298,0.0024970711974474646,0.005570876549885195,0.0016984594226527872,0.0010941076280781559,-0.001988074588206379,0.0037744447048406737,-0.005923135095536103,-0.004831448418479489
2017-05-24,6.889931,0.893416,64.734656,12.95247,3.566872152,111.810953,0.771375,3.255784866,1.337443,-8.315792284574464e-05,0.00196598939285364,-0.0024675018565436524,-0.019030585640664843,0.0007873504624733574,0.006226799823688012,0.0005395877082958744,-0.005566009264745153,0.004044878026808085
2017-05-25,6.868022,0.891742,64.602283,12.895042,3.564027109,111.762083,0.771607,3.269127876,1.339576,-0.003179857679271425,-0.0018737072091835616,-0.002044855231794207,-0.0044337489297407995,-0.0007976296538705352,-0.0004370770366297627,0.00030076162696479614,0.004098246828081464,0.0015948343219114314
2017-05-26,6.857985,0.893176,64.502947,12.871383,3.569399786,111.093248,0.77876,3.26982851,1.343158,-0.00146141057789273,0.0016080884381355354,-0.0015376546367563693,-0.0018347361722436117,0.0015074736627094243,-0.00598445360042188,0.00927026322985669,0.00021431832175888843,0.002673980423656408
2017-05-29,6.856811,0.893815,64.537898,12.947533,3.577225599,111.34251,0.77845,3.265820522,1.344744,-0.00017118730939191806,0.0007154245075999821,0.0005418512118522401,0.005916225163993705,0.0021924730960916072,0.002243718718170973,-0.00039806872463921117,-0.0012257486861291245,0.001180799280501521
2017-05-30,6.855545,0.895015,64.657209,13.146961,3.556609684,110.954981,0.77681,3.267609416,1.341806,-0.00018463393551315654,0.0013425597019516289,0.001848696714603193,0.01540277981913607,-0.00576310171932215,-0.003480512519432155,-0.0021067505941293474,0.0005477624958105665,-0.0021848024605426453
2017-05-31,6.813029,0.891186,64.46306,13.133767,3.536583192,110.863559,0.778585,3.251492737,1.341592,-0.006201695124165907,-0.0042781405898224545,-0.0030027432826553735,-0.0010035779371369014,-0.005630781496798076,-0.0008239557987937962,0.0022849860326206173,-0.004932253812553022,-0.0001594865427640979
2017-06-01,6.808896,0.891345,64.465193,13.050004,3.539976825,110.999198,0.77752,3.220875301,1.35324,-0.0006066317932890142,0.000178413933791699,3.308871778662237e-05,-0.006377682807986562,0.0009595795760373171,0.0012234768685355224,-0.001367866064719947,-0.00941642453990199,0.00868222231498117
2017-06-02,6.820629,0.891504,64.44281,12.870375,3.53044486,111.455826,0.777998,3.236872604,1.352679,0.0017231868426248464,0.00017838210793796883,-0.00034721062574039063,-0.013764670110445909,-0.0026926631080417263,0.004113795488864591,0.000614775182631977,0.004966756395391458,-0.00041456061009137457
2017-06-05,6.805316,0.888968,64.363054,12.740421,3.516934839,110.498711,0.774558,3.258956352,1.337008,-0.0022451008550677942,-0.002844631095317518,-0.0012376244921658008,-0.010097141691675637,-0.0038267191630914077,-0.008587393179428804,-0.00442160519692858,0.006822557048649092,-0.011585158045626542
2017-06-06,6.794368,0.888257,64.472819,12.84873,3.529578966,109.362231,0.774827,3.296944395,1.335939,-0.001608742342016134,-0.000799803817460254,0.0017054038486115086,0.00850121043880736,0.0035952121886895227,-0.010285006854061862,0.00034729484428552837,0.011656505610051271,-0.0007995464499838123
2017-06-07,6.797985,0.891504,64.346973,12.865026,3.543460818,109.458857,0.774788,3.271284657,1.323438,0.0005323526779825727,0.0036554735847846853,-0.0019519233368715527,0.0012682965553794112,0.003933005078997187,0.0008835408633900421,-5.033381645191959e-05,-0.007782884673127821,-0.009357463177585235
2017-06-08,6.797756,0.890551,64.24125,12.866328,3.550182563,110.223528,0.772598,3.281859471,1.326387,-3.368645267676218e-05,-0.001068980060661473,-0.0016430143497194738,0.00010120461474372178,0.0018969435095359533,0.006985921660044525,-0.002826579657919326,0.0032326181023019096,0.0022282872337049398
2017-06-09,6.796886,0.894775,64.24481,12.884932,3.529348604,110.450966,0.784162,3.263779528,1.327577,-0.00012798341099617971,0.004743130938037243,5.541610725212642e-05,0.0014459447948163007,-0.005868419054595009,0.002063425151842324,0.014967680475486578,-0.005509054595348339,0.0008971740525201
2017-06-12,6.798325,0.891186,64.439889,12.811425,3.516531503,109.883255,0.789101,3.283129846,1.325639,0.0002117145998918879,-0.004011064234025308,0.003036494309812676,-0.005704880708722326,-0.003631576939006176,-0.005139936938170275,0.006298443433882417,0.005928806720550073,-0.0014598023316161335
2017-06-13,6.797272,0.891504,64.360346,12.774984,3.523134528,110.038335,0.785192,3.302576446,1.326558,-0.00015489109449751126,0.00035682786758317597,-0.0012343751864622998,-0.0028444142630503766,0.0018777096108386626,0.0014113160371886924,-0.004953738494818838,0.005923189429651421,0.0006932505757599738
2017-06-14,6.797019,0.892618,64.299741,12.737392,3.513523163,110.309738,0.785147,3.305096849,1.319111,-3.722081446799752e-05,0.001249573754015687,-0.0009416512459397008,-0.002942625994678316,-0.002728072097052836,0.002466440445504592,-5.7310823339928874e-05,0.000763162652314131,-0.005613776404800985
2017-06-15,6.805033,0.895576,64.608633,12.871485,3.516568153,110.111051,0.784883,3.274135769,1.318467,0.0011790462848493277,0.0033138475809360024,0.004803938479316816,0.010527508299972288,0.0008666486198429801,-0.001801173709613857,-0.000336242767278061,-0.009367677080133863,-0.0004882075882922665
2017-06-16,6.813737,0.895496,64.432256,12.880004,3.512581714,111.336975,0.783138,3.284767619,1.314856,0.0012790533124527048,-8.932798556471333e-05,-0.0027299292959812593,0.0006618505945505948,-0.0011336163061703708,0.011133523736868156,-0.002223261301365964,0.0032472233132980755,-0.0027387867879894445
2017-06-19,6.816859,0.892937,64.42227,12.978748,3.508974016,110.956335,0.78148,3.300026788,1.313064,0.00045819203177344114,-0.002857634204954551,-0.00015498448478967752,0.007666457246441771,-0.0010270787397260728,-0.003418810327835864,-0.0021171236742438815,0.004645433336512683,-0.0013628868864727917
2017-06-20,6.82673,0.896379,64.512818,13.102008,3.536213697,111.375045,0.790095,3.302707063,1.315346,0.0014480276033288497,0.003854695236058081,0.0014055387989277968,0.009497063969498454,0.007762861986379654,0.00377364663315527,0.011023954547781267,0.0008121979523763034,0.001737919857676351
2017-06-21,6.826142,0.897102,64.502108,13.03086,3.526599085,111.429084,0.787746,3.321790616,1.322149,-8.613201342377863e-05,0.0008065784673669807,-0.00016601351997969083,-0.005430312666577453,-0.00271890016379861,0.00048519845715899734,-0.002973060201621358,0.005778154900200283,0.005172023178692253
2017-06-22,6.833468,0.895335,64.599785,13.000627,3.51660847,111.263318,0.789399,3.32742412,1.326171,0.0010732270146152079,-0.0019696756890520417,0.0015143226016736122,-0.0023201078056245272,-0.0028329318868407505,-0.0014876367466145624,0.0020983921213182377,0.0016959238709584046,0.0030420172007845636
2017-06-23,6.839076,0.895015,64.532802,12.935738,3.511590441,111.304037,0.785868,3.337778573,1.3214,0.0008206667536894141,-0.0003574081209826163,-0.0010368919958478884,-0.004991220808042485,-0.00142695129207826,0.00036596967205304587,-0.0044730231479896965,0.0031118524800499703,-0.0035975752749835
2017-06-26,6.841959,0.893895,64.44802,12.880039,3.508000358,111.674265,0.785108,3.33056226,1.320372,0.00042154817405148926,-0.0012513756752680072,-0.0013137814781388757,-0.004305823138965881,-0.0010223524241562698,0.003326276476387058,-0.000967083530567403,-0.002162010703278594,-0.0007779627667623412
2017-06-27,6.814417,0.886682,64.510108,12.907608,3.504610747,111.863806,0.783561,3.299875865,1.313974,-0.0040254552826172185,-0.00806918038472082,0.0009633810317213332,0.002140443829401484,-0.0009662516117678877,0.0016972665994263725,-0.0019704295459989085,-0.009213577950048624,-0.004845604117627578
2017-06-28,6.799824,0.879121,64.557802,13.018022,3.523428571,112.114286,0.778242,3.308307692,1.317451,-0.0021414891398632285,-0.00852729614450265,0.0007393259983379252,0.008554179829446396,0.005369447667221916,0.0022391514195396756,-0.0067882398434837565,0.0025551952088354035,0.0026461710810106176
2017-06-29,6.782792,0.876194,64.586875,12.990537,3.517304828,112.669763,0.770963,3.283623938,1.302725,-0.0025047707117126228,-0.003329462042198972,0.0004503406110389907,-0.0021113038524593897,-0.0017380068523036307,0.0049545603849272535,-0.009353131802190107,-0.007461142160292256,-0.011177645316600038
2017-06-30,6.78102,0.876271,64.620137,13.073957,3.516824395,111.943568,0.770531,3.294777427,1.301349,-0.0002612493498252988,8.78800813517433e-05,0.0005149962743977721,0.006421597505938292,-0.0001365912320636653,-0.006445340619026685,-0.0005603381744648805,0.003396701087151177,-0.0010562474812411127
2017-07-03,6.795057,0.879585,64.857947,13.187264,3.546661976,112.991468,0.77144,3.319289295,1.306008,0.0020700425599688987,0.0037819350406438357,0.0036801221885369717,0.008666618683234262,0.008484239657351456,0.009360966589880393,0.0011797059430445067,0.007439612703161735,0.0035801310793646124
2017-07-04,6.801726,0.880824,64.737955,13.228398,3.556504889,113.2476,0.773408,3.303355941,1.314366,0.000981448720739353,0.0014086188372925967,-0.0018500739778272157,0.0031192216975408638,0.002775261095251391,0.0022668260226517134,0.0025510733174323175,-0.00480023058671053,0.006399654519727127
2017-07-05,6.802013,0.88269,64.796099,13.352193,3.584694148,113.549298,0.774428,3.314061259,1.316621,4.219517222536773e-05,0.002118470886351753,0.0008981439095503418,0.009358276036145918,0.007926112821379006,0.0026640564568254366,0.001318838181141091,0.0032407400810581244,0.001715656065357729
2017-07-06,6.802196,0.878349,64.762846,13.480018,3.633465086,113.315766,0.773061,3.306016689,1.318226,2.690380038972151e-05,-0.004917921354042676,-0.0005131944748710815,0.009573333758731595,0.013605327536021727,-0.00205665736480376,-0.001765173779873619,-0.002427405340849842,0.0012190296220400132
2017-07-07,6.798984,0.876271,64.577199,13.37592,3.633456011,113.739923,0.775394,3.293638275,1.314932,-0.000472200448208282,-0.0023658022039075854,-0.002866566426064754,-0.00772239324902968,-2.4976158530254366e-06,0.0037431419737303795,0.0030178731044510076,-0.003744207959138879,-0.002498812798412353
2017-07-10,6.804602,0.878194,64.495038,13.359972,3.611311144,114.147712,0.776702,3.274962677,1.317204,0.0008262999295189921,0.0021945265791063484,-0.0012722911689000416,-0.0011922918199271937,-0.006094711738069192,0.0035852758578005517,0.0016868843452488846,-0.0056702031129998165,0.0017278460026830533
2017-07-11,6.802017,0.876808,64.590092,13.55502,3.632704954,114.300745,0.77438,3.266812801,1.31416,-0.00037988996270466036,-0.0015782389768091987,0.0014738188075802405,0.014599431795216278,0.005924111533713861,0.0013406576208905285,-0.0029895635649194174,-0.0024885401159642218,-0.0023109556302592926
2017-07-12,6.788016,0.873439,64.535331,13.394969,3.596995371,113.564503,0.776705,3.231461263,1.307188,-0.0020583600423228487,-0.0038423463289569693,-0.000847823533058234,-0.01180750747693482,-0.00983002568394098,-0.006441270352174899,0.0030024019215373343,-0.010821415291742076,-0.005305290071224156
2017-07-13,6.78313,0.875887,64.449943,13.222475,3.570377507,113.138303,0.772664,3.217395113,1.293685,-0.0007197979497985951,0.0028027143280755507,-0.0013231201990735464,-0.012877521403744985,-0.007400027315742741,-0.0037529332559136375,-0.005202747503878502,-0.004352875945336732,-0.010329807189172535
2017-07-14,6.782216,0.87604,64.384582,13.168025,3.562242663,113.096802,0.770767,3.206219886,1.288655,-0.0001347460538129175,0.0001746800671778015,-0.0010141358852716609,-0.004117988500639935,-0.0022784268565581023,-0.00036681653250536517,-0.00245514220929155,-0.0034733772531840845,-0.0038881180503753665
2017-07-17,6.769412,0.872448,64.345228,12.943553,3.534374455,112.423661,0.765617,3.178939103,1.277002,-0.001887878534095666,-0.0041002693940916934,-0.0006112332918459806,-0.01704674770893888,-0.007823219987077024,-0.005951901274803495,-0.0066816560646731915,-0.00850870619296018,-0.00904276163907336
2017-07-18,6.750411,0.865426,64.333189,12.935006,3.526611856,112.038079,0.768325,3.169450454,1.260493,-0.002806890760970071,-0.008048617224178378,-0.00018710012186140546,-0.0006603287366304667,-0.002196314821429901,-0.003429722858785067,0.0035370165500505646,-0.0029848476779706923,-0.012927935899865406
2017-07-19,6.753577,0.867077,64.295066,12.910431,3.518251973,111.878956,0.767233,3.158935229,1.260036,0.00046900847963193826,0.001907730990286849,-0.0005925868217102614,-0.0018998831542867967,-0.0023705140631729016,-0.0014202581963226324,-0.0014212735496046403,-0.0033176808259391954,-0.00036255655525274655
2017-07-20,6.77057,0.870701,64.440575,12.975185,3.539573357,112.250762,0.772468,3.148976926,1.263387,0.0025161481093649574,0.004179559600819616,0.0022631441112446193,0.005015634257291568,0.006060220860707677,0.003323288072155428,0.006823220586184453,-0.0031524239270813714,0.002659447825300365
2017-07-21,6.768425,0.858959,64.33989,12.934118,3.533585295,111.424154,0.769713,3.111578767,1.262584,-0.00031681232156233197,-0.013485685671659864,-0.0015624472624584662,-0.003165041577441907,-0.0016917468282322545,-0.007363941101798388,-0.0035664907802006596,-0.011876288673701052,-0.0006355930526434905
2017-07-24,6.749828,0.858516,64.397751,12.956387,3.552369505,110.825893,0.767084,3.137276786,1.258671,-0.0027476111503045297,-0.0005157405650328961,0.0008993021281198388,0.0017217254396473258,0.005315906772246137,-0.005369221829586546,-0.003415558786196926,0.008258836084286791,-0.0030991997364134827
2017-07-25,6.75124,0.855139,64.385155,13.011886,3.561399008,111.407559,0.764452,3.14306482,1.256456,0.0002091905156693663,-0.003933531815365043,-0.0001955968928170071,0.0042835244115508875,0.002541825389304364,0.0052484666196193075,-0.0034311757252138975,0.0018449229681707369,-0.001759792670205429
2017-07-26,6.754208,0.858811,64.35718,13.053762,3.555994504,111.868774,0.766704,3.160941257,1.263913,0.00043962294334076724,0.00429403874691725,-0.00043449456633282146,0.0032182882635154453,-0.0015175227453760876,0.00413988964608758,0.0029459011160937187,0.0056875813970644895,0.005934947184780048
2017-07-27,6.739439,0.855139,64.155122,12.963913,3.531982213,111.441765,0.760886,3.149991449,1.249957,-0.002186636834400124,-0.004275678816410111,-0.003139634148046744,-0.006882996641121575,-0.006752623203716834,-0.0038170526477745437,-0.007588326133684098,-0.0034640972766424305,-0.01104189924464749
2017-07-28,6.74286,0.852588,64.161906,13.028476,3.534998721,111.151846,0.763646,3.155853014,1.256032,0.0005076090161213465,-0.0029831407525560127,0.00010574370040150605,0.0049802092932897946,0.0008540552636129295,-0.0026015291484301484,0.0036273502206638497,0.0018608193371003612,0.004860167189751463
2017-07-31,6.727722,0.852733,64.185896,13.107871,3.522981155,110.599471,0.762514,3.134987635,1.254626,-0.002245041421592653,0.0001700704208831283,0.00037389787017860776,0.006093959109261915,-0.003399595572300629,-0.004969553092262768,-0.001482362246381208,-0.0066116447462657435,-0.0011193982318922213
2017-08-01,6.719523,0.846597,64.099644,13.284964,3.522011514,110.506265,0.757196,3.122248561,1.254064,-0.0012186888816155816,-0.007195687278432894,-0.001343784310497198,0.013510432014474327,-0.0002752330930365643,-0.0008427345913797346,-0.0069742981768203816,-0.004063516505703801,-0.00044794225530153664
2017-08-02,6.725759,0.84538,63.680108,13.281004,3.532504861,110.727872,0.755981,3.127483304,1.255136,0.0009280420648907217,-0.001437519858917602,-0.0065450597510339215,-0.0002980813497124313,0.002979361923800994,0.002005379514003147,-0.0016046043560715706,0.0016765939347005432,0.0008548208065934926
2017-08-03,6.72226,0.84317,63.677066,13.290725,3.540640809,110.379427,0.761535,3.121163575,1.259949,-0.0005202386823554006,-0.002614208994771605,-4.7770019485415816e-05,0.0007319476750402565,0.0023031668235826697,-0.0031468589949963377,0.00734674548698977,-0.002020707510066333,0.0038346442138541548
2017-08-04,6.72034,0.842602,63.619397,13.335608,3.530754971,110.102797,0.760701,3.110128075,1.254466,-0.00028561822958350636,-0.0006736482559863699,-0.0009056478827087489,0.003377016678924649,-0.0027921041792410284,-0.002506173546271584,-0.0010951564931356295,-0.0035357006240854805,-0.004351763444393364
2017-08-07,6.720437,0.847673,63.830211,13.364499,3.531575824,110.858693,0.766593,3.126048996,1.263796,1.4433793528390026e-05,0.00601826247742121,0.0033136749158435563,0.0021664554027083227,0.00023248653807539377,0.006865366008821816,0.007745487385976801,0.005119056391271082,0.007437427558817822
2017-08-08,6.700779,0.846453,63.641866,13.165143,3.528525478,110.301337,0.767547,3.124936516,1.259692,-0.002925107400009952,-0.0014392342330120655,-0.0029507187435116045,-0.014916833021574538,-0.0008637351007078076,-0.005027625573756356,0.0012444674031721892,-0.0003558741406241017,-0.0032473595422044532
2017-08-09,6.675987,0.852442,63.859858,13.481459,3.539169721,109.743415,0.770079,3.13639076,1.268349,-0.0036998683287420286,0.00707540761270864,0.0034252924010744756,0.02402678041552586,0.003016626368823383,-0.005058161715664422,0.003298820788824708,0.0036654325428222556,0.006872314819813097
2017-08-10,6.654279,0.85237,64.105012,13.360041,3.534094783,109.751108,0.769715,3.155813161,1.269008,-0.0032516540250903114,-8.446322447752674e-05,0.0038389374432996615,-0.009006295238519701,-0.0014339346231087013,7.009987797457207e-05,-0.0004726787771123231,0.006192596039914511,0.0005195730828029266
2017-08-11,6.665023,0.849979,64.169996,13.492648,3.549936252,109.145771,0.770463,3.177050574,1.271738,0.001614600169304481,-0.0028051198423219015,0.0010137116891888454,0.009925643192262745,0.004482468629930958,-0.005515543405721246,0.0009717882592907845,0.0067296167157342435,0.0021512866743158554
2017-08-14,6.67229,0.847673,64.117148,13.271255,3.523607697,109.587183,0.770832,3.180215309,1.270323,0.0010903188181046186,-0.0027130082037321035,-0.0008235624636784289,-0.016408417384045082,-0.007416627547936039,0.004044242813585619,0.0004789327975516233,0.0009961235826394521,-0.0011126505616722016
2017-08-15,6.683243,0.851499,64.119976,13.325869,3.530057902,110.413828,0.776098,3.196525886,1.275545,0.0016415653396359975,0.004513532930741082,4.410676532273783e-05,0.004115209902906702,0.0018305684272093004,0.007543263521975874,0.0068315793843534145,0.005128765009664971,0.00411076552971168
2017-08-16,6.694535,0.853971,64.190009,13.234415,3.52852263,110.836892,0.777054,3.170708796,1.272673,0.0016895988968230746,0.0029031155644341222,0.0010922181255963448,-0.0068628920185243025,-0.00043491411263540947,0.00383162152479688,0.0012318032001115142,-0.008076609081463237,-0.002251586576718201
2017-08-17,6.677781,0.85492,64.169873,13.202103,3.522014192,110.122254,0.77708,3.162007352,1.26152,-0.0025026383460539092,0.0011112789544376334,-0.00031369367778100177,-0.0024415132818489393,-0.001844522108109592,-0.006447654631095312,3.345970807688836e-05,-0.0027443213993595394,-0.008763445126910074
2017-08-18,6.672232,0.851789,64.14523,13.224617,3.524361158,109.045997,0.776729,3.167376491,1.263203,-0.0008309646572716156,-0.003662330978337125,-0.00038402756383826286,0.0017053343698349988,0.0006663703983167402,-0.009773292508160947,-0.0004516909455911655,0.0016980159760235924,0.0013341048893398266
2017-08-21,6.671371,0.850268,64.14293,13.205,3.506759629,108.978828,0.776448,3.149562112,1.261032,-0.00012904227550847303,-0.0017856534893030407,-3.585613458700898e-05,-0.0014833699909797549,-0.004994246676463976,-0.0006159694243522695,-0.0003617735400635036,-0.005624332645840946,-0.0017186469633148072
2017-08-22,6.662985,0.849545,64.099482,13.202532,3.497578795,109.361991,0.779144,3.151983689,1.264718,-0.001257012988784445,-0.0008503201343577071,-0.0006773622595664941,-0.0001868989019311318,-0.0026180391504672107,0.0035159398117221574,0.003472222222222099,0.0007688614841960817,0.002923002746956449
2017-08-23,6.660225,0.847529,64.079583,13.265022,3.503517247,109.085516,0.780854,3.162471396,1.26587,-0.00041422875783159174,-0.0023730349775468174,-0.0003104393261710303,0.00473318299853398,0.0016978751153482463,-0.002528072116024349,0.002194716252708284,0.0033273354289873325,0.0009108749934767513
2017-08-24,6.661528,0.847027,64.032272,13.208199,3.479671354,109.317296,0.779265,3.143571066,1.26639,0.00019563903621877543,-0.0005923101156420918,-0.0007383162902291351,-0.004283671749658602,-0.00680627247387422,0.0021247550408067806,-0.002034951476204361,-0.005976442988197772,0.0004107846777314794
2017-08-25,6.656165,0.846883,64.022273,13.168022,3.47899729,109.747629,0.779836,3.13727981,1.263465,-0.0008050705483786391,-0.00017000638704545157,-0.00015615563352189277,-0.0030418227344999327,-0.0001937148458647231,0.003936549985649185,0.0007327417502389633,-0.0020013086607280073,-0.002309715016700853
2017-08-28,6.622977,0.838574,63.904822,13.045031,3.443438155,109.29979,0.774239,3.150356394,1.258532,-0.0049860542820077125,-0.009811272631520596,-0.001834533428702212,-0.009340127165644252,-0.010221087294954523,-0.004080625741809896,-0.007177150067450011,0.0041681280574079604,-0.003904342423415086
2017-08-29,6.595867,0.830013,64.022244,12.975017,3.442065073,108.615538,0.771622,3.162848606,1.254233,-0.0040933254033646005,-0.010208997655543839,0.0018374513272252369,-0.005367101082396797,-0.0003987532048472797,-0.006260323098516429,-0.0033800932270268147,0.0039653329457554065,-0.003415884538494063
2017-08-30,6.592732,0.839208,64.02526,13.054968,3.460473313,110.146022,0.774136,3.169519973,1.260154,-0.0004752976371416029,0.011078139739979953,4.710862680790129e-05,0.006161918708854186,0.005348022076745895,0.01409083845812198,0.0032580719575128203,0.00210929065252885,0.004720813437375737
2017-08-31,6.601184,0.845666,63.931924,13.07129,3.47255814,110.621564,0.777784,3.163636364,1.269852,0.001282017834184801,0.007695350854615368,-0.0014577996247105984,0.001250252011341546,0.0034922468422458053,0.00431737788950759,0.004712350284704403,-0.0018563091730358083,0.007695884788684548
2017-09-01,6.559144,0.838926,64.033138,12.934983,3.438003356,110.142617,0.772441,3.139513423,1.260151,-0.006368554489618816,-0.007970049641347843,0.001583152729769166,-0.010427968471359628,-0.009950815107159006,-0.0043295988836318244,-0.006869516472439607,-0.007625067556594756,-0.007639472946453618
2017-09-04,6.529021,0.839983,64.039899,12.943889,3.429315414,109.701806,0.771567,3.139773205,1.256615,-0.004592519999560896,0.0012599442620684353,0.00010558595457266229,0.0006885204255775434,-0.0025270312737879497,-0.004002183823178962,-0.0011314780028507387,8.274594339896524e-05,-0.0028060129301964443
2017-09-05,6.54878,0.841043,64.127418,12.943314,3.444407065,109.327166,0.771573,3.117746005,1.253322,0.0030263342697165463,0.0012619303009702154,0.001366632386475164,-4.442250702241246e-05,0.0044007765918494535,-0.0034150759559965493,7.776382349167221e-06,-0.00701553856339765,-0.0026205321438944607
2017-09-06,6.525019,0.838153,64.112396,12.904618,3.440197804,108.8928,0.766306,3.113318247,1.25396,-0.0036283093950322254,-0.0034362095636013557,-0.00023425237548158062,-0.0029896516456296984,-0.0012220567780074632,-0.003973083871944616,-0.006826314554811974,-0.0014201791912807904,0.0005090471562774201
2017-09-07,6.490519,0.835352,64.01512,12.81121,3.416005346,108.879793,0.763537,3.098989224,1.246847,-0.005287340925750672,-0.0033418719493935045,-0.0015172728843265704,-0.0072383390194113995,-0.007032286914395058,-0.0001194477504480318,-0.0036134390178336195,-0.004602492216723264,-0.005672429742575424
2017-09-08,6.461526,0.829187,63.784826,12.862687,3.415505804,107.379768,0.756783,3.089220564,1.233914,-0.00446697714004074,-0.007380122391518751,-0.0035974938420797464,0.0040181216294166155,-0.0001462357196205799,-0.013776890630201821,-0.008845674800304404,-0.003152208444078042,-0.010372563754815212
2017-09-11,6.529049,0.833542,63.910978,12.931316,3.399099775,108.677169,0.756647,3.088855547,1.243227,0.01045000824882547,0.0052521325105192584,0.001977774463161497,0.005335510379752106,-0.004803396609892041,0.012082359872485515,-0.00017970805369571519,-0.00011815828376049442,0.007547527623481098
2017-09-12,6.538507,0.838012,64.056398,12.972429,3.4314925,109.720942,0.753189,3.110450013,1.244197,0.001448603004817528,0.0053626571906393306,0.002275352444145007,0.0031793361170664447,0.00952979528234077,0.009604344772727647,-0.004570162836831426,0.006991089635439041,0.0007802275851473972
2017-09-13,6.532181,0.834794,63.999917,13.1142,3.442023541,110.017531,0.753343,3.132231405,1.244595,-0.0009674991553882961,-0.003840040476747242,-0.0008817386203950894,0.010928639501515125,0.0030689389529483524,0.0027031211598602667,0.00020446395260687034,0.007002649748096168,0.0003198850342831516
2017-09-14,6.555995,0.841397,64.122423,13.17703,3.461001262,110.685738,0.749878,3.137989062,1.251746,0.0036456430095859194,0.007909735815063268,0.001914158732424509,0.00479098991932414,0.005513536085370863,0.006073641118159667,-0.004599498502010246,0.0018381965619809204,0.005745644165371155
2017-09-15,6.545097,0.835911,64.083006,13.17504,3.438936722,111.109254,0.735961,3.122711694,1.246426,-0.001662295349523668,-0.00652010881902354,-0.0006147147621043958,-0.000151020374090427,-0.006375189816385629,0.003826292417185684,-0.018559018933746674,-0.004868521750124533,-0.004250063511287427
2017-09-18,6.571811,0.83696,64.137513,13.215015,3.459993304,111.391028,0.738642,3.113826582,1.251004,0.004081528509050303,0.001254918286755391,0.0008505687139583884,0.003034146385893388,0.006122991989150117,0.002536008386844202,0.003642856075253942,-0.0028453193476271066,0.0036729015601406623
2017-09-19,6.584698,0.835282,64.331273,13.318243,3.488473104,111.460074,0.740244,3.126378216,1.250334,0.0019609510985632017,-0.0020048747849360504,0.0030210089374684834,0.007811417542848087,0.008231171998823061,0.0006198524355121027,0.0021688449885060024,0.004030935464600649,-0.0005355698303122214
2017-09-20,6.575164,0.832848,64.292912,13.247106,3.468143583,111.293412,0.738569,3.129757641,1.240193,-0.0014479023943088087,-0.0029139859352887987,-0.0005963040712717582,-0.005341320172638442,-0.005827627272427471,-0.0014952618818465657,-0.002262767411826294,0.0010809392743029722,-0.008110632838905452
2017-09-21,6.592188,0.839983,64.804284,13.346409,3.509113818,112.440151,0.741201,3.137589248,1.260143,0.0025891369401584985,0.008566989414635184,0.00795378501443511,0.00749620332169143,0.011813304155233517,0.01030374556222613,0.0035636480816281235,0.002502304618544837,0.0160862059373017
2017-09-22,6.588496,0.83605,64.79475,13.239612,3.4950255,112.039127,0.73702,3.131761558,1.254995,-0.0005600568430390584,-0.004682237616713714,-0.00014711990336935266,-0.008001927709543444,-0.004014779437399141,-0.0035665551534167506,-0.005640845060921329,-0.0018573782415001183,-0.004085250642189009
2017-09-25,6.623325,0.842673,65.107862,13.275386,3.522625769,112.235611,0.74103,3.128676161,1.257015,0.005286335455011226,0.007921775013456145,0.004832366819842671,0.0027020429299589033,0.007897015057543921,0.0017537087735430834,0.005440829285501048,-0.0009851953741875086,0.0016095681656100869
2017-09-26,6.633495,0.848392,65.490371,13.347671,3.541104607,111.979299,0.744676,3.164418427,1.267837,0.001535482555966805,0.006786736966771345,0.0058750047728490795,0.00544503941354324,0.005245756776839139,-0.0022836958583493105,0.004920178670229314,0.011424086150410684,0.008609284694295782
2017-09-27,6.642024,0.851716,65.712461,13.547568,3.568861255,112.937569,0.745805,3.181756239,1.273656,0.001285747558413819,0.0039180001697327604,0.003391185553064169,0.01497617074918911,0.007838415150213551,0.008557563840438043,0.001516095590565536,0.005478988446049549,0.0045897067209741405
2017-09-28,6.659535,0.849041,65.473765,13.515792,3.565461029,112.54882,0.744057,3.182543726,1.278146,0.0026363951711103617,-0.003140718267591547,-0.0036324312979238993,-0.0023455132316000382,-0.0009527481616821154,-0.003442158383982874,-0.002343776188145852,0.00024750073256640803,0.003525284692255992
2017-09-29,6.652041,0.847027,65.279519,13.504997,3.558614264,112.502118,0.746891,3.187785872,1.276893,-0.0011253037937334343,-0.0023720880381513654,-0.0029667760819926947,-0.0007986953335772373,-0.001920302856856737,-0.0004149488195435147,0.003808847978044705,0.0016471560020288045,-0.0009803261912175731
2017-10-02,6.65344,0.851499,65.306965,13.635984,3.581999319,112.823569,0.752878,3.173876022,1.280313,0.00021031139164651158,0.005279642797691331,0.0004204381469172791,0.009699150618101005,0.006571393600191433,0.0028572884290054557,0.008015895224336766,-0.004363483169361415,0.0026783763400692884
2017-10-03,6.642815,0.850847,65.504127,13.715902,3.583510593,112.966902,0.755492,3.156045265,1.279588,-0.0015969182858791564,-0.0007657084741145015,0.003019004175128792,0.005860816498464594,0.00042190795290886207,0.0012704171767514705,0.0034720100733451886,-0.005617975269482711,-0.0005662677798320415
2017-10-04,6.631289,0.848392,65.021634,13.560024,3.564605073,112.386528,0.753101,3.133027912,1.271401,-0.001735107781866585,-0.0028853601176239696,-0.007365841239285409,-0.011364764781783943,-0.005275698092515713,-0.005137557901694123,-0.00316482504116522,-0.007293099771178313,-0.006398153155546926
2017-10-05,6.652018,0.851644,65.14776,13.628002,3.568812809,112.459547,0.759266,3.131664112,1.278743,0.003125938260268857,0.0038331337400634435,0.001939754390054338,0.005013117970882552,0.0011804213689396992,0.0006497131044034266,0.008186152986120021,-0.00043529774975081814,0.0057747319689067655
2017-10-06,6.65337,0.85419,65.383104,13.726403,3.617066712,112.949517,0.764799,3.160502264,1.28641,0.00020324659374049148,0.002989512049635712,0.0036124649565847378,0.007220500848180045,0.013520995799586544,0.004356855536684634,0.007287301156643444,0.009208571216017924,0.005995731745941146
2017-10-09,6.62251,0.851354,65.352035,13.791078,3.714966797,112.685169,0.759365,3.164311255,1.28912,-0.004638250991602755,-0.0033201044264156154,-0.0004751839251927459,0.004711722364555415,0.02706615409530766,-0.002340408414495454,-0.007105134813199299,0.0012051853413892477,0.0021066378526286567
2017-10-10,6.578706,0.847673,65.247097,13.688565,3.677629906,112.359074,0.757905,3.168432652,1.284649,-0.006614410548266392,-0.004323700834200639,-0.0016057342361259774,-0.007433284040594956,-0.010050396959173757,-0.0028938590845082324,-0.0019226590638229402,0.0013024625796491662,-0.003468257415911724
2017-10-11,6.592477,0.845309,65.144548,13.569315,3.663313609,112.189349,0.758326,3.171174979,1.283686,0.00209326879784566,-0.0027888112515085384,-0.0015717021095972283,-0.00871165092907844,-0.003892805248468134,-0.0015105589068845626,0.0005554785890051761,0.0008655153197809629,-0.0007496211027291366
2017-10-12,6.58831,0.843455,65.030027,13.502952,3.662955466,112.280702,0.761091,3.175944669,1.279943,-0.0006320841164860758,-0.0021932808002754767,-0.001757952177364075,-0.004890666920179809,-9.77647666090542e-05,0.0008142751590438646,0.0036461891060046714,0.0015040765746405782,-0.0029158220935650014
2017-10-13,6.590262,0.84674,64.955546,13.382472,3.66003387,112.184589,0.753429,3.176714649,1.276884,0.00029628235465550823,0.0038946950341156583,-0.0011453324477322946,-0.008922493392556019,-0.0007976062027286179,-0.0008560064043775517,-0.01006712732117443,0.000242441251422143,-0.0023899501774689025
2017-10-16,6.590019,0.847242,64.742438,13.316021,3.641023469,111.827501,0.751953,3.160552402,1.270524,-3.687258564233353e-05,0.0005928620355717396,-0.003280828399163771,-0.004965525053966191,-0.005194050567625008,-0.0031830396954077855,-0.001959043254241677,-0.005087723886401885,-0.004980875318353006
2017-10-17,6.620121,0.850412,65.030615,13.434561,3.661110639,112.203419,0.758126,3.176970831,1.275108,0.004567816875793662,0.0037415520004908664,0.004451129875584714,0.00890205865550997,0.0055169020938821145,0.003361588130275761,0.008209289676349485,0.005194797273290197,0.0036079601802090355
2017-10-18,6.627543,0.851136,65.05277,13.532982,3.679036514,112.877692,0.75992,3.166141799,1.27747,0.0011211275443454571,0.0008513520505355476,0.0003406856908856337,0.007325955794164063,0.004896294258098788,0.006009380159797129,0.0023663612644864163,-0.0034086029038521426,0.0018523921110997765
2017-10-19,6.617374,0.845023,65.027886,13.544195,3.660976846,112.540139,0.758957,3.173990198,1.270323,-0.001534354435723806,-0.007182165952327235,-0.0003825202216600765,0.0008285683081525885,-0.004908803685768404,-0.002990431448580688,-0.0012672386567007532,0.002478852653560404,-0.005594651929203831
2017-10-20,6.618463,0.846167,65.009985,13.684126,3.662971738,113.174818,0.75836,3.174733457,1.273904,0.00016456679039156263,0.0013538093045988298,-0.00027528189982983786,0.010331437195049142,0.0005449070245224785,0.0056395789594680945,-0.0007866058287886446,0.0002341718006779736,0.00281896808921811
2017-10-23,6.64029,0.851789,65.022572,13.689182,3.695570698,113.79046,0.758859,3.193611584,1.279216,0.0032978955990234926,0.006644078532960895,0.000193616411386488,0.00036947920532170997,0.00889959364463988,0.00543974367160005,0.0006579988396011593,0.005946365972354428,0.004169858953264827
2017-10-24,6.63396,0.850268,65.11266,13.722983,3.720006802,113.893376,0.759315,3.23288836,1.28535,-0.0009532716191612556,-0.0017856534893030407,0.0013854881040389344,0.0024691760252730788,0.006612268035685043,0.0009044343436173108,0.0006009021438766471,0.012298545069405531,0.004795124513764737
2017-10-25,6.645482,0.848536,64.924905,13.828596,3.731014001,114.051761,0.754204,3.235808231,1.296733,0.0017368208430561527,-0.0020370048031915777,-0.0028835406202113445,0.007696067247186633,0.002958919051998077,0.001390642771007089,-0.006731066816801912,0.0009031771824004053,0.008855953631306646
2017-10-26,6.636859,0.850847,64.860036,14.242321,3.772483621,113.800732,0.757339,3.235769591,1.297371,-0.0012975732986711952,0.0027235143824186903,-0.0009991389282741903,0.029918077005069765,0.011114839019334966,-0.002201009417118982,0.004156700309200234,-1.1941375150037459e-05,0.0004920056788870752
2017-10-27,6.654459,0.861698,65.059888,14.205515,3.822576476,114.192159,0.763748,3.299612236,1.309436,0.0026518568497537753,0.012753174189954253,0.003081281052634832,-0.0025842697970366313,0.01327848177289681,0.003439582444865197,0.00846252470822173,0.01973028153103762,0.009299575834514462
2017-10-30,6.645281,0.861178,64.894936,14.068291,3.77635205,113.529108,0.757664,3.254392008,1.304513,-0.0013792255689005772,-0.0006034596807698023,-0.0025353870882778295,-0.009659910253165704,-0.012092479062281614,-0.005806449460334706,-0.007965978306980759,-0.013704709755476885,-0.003759633918725358
2017-10-31,6.631466,0.859254,64.749957,14.121155,3.794810105,113.42155,0.754881,3.270235436,1.306926,-0.0020789188598646646,-0.002234149037713462,-0.002234057215188656,0.0037576703524258015,0.004887800383971186,-0.0009474046074597897,-0.0036731321535666828,0.004868321935726838,0.0018497324288833106
2017-11-01,6.611006,0.861178,64.599552,14.115915,3.82311402,114.192215,0.75254,3.28539442,1.303479,-0.003085290643124794,0.0022391516361868202,-0.0023228586854504574,-0.00037107446239348363,0.007458585335457846,0.006794696422328883,-0.003101151042349759,0.004635441177452737,-0.002637486743702344
2017-11-02,6.613225,0.858738,64.601975,13.987033,3.823014169,114.126234,0.761614,3.267239158,1.298154,0.00033565239541455405,-0.002833328301466098,3.7508000055419544e-05,-0.009130261835665565,-2.6117714375661905e-05,-0.0005778064643023884,0.012057830812980175,-0.005526052485351096,-0.004085221165818553
2017-11-03,6.62263,0.857854,64.522604,14.126791,3.854079094,113.940122,0.762829,3.260873295,1.302565,0.0014221503124420831,-0.0010294175872035405,-0.0012286156886069932,0.009991968990135325,0.008125767686632868,-0.001630755642037518,0.001595296304952365,-0.0019483921109395563,0.003397901943837045
2017-11-06,6.634081,0.862813,64.672563,14.201726,3.866695427,114.141501,0.76264,3.293701467,1.304573,0.0017290713810071967,0.005780703942628973,0.0023241312455397622,0.005304460156591917,0.0032735013195865914,0.0017674107809011463,-0.00024776194927045303,0.010067294565028417,0.0015415737410418018
2017-11-07,6.638125,0.864902,64.994811,14.172029,3.863777893,114.193046,0.761443,3.271233351,1.30704,0.0006095795333218579,0.0024211503535527257,0.004982762164536414,-0.0020910838583986235,-0.0007545290429723517,0.0004515885944060827,-0.0015695478862897128,-0.006821539907338581,0.0018910402100917878
2017-11-08,6.629681,0.862813,64.987489,14.186109,3.886971527,113.494392,0.76277,3.249525453,1.30233,-0.001272045946709377,-0.0024153025429469732,-0.00011265514719327463,0.000993506293276658,0.006002838321017334,-0.0061181834137254976,0.0017427437116106503,-0.006635998007712862,-0.0036035622475211193
2017-11-09,6.637403,0.859845,64.969905,14.213758,3.866036113,113.284609,0.762107,3.246947549,1.30215,0.0011647619244425922,-0.003439911081543845,-0.000270575156396613,0.001949019283582265,-0.005386047686374074,-0.0018483996989031581,-0.000869200414279514,-0.0007933170665335165,-0.00013821381677459055
2017-11-10,6.642526,0.858074,65.162176,14.380041,3.869658486,113.334477,0.75828,3.267890853,1.304016,0.0007718380215877563,-0.0020596735458134896,0.0029593855801390845,0.011698735830453888,0.0009369733996584806,0.00044020101618569285,-0.005021604577834848,0.006450151622082734,0.0014330146296510637
2017-11-13,6.641215,0.857927,65.452128,14.557996,3.887954701,113.306452,0.76371,3.291180508,1.308854,-0.00019736467723274753,-0.00017131389600433256,0.004449697935194896,0.012375138568798238,0.004728121374584671,-0.0002472769164498789,0.007160943187213276,0.007126815443857293,0.0037100771769671415
2017-11-14,6.636867,0.851426,65.402299,14.383312,3.872030651,113.48659,0.76275,3.276968923,1.307876,-0.0006546994789357052,-0.0075775677884015735,-0.0007613045064019941,-0.011999179007879834,-0.0040957395917972095,0.001589830030155781,-0.0012570216443413829,-0.0043180812980191385,-0.0007472185591363978
2017-11-15,6.621959,0.844595,65.215372,14.376014,3.883361486,112.711149,0.759375,3.250844595,1.316047,-0.0022462405830943055,-0.008023010807750808,-0.002858110538285441,-0.0005073935683241881,0.0029263288494560946,-0.006832886599200894,-0.004424778761061954,-0.007972101235578344,0.006247534169905977
2017-11-16,6.631977,0.849545,65.322403,14.276612,3.862458585,113.091496,0.75765,3.277461558,1.31739,0.001512845367964255,0.0058607971868174236,0.0016411928157060718,-0.006914434000968472,-0.005382682265186345,0.0033745286369142313,-0.0022716049382716097,0.008187706985728793,0.0010204802716013983
2017-11-17,6.633234,0.847817,65.012293,14.013141,3.886901229,112.607037,0.757821,3.277490462,1.325307,0.00018953624236028865,-0.002034029980754304,-0.004747375873480841,-0.018454728614884286,0.006328260475056968,-0.004283779215370931,0.0002256978816075339,8.819020296035873e-06,0.0060096099105049205
2017-11-20,6.633987,0.848824,65.102708,14.055004,3.922502334,112.1297,0.754944,3.258467023,1.323487,0.00011351928787695087,0.0011877563200548558,0.0013907369795433944,0.002987410174492666,0.009159251265347779,-0.004238962437134397,-0.0037964110258227324,-0.005804269827955899,-0.0013732667223518291
2017-11-21,6.632958,0.853388,64.917648,14.079962,3.951527564,112.536269,0.755231,3.260539341,1.31985,-0.00015511034314652505,0.005376850795924648,-0.002842585288464594,0.0017757376661009516,0.007399671823879128,0.0036258814569201103,0.0003801606476772079,0.0006359794300117017,-0.002748043615086626
2017-11-22,6.61801,0.851136,64.899991,13.881181,3.962635118,112.018044,0.755894,3.258830539,1.319517,-0.002253594851648444,-0.002638893445888635,-0.00027199075357753344,-0.01411800685257536,0.0028109519217818235,-0.00460495984632292,0.0008778770998540963,-0.0005240856868409249,-0.00025230139788601225
2017-11-23,6.573346,0.844024,64.577988,13.876266,3.917960837,111.233964,0.751224,3.24130655,1.310939,-0.006748856529379732,-0.008355891420407602,-0.004961526111767811,-0.00035407650112773137,-0.011273882068290941,-0.006999586602315588,-0.006178114920875055,-0.00537738578004654,-0.006500863573565163
2017-11-24,6.604951,0.841963,64.680054,13.993685,3.942578092,111.341248,0.750358,3.231371558,1.3122,0.0048080536153125575,-0.002441873690795515,0.0015805075871981877,0.008461858543213241,0.006283180466614802,0.0009644895870113412,-0.001152785321022809,-0.003065119527185689,0.0009619059315497669
2017-11-27,6.601824,0.83668,64.502175,13.728497,3.911981258,111.019076,0.747783,3.226572959,1.309906,-0.0004734327325063292,-0.0062746225190418725,-0.0027501368505351564,-0.018950548050781335,-0.0077606158422289795,-0.0028935547767525716,-0.00343169527079068,-0.0014850037867419896,-0.001748209114464272
2017-11-28,6.597493,0.841184,64.41748,13.740074,3.926985195,111.238223,0.75318,3.220642665,1.313846,-0.0006560308181495778,0.005383181144523741,-0.001313056497707188,0.0008432824073894007,0.0038353805937378915,0.001973958061045389,0.007217334440606349,-0.001837954410253806,0.003007849418202646
2017-11-29,6.604042,0.845523,64.312167,13.676926,3.95654012,111.811956,0.746538,3.207575886,1.321299,0.0009926497837891013,0.005158205576901054,-0.0016348512857068398,-0.0045958995562905836,0.007526110624921811,0.005157696559032532,-0.008818609097426822,-0.004057196143490871,0.005672658743870906
2017-11-30,6.614651,0.843953,64.467466,13.60984,3.936028357,112.313275,0.742552,3.263397755,1.321546,0.0016064404193674164,-0.0018568389032588284,0.0024147685771496175,-0.004905049570349318,-0.005184267662626363,0.004483590287965411,-0.005339312935175533,0.017403132765664076,0.00018693724887408614
2017-12-01,6.609255,0.841397,64.497265,13.706942,3.93083719,112.494741,0.741397,3.26663862,1.320404,-0.0008157648831359499,-0.003028604673482982,0.0004622331518349121,0.007134690782551356,-0.0013188845529448212,0.0016157128353704309,-0.0015554466219200869,0.0009930953084202887,-0.0008641394245831879
2017-12-04,6.618795,0.842815,64.398651,13.630004,3.899030763,112.861357,0.739359,3.249726085,1.313527,0.001443430462283679,0.001685292436269803,-0.00152896405762315,-0.005613068181072101,-0.008091514723864823,0.0032589612344633423,-0.0027488646433692088,-0.005177351083910375,-0.005208254443337057
2017-12-05,6.613995,0.844096,64.405757,13.512028,3.867899046,112.577024,0.744349,3.223769731,1.309361,-0.0007252075339998498,0.0015199065037996284,0.0001103439263034911,-0.008655610079057796,-0.007984475858827667,-0.002519312256718642,0.0067490894139383695,-0.007987243638720387,-0.003171613526025685
2017-12-06,6.614961,0.846238,64.51976,13.526868,3.849454176,112.143522,0.747525,3.232038588,1.31717,0.00014605393563194013,0.002537626052013131,0.0017700746844728776,0.0010982807318042909,-0.004768705124058137,-0.003850714689348944,0.004266815700699533,0.002564965146389264,0.005963977848736812
2017-12-07,6.619124,0.848464,64.577465,13.651536,3.865009333,112.743933,0.747226,3.294077719,1.330562,0.0006293309968117278,0.0026304656609605903,0.0008943771644531751,0.009216324133568765,0.004040873404073997,0.005353951697718129,-0.00039998662252105355,0.019195046504191016,0.010167252518657577
2017-12-08,6.619741,0.851644,64.450264,13.659598,3.846448646,113.490036,0.745401,3.273292454,1.330267,9.321475168011517e-05,0.003747949235324066,-0.0019697428506987302,0.0005905562568198075,-0.004802236010538641,0.006617677600443628,-0.0024423668341304605,-0.006309889071563934,-0.000221710825951682
2017-12-11,6.61826,0.847745,64.412089,13.616311,3.82197355,113.309596,0.748135,3.276873516,1.328756,-0.00022372476506260508,-0.00457820403830711,-0.000592317201369541,-0.0031689805219744516,-0.006363037246175596,-0.001589919312387944,0.0036678244327550402,0.0010940244571255864,-0.0011358621990923412
2017-12-12,6.618647,0.849907,64.397416,13.611763,3.827978922,113.496515,0.748496,3.318969913,1.32084,5.8474583954026826e-05,0.0025502951948994657,-0.00022779885310020287,-0.0003340111723358907,0.0015712751334973074,0.0016496308044378072,0.0004825332326385823,0.012846512626885298,-0.0059574519324842035
2017-12-13,6.619973,0.852079,64.431663,13.622018,3.854976142,113.317996,0.74902,3.315184049,1.320978,0.00020034306105154442,0.0025555737274784995,0.0005318070526307839,0.0007533924885410048,0.0070526041417946495,-0.0015729029212924184,0.0007000705414590414,-0.0011406743957429466,0.00010447896792942224
2017-12-14,6.608527,0.844238,64.370198,13.468974,3.871253694,112.612917,0.744306,3.337188687,1.304517,-0.0017290100730018576,-0.009202198387708194,-0.0009539564421920943,-0.011235046084948741,0.004222478012939179,-0.00622212733094929,-0.006293556914368059,0.006637531333030244,-0.01246122191285548
2017-12-15,6.608674,0.847027,64.042436,13.366847,3.862696934,112.188718,0.747527,3.317889209,1.302897,2.2243988713421814e-05,0.003303570794017663,-0.0050918283644242335,-0.0075823889778092735,-0.002210333053930813,-0.003766876938282371,0.004327521207675433,-0.005783154568149151,-0.0012418389334902802
2017-12-18,6.617635,0.847817,64.234421,12.858075,3.836625689,112.471386,0.747842,3.28393387,1.30496,0.0013559452319784615,0.000932673928930372,0.0029977779108840696,-0.03806222963425854,-0.0067494927625612045,0.002519575988024103,0.0004213894615177072,-0.010234018335480877,0.0015833945430836494
2017-12-19,6.603062,0.845809,64.029857,12.734331,3.831007359,112.687135,0.748541,3.286982999,1.303053,-0.0022021462350219068,-0.002368435641182054,-0.0031846476828987225,-0.00962383560525193,-0.0014643935727449708,0.0019182567911095738,0.0009346894130044525,0.0009284989042730452,-0.0014613474742519728
2017-12-20,6.57881,0.844238,64.117771,12.673027,3.829970452,113.26298,0.745631,3.288560574,1.302406,-0.003672841478695843,-0.001857393335847668,0.001373015716714665,-0.004814073075373959,-0.0002706617092665953,0.005110121931842571,-0.003887562605121131,0.0004799462000502075,-0.0004965262349267974
2017-12-21,6.585041,0.843241,64.025213,12.720971,3.820979847,113.491863,0.748486,3.306686904,1.302892,0.0009471317761116094,-0.0011809466051042605,-0.0014435623471691361,0.0037831529909941874,-0.0023474345592680024,0.002020810330083167,0.0038289717031614323,0.005511934353075398,0.00037315552907468685
2017-12-22,6.575972,0.843668,64.039906,12.704463,3.81759892,113.363705,0.74722,3.319750274,1.295706,-0.0013772123818212023,0.0005063795522275427,0.00022948771759656594,-0.001297699680315234,-0.0008848324606198776,-0.00112922633052559,-0.001691414401872593,0.003950591749160681,-0.005515422613693199
2017-12-27,6.555275,0.840689,64.155107,12.451282,3.823034889,113.240858,0.744792,3.295166036,1.2876,-0.003147367415798019,-0.003531009828510734,0.001798893958401493,-0.019928508587887528,0.001423923548260042,-0.0010836537143876779,-0.0032493776933165686,-0.007405447991838954,-0.006256048825891036
2017-12-28,6.536032,0.837942,64.07994,12.344981,3.809200603,112.904307,0.743824,3.30953578,1.284565,-0.0029354985107413745,-0.0032675579197539717,-0.0011716448388123801,-0.008537353824288996,-0.0036186659033129454,-0.0029719926707019173,-0.0012996917260120755,0.004360855824261822,-0.0023570984777882
2017-12-29,6.507463,0.83382,63.875177,12.345035,3.790878012,112.574002,0.73979,3.312682398,1.27958,-0.004371000631575694,-0.004919194884610123,-0.003195430582487946,4.374247315475088e-06,-0.0048100882336230555,-0.002925530555712208,-0.0054233259480738205,0.0009507732229443455,-0.003880691128903546
2018-01-02,6.492996,0.828844,63.489847,12.349772,3.757977621,112.184003,0.737281,3.274264401,1.277497,-0.0022231398011791637,-0.005967714854524964,-0.006032546884371159,0.0003837170165981174,-0.008678831367259443,-0.003464378924718292,-0.0033915029940928543,-0.011597247301218694,-0.001627877897435015
2018-01-03,6.501539,0.831739,63.499543,12.380022,3.768027946,112.259835,0.737254,3.263411794,1.275805,0.0013157254370710358,0.0034928165010543744,0.0001527173313240482,0.002449437932943166,0.0026743972459648546,0.0006759609032669367,-3.662104407953226e-05,-0.0033145176048352543,-0.001324464949819859
2018-01-04,6.496477,0.828844,63.40489,12.306258,3.760215499,112.656444,0.738525,3.237463738,1.276254,-0.000778584885824829,-0.003480659197175995,-0.0014906091528879006,-0.005958309282487639,-0.0020733516608584246,0.0035329554867062907,0.001723964875063544,-0.007951204946831103,0.0003519346608611418
2018-01-05,6.488252,0.83022,63.369863,12.360814,3.746533831,113.28352,0.737924,3.242590286,1.275301,-0.0012660708257721254,0.0016601435251988317,-0.0005524337318462136,0.004433191633069988,-0.0036385329520711718,0.005566268361888005,-0.0008137842320842248,0.0015835074659915627,-0.0007467165626904304
2018-01-08,6.49929,0.835213,63.507475,12.43832,3.749018625,113.037668,0.738436,3.24271277,1.276956,0.0017012286205899674,0.00601406856014064,0.0021715685261936013,0.006270299027232307,0.0006632247597606611,-0.0021702362355972005,0.0006938383898611455,3.777350488243236e-05,0.001297732848950961
2018-01-09,6.525729,0.838082,63.712286,12.348307,3.758213208,112.562856,0.739775,3.232567885,1.277405,0.004067982810429971,0.0034350518969412658,0.0032249904440382338,-0.007236749014336241,0.002452530627265137,-0.004200475897998879,0.0018132918763440475,-0.0031285179168057953,0.00035161744022493835
2018-01-10,6.504003,0.833889,63.594897,12.442795,3.798198799,111.424283,0.73941,3.248165444,1.274933,-0.00332928321111714,-0.0050030903897232415,-0.0018424860787445985,0.007651899163180875,0.010639521705390287,-0.010114997437520534,-0.0004933932614645808,0.004825129604354883,-0.0019351732614165673
2018-01-11,6.501373,0.832154,63.687692,12.461014,3.798618624,111.666805,0.741242,3.233585754,1.271615,-0.000404366357149577,-0.0020806126474867126,0.0014591579572806879,0.0014642208603452556,0.00011053265566562942,0.0021765632541697055,0.0024776511002013724,-0.004488592176525863,-0.0026024896994588653
2018-01-12,6.460987,0.823927,63.600148,12.398533,3.756035264,111.131252,0.733155,3.209936558,1.270248,-0.0062119186208821064,-0.009886391220855772,-0.0013745827058704307,-0.005014118433700476,-0.01121022250850734,-0.0047959910736229405,-0.010910067157554382,-0.007313613368918892,-0.001075010911321339
2018-01-15,6.438055,0.814531,63.517553,12.302191,3.782845972,110.621487,0.725283,3.195976216,1.257148,-0.003549302916102448,-0.011403922920355747,-0.0012986604999724038,-0.007770435421674438,0.007138034154516415,-0.0045870535139836965,-0.01073715653579388,-0.0043491021544357356,-0.010312946763151865
2018-01-16,6.441537,0.817661,64.047424,12.262469,3.796974652,110.711365,0.726574,3.213654947,1.257482,0.0005408465755574188,0.0038427021193789823,0.008342119224901579,-0.0032288557379739347,0.003734933990064082,0.0008124822983079927,0.0017799948433923074,0.005531558999561703,0.00026568073130617265
2018-01-17,6.435139,0.819471,63.927723,12.335,3.82315824,110.800623,0.725789,3.236663116,1.254937,-0.0009932412093572873,0.0022136313215379566,-0.0018689432380607496,0.005914877338323965,0.0068959080319930255,0.0008062225589937633,-0.001080413006796288,0.007159501993665662,-0.0020238858289820527
2018-01-18,6.422722,0.817327,63.850429,12.262771,3.790273805,111.213731,0.720948,3.213812832,1.25141,-0.001929562049864053,-0.0026163219930905868,-0.0012090842027957516,-0.005855614106201834,-0.008601379523333619,0.0037283905885618918,-0.0066699825982482475,-0.007059827724128165,-0.0028104996505801116
2018-01-19,6.403998,0.815993,63.842513,12.203427,3.799020808,110.599755,0.721053,3.207833537,1.248633,-0.0029152748632123027,-0.001632149678158279,-0.0001239772406227413,-0.004839362979215833,0.0023077496376280315,-0.005520685211073406,0.00014564157193031058,-0.0018604988257138189,-0.002219096858743219
2018-01-22,6.403628,0.81706,63.912493,12.100008,3.803578724,110.842389,0.719707,3.193316447,1.24904,-5.7776407800136376e-05,0.0013076092564519026,0.0010961347965736667,-0.008474586687821306,0.0011997607358196216,0.002193802328043004,-0.001866714374671563,-0.004525512260083353,0.00032595646599098416
2018-01-23,6.405911,0.816393,63.775002,12.127602,3.779492203,110.498816,0.717038,3.220915993,1.254388,0.0003565166496242167,-0.0008163415171468236,-0.0021512382563452226,0.00228049436000366,-0.006332594313880557,-0.003099653508911615,-0.0037084535790259388,0.008642909795528952,0.004281688336642553
2018-01-24,6.372976,0.809585,63.692519,11.965916,3.745385363,109.399288,0.705821,3.192762306,1.239475,-0.005141345235673667,-0.008339120987073678,-0.0012933437461907227,-0.01333206680100485,-0.009024185834522358,-0.00995058625786549,-0.0156435223795669,-0.008740894534718158,-0.011888666026779515
2018-01-25,6.331023,0.805997,63.564923,11.897638,3.740630289,108.906263,0.701523,3.148464576,1.23785,-0.006582952768063199,-0.004431900294595392,-0.0020033121943253684,-0.005706040390054512,-0.0012695820427384152,-0.004506656387014196,-0.006089362600432691,-0.01387442150540108,-0.0013110389479418227
2018-01-26,6.327839,0.804117,63.610084,11.891525,3.75,109.319717,0.702276,3.148037954,1.236732,-0.0005029203021376105,-0.0023325148852911815,0.0007104704586835542,-0.0005137994617083752,0.0025048481876313033,0.003796420780685539,0.001073378919864254,-0.00013550160394115718,-0.0009031788988972389
2018-01-29,6.331933,0.80782,63.579853,11.976331,3.776960982,108.853704,0.710397,3.167380241,1.236126,0.0006469823268260289,0.00460505125497912,-0.00047525483538113367,0.00713163366347036,0.007189595200000065,-0.004262844917536701,0.011563829605454101,0.0061442356422112265,-0.0004900010673289934
2018-01-30,6.325256,0.805088,63.647854,11.913614,3.770469366,108.670799,0.707914,3.162386281,1.235408,-0.0010544963125793672,-0.003381941521626075,0.0010695369176145775,-0.005236745711186486,-0.001718740551183151,-0.001680282739850436,-0.003495228724220256,-0.0015766847110290083,-0.0005808469363155488
2018-01-31,6.288834,0.802762,63.562656,11.86642,3.75146504,108.854459,0.705708,3.160311471,1.232801,-0.005758185913740221,-0.00288912516395734,-0.0013385840157313922,-0.003961350434889099,-0.005040307758861662,0.001690058430508179,-0.0031161977302328614,-0.0006560899952247068,-0.002110234027948632
2018-02-01,6.296733,0.802633,64.022795,11.898627,3.746448351,109.655671,0.702464,3.169435749,1.249458,0.001256035697555502,-0.00016069519982253588,0.007239140541893008,0.0027141294510053537,-0.0013372612956562557,0.007360396692615012,-0.004596802076779705,0.002887145170255234,0.013511507534468281
2018-02-02,6.288024,0.800512,64.057397,11.974063,3.745997438,109.846302,0.70325,3.201488953,1.251201,-0.0013830981875838644,-0.0026425526984313885,0.0005404637520118882,0.006339891148785526,-0.00012035745798555375,0.0017384509005466953,0.0011189185495628085,0.010113220944804935,0.0013950048741133703
2018-02-05,6.290032,0.803859,64.102492,12.028537,3.759967846,109.863344,0.711961,3.229421222,1.259164,0.0003193372035474873,0.004181074112567851,0.0007039780277053875,0.00454933300417748,0.003729422732189347,0.00015514404845418106,0.01238677568432256,0.008724774444036631,0.0063642851947847134
2018-02-06,6.281612,0.811096,64.272447,12.062535,3.783518534,109.473599,0.720942,3.275285911,1.275691,-0.0013386259402178302,0.009002822634317731,0.0026513009821833577,0.002826445144575862,0.006263534414278071,-0.003547543573769296,0.012614455005260039,0.014202138973867129,0.013125375248974613
2018-02-07,6.274599,0.810504,64.245015,11.966283,3.783514346,109.288377,0.718715,3.247690063,1.271195,-0.0011164331703390484,-0.0007298766113998933,-0.0004268080846525635,-0.007979417261794408,-1.1069061675028635e-06,-0.0016919330477113137,-0.0030890140954472622,-0.008425477576574303,-0.003524364442486383
2018-02-08,6.329497,0.816193,64.292769,12.080232,3.811704212,109.622919,0.714275,3.267548155,1.280934,0.008749244374022913,0.007019089356745889,0.0007433105899345982,0.009522505860842578,0.007450709425696367,0.003061094044794821,-0.006177692131095092,0.006114528053719814,0.007661295080612973
2018-02-09,6.30343,0.814797,64.372607,12.120997,3.827100139,108.848692,0.723051,3.279067873,1.280942,-0.004118336733550887,-0.0017103797753716954,0.0012417881706106026,0.0033745212840281535,0.004039119024905169,-0.007062638060203463,0.012286584298764502,0.003525492954823628,6.245442778496368e-06
2018-02-12,6.328305,0.815461,64.334991,11.964527,3.803963141,108.643888,0.722499,3.295686211,1.275789,0.003946264176805325,0.0008149269081747512,-0.0005843479354502579,-0.012909004102550248,-0.006045569010390661,-0.0018815476441370604,-0.0007634316251550199,0.0050680067152120145,-0.004022820705387065
2018-02-13,6.34428,0.810833,64.277143,11.982486,3.799967567,107.694803,0.721114,3.295386362,1.274224,0.0025243726400672184,-0.005675317397153212,-0.000899168541113271,0.0015010204749421607,-0.0010503713763508893,-0.008735742226014698,-0.0019169576705295732,-9.09822661512294e-05,-0.0012266918745968969
2018-02-14,6.344428,0.809848,64.072319,11.818756,3.8005345,107.223842,0.721088,3.281908001,1.272028,2.3328100272834718e-05,-0.0012148000883042132,-0.0031865759808272776,-0.013664109434386118,0.00014919416810910135,-0.004373107957679201,-3.60553255103202e-05,-0.004090070031065984,-0.0017234018508520688
2018-02-15,6.344433,0.800448,63.914992,11.655087,3.765788842,106.547667,0.709677,3.22212439,1.261266,7.880931112147493e-07,-0.011607116397151063,-0.00245545974385597,-0.013848242573076264,-0.00914230827269158,-0.006306200070689494,-0.015824698233779966,-0.018216114218248758,-0.008460505586354916
2018-02-16,6.344432,0.802311,64.220154,11.660061,3.753530167,106.177792,0.712476,3.234435173,1.259227,-1.5761849803119787e-07,0.0023274466298872643,0.004774497976937742,0.0004267664411257144,-0.0032552741309546107,-0.0034714509516197145,0.0039440477851191424,0.003820703830742067,-0.0016166296403771208
2018-02-19,6.3444,0.805802,64.252619,11.653022,3.753021757,106.559226,0.71386,3.233360193,1.263175,-5.043792730363705e-06,0.00435118052725203,0.0005055266606803777,-0.0006036846633993287,-0.00013544849178781515,0.0035924084765295294,0.0019425215726565082,-0.00033235478298454524,0.003135256788489915
2018-02-20,6.344408,0.810373,64.832253,11.743598,3.773581848,107.171799,0.714489,3.250729335,1.268071,1.260954542559034e-06,0.005672609400324102,0.009021173129145188,0.007772747704415162,0.005478276527881132,0.005748662250981473,0.000881125150589801,0.005371854963020395,0.0038759475132108534
2018-02-21,6.344379,0.812216,64.757554,11.644981,3.788986355,107.545484,0.71851,3.255360624,1.273879,-4.570954453053666e-06,0.0022742613586583804,-0.0011521888650082301,-0.008397511563321691,0.004082197662723219,0.0034867848024087156,0.005627798328595501,0.0014246922837086728,0.004580185178905571
2018-02-22,6.360785,0.814598,65.077794,11.716764,3.799934832,107.095145,0.71964,3.270527859,1.278837,0.002585911087594317,0.0029327174052222738,0.004945214576819845,0.006164286571184618,0.002889553029282288,-0.004187428269884386,0.0015726990577722422,0.004659156619448046,0.003892049401866382
2018-02-23,6.334987,0.813074,64.762582,11.565087,3.786893243,106.740385,0.715017,3.242133507,1.278153,-0.004055788711613384,-0.0018708614555892344,-0.004843618393088112,-0.01294529786551979,-0.003432055963216496,-0.003312568464237997,-0.006424045356011265,-0.008681886601840993,-0.0005348609713355934
2018-02-26,6.308685,0.811688,64.775162,11.593019,3.780762987,106.818182,0.712825,3.235146104,1.275162,-0.004151863295062896,-0.001704641889914038,0.00019424796868050542,0.00241520016235075,-0.0016188087718954636,0.0007288431646559346,-0.0030656613758833773,-0.0021551866957094656,-0.002340095434584244
2018-02-27,6.313714,0.812942,64.875213,11.655963,3.790667425,107.121372,0.718641,3.238029429,1.276156,0.0007971550331011823,0.0015449285932527257,0.0015445889583418637,0.005429474410418855,0.002619692912265492,0.0028383744632538566,0.008159085329498827,0.0008912503198650334,0.000779508799666262
2018-02-28,6.327575,0.818733,65.189946,11.763304,3.803094809,107.024726,0.723882,3.243409203,1.280252,0.0021953797717160217,0.0071235094262567245,0.004851359794379562,0.009209106103030607,0.0032784158056282653,-0.0009022102517506347,0.007292932075960046,0.0016614345601120295,0.0032096389469624675
2018-03-01,6.350341,0.821625,65.175006,11.929998,3.815216498,106.79484,0.727303,3.265138444,1.293731,0.0035979028300729965,0.0035322870826020036,-0.00022917644386466485,0.014170678578059315,0.0031873223279403895,-0.002147970927764975,0.004725908366280729,0.00669950648838924,0.010528395972043025
2018-03-02,6.34511,0.812216,65.237573,11.945094,3.817251462,105.401235,0.725471,3.256660169,1.290205,-0.0008237352923252672,-0.011451696333485417,0.0009599845683174735,0.001265381603584581,0.0005333810023802066,-0.01304936643006338,-0.002518895150989464,-0.002596605058379664,-0.0027254506539612366
2018-03-05,6.340294,0.812546,65.107256,11.877468,3.814008288,105.647193,0.723734,3.257983262,1.290891,-0.0007590096940793822,0.0004062958621844359,-0.001997575844827848,-0.005661403752871164,-0.0008496097341988973,0.002333540019716196,-0.0023943065953014875,0.0004062729702640766,0.0005316984510213008
2018-03-06,6.328096,0.805737,64.929901,11.719362,3.788010636,106.228346,0.718435,3.217065506,1.276287,-0.0019238855485249617,-0.008379833264824388,-0.002724043538250287,-0.013311422939636608,-0.006816359597800692,0.005500884439021414,-0.007321750808998773,-0.01255922842736823,-0.011313116289446645
2018-03-07,6.320689,0.805348,64.893291,11.904244,3.797374567,105.830716,0.720891,3.228960296,1.281227,-0.0011704942529318085,-0.0004827878079324277,-0.000563838839058084,0.015775773459340225,0.0024719917391486934,-0.003743162865399441,0.003418541691315058,0.0036974037295216533,0.0038706027719470626
2018-03-08,6.335722,0.805088,65.130022,11.888737,3.810160213,106.134772,0.720272,3.24136543,1.281056,0.0023783799519323523,-0.00032284180254982253,0.0036480042289732673,-0.0013026446702536498,0.0033669699352574245,0.0028730411310833315,-0.000858659630928793,0.0038418354091771523,-0.00013346581050810435
2018-03-09,6.337564,0.813603,65.195265,11.89952,3.818973232,106.834269,0.723237,3.262549833,1.283215,0.000290732453223308,0.010576483564529449,0.0010017346531836502,0.0009069928958811424,0.0023130310819818867,0.006590648727261783,0.004116500433169579,0.006535641678636628,0.00168532835410784
2018-03-12,6.331166,0.812876,65.0126,11.848724,3.837749959,106.519265,0.720127,3.258575841,1.271419,-0.0010095361561636151,-0.0008935561938684389,-0.002801813904736772,-0.004268743613187742,0.00491669510607351,-0.002948529558432278,-0.0043001118582153275,-0.0012180632337945863,-0.009192535935131585
2018-03-13,6.322912,0.807885,64.860236,11.777912,3.863467442,106.891259,0.71619,3.243011795,1.267006,-0.001303709300940814,-0.006139927861076089,-0.002343607239212231,-0.005976339730759173,0.006701187746661175,0.003492269684737259,-0.005467091221409537,-0.004776333821717493,-0.0034709250058398977
2018-03-14,6.313283,0.808473,64.837497,11.762794,3.874525022,106.53246,0.716549,3.253617916,1.264775,-0.0015228742705891696,0.0007278263614252101,-0.0003505846016348402,-0.0012835891455125203,0.002862087015356174,-0.0033566729717348087,0.0005012636311594321,0.0032704540317589625,-0.0017608440686154303
2018-03-15,6.31764,0.810307,64.950166,11.856576,3.89733409,106.0692,0.71696,3.288145207,1.275018,0.0006901322180550284,0.002268474024488043,0.0017377135949587785,0.007972765654146619,0.005886932687358515,-0.0043485337708338845,0.0005735825463437649,0.010611968550519713,0.008098673677136237
2018-03-16,6.325502,0.812942,64.927242,11.942037,3.914072027,105.853183,0.717446,3.289488659,1.289326,0.001244452042218347,0.0032518539269685842,-0.00035294751979519923,0.0072078988065356064,0.004294714441583691,-0.0020365666941958294,0.0006778620843561622,0.0004085744136663738,0.011221802358868604
2018-03-19,6.332277,0.812414,65.192542,12.09814,3.947030628,106.141847,0.711618,3.29571858,1.299374,0.0010710612375113282,-0.0006494928297469116,0.004086112267020381,0.013071723023467596,0.008420540238566199,0.002727022389114042,-0.008123259450885545,0.00189388736238838,0.0077932190927663125
2018-03-20,6.333007,0.814598,65.197947,11.957315,3.929455849,106.484197,0.714524,3.291788856,1.29798,0.00011528238578306649,0.002688284544579478,8.290825659162948e-05,-0.011640219074998459,-0.0044526583795234664,0.003225400816701418,0.004083651622078133,-0.0011923724385471957,-0.0010728242984699987
2018-03-21,6.329969,0.813935,65.209995,11.987058,3.935536383,106.21846,0.711403,3.300667426,1.301807,-0.00047970892816007193,-0.0008138983891441409,0.00018479109472591126,0.0024874313338738574,0.001547423926788083,-0.0024955534012244263,-0.004367942854263895,0.00269718696684218,0.002948427556664912
2018-03-22,6.334524,0.811952,65.104742,11.832088,3.927573888,105.350763,0.708022,3.301883728,1.297012,0.0007195927815759617,-0.002436312481954861,-0.001614062384148407,-0.012928109632905693,-0.0020232299298248435,-0.008168984939152746,-0.0047525804642375435,0.0003685018340287005,-0.0036833416935074803
2018-03-23,6.315811,0.809979,65.00486,11.761218,3.959177061,105.086668,0.70699,3.298720233,1.294184,-0.0029541288343054584,-0.0024299465978284696,-0.0015341739623206951,-0.0059896444313126684,0.008046487195710883,-0.002506816205972817,-0.0014575818265534224,-0.0009580879463360059,-0.0021803961721248433
2018-03-26,6.278624,0.805737,64.870276,11.678108,3.985496737,105.124486,0.702989,3.298042059,1.293046,-0.005887921598667245,-0.00523717281559144,-0.002070368277079404,-0.007066444988945819,0.006647764319323457,0.0003598743848267638,-0.005659203100468191,-0.00020558700104833516,-0.0008793185513034096
2018-03-27,6.280705,0.808016,64.974952,11.683743,3.993939884,105.882353,0.710569,3.316984486,1.298481,0.00033144204844881564,0.0028284663606112925,0.0016136203890977363,0.0004825267928674215,0.0021184679243659854,0.007209233822080163,0.010782530025363224,0.005743537123278353,0.004203253403204599
2018-03-28,6.288998,0.806582,65.172205,11.697774,3.997499597,106.146153,0.706606,3.328278755,1.301178,0.001320393172422607,-0.0017747173323299226,0.0030358314077707504,0.001200899403555944,0.0008912785628698572,0.0024914444430603755,-0.005577220509197622,0.0034049809541376597,0.002077042328690215
2018-03-29,6.287477,0.811622,65.170035,11.866732,3.975002029,106.444282,0.710088,3.322619917,1.301518,-0.00024185092760409255,0.006248589728012677,-3.329640296823033e-05,0.014443602688853474,-0.0056279100107686775,0.0028086651430505594,0.0049277815359622945,-0.00170022958308369,0.00026130168201432546
2018-04-03,6.284612,0.81248,65.00975,11.822961,3.978469288,106.239844,0.711107,3.310204745,1.29948,-0.0004556676708320495,0.0010571423643026545,-0.002459489242256807,-0.0036885471079991516,0.0008722659698545687,-0.0019206104466935603,0.001435033404310504,-0.0037365610000946736,-0.0015658638605074993
2018-04-04,6.305718,0.814598,65.130336,11.919844,4.012870642,106.247964,0.713368,3.365591398,1.301564,0.0033583616617858247,0.0026068333989761605,0.0018548909971196625,0.008194478523611881,0.008646881880868929,7.643083512043347e-05,0.00317954963177125,0.016732092805939125,0.0016037184104411573
2018-04-05,6.30522,0.815661,64.927406,11.926509,4.041027732,107.063622,0.712847,3.299510604,1.300163,-7.89759389809852e-05,0.0013049381412670868,-0.0031157523891784944,0.0005591516130580843,0.007016695157152197,0.007676928284479967,-0.0007303383386975115,-0.019634229526278357,-0.0010763973189178433
2018-04-06,6.305215,0.817394,64.967304,12.077571,4.057871506,107.340199,0.713544,3.36038908,1.302436,-7.929937417827659e-07,0.0021246571798823055,0.000614501678998236,0.012666070180301858,0.00416819064779439,0.002583295752874859,0.0009777694231720702,0.01845075931145579,0.001748242335768646
2018-04-09,6.313882,0.812744,64.982526,12.123049,4.065182055,107.005852,0.707802,3.372074122,1.304454,0.0013745764418819917,-0.005688811026261398,0.00023430247313327435,0.0037654922500558463,0.0018015723241091575,-0.003114834918463205,-0.00804715616696361,0.0034772884097098444,0.0015494043469315155
2018-04-10,6.289216,0.808996,64.992719,12.056306,4.095299733,107.013996,0.705307,3.402637327,1.292452,-0.003906629867330591,-0.0046115381965292634,0.00015685755275196556,-0.0055054631883448835,0.007408691072754436,7.610798706592092e-05,-0.0035249971037097927,0.00906362194134469,-0.009200784389484129
2018-04-11,6.283511,0.807494,65.304829,12.086402,4.185400517,106.799096,0.705426,3.418362403,1.290375,-0.0009071082945791842,-0.001856622282433995,0.004802230231358839,0.0024962870053231168,0.02200102309336871,-0.0020081485416169054,0.00016872085489016975,0.00462143757585376,-0.0016070229300584327
2018-04-12,6.285158,0.811491,65.257648,11.996916,4.095837053,107.149233,0.703928,3.366225757,1.289702,0.00026211460439884426,0.004949881980547133,-0.0007224733717623444,-0.007403857657555912,-0.0213990187166595,0.003278464079883081,-0.0021235395349760156,-0.015251936410909606,-0.0005215538118764629
2018-04-13,6.280994,0.811886,65.207437,12.053016,4.092798571,107.688561,0.70147,3.408216286,1.282861,-0.0006625131778708049,0.0004867583251078056,-0.0007694270562740302,0.0046762017838584136,-0.0007418464066519803,0.005033428470738732,-0.0034918343921537254,0.012474068001137928,-0.0053043261156452415
2018-04-16,6.283428,0.808407,65.49515,12.083023,4.108003234,107.332255,0.698989,3.41956346,1.287631,0.0003875182813422029,-0.004285084359134217,0.004412272790295324,0.00248958434967661,0.0037149795515796225,-0.0033086708253070585,-0.003536858311830926,0.0033293585405982373,0.0037182516266376364
2018-04-17,6.282997,0.809258,65.637291,12.016833,4.105689083,107.105284,0.698228,3.411669499,1.287529,-6.859313101059694e-05,0.0010526875695040516,0.0021702523011246644,-0.005477933791899647,-0.0005633274533104471,-0.0021146578910505864,-0.0010887152730586491,-0.0023084703917148897,-7.921524101239807e-05
2018-04-18,6.28237,0.807233,65.66516,11.961172,4.093477559,107.216661,0.70314,3.394171779,1.287778,-9.979314012087404e-05,-0.002502292223246494,0.00042459095394398183,-0.0046319192419500554,-0.002974293414122031,0.0010398833357279091,0.0070349513339482694,-0.005128785190103735,0.00019339370220028407
2018-04-19,6.276611,0.807624,65.787433,11.937732,4.025036343,107.317073,0.702431,3.385963495,1.283476,-0.0009166922674086475,0.0004843706835573336,0.0018620681043035603,-0.0019596741857736966,-0.016719577672906438,0.0009365335486430926,-0.0010083340444292377,-0.0024183466643572515,-0.0033406379049805146
2018-04-20,6.292063,0.812414,66.12235,12.024372,4.046063856,107.571696,0.711739,3.403363393,1.298481,0.002461838084278245,0.00593097778174001,0.005090896311458204,0.007257659997728094,0.005224179661525108,0.002372623412865593,0.013251123597904924,0.0051388321302618944,0.011690908127615973
2018-04-23,6.308874,0.817127,66.419758,12.22422,4.092090211,108.17127,0.71613,3.430380781,1.30822,0.002671778715502393,0.005801229422437437,0.004497843769920573,0.016620244283859664,0.011375587889387084,0.005573715227098486,0.006169396365802715,0.007938437621903605,0.007500302276275184
2018-04-24,6.30574,0.8188,66.385409,12.336281,4.092769999,108.834848,0.716188,3.445918284,1.313191,-0.0004967605946798459,0.0020474173537283757,-0.0005171503334897576,0.00916712886384552,0.00016612243742142319,0.006134512426450911,8.099088154378542e-05,0.004529381427874846,0.0037998196022075437
2018-04-25,6.323184,0.820681,66.97538,12.508412,4.104062372,109.175215,0.717111,3.504718917,1.322774,0.002766368419884202,0.0022972642892038486,0.008887058299211548,0.013953232744941646,0.0027591027599300766,0.00312737148307507,0.001288767753718334,0.017063850084031662,0.0072974913778725
2018-04-26,6.324951,0.821828,66.752137,12.387985,4.070595003,109.196252,0.715812,3.478139382,1.320677,0.00027944782248945366,0.0013976197816203406,-0.003333209904893386,-0.009627680955823892,-0.008154693073948116,0.00019269025483481528,-0.0018114350498040777,-0.007583927735566154,-0.0015853048215339616
2018-04-27,6.339437,0.8285,66.664872,12.397432,4.049875725,109.32063,0.726595,3.47903894,1.323529,0.002290294422834238,0.008118487080021719,-0.0013072989708180494,0.0007625937551587469,-0.005089987577916899,0.0011390317682331563,0.015064011220823348,0.0002586319584130248,0.002159498499632928
2018-04-30,6.339432,0.827883,66.370147,12.428264,4.04801722,109.379916,0.728206,3.471479427,1.325689,-7.887135718975813e-07,-0.0007447193723596479,-0.004420994013158874,0.002486966655675049,-0.0004589042050171521,0.0005423130108197505,0.0022171911449981874,-0.0021728739259240237,0.0016320005077334887
2018-05-02,6.359041,0.832848,66.665695,12.603981,4.14866328,109.802615,0.733239,3.522361956,1.331473,0.0030931793258448526,0.005997224245454902,0.00445302614743337,0.01413849915000176,0.024863051348383403,0.003864502876378184,0.006911505810168972,0.014657303916092213,0.004363014251457242
2018-05-03,6.348816,0.833889,66.624833,12.625,4.199466311,109.26451,0.735324,3.532938626,1.328052,-0.0016079468586537304,0.0012499279580426848,-0.0006129389335850499,0.0016676477059114347,0.012245638551798832,-0.004900657420590537,0.002843547601805163,0.003002720938994896,-0.00256933486446953
2018-05-04,6.359178,0.835492,66.861893,12.627204,4.257916284,108.923051,0.737196,3.546328014,1.329685,0.0016321153424512236,0.0019223181982255255,0.003558132746088738,0.0001745742574257303,0.013918428836277918,-0.0031250677827594497,0.002545816538015888,0.0037898727992224934,0.0012296205269071159
2018-05-07,6.366829,0.840195,67.134935,12.580239,4.270458746,109.35137,0.739456,3.542429844,1.334398,0.001203142921931022,0.005629018590243895,0.004083671397099087,-0.0037193506971139323,0.002945680742275414,0.003932308139257046,0.003065670459416525,-0.0010992130408160605,0.003544448497200481
2018-05-08,6.367818,0.84246,67.085088,12.56369,4.288458298,109.056445,0.740775,3.557961247,1.341955,0.00015533635346565156,0.002695802760073418,-0.0007424897335492897,-0.0013154758029637614,0.004214898930205102,-0.002697039826753067,0.0017837437251166932,0.004384392545220495,0.005663227912511948
2018-05-09,6.366529,0.841822,67.262396,12.572691,4.278474619,109.638858,0.736131,3.573617308,1.340433,-0.00020242412707149882,-0.0007573059848539065,0.00264303148860745,0.000716429647659389,-0.002328034530417744,0.0053404730000139455,-0.006269110053660043,0.004400289916929534,-0.0011341661978233608
2018-05-10,6.34947,0.841893,67.259219,12.379273,4.245580064,109.631251,0.739266,3.575012628,1.335663,-0.002679482022307611,8.434087016029324e-05,-4.723292937691692e-05,-0.015383977861223253,-0.007688383811819355,-6.938233523001713e-05,0.00425875285784727,0.00039045031399309593,-0.0035585516023552977
2018-05-11,6.332495,0.837942,67.33702,12.277107,4.275599129,109.301156,0.737389,3.560080442,1.324032,-0.0026734514849271473,-0.004692995428160152,0.0011567336218993862,-0.008252988685199747,0.007070662794595117,-0.003010957158556926,-0.0025390049048651386,-0.004176820490940147,-0.008708034886045324
2018-05-14,6.337421,0.834168,67.529613,12.256089,4.316649983,109.501168,0.736069,3.580830831,1.323073,0.0007778924420784872,-0.004503891677466898,0.002860135479710868,-0.0017119668338804184,0.009601193367630101,0.0018299166021629176,-0.0017900999336849521,0.0058286292509568405,-0.0007243027358856402
2018-05-15,6.362535,0.841538,68.056888,12.487503,4.436505933,110.047968,0.739712,3.655558361,1.334427,0.003962810739573719,0.008835150713045747,0.007808056000558006,0.018881553487413605,0.027765964456701875,0.0049935540413594826,0.004949264267344544,0.020868768597798182,0.008581537073162337
2018-05-16,6.376188,0.848608,67.797437,12.5241,4.427868296,110.174813,0.741836,3.673964698,1.335794,0.0021458428126523987,0.008401284315146862,-0.00381226658497813,0.002930689986621049,-0.0019469458917549254,0.00115263373150154,0.002871387783353496,0.005035164312070961,0.0010244097279206166
2018-05-17,6.36798,0.847099,67.737823,12.537823,4.447013977,110.681914,0.739941,3.666751377,1.328335,-0.001287289521576196,-0.001778206191787035,-0.0008792957763285036,0.0010957274375003045,0.004323904804778511,0.004602694447051192,-0.0025544729562869684,-0.0019633615434373475,-0.005583944829816501
2018-05-18,6.378661,0.848824,68.000594,12.683983,4.474492827,110.932858,0.741236,3.720482132,1.330362,0.0016772979814634326,0.002036361747564275,0.003879235977217732,0.011657526190950396,0.006179168795537926,0.002267253889375098,0.0017501395381525064,0.014653503735494677,0.0015259704818437747
2018-05-21,6.386342,0.850412,68.141849,12.871163,4.593247725,111.267965,0.745301,3.717492984,1.328259,0.0012041712202608412,0.001870823633638885,0.0020772612662764978,0.014757194171578503,0.026540415325600586,0.0030208092177703705,0.005484083341877666,-0.000803430279718298,-0.001580772752078019
2018-05-22,6.368662,0.847889,68.009581,12.549432,4.638290656,110.819061,0.743497,3.660335764,1.317873,-0.0027684079556028474,-0.00296679727002902,-0.0019410685495193647,-0.024996264906287036,0.009806336103938218,-0.004034440640664161,-0.0024204985636675502,-0.015375205883643495,-0.007819258141672725
2018-05-23,6.388538,0.854117,68.419457,12.646225,4.875811411,109.847967,0.751221,3.676118893,1.327639,0.0031209067147857095,0.007345301094836776,0.00602673908548268,0.007712938721051277,0.051208682813516315,-0.008762878797538343,0.01038874400300216,0.004311934756157987,0.007410425739050597
2018-05-24,6.383697,0.85266,68.377387,12.452507,4.758185539,109.532742,0.745865,3.648874488,1.323244,-0.0007577633568117692,-0.0017058552868050025,-0.0006148835703270183,-0.015318247144898822,-0.024124368660902618,-0.0028696480108730826,-0.007129726139178838,-0.007411187122342011,-0.0033103878388627272
2018-05-25,6.390664,0.856531,67.794861,12.500043,4.724025696,109.396146,0.749807,3.644882227,1.321113,0.0010913738543669727,0.0045399103980485744,-0.00851927845677991,0.0038173839211652627,-0.0071791742293385585,-0.0012470791610420529,0.005285138731539796,-0.0010941075153801938,-0.0016104361705022718
2018-05-28,6.398832,0.858811,67.440742,12.450962,4.593095156,109.352456,0.751159,3.688852628,1.323428,0.0012781144494531382,0.0026619001530592268,-0.005223390014768237,-0.0039264664929552495,-0.027715882263481983,-0.0003993742156145341,0.0018031306722929852,0.012063599935899783,0.0017523103625505243
2018-05-29,6.417546,0.865202,67.836996,12.672175,4.614985292,108.911576,0.753963,3.756272712,1.329469,0.0029245962388135816,0.007441683909498176,0.005875587786385861,0.017766739630239003,0.004765879054650979,-0.004031733864303999,0.0037328980948108104,0.018276708450820855,0.00456466086557028
2018-05-30,6.419618,0.859697,67.389959,12.564993,4.454779917,108.975241,0.752235,3.706327373,1.324708,0.00032286484584598263,-0.006362675999362022,-0.006589870223616567,-0.00845805869947347,-0.03471416805546779,0.0005845567784272809,-0.002291889655062773,-0.013296515676415543,-0.003581129007145023
2018-05-31,6.406616,0.854774,67.357894,12.567826,4.498504146,108.838362,0.749466,3.72903667,1.317549,-0.0020253541565868893,-0.005726436174605665,-0.00047581272456331813,0.00022546769425191293,0.009815126631316451,-0.001256055951277868,-0.0036810305290235767,0.006127169759863493,-0.005404209833412277
2018-06-01,6.417259,0.856971,67.112863,12.710001,4.626874625,109.469535,0.751393,3.743337047,1.327792,0.0016612514313327775,0.0025702700362904007,-0.0036377473440603048,0.011312616836038236,0.02853625890600653,0.005799177683324386,0.002571164002102888,0.0038348716479637,0.007774283916575309
2018-06-04,6.404192,0.852006,67.063134,12.529011,4.617278691,109.431712,0.74698,3.739712022,1.304507,-0.002036227616806441,-0.005793661629156621,-0.0007409756904573905,-0.014239967408342435,-0.002073955915760317,-0.00034551165308216447,-0.005873091710995482,-0.000968393963590608,-0.017536632243604466
2018-06-05,6.404283,0.856531,67.149893,12.696274,4.613019272,109.704497,0.748522,3.762398287,1.31349,1.4209442815049655e-05,0.005310995462473267,0.001293691404281816,0.01335005612174811,-0.0009224955401333501,0.002492741774888785,0.002064312297518134,0.006066313359569087,0.006886126329716857
2018-06-06,6.39439,0.849979,66.919677,12.785465,4.596515087,110.131747,0.745287,3.818444539,1.305992,-0.0015447474760251767,-0.007649460439843936,-0.003428389677404442,0.00702497441375316,-0.003577740309947619,0.0038945532014060813,-0.004321850259578208,0.014896416520721267,-0.005708456097876624
2018-06-07,6.392362,0.84488,67.11558,12.787513,4.470260223,110.054072,0.744534,3.87563366,1.305931,-0.00031715300443035943,-0.0059989717393018616,0.0029274349306855907,0.00016018189404931604,-0.02746751867672048,-0.0007052916358440964,-0.0010103490333254195,0.014977072579133832,-4.670778994053659e-05
2018-06-08,6.409137,0.850774,67.502127,13.086694,4.491917645,109.443594,0.74641,3.841160456,1.31836,0.0026242255992385832,0.0069761386232365385,0.005759422774860967,0.023396339851228243,0.004844778809199868,-0.00554707326049686,0.0025196968842255973,-0.008894856176886456,0.009517348160048344
2018-06-11,6.405259,0.848176,67.428329,13.145971,4.520441052,109.940628,0.747922,3.723664122,1.314758,-0.0006050736628036013,-0.00305368993410704,-0.0010932692535747801,0.004529562622920702,0.006349939881856281,0.004541462700868637,0.002025696333114446,-0.030588759658937703,-0.0027321824084467483
2018-06-12,6.404479,0.84832,67.442738,13.164489,4.560739735,110.307092,0.748006,3.699355277,1.315405,-0.00012177493525233896,0.00016977608420876145,0.00021369356491107716,0.001408644519298008,0.008914767947736157,0.0033332900372371466,0.00011231117683396796,-0.006528205607047033,0.0004921057715563393
2018-06-13,6.400289,0.850051,67.607956,13.252975,4.641533492,110.532132,0.74983,3.705117307,1.318089,-0.0006542296414744353,0.0020405035835533436,0.0024497522624302714,0.006721567392399264,0.017715055384540435,0.00204012267860354,0.0024384831137718166,0.0015575768123230471,0.002040436215462238
2018-06-14,6.394629,0.852515,67.598039,13.10503,4.624978687,110.102302,0.747511,3.692412617,1.322592,-0.0008843350667445682,0.0028986496104350667,-0.00014668391986294438,-0.011163153933362091,-0.003566667143204638,-0.003888733458972893,-0.0030927010122293597,-0.003428957559858503,0.003416309520829053
2018-06-15,6.421438,0.862366,68.015264,13.423508,4.71464298,110.650224,0.753018,3.773801311,1.33822,0.004192424611341838,0.011555221902253887,0.006172146502652298,0.024301966496833804,0.019386963501481835,0.004976480873215561,0.007367115667862967,0.022042144917738593,0.011816191236602158
2018-06-18,6.439335,0.861104,68.039697,13.456902,4.720657883,110.453802,0.754801,3.743391027,1.344183,0.002787070435002148,-0.001463415765463827,0.000359228187367,0.0024877252652584225,0.0012757918310073446,-0.0017751613408392153,0.0023678052848672415,-0.008058263139439581,0.00445591905665732
2018-06-19,6.48214,0.867002,68.377839,13.863621,4.765996185,109.918502,0.7603,3.774579504,1.360759,0.0066474255493773615,0.006849346884929108,0.004969775218134576,0.03022382120342404,0.00960423380039277,-0.004846370068818384,0.007285363956857305,0.008331610770834885,0.01233165424648286
2018-06-20,6.473743,0.863707,68.111936,13.678269,4.745465538,110.027639,0.759008,3.737519433,1.354984,-0.0012954055296553468,-0.0038004525941117695,-0.003888730674860841,-0.013369667275237807,-0.00430773466932588,0.0009928901687541458,-0.0016993292121531,-0.009818331011633652,-0.004243955028039537
2018-06-21,6.498267,0.866701,67.961952,13.65748,4.745536488,110.582423,0.757237,3.775957705,1.357601,0.0037882257605839076,0.0034664533227124483,-0.0022020222711038873,-0.0015198560578096876,1.4951114791994513e-05,0.005042223981557958,-0.002333308739828732,0.010284434018085209,0.001931388119712274
2018-06-22,6.498025,0.858516,67.848558,13.492874,4.690848214,110.147665,0.752601,3.744591346,1.34624,-3.724069817390152e-05,-0.009443856647217586,-0.0016684923940971652,-0.012052443056844941,-0.0115241499329507,-0.003931528973641685,-0.006122257628721317,-0.008306861848178526,-0.008368438149353175
2018-06-25,6.535726,0.854701,68.07265,13.528376,4.662991453,109.581197,0.752479,3.764273504,1.34547,0.005801916736239088,-0.004443714502699869,0.003302826273772874,0.002631166643963345,-0.00593853387045451,-0.005142805342264856,-0.00016210448830122903,0.005256156461779238,-0.0005719633943428448
2018-06-26,6.57548,0.856751,68.29121,13.556546,4.630997258,109.621316,0.755312,3.774074709,1.351782,0.006082568332882898,0.002398499592255021,0.003210687405294399,0.002082289847650687,-0.006861302518454404,0.00036611208034154075,0.0037648891198291956,0.0026037441194390887,0.004691297464826549
2018-06-27,6.598571,0.860882,68.607094,13.68354,4.622933884,110.261708,0.759065,3.800964187,1.353736,0.0035116827973014075,0.004821704322492737,0.0046255440487874555,0.009367725377835923,-0.0017411744276182306,0.005841856523598032,0.004968807592094393,0.007124786887730883,0.0014454993482677647
2018-06-28,6.624191,0.863334,68.793059,13.86696,4.602002935,110.187344,0.764223,3.869636536,1.362169,0.0038826588362843584,0.0028482416870139193,0.0027105797543325316,0.013404426047645579,-0.004527633214146176,-0.0006744317800699839,0.006795201991924182,0.018067086565790813,0.006229427303403368
2018-06-29,6.619489,0.85778,68.462,13.765998,4.579258878,110.68794,0.760036,3.849373821,1.354177,-0.0007098225277623049,-0.006433199665482947,-0.004812389575523879,-0.00728075944547335,-0.004942208277839755,0.0045431351898272965,-0.005478767323150335,-0.005236335457217134,-0.005867113405164881
2018-07-02,6.666037,0.85918,68.795,13.807887,4.617492912,110.713979,0.761663,3.885814933,1.359653,0.00703196273911777,0.0016321201240412364,0.004864012152727026,0.0030429323032008515,0.008349393432130814,0.00023524694740895136,0.002140688072670205,0.009466763607420381,0.0040437845274288176
2018-07-03,6.642177,0.857265,68.522075,13.69207,4.667295328,110.664381,0.757394,3.894470639,1.351136,-0.003579338068480542,-0.0022288693870899934,-0.003967221455047576,-0.008387742454728953,0.010785596632010508,-0.0004479831765417108,-0.005604840986105364,0.002227513700277406,-0.006264098266248852
2018-07-04,6.631764,0.858959,68.739907,13.71139,4.697818244,110.496478,0.756812,3.895035217,1.353977,-0.00156770890025959,0.001976051745959495,0.0031790047222008955,0.0014110357309011778,0.006539743867692849,-0.0015172271193565345,-0.0007684243603724994,0.00014496912477568458,0.0021026750823012197
2018-07-05,6.63353,0.854044,68.946964,13.554958,4.612007857,110.624306,0.754206,3.887693227,1.351183,0.00026629415642664966,-0.005722042612045564,0.003012180391806396,-0.011408908943586371,-0.0182660082921674,0.0011568513523119162,-0.003443391489564074,-0.001884961134101082,-0.0020635505625279382
2018-07-06,6.647646,0.852951,68.872398,13.595019,4.609177755,110.585125,0.755672,3.94737291,1.348431,0.0021279771102262757,-0.0012797935469367472,-0.0010814979467405061,0.00295544995417929,-0.0006136377230373524,-0.0003541807530074159,0.0019437660267884738,0.0153509239323526,-0.002036733736288987
2018-07-09,6.613538,0.848248,68.672915,13.310289,4.517940453,110.45042,0.749385,3.86495886,1.336415,-0.005130838796169268,-0.005513798565216499,-0.002896414322614449,-0.020943700041905156,-0.019794702406742082,-0.0012181113870424198,-0.008319747191903426,-0.020878202257308298,-0.008911097416182234
2018-07-10,6.639375,0.853752,68.826944,13.432169,4.701186716,111.243917,0.754188,3.885682575,1.343721,0.003906683533080102,0.00648866840829565,0.002242936680349139,0.009156825971246896,0.04055968973170532,0.007184191784875171,0.006409255589583385,0.005361949700028568,0.005466864708941532
2018-07-11,6.677375,0.852152,68.772476,13.481892,4.780826587,111.231359,0.754001,3.828121006,1.35228,0.0057234302927609,-0.0018740805292403184,-0.0007913761215375681,0.0037017848718252644,0.016940376081842068,-0.00011288707138923382,-0.0002479487873049413,-0.014813759973690166,0.006369625837506332
2018-07-12,6.671813,0.85778,68.5199,13.423229,4.834791559,112.4807,0.757102,3.864213416,1.353405,-0.0008329620546995153,0.0066044555431425955,-0.0036726320570454885,-0.004351243875859612,0.0112877911419631,0.011231913475048039,0.004112726640946196,0.009428231224517303,0.0008319282988731302
2018-07-13,6.700335,0.858885,68.480632,13.328781,4.849866873,112.548312,0.76001,3.897019668,1.353947,0.004274999913816524,0.0012882090979038363,-0.0005730889858275301,-0.007036160971402583,0.003118089749275077,0.0006010986773730131,0.003840961983986091,0.008489761943313967,0.0004004714036078827
2018-07-16,6.678584,0.853242,68.5593,13.181997,4.854351536,112.329352,0.753157,3.847269625,1.345819,-0.003246255597667891,-0.006570146177893532,0.0011487627625865748,-0.011012559963285318,0.0009246981654211783,-0.0019454756460496325,-0.009016986618597067,-0.012766177037421111,-0.006003189194259351
2018-07-17,6.690356,0.85419,68.455198,13.272059,4.83582472,112.590758,0.75788,3.867856838,1.350474,0.001762649088489443,0.0011110564177572169,-0.0015184227376883186,0.006832196972886617,-0.0038165377728838212,0.0023271388585950348,0.006270936869736454,0.0053511230058380654,0.0034588603668099793
2018-07-18,6.721385,0.861252,68.628025,13.354578,4.833433813,112.755146,0.767531,3.858754629,1.360262,0.004637869793475691,0.00826748147367673,0.0025246731446164627,0.006217497978271425,-0.0004944155626880331,0.0014600487901503811,0.012734205942893206,-0.0023532952177999222,0.007247825578278633
2018-07-19,6.778823,0.862962,69.050311,13.462461,4.828874698,113.030721,0.770608,3.872454263,1.363825,0.008545560178445433,0.001985481601203709,0.006153258818099472,0.008078353355680745,-0.0009432455633794357,0.002444012621827474,0.004008958595809187,0.0035502734216479315,0.0026193483314242982
2018-07-20,6.787489,0.856898,68.826907,13.458955,4.788260497,112.202228,0.766452,3.801542416,1.355441,0.0012783930189650405,-0.007026960630943102,-0.00323538006946833,-0.00026042786679192353,-0.008410696806198326,-0.007329803726546125,-0.005393144114776871,-0.018311861724885525,-0.006147416274082218
2018-07-23,6.786275,0.853534,68.857118,13.503329,4.747695459,111.113008,0.761096,3.783031751,1.350376,-0.00017885848507448454,-0.003925788133476882,0.000438941706329965,0.0032969870246242206,-0.008471769241755966,-0.009707650368582788,-0.006988043608732175,-0.004869251207639258,-0.0037367911993217984
2018-07-24,6.7966,0.854263,68.947548,13.330002,4.873910815,111.105416,0.761814,3.774474628,1.349479,0.0015214532272860293,0.0008540960289806776,0.0013132992292823609,-0.012835871806130217,0.02658455182940167,-6.832683352420155e-05,0.0009433763940422946,-0.002261974935245603,-0.0006642594358904352
2018-07-25,6.761933,0.855432,68.745937,13.210094,4.838579983,111.035073,0.760094,3.724465355,1.348674,-0.005100638554571324,0.0013684310335342342,-0.002924121391525092,-0.008995347487569805,-0.007248969737252087,-0.0006331194511706162,-0.0022577689567269132,-0.013249333464588342,-0.0005965265113426765
2018-07-26,6.78252,0.853534,68.665073,13.19213,4.81853875,110.882554,0.75845,3.714834414,1.3479,0.003044543623842433,-0.002218761982249906,-0.0011762731519681102,-0.0013598692030503123,-0.004141965839236539,-0.0013736110210870178,-0.002162890379347915,-0.0025858586621220203,-0.0005738970277471278
2018-07-27,6.834753,0.860215,68.685161,13.244473,4.88,111.182796,0.764069,3.739526882,1.356129,0.007701119937722378,0.007827456199752891,0.0002925504790476374,0.003967744405186879,0.012755163585640883,0.002707747875287936,0.007408530555738757,0.006646990214945303,0.006105052303583269
2018-07-30,6.822321,0.855871,68.637881,13.181017,4.885142075,111.083533,0.762325,3.708832592,1.351849,-0.0018189391774655617,-0.005049900315618694,-0.0006883582903737251,-0.00479113060972669,0.0010537038934426146,-0.0008927910033850184,-0.002282516369594867,-0.008208067749892467,-0.0031560419399627726
2018-07-31,6.8318,0.852079,68.545075,13.09441,4.884032038,111.486026,0.760225,3.733640082,1.346626,0.0013894098504014796,-0.0044305742337338305,-0.0013521105058589278,-0.006570585562555631,-0.00022722716820888778,0.003623336322945203,-0.00275473059390674,0.006688759706628522,-0.0038635971916981537
2018-08-01,6.79882,0.854993,68.374231,13.264791,4.929377565,111.841655,0.761286,3.764363885,1.348068,-0.004827424690418414,0.003419870692740856,-0.0024924328990814093,0.013011735542113101,0.00928444503377368,0.003189897539266573,0.0013956394488474633,0.008228913962039508,0.001070824415984717
2018-08-02,6.844969,0.860807,68.685117,13.447362,5.054661272,111.414307,0.767367,3.779461135,1.35844,0.00678779552922415,0.006800055672970373,0.004546829930708984,0.013763579086922606,0.025415725484196905,-0.0038210092652868344,0.00798779959174345,0.004010571363772364,0.007693973894492112
2018-08-03,6.834225,0.862962,68.615809,13.364601,5.087849499,111.580946,0.768467,3.744735934,1.353901,-0.0015696199646776376,0.0025034647720105774,-0.0010090686749504307,-0.006154441294879964,0.0065658656859648445,0.0014956696719390372,0.001433473162124388,-0.009187870905305706,-0.0033413327051619035
2018-08-06,6.849692,0.866326,68.864247,13.425193,5.165641514,111.478818,0.773456,3.706835311,1.353981,0.002263168098796786,0.003898201774817478,0.003620710789841608,0.004533767974068237,0.01528976338928456,-0.0009152817184395756,0.006492146051814807,-0.010121040219654653,5.908851533464876e-05
2018-08-07,6.82391,0.86192,68.682124,13.288571,5.296328219,111.084296,0.771272,3.710653336,1.34451,-0.00376396486148578,-0.00508584528226097,-0.0026446669779167653,-0.010176538989048467,0.025299220754249285,-0.0035389862135065675,-0.0028236900353737493,0.0010299958535169296,-0.006994928289244862
2018-08-08,6.836742,0.862887,68.624989,13.427129,5.285788247,111.070843,0.777332,3.756406938,1.35016,0.0018804468405944075,0.0011219138667160067,-0.0008318758458897291,0.010426854776183436,-0.0019900526485856496,-0.00012110622729244458,0.007857150266054047,0.012330335888860233,0.004202274434552233
2018-08-09,6.819029,0.862589,68.647028,13.495213,5.403174329,111.13603,0.775813,3.790131976,1.347882,-0.002590853947684546,-0.00034535228830645526,0.0003211512354488466,0.005070629767540025,0.022207866928196207,0.000586895698630796,-0.001954119989914238,0.0089780043953267,-0.0016872074420809513
2018-08-10,6.849511,0.872905,68.830307,13.902933,6.050017458,110.920042,0.782778,3.832402235,1.368279,0.004470137903798355,0.01195934564433343,0.0026698752348026655,0.03021219450185786,0.11971539128920083,-0.0019434561410913709,0.008977678899425579,0.01115271427688147,0.015132630304433237
2018-08-13,6.887398,0.876962,70.017101,14.366483,6.897395422,110.593703,0.78339,3.907217399,1.3742,0.005531343770380115,0.004647699348726331,0.017242317399513984,0.03334188548560224,0.14006206922254472,-0.002942110317628588,0.0007818308639231386,0.01952174104188198,0.004327333825922874
2018-08-14,6.881291,0.876732,69.903121,14.189374,6.512624934,110.836402,0.782921,3.870243731,1.376118,-0.0008866918972884053,-0.00026226906068915756,-0.001627888021242141,-0.012327930224815598,-0.05578489624833349,0.002194510116005466,-0.0005986800954824734,-0.009462915477767564,0.0013957211468489383
2018-08-15,6.916173,0.883314,69.926243,14.637311,6.127992227,111.006095,0.787298,3.909901952,1.384065,0.005069106945193802,0.007507425302144988,0.0003307720695331362,0.03156848216136954,-0.05905955139408925,0.0015310222719067124,0.005590602372397724,0.01024695697646738,0.005774940811761997
2018-08-16,6.894987,0.879507,70.190853,14.585312,5.837115215,110.835532,0.787142,3.889885664,1.376165,-0.00306325477977476,-0.004309905650765167,0.003784130086897486,-0.003552496766653368,-0.04746693553532799,-0.0015365192334709787,-0.00019814606413337543,-0.005119383617730122,-0.005707824415760787
2018-08-17,6.884382,0.877886,70.160214,14.921078,6.169958739,110.394171,0.786366,3.950575015,1.375647,-0.0015380739659118792,-0.001843077997105147,-0.000436509868315893,0.02302083081938866,0.05702192122997185,-0.003982125515489043,-0.0009858449936606117,0.015601834152007665,-0.00037640835219610036
2018-08-20,6.860858,0.875657,69.824869,14.585026,6.117600701,110.551664,0.78352,3.924518389,1.368739,-0.003417009689468009,-0.0025390540457417288,-0.004779703209000896,-0.0225219652360239,-0.008485962421279747,0.0014266423541511308,-0.003619179872985323,-0.0065956540253165885,-0.0050216370914922814
2018-08-21,6.846461,0.869414,69.81525,14.444966,6.143018605,110.424274,0.780212,3.96652756,1.361242,-0.0020984255905019955,-0.00712950390392586,-0.00013775894087253437,-0.009602999679259927,0.0041548811768388205,-0.0011523119181634511,-0.004221972636307969,0.010704286956011444,-0.0054773042924910476
2018-08-22,6.841426,0.860882,69.894972,14.273674,6.032283058,110.261708,0.774174,4.038567493,1.358902,-0.0007354164436195187,-0.009813506568792318,0.001141899513358302,-0.011858248749079814,-0.018026243142071685,-0.001472194419861017,-0.007738922241647073,0.018161964567315447,-0.0017190183670501291
2018-08-23,6.878228,0.863632,70.110977,14.224458,6.069004232,110.812678,0.776216,4.056999741,1.372139,0.0053792878853033965,0.003194398303135504,0.0030904225843313426,-0.0034480260653283468,0.006087442125465303,0.00499692966845755,0.0026376499339941795,0.004564055951014279,0.00974095262204333
2018-08-24,6.84553,0.862962,69.909821,14.25,6.05833621,111.296168,0.778391,4.08828098,1.369348,-0.004753840669428189,-0.0007757933934823269,-0.0028691084992299443,0.0017956395948441894,-0.0017577878663769253,0.004363128919237846,0.0028020550980656367,0.007710436528716613,-0.0020340504861388053
2018-08-27,6.825067,0.859623,70.165048,14.309636,6.196338004,111.028969,0.776799,4.092323562,1.365598,-0.002989249919290393,-0.0038692317854088776,0.0036508032254867206,0.004184982456140407,0.022778827258251422,-0.00240079245136271,-0.0020452446135682534,0.0009888219571443368,-0.002738529577579918
2018-08-28,6.80111,0.853971,70.108027,14.166866,6.260973527,111.041845,0.774381,4.091289496,1.359863,-0.003510148691580506,-0.006574975308943576,-0.0008126695787337157,-0.009977192990792916,0.010431245512797283,0.00011596973398897426,-0.0031127743470319436,-0.00025268432085912007,-0.00419962536559082
2018-08-29,6.828988,0.857633,70.617925,14.423328,6.452487136,111.26072,0.776158,4.155317324,1.371269,0.004099036774879217,0.004288201824183657,0.0072730330864965165,0.018102945280910943,0.03058847129349962,0.0019711037762386585,0.0022947360536997863,0.01564979160301405,0.008387609634205928
2018-08-30,6.832621,0.855286,70.744954,14.548409,6.719124187,111.460828,0.767687,4.124273007,1.36974,0.0005319968346699788,-0.002736601786545001,0.0017988209084309759,0.00867213170219805,0.04132314336782894,0.0017985502880082382,-0.010914014929949811,-0.0074709858668786655,-0.0011150255712045753
2018-08-31,6.837525,0.858295,71.00206,14.739336,6.556175436,110.763025,0.770234,4.170543301,1.384345,0.0007177333559114096,0.003518121423710996,0.0036342662686583704,0.01312356560775818,-0.024251486721330373,-0.00626052230654528,0.0033177584093517787,0.011219018217627053,0.010662607502153643
2018-09-03,6.82393,0.861401,71.215006,14.880954,6.641743475,111.146524,0.776622,4.122577311,1.38763,-0.0019882925473765356,0.003618802393116516,0.0029991524189580954,0.009608166880787472,0.013051517586022188,0.0034623377250666554,0.00829358350838838,-0.011501137031355024,0.0023729633870168687
2018-09-04,6.839561,0.864902,71.584933,15.239318,6.676007611,111.226431,0.778914,4.182494378,1.391714,0.00229061552507126,0.004064309189332205,0.005194509146007942,0.02408205817987219,0.005158906863683033,0.0007189338642745735,0.0029512426894937605,0.014533885596305973,0.0029431476690471303
2018-09-05,6.831981,0.863409,71.752288,15.533241,6.66896909,111.526507,0.7799,4.175790019,1.393887,-0.0011082582639441174,-0.001726207130981261,0.002337852296376175,0.019287149201821174,-0.0010543009250623125,0.0026978839229319096,0.0012658650377321834,-0.0016029570859116271,0.0015613840199928397
2018-09-06,6.829207,0.85955,71.959343,15.32001,6.556816228,111.35465,0.772082,4.118789754,1.389376,-0.0004060315741509779,-0.004469492442168099,0.0028856919517328272,-0.013727399195055279,-0.016817121280134795,-0.0015409520536673327,-0.010024362097704853,-0.01365017511432487,-0.0032362738155963244
2018-09-07,6.842531,0.860956,71.734826,15.112355,6.437537667,110.839432,0.768618,4.059405941,1.396384,0.0019510317962245782,0.0016357396312023376,-0.0031200535002106067,-0.013554495068867412,-0.01819153638783355,-0.0046268207030421005,-0.004486570079343943,-0.014417782054140793,0.005043990971486556
2018-09-10,6.863106,0.86423,72.454844,15.169994,6.461239305,111.088065,0.772103,4.073545934,1.404978,0.003006928284285504,0.0038027495017167734,0.01003721679062819,0.003814031631734327,0.0036817863018494545,0.002243181830812624,0.004534111873518487,0.0034832665679445096,0.006154467539015052
2018-09-11,6.868758,0.864006,72.659841,15.092189,6.475980646,111.301192,0.769552,4.148176948,1.409193,0.0008235338343891563,-0.0002591902618516162,0.002829307037083728,-0.005128874803773886,0.0022815036410417378,0.0019185409341677673,-0.0033039633313171057,0.01832089663629155,0.0030000469758244552
2018-09-12,6.869918,0.863185,72.223133,15.051187,6.368666379,111.463099,0.768476,4.131117825,1.40423,0.0001688806040336388,-0.0009502248826976922,-0.006010307674634174,-0.0027167695819340087,-0.016571122254091963,0.0014546744476915396,-0.0013982161049544972,-0.004112438599858881,-0.0035218738668159055
2018-09-13,6.845267,0.860585,72.030981,14.762909,6.202065404,111.600688,0.765921,4.149225473,1.391308,-0.003588252436200867,-0.0030121005346477325,-0.0026605326024835563,-0.019153173766294995,-0.026159475953921763,0.0012343905851748271,-0.003324762256726399,0.004383232037203033,-0.009202196221416825
2018-09-14,6.854307,0.855505,71.816237,14.829156,6.114637694,111.857302,0.76335,4.185216871,1.391051,0.0013206205104929758,-0.005902961357681202,-0.0029812727387399374,0.004487394726879312,-0.014096547570042417,0.0022993944266722632,-0.0033567430583572033,0.00867424492455382,-0.00018471826511456957
2018-09-17,6.866507,0.856825,72.517779,14.970011,6.283266215,112.06409,0.761503,4.193470996,1.393025,0.0017799027677050105,0.0015429483170759095,0.00976857085953986,0.009498517649959348,0.027577843437145422,0.0018486768078849192,-0.0024195978253749306,0.0019722096260279542,0.0014190709039423322
2018-09-18,6.866461,0.85492,72.976832,14.925109,6.416431564,112.174062,0.760563,4.144737967,1.388732,-6.699184898595334e-06,-0.0022233244828290255,0.006330213174344346,-0.0029994633938478232,0.021193650633820837,0.000981331307825739,-0.001234400915032574,-0.011621167535553423,-0.003081782451858306
2018-09-19,6.85549,0.857118,72.384932,14.657067,6.27719208,112.231079,0.761233,4.164052456,1.380732,-0.0015977663020295685,0.0025710007953960723,-0.008110793299440533,-0.01795913182275599,-0.021700454935297153,0.0005082904103088648,0.0008809263663891453,0.004660002430498578,-0.00576065072310572
2018-09-20,6.845017,0.84969,72.012066,14.469963,6.314895063,112.142068,0.75274,4.111649248,1.372929,-0.0015276807347103238,-0.008666251321288398,-0.00515115493926277,-0.01276544618374198,0.006006345276597047,-0.0007931047334936991,-0.011156899398738762,-0.012584665672136897,-0.005651350153396906
2018-09-21,6.846075,0.850412,72.191938,14.364997,6.287524449,112.628625,0.760269,4.075176461,1.373756,0.00015456499231469856,0.0008497216631948579,0.002497803631963391,-0.0072540613960104805,-0.004334294351202805,0.0043387553723373,0.010002125567925235,-0.008870597855043516,0.0006023618118635721
2018-09-24,6.857131,0.849401,72.680285,14.235199,6.208527988,112.596619,0.759857,4.062006286,1.374926,0.0016149399473421866,-0.0011888355291317376,0.006764564209372104,-0.00903571368653966,-0.012564000607991899,-0.0002841728734590543,-0.0005419134543167559,-0.003231804837420027,0.0008516796286968109
2018-09-25,6.874246,0.849113,72.694659,14.374968,6.141037616,112.745181,0.759319,4.120913645,1.37845,0.002495941815899405,-0.00033906246872794643,0.00019777027566703076,0.009818549076834104,-0.010870591568637011,0.0013194179480646717,-0.0007080279578921544,0.014502035411178005,0.002563047029439991
2018-09-26,6.874414,0.852006,72.60714,14.298969,6.119110505,112.984579,0.758967,4.088353071,1.380421,2.4439043932789062e-05,0.0034070848049672087,-0.0012039261371320498,-0.005286898725618161,-0.003570587312943796,0.0021233546114933777,-0.0004635732807950488,-0.007901299761402747,0.001429866879466113
2018-09-27,6.880499,0.85419,72.591612,14.107115,6.014777484,112.881182,0.759998,4.039463569,1.383787,0.0008851663574525048,0.0025633622298433245,-0.0002138632646871974,-0.013417330997780308,-0.017050357386869996,-0.0009151425877331754,0.0013584253333807084,-0.011958238721305525,0.0024383865501902413
2018-09-28,6.881652,0.863856,72.491361,14.205857,6.016758811,113.363856,0.7665,4.019955079,1.386317,0.00016757505523945504,0.01131598356337582,-0.0013810273286120056,0.006999446733084724,0.00032940985851448445,0.00427594742939541,0.008555285671804302,-0.00482947541592238,0.0018283160630934159
2018-10-01,6.868861,0.861623,72.911856,14.158711,5.952093745,113.949681,0.767517,4.038342237,1.384629,-0.0018587106700542755,-0.0025849215610008747,0.005800622228626651,-0.0033187719684916184,-0.01074749180269241,0.0051676523776678085,0.001326810176125237,0.004573971011779143,-0.0012176147302528362
2018-10-02,6.868838,0.866326,73.377805,14.38205,6.013947847,113.887204,0.771403,3.985272459,1.393139,-3.3484445237652594e-06,0.005458303689664712,0.006390579331844171,0.015773964169478294,0.010391990558273667,-0.0005482858701465476,0.00506308003601208,-0.013141476102190075,0.006146050674946002
2018-10-03,6.868808,0.865951,73.360755,14.377468,6.066678213,113.846554,0.769787,3.874004157,1.398164,-4.367550960004962e-06,-0.0004328624559346572,-0.0002323590900544792,-0.0003185915776957593,0.008768011852032354,-0.00035693210977416623,-0.002094884256348406,-0.027919873269573126,0.003606962406479175
2018-10-04,6.868892,0.869414,73.576769,14.676839,6.13154234,114.162754,0.770127,3.92244827,1.411407,1.2229196099333706e-05,0.003999071540999433,0.002944544395705906,0.020822233789704825,0.010691868716723008,0.002777422670167118,0.00044168062074323444,0.012504920241880768,0.009471707181704092
2018-10-05,6.868851,0.869112,73.773249,14.75352,6.167477838,113.879715,0.766252,3.842864592,1.414045,-5.968939386313821e-06,-0.00034736040597460605,0.002670408101230981,0.005224626365391227,0.005860759986205943,-0.002479258690623376,-0.00503163763898673,-0.02028928682340525,0.0018690569056267758
2018-10-08,6.926468,0.871232,74.061683,14.864088,6.136434919,113.355985,0.766771,3.754399721,1.415055,0.008388156912997546,0.002439271348226635,0.003909736983388035,0.0074943471117401295,-0.0050333247747942345,-0.004598975331120192,0.0006773228650625018,-0.02302055377755563,0.0007142629831440317
2018-10-09,6.924792,0.874508,74.406646,15.02606,6.137560122,113.205072,0.766769,3.770179274,1.416965,-0.00024197036642625847,0.0037601924630867867,0.004657779651050964,0.010896867671935206,0.00018336428477638833,-0.0013313192064804413,-2.608340690990474e-06,0.004202949651774812,0.001349770856963195
2018-10-10,6.923565,0.869565,74.226522,14.629826,6.077043478,113.243478,0.760417,3.729826087,1.409217,-0.00017718943760336447,-0.005652321076536682,-0.0024208052597881613,-0.02636978689024272,-0.009860049074399857,0.00033926041758980396,-0.008284111642489544,-0.010703254160428055,-0.005468024968859564
2018-10-11,6.909892,0.863931,74.092009,14.596803,5.995766739,112.311015,0.755853,3.738228942,1.409417,-0.0019748496619876876,-0.006479101619775385,-0.0018121959156324197,-0.002257238056009636,-0.013374388268610704,-0.00823414307356396,-0.006001969971739185,0.0022528811810522686,0.00014192278407088033
2018-10-12,6.915759,0.864006,73.565319,14.428892,5.876965613,112.312079,0.757214,3.782961811,1.402799,0.0008490726048975272,8.681248849740086e-05,-0.007108593856592571,-0.011503272326138791,-0.019814167423700235,9.473692317740756e-06,0.0018006146697837622,0.011966326753670486,-0.0046955585181674975
2018-10-15,6.919523,0.863483,73.804939,14.43131,5.773249288,111.846991,0.760254,3.755979622,1.40152,0.0005442641942843274,-0.0006053198704639717,0.003257241363963992,0.00016758043514353282,-0.01764793803975595,-0.004141032773509523,0.004014717107713173,-0.007132556538514856,-0.0009117485826549698
2018-10-16,6.912488,0.863036,73.461638,14.24562,5.788383533,112.125658,0.755959,3.712522655,1.40183,-0.0010166885781000001,-0.0005176708748174663,-0.004651463772634701,-0.012867161747616707,0.00262144318476909,0.0024915019841704744,-0.005649427691271525,-0.011570075286207238,0.0002211884239966544
2018-10-17,6.928621,0.867303,73.626626,14.264614,5.708412836,112.254987,0.762749,3.737207285,1.404163,0.0023338919358701915,0.004944173823571596,0.0022459069044991065,0.0013333221018108077,-0.013815721875387377,0.0011534291285941745,0.008981968598826162,0.0066490180111777875,0.0016642531548047845
2018-10-18,6.939157,0.869187,73.607127,14.263711,5.579313342,112.507605,0.76352,3.689960887,1.401043,0.0015206489141201818,0.002172251220161847,-0.00026483625638362707,-6.330350053629363e-05,-0.022615654772870752,0.0022503944524085995,0.0010108174510881085,-0.012642166836619673,-0.002221964259135123
2018-10-19,6.930166,0.87184,73.341761,14.341674,5.627201395,112.510898,0.767393,3.693286835,1.40061,-0.0012956905284028375,0.0030522775881367536,-0.0036051672007250124,0.0054658286332356365,0.008583144567183343,2.9269132517661944e-05,0.005072558675607741,0.0009013504754800117,-0.00030905546796222705
2018-10-22,6.94284,0.870019,73.556638,14.290064,5.662954585,112.780581,0.769314,3.705411519,1.408126,0.0018288162217183768,-0.002088685997430728,0.002929804208001041,-0.0035986036218644823,0.006353636113284988,0.002396950027009792,0.002503280587652146,0.0032828980097345806,0.005366233284069155
2018-10-23,6.936139,0.871232,73.569873,14.35433,5.769907649,112.179822,0.767581,3.695068827,1.415142,-0.000965166992181965,0.0013942224250276247,0.00017992937632627104,0.004497250677113929,0.018886442120390257,-0.005326794689947567,-0.002252656262592523,-0.002791239771066323,0.0049825086675481245
2018-10-24,6.94442,0.87804,73.16314,14.352006,5.706471156,112.714022,0.774721,3.705154096,1.410747,0.0011938918755809436,0.007814221699845803,-0.005528526602186723,-0.00016190236674229475,-0.010994368863251114,0.004761997215506408,0.009301949891933337,0.0027293859660493247,-0.0031056954001789094
2018-10-25,6.944289,0.875964,73.276542,14.480992,5.645234758,112.359846,0.775517,3.710318851,1.409863,-1.8864066401502733e-05,-0.0023643569769031814,0.001549988149770698,0.008987315083341052,-0.010731044865724737,-0.0031422532326988994,0.0010274666621918893,0.0013939379756366943,-0.0006266183801914016
2018-10-26,6.945879,0.881446,73.459674,14.719436,5.63675628,112.058175,0.781666,3.713089467,1.422829,0.00022896512515524492,0.006258248055856175,0.0024991899863398004,0.01646599901443202,-0.0015018822712350444,-0.002684864840416412,0.00792890420197101,0.0007467325885626153,0.009196638254922451
2018-10-29,6.958527,0.878657,73.420174,14.476847,5.544767595,112.397856,0.780142,3.622792373,1.411212,0.0018209358383582952,-0.0031641189590739804,-0.0005377099822142517,-0.016480862446088373,-0.016319436291114653,0.003031291559049576,-0.0019496818334172605,-0.02431858828140654,-0.008164719723874003
2018-10-30,6.964738,0.879353,73.626451,14.622846,5.505891664,112.803377,0.783925,3.718079493,1.409163,0.0008925739599774385,0.0007921179709489135,0.0028095411487312205,0.010084999862193689,-0.007011282318677536,0.003607906898152935,0.004849117211994658,0.02630212007460253,-0.0014519434358550853
2018-10-31,6.974289,0.883548,73.979943,14.838487,5.500530129,113.226719,0.785236,3.705866761,1.411203,0.0013713365815053447,0.004770552895139835,0.004801154954487741,0.01474685570784251,-0.0009737814194666905,0.0037529195602008514,0.0016723538603822252,-0.0032846882437540526,0.0014476678709276491
2018-11-01,6.93812,0.877732,73.448609,14.572193,5.551215659,112.806109,0.773923,3.69332046,1.39182,-0.005186048355610207,-0.006582551259241232,-0.007182135839169268,-0.01794616930957993,0.009214662734556178,-0.003714759234523024,-0.014407133651539228,-0.0033855240377326234,-0.013735089848873616
2018-11-02,6.89428,0.875887,72.443286,14.340019,5.47770868,112.893054,0.769642,3.696680389,1.387405,-0.00631871457974198,-0.002102008357904195,-0.013687434162299894,-0.015932673963349298,-0.013241600311604818,0.000770747265114835,-0.005531558049056584,0.000909731239514544,-0.0031721055883663363
2018-11-05,6.92876,0.879507,73.080035,14.356201,5.433861038,113.289358,0.769877,3.716182938,1.389886,0.005001247410897136,0.004132953223418223,0.008789620614393368,0.0011284503876878293,-0.008004741500783896,0.003510437409196099,0.0003053367669643148,0.005275692499149498,0.0017882305455148018
2018-11-06,6.914158,0.875044,72.959835,14.206423,5.359292965,113.151908,0.764027,3.748074904,1.381607,-0.0021074477972971017,-0.005074433745268614,-0.0016447720639433117,-0.01043298293190531,-0.013722852402468844,-0.0012132648858331763,-0.00759861640236037,0.008581914973530225,-0.005956603635118185
2018-11-07,6.914425,0.870549,72.499347,13.947593,5.341429442,113.188822,0.760886,3.748672412,1.371115,3.8616415765968526e-05,-0.00513688454523431,-0.006311527431496988,-0.01821922379757379,-0.0033331865073735756,0.0003262340039373868,-0.0041111112565394015,0.00015941730496416007,-0.007594055328324134
2018-11-08,6.932073,0.87535,72.408526,13.969713,5.420693277,113.707983,0.762981,3.730917367,1.371499,0.0025523452781686107,0.005514910705773035,-0.0012527147313479148,0.0015859367275774527,0.01483944248645197,0.004586680829667067,0.002753369098656089,-0.004736355447641616,0.00028006403547475855
2018-11-09,6.949762,0.881368,72.504848,14.267936,5.487484576,113.925613,0.767257,3.749338974,1.380487,0.002551761933262897,0.006874964299994346,0.0013302577102591862,0.021347825828633704,0.01232154183735057,0.0019139377399737256,0.005604333528619998,0.004937554276312595,0.006553413454913226
2018-11-12,6.963782,0.887705,72.890013,14.367599,5.440035508,113.803817,0.777301,3.747625388,1.386862,0.002017335269898446,0.007189959245173405,0.0053122654639590206,0.006985102820758371,-0.00864677929256008,-0.001069083560691464,0.013090789657181467,-0.0004570368301940464,0.004617935554626751
2018-11-13,6.957997,0.888021,72.674718,14.43069,5.493029038,113.950804,0.77209,3.772222716,1.387799,-0.0008307267516416417,0.00035597411302168425,-0.0029536968253798257,0.004391199949274727,0.009741394136503212,0.0012915823376997704,-0.006703966674428519,0.006563443635204669,0.0006756259815323684
2018-11-14,6.953169,0.885269,72.30347,14.343573,5.464323654,113.88102,0.770609,3.797893059,1.386066,-0.0006938778501915932,-0.0030990258113264835,-0.005108351435226699,-0.006036925469260379,-0.005225784135022837,-0.0006124046303350728,-0.0019181701615097468,0.00680509740082913,-0.0012487399111831277
2018-11-15,6.93923,0.884564,71.977001,14.262539,5.4,113.365767,0.78169,3.783458647,1.376736,-0.0020046974264540385,-0.00079636810958017,-0.004515260470901339,-0.005649498907977724,-0.011771567365507996,-0.004524485291754532,0.014379536185017416,-0.0038006367677453357,-0.006731281194402028
2018-11-16,6.950379,0.881368,71.896263,14.206328,5.354662436,113.141195,0.778689,3.760444209,1.376961,0.0016066624106709781,-0.0036130794380055953,-0.001121719422569445,-0.003941163631524636,-0.008395845185185213,-0.0019809507397414716,-0.0038391178088500455,-0.006082909884121079,0.00016343002580021526
2018-11-19,6.943992,0.87512,71.65704,14.012602,5.315043318,112.794259,0.779583,3.754878796,1.370438,-0.0009189426936286882,-0.007088979858583477,-0.0033273356641638774,-0.0136365991268117,-0.00739899451618764,-0.003066398582762031,0.001148083509591169,-0.001479988185087322,-0.004737243828982884
2018-11-20,6.943262,0.87558,71.491113,14.064355,5.358812713,112.371946,0.778461,3.75790211,1.375711,-0.00010512684922447946,0.0005256421976413961,-0.0023155715056050186,0.0036933183430174488,0.008235002497866795,-0.0037441001319047373,-0.0014392309734820863,0.0008051695312298879,0.003847674976905191
2018-11-21,6.934964,0.876501,71.30511,13.938119,5.336839337,113.10369,0.781033,3.791918661,1.378298,-0.0011951154947055231,0.0010518741862535208,-0.0026017639423238093,-0.008975598241085403,-0.004100418726464272,0.006511803221775692,0.0033039548545141795,0.009052005614909486,0.001880482165222297
2018-11-22,6.932562,0.876962,70.6871,13.77199,5.291239148,112.952732,0.776971,3.803209682,1.378672,-0.00034636084628558717,0.0005259549047862411,-0.008667120771568837,-0.011919040151687543,-0.008544418544485066,-0.0013346867816602659,-0.00520080457547889,0.002977653797305413,0.00027134915671345183
2018-11-23,6.947322,0.880902,70.651868,13.874824,5.284707541,112.817125,0.779422,3.80593728,1.383721,0.0021290830143314565,0.004492783039629966,-0.0004984219185679706,0.007466894762485188,-0.0012344191629418688,-0.0012005641439464254,0.003154557892122156,0.0007171831763337355,0.003662219875358419
2018-11-26,6.940861,0.880049,70.877849,13.845111,5.23268503,113.262343,0.778316,3.855319898,1.378509,-0.0009299986383242143,-0.0009683256480289559,0.00319851415676653,-0.0021415046417886385,-0.009843971609856839,0.00394636895772682,-0.0014190002335062735,0.012975152864316053,-0.0037666552722694924
2018-11-27,6.948093,0.882768,70.764477,13.799435,5.235963983,113.576977,0.783439,3.885151836,1.379855,0.0010419456606320932,0.003089600692688821,-0.001599540640687347,-0.003299070697230122,0.0006266291552428083,0.0027779224026824867,0.006582159431387735,0.00773786320960701,0.0009764172740258648
2018-11-28,6.953563,0.886211,70.580468,13.939383,5.252392769,113.851471,0.782037,3.862017015,1.382045,0.0007872663765438048,0.0039002319975349753,-0.0026003018435365455,0.010141574636932438,0.0031376812471095583,0.002416810230827071,-0.0017895458357319871,-0.005954676155930705,0.001587123284692904
2018-11-29,6.943269,0.878194,69.848951,13.627997,5.159128831,113.2783,0.782779,3.852375516,1.363397,-0.0014803921385339036,-0.00904637834556321,-0.010364297952799029,-0.022338578400492914,-0.017756466833640183,-0.005034375006011116,0.0009488042125884721,-0.002496493144010681,-0.01349304834502496
2018-11-30,6.94577,0.880359,69.620125,13.756317,5.172374329,113.557531,0.784118,3.859758782,1.370279,0.0003602049697339904,0.002465286713414061,-0.0032760119761855444,0.009415910496604729,0.002567390432355765,0.0024649999161356906,0.0017105722049262084,0.0019165488850543255,0.005047686037155774
2018-12-03,6.889693,0.882457,70.412107,13.685492,5.247087893,113.572185,0.78671,3.826950229,1.354924,-0.008073546921363639,0.0023831187049829783,0.011375762396290012,-0.0051485437562974745,0.01444473258269463,0.00012904472183361548,0.0033056249186984576,-0.00850015631883605,-0.011205747150762724
2018-12-04,6.835481,0.876501,70.533789,13.611359,5.349723902,112.78815,0.780594,3.825225699,1.354282,-0.00786856540632519,-0.006749337361480534,0.0017281403040529941,-0.00541690426621122,0.019560565992600143,-0.006903406850893967,-0.007774148034218498,-0.0004506277575631046,-0.0004738273142995686
2018-12-05,6.856438,0.880747,70.517879,13.771887,5.324379073,113.008631,0.782852,3.848159239,1.371235,0.003065914454301044,0.004844261444082676,-0.00022556565052822553,0.011793679088179188,-0.004737595708542042,0.001954824154842383,0.00289266891623563,0.005995342969173034,0.012518072306949346
2018-12-06,6.892697,0.88098,70.914457,14.077791,5.369306669,112.800634,0.783455,3.908906704,1.387102,0.005288314427987384,0.00026454816195808917,0.005623793648132924,0.022212206649677046,0.008438091162184191,-0.0018405408344429608,0.0007702605345583091,0.015786109988469743,0.011571320743709146
2018-12-07,6.881013,0.87943,70.80204,14.130068,5.331017501,112.883651,0.78344,3.900976167,1.38651,-0.0016951274660702564,-0.0017594042997570725,-0.001585247984060456,0.003713437711925227,-0.007131119595210511,0.0007359621755316237,-1.914596243557387e-05,-0.0020288376266143215,-0.000426789089771451
2018-12-10,6.911772,0.875274,72.409978,14.307484,5.295317287,112.726477,0.789891,3.897067834,1.386608,0.004470126709541056,-0.004725788294690947,0.02271033433499925,0.012555919759197343,-0.006696697955559827,-0.0013923539733844414,0.00823419789645663,-0.001001885895397736,7.068106252394735e-05
2018-12-11,6.898497,0.878812,71.905703,14.316109,5.386677212,113.147025,0.792934,3.903418578,1.386589,-0.001920636270988152,0.004042162797021298,-0.006964164524397298,0.0006028313573511745,0.017252965223498284,0.0037306940764234575,0.003852430272024865,0.0016296211075910172,-1.3702502798196292e-05
2018-12-12,6.888331,0.881368,71.998942,14.231888,5.36691345,113.405606,0.794421,3.867530407,1.386568,-0.0014736543336903996,0.0029084718915990404,0.001296684353395472,-0.005882953252172141,-0.003669008040053323,0.002285353945452817,0.0018753137083289406,-0.009194036018137841,-1.5145079039324827e-05
2018-12-13,6.881189,0.87943,71.610237,14.178788,5.361709612,113.499252,0.79015,3.876791839,1.383256,-0.0010368259016588777,-0.002198854507992065,-0.005398759887332849,-0.0037310580296865403,-0.0009696146674398332,0.000825761647091694,-0.005376242571633938,0.0023946630085280862,-0.0023886314987796586
2018-12-14,6.901196,0.886132,71.976074,14.371821,5.387594152,113.540097,0.796057,3.910412051,1.395924,0.0029074917140046175,0.007620845320264191,0.005108724888035265,0.013614210184960784,0.004827665403972725,0.000359870213065383,0.007475795734986912,0.008672173641562475,0.00915810233246761
2018-12-17,6.897275,0.881756,71.610087,14.356053,5.375011022,113.2528,0.792611,3.911030773,1.393263,-0.0005681623880846587,-0.0049383161876560555,-0.00508484249918939,-0.001097146979495589,-0.002335574960732556,-0.0025303571829783378,-0.004328835749198956,0.00015822424642975008,-0.0019062642378812056
2018-12-18,6.89593,0.878966,70.539685,14.336468,5.342533181,112.384636,0.788565,3.899622044,1.389646,-0.00019500454889787022,-0.0031641406466187405,-0.01494764278110694,-0.0013642329127649955,-0.0060423766327301065,-0.007665717757088464,-0.005104647803273021,-0.002917064493268784,-0.0025960640596929263
2018-12-19,6.898992,0.876808,70.246383,14.25708,5.336256028,112.327926,0.791916,3.90311267,1.392284,0.00044403002930715196,-0.002455157537379127,-0.0041579715021411445,-0.00553748663896847,-0.001174939450507062,-0.0005046063413863822,0.004249491164330044,0.0008951190552866084,0.0018983251849753469
2018-12-20,6.887084,0.873286,69.818356,14.199633,5.267574884,111.728233,0.788883,3.849096149,1.401624,-0.001726049254731743,-0.0040168429120172044,-0.006093224757209192,-0.0040293664621366965,-0.012870661310031117,-0.005338770342826482,-0.0038299516615397655,-0.013839344535242382,0.006708401446831269
2018-12-21,6.905993,0.876117,70.124409,14.434291,5.304538286,111.249343,0.790389,3.863588575,1.408884,0.002745574179144672,0.00324177875289422,0.0043835606785127545,0.016525638373893203,0.007017157385322381,-0.0042862040071823815,0.0019090283350002846,0.0037651504246691836,0.00517970582695515
2018-12-24,6.901297,0.876578,70.142882,14.62798,5.301542777,110.860799,0.789253,3.904014727,1.418829,-0.0006799891051149087,0.0005261854295715018,0.0002634318101704114,0.013418670858166948,-0.0005647068299809987,-0.0034925509627503626,-0.0014372669660129844,0.010463368760738057,0.007058778437401436
2018-12-27,6.865518,0.878966,70.268524,14.521227,5.279687088,110.872814,0.791711,3.936538631,1.420497,-0.0051843878042054925,0.0027242299031005057,0.0017912295077924245,-0.007297863409712169,-0.00412251488280313,0.00010837915754158267,0.0031143372277331327,0.008330886606309651,0.0011756173576942253
2018-12-28,6.877772,0.873057,70.04147,14.362319,5.273266981,110.354461,0.788135,3.878732321,1.415663,0.0017848616812308205,-0.006722671866716157,-0.0032312333755579736,-0.010943152393389388,-0.0012160014207266423,-0.004675203788008897,-0.004516799690796325,-0.014684552958474373,-0.003403034290111129
2018-12-31,6.877817,0.873362,69.633013,14.375022,5.291528384,109.912664,0.781249,3.881222707,1.416594,6.542816481935887e-06,0.0003493471789355329,-0.005831645166784694,0.0008844671950261063,0.0034630150655745595,-0.004003435801294808,-0.008737081845115457,0.0006420618371927311,0.0006576423908797313
2019-01-02,6.858384,0.877424,70.181188,14.484075,5.3636922,109.04624,0.791129,3.85452312,1.427832,-0.0028254604622368618,0.0046509923720061686,0.00787234353911992,0.007586284041861013,0.013637612947178246,-0.007882840506895583,0.01264641618741269,-0.006879169018527587,0.007933112804374476
2019-01-03,6.875132,0.881213,70.151569,14.465016,5.485371872,107.692986,0.795841,3.772823405,1.435231,0.0024419746692514455,0.00431832272652688,-0.0004220361729985189,-0.001315858969247241,0.022685804379304342,-0.012409909777723604,0.005956045095047768,-0.02119580359398654,0.005181982193983581
2019-01-04,6.86486,0.876962,69.658423,14.134438,5.411470666,108.041743,0.789161,3.761203192,1.419714,-0.0014940804045652234,-0.0048240323281658615,-0.0070297216018075925,-0.022853621454687723,-0.013472414947330758,0.0032384374596130527,-0.008393636417324601,-0.0030799779773948988,-0.01081150003030873
2019-01-07,6.851988,0.873744,69.628222,13.861424,5.358235037,108.256881,0.783923,3.694975972,1.401485,-0.0018750564468903441,-0.003669486249119225,-0.0004335584800707615,-0.01931551859366465,-0.009837552910427205,0.001991248882388108,-0.006637428864325501,-0.01760798782178641,-0.012839910010044142
2019-01-08,6.853584,0.874126,70.144231,14.01792,5.493968531,108.793706,0.784467,3.724125874,1.402273,0.000232925101445014,0.0004371989965024081,0.007410917371981851,0.011290037733497016,0.025331754404710694,0.004958807191202785,0.0006939457064023546,0.007889064021226133,0.0005622607448527717
2019-01-09,6.828983,0.872981,70.394151,13.979572,5.534613706,108.860759,0.784924,3.68790921,1.395199,-0.00358950878839448,-0.0013098798113772014,0.0035629444708003,-0.0027356412363603866,0.007398144851150423,0.0006163316102127947,0.0005825611529866048,-0.009724876447610664,-0.0050446667660292155
2019-01-10,6.780494,0.866927,70.394885,13.847508,5.436410923,108.105765,0.783901,3.680190724,1.38977,-0.007100471622202065,-0.006934858834270141,1.0427002663959684e-05,-0.009446927273596084,-0.017743385214678886,-0.006935410031451261,-0.0013033108937935411,-0.002092916490208263,-0.0038912011834871807
2019-01-11,6.756438,0.867077,70.534553,13.839764,5.464666609,108.306598,0.780499,3.715338594,1.384722,-0.003547824096592378,0.00017302494904414267,0.001984064609239722,-0.0005592341957844083,0.005197489005192235,0.001857745514311837,-0.004339833729003928,0.00955055665207416,-0.0036322556969857756
2019-01-14,6.766809,0.872068,70.8289,13.884887,5.515043167,108.075347,0.778434,3.727130025,1.390512,0.0015349804142359424,0.005756120852012048,0.004173089464393431,0.0032603879661532442,0.009218596778993282,-0.0021351515445070524,-0.002645743300119685,0.003173716392643966,0.004181344703124479
2019-01-15,6.760329,0.87535,71.105567,13.819765,5.451680672,108.560924,0.77928,3.708858543,1.390406,-0.0009576153250373531,0.003763467986441338,0.0039061315367030502,-0.0046901353968527015,-0.011489029746700408,0.004492948794325935,0.0010867973392734154,-0.004902292615884818,-7.623091350517086e-05
2019-01-16,6.76249,0.87804,71.126087,13.704978,5.370620774,108.797963,0.777856,3.71156379,1.393801,0.00031965899884456306,0.003073056491689208,0.0002885849992588785,-0.008306002309011795,-0.014868790539461774,0.0021834652033727586,-0.0018273277897545848,0.000729401504165228,0.002441732846377276
2019-01-17,6.771411,0.877501,71.05695,13.771499,5.372060372,108.766234,0.774482,3.762636013,1.394788,0.0013191886420533816,-0.0006138672497837394,-0.0009720343535839504,0.004853783785716326,0.0002680505774992348,-0.00029163229829953785,-0.004337563765015595,0.013760297785424758,0.0007081355229332509
2019-01-18,6.778723,0.877039,71.116909,13.785915,5.357919663,109.436941,0.772891,3.745044729,1.390107,0.0010798340257296424,-0.0005264951265012696,0.0008438161221386853,0.0010467996258067824,-0.0026322691892488592,0.006166500165851074,-0.0020542762775636048,-0.004675255310165993,-0.0033560655812926443
2019-01-21,6.797923,0.880127,71.231737,13.866485,5.339464883,109.663792,0.777178,3.771607111,1.398433,0.0028323918826598238,0.003520938065467938,0.0016146371040954843,0.005844370866932014,-0.0034443928167573468,0.002072892370045265,0.005546707103589066,0.007092674166028656,0.005989466997864179
2019-01-22,6.808085,0.880747,71.381011,13.890699,5.350537256,109.432799,0.775057,3.753919324,1.402413,0.0014948683590561007,0.000704443790498388,0.002095610837062667,0.001746224800300844,0.0020736858922423274,-0.00210637436283434,-0.002729104529464288,-0.004689721511133227,0.0028460426777685566
2019-01-23,6.786927,0.87974,71.305973,13.871734,5.308436703,109.703528,0.767247,3.804345914,1.401777,-0.0031077755345298996,-0.0011433476355865446,-0.0010512319585948005,-0.0013653020629127433,-0.007868472077787958,0.0024739292284756687,-0.010076678231407454,0.013433051072144098,-0.00045350406763189355
2019-01-24,6.79314,0.881756,71.118949,13.787144,5.28128031,109.716956,0.767878,3.780001764,1.407901,0.0009154363970615975,0.0022915861504535506,-0.0026228377810648684,-0.006098011971682915,-0.005115704400252774,0.00012240262683249625,0.0008224209413656425,-0.006399036930478275,0.004368740534336002
2019-01-25,6.760004,0.881368,71.068218,13.652389,5.271108761,109.924202,0.763088,3.766701921,1.404812,-0.004877862078508599,-0.0004400310289920384,-0.0007133260644782702,-0.009773960437346574,-0.0019259627217173003,0.0018889149640644032,-0.006237970094207568,-0.0035184753421718673,-0.0021940463143360622
2019-01-28,6.743475,0.87581,71.143808,13.650552,5.301629007,109.423717,0.760974,3.754773165,1.393677,-0.002445116896380606,-0.006306105962549213,0.0010636259375464974,-0.0001345552049535348,0.0057900998411972715,-0.004553000985169753,-0.002770322688864124,-0.0031668967309292917,-0.00792632750859179
2019-01-29,6.734985,0.875503,71.183681,13.619331,5.311241464,109.464192,0.759368,3.741463842,1.396778,-0.0012589948060903744,-0.0003505326497755812,0.0005604563646635086,-0.0022871602554972448,0.0018131138537436087,0.0003698923881374494,-0.00211045318236891,-0.0035446410249392324,0.0022250492761235474
2019-01-30,6.716861,0.874967,71.179456,13.60434,5.275002187,109.440896,0.764205,3.709160906,1.389885,-0.002691023068351339,-0.0006122194898247058,-5.9353491427383e-05,-0.0011007148589016191,-0.006823127369680382,-0.00021281845299692126,0.006369770651383666,-0.008633769391910628,-0.0049349288147436665
2019-01-31,6.703517,0.870474,71.105501,13.267758,5.195769499,108.643802,0.762343,3.659557799,1.374217,-0.0019866422723352484,-0.005135050807630548,-0.0010389936107406683,-0.024740781250689126,-0.015020408559311194,-0.007283328528304489,-0.002436518996866033,-0.013373134317187896,-0.01127287509398256
2019-02-01,6.73542,0.871764,71.28498,13.325865,5.220469009,108.891988,0.766176,3.670996426,1.376428,0.0047591435958169725,0.0014819512127874912,0.0025241225710510573,0.004379564354429766,0.004753773238931114,0.0022844009085765116,0.005027920502975736,0.0031256855686567775,0.0016089162046459826
2019-02-04,6.744779,0.873744,71.813456,13.40498,5.215727392,109.890782,0.766081,3.682131935,1.385059,0.0013895198814624088,0.00227125689980312,0.007413567346164607,0.005936950434362043,-0.0009082741400870953,0.009172336903243927,-0.00012399239861327072,0.003033375058916654,0.0062705786281593845
2019-02-05,6.735358,0.875427,71.644489,13.374157,5.203886895,109.944848,0.768651,3.671714961,1.380636,-0.0013967840903312823,0.0019261934845904438,-0.0023528598874285045,-0.0022993693388576597,-0.0022701525808578316,0.0004919975908441732,0.003354736640120315,-0.0028290604964430477,-0.003193365769978085
2019-02-06,6.744778,0.877655,71.575829,13.460769,5.214235563,109.750746,0.771195,3.687642619,1.401439,0.0013985893548642547,0.0025450437329439524,-0.000958343076464585,0.006476071725492805,0.001988641991804707,-0.0017654488002929458,0.0033096945167572223,0.004337934226697593,0.01506769343983505
2019-02-07,6.744822,0.881446,71.472455,13.633583,5.262758925,109.660643,0.773468,3.719524019,1.406258,6.523565341920445e-06,0.004319464937817319,-0.0014442585079943449,0.012838345268386897,0.009305939751613757,-0.0008209784742603254,0.0029473738807954675,0.00864546901474017,0.0034386084588768906
2019-02-08,6.744844,0.881368,71.272255,13.609818,5.243081262,109.791997,0.771109,3.710118103,1.410717,3.261761392536755e-06,-8.849095690477427e-05,-0.0028010791010326663,-0.001743122112506934,-0.003739039405077915,0.0011978226317714835,-0.003049899931218847,-0.0025287956071671225,0.0031708264059653324
2019-02-11,6.789371,0.884251,71.136263,13.736316,5.269077726,110.204262,0.774737,3.737731011,1.413299,0.006601635263914218,0.0032710513656042384,-0.001908063663763726,0.009294613638477722,0.004958241671441099,0.0037549640344005653,0.00470491201632961,0.007442595419717923,0.0018302749594709677
2019-02-12,6.770273,0.885269,70.645361,13.767794,5.255400142,110.393059,0.776425,3.719281161,1.40988,-0.0028129262637142105,0.0011512568263987166,-0.006900868548577077,0.0022915896809596603,-0.0025958212634648037,0.001713155159098978,0.0021788039037764495,-0.004936109619901208,-0.002419162540976849
2019-02-13,6.764617,0.884564,70.823529,13.875807,5.252808492,110.738611,0.774463,3.729588678,1.406457,-0.0008354168288339237,-0.00079636810958017,0.0025220056558279413,0.007845338185623607,-0.0004931403756087693,0.0031301967997825475,-0.0025269665453843126,0.0027713734331471507,-0.0024278662013788033
2019-02-14,6.775559,0.887469,71.177671,14.170039,5.317003905,111.040114,0.780485,3.789758608,1.406461,0.0016175342964723782,0.0032841038070732242,0.0050003438828924995,0.02120467660007086,0.012221159994271646,0.0027226547026131254,0.0077757103954609885,0.016133127589894602,2.8440258037498722e-06
2019-02-15,6.770515,0.888099,71.368561,14.121758,5.268383659,110.523979,0.780977,3.71687389,1.406394,-0.000744440421816206,0.0007098839508761223,0.002681880389146185,-0.0034072595001325423,-0.009144293829515204,-0.004648185069406563,0.0006303772654183692,-0.019232021228514085,-4.7637296732738754e-05
2019-02-18,6.765272,0.882768,71.401395,14.101607,5.30358404,110.549082,0.773482,3.726430085,1.396981,-0.0007743871773416844,-0.006002709157424957,0.00046006251968555567,-0.0014269469849291783,0.006681438421795027,0.00022712718296191703,-0.009596953559451893,0.002571030194408852,-0.0066930035253278675
2019-02-19,6.766248,0.885426,71.452541,14.166814,5.308748008,110.757925,0.771959,3.722241898,1.406145,0.00014426618767138244,0.0030109836332989914,0.0007163165369528102,0.0046240829148054274,0.0009736751526994158,0.0018891427791323245,-0.0019690180249831712,-0.0011239140154162275,0.006559860155578301
2019-02-20,6.722271,0.881679,71.154558,14.138071,5.306824193,110.747664,0.766576,3.704725798,1.396932,-0.006499466173867652,-0.00423186127355657,-0.004170362534762773,-0.0020288965465348197,-0.000362385819990263,-9.264348352500118e-05,-0.006973168264117535,-0.0047057930354852395,-0.006551955879372295
2019-02-21,6.717897,0.880747,71.114585,13.963273,5.323410252,110.709882,0.764532,3.741060419,1.406465,-0.0006506729645383569,-0.0010570740598335737,-0.0005617770825023793,-0.012363638575587976,0.0031254208537525585,-0.00034115392266875766,-0.002666402287574976,0.00980764109981247,0.0068242405500054115
2019-02-22,6.720442,0.883002,71.128477,14.005033,5.331390728,110.869757,0.770534,3.743222958,1.406004,0.00037883879434308376,0.0025603266318250384,0.00019534670700815937,0.002990702824474001,0.0014991284951222372,0.001444089697431039,0.0078505543260452,0.0005780550854022071,-0.00032777210950862834
2019-02-25,6.68886,0.880669,70.92162,13.877851,5.312285337,110.744166,0.764668,3.727168648,1.394188,-0.0046993932839536345,-0.0026421231208988427,-0.002908216353346038,-0.009081163893008948,-0.003583566085235579,-0.0011327796091408215,-0.0076129022210571495,-0.0042889002819584965,-0.008403959021453744
2019-02-26,6.69633,0.880204,71.167151,13.864977,5.303582431,110.844116,0.75746,3.747381392,1.399261,0.0011167822319497756,-0.0005280076850667781,0.003462004957021536,-0.0009276652415420861,-0.0016382602680213854,0.0009025306127636856,-0.00942631311889608,0.0054230827496486445,0.0036386771367993287
2019-02-27,6.681275,0.878272,71.279203,13.862463,5.292200949,110.57439,0.750949,3.728262779,1.397242,-0.0022482464275206393,-0.002194945717129082,0.0015744904555754502,-0.0001813201709602863,-0.0021459988881240566,-0.0024333813082149103,-0.008595833443350243,-0.0051018594052942845,-0.0014429045045920574
2019-02-28,6.68439,0.875964,70.858006,13.969779,5.315259285,110.756833,0.751883,3.739313245,1.400491,0.00046622837706866704,-0.0026278874881586756,-0.00590911489288104,0.0077414814380389885,0.004357040902680964,0.0016499571012782432,0.0012437595628997933,0.002963971869752058,0.0023252951170948943
2019-03-01,6.705789,0.878503,70.890802,14.181323,5.379074058,111.877361,0.755231,3.780813494,1.405605,0.0032013392396315066,0.0028985209437830672,0.0004628411361164986,0.01514297398691844,0.012005956732927148,0.010117010117109304,0.004452820452118145,0.011098361191187234,0.0036515764828193298
2019-03-04,6.70239,0.882068,70.885596,14.242128,5.38264091,111.943195,0.756593,3.774719944,1.410426,-0.0005068754772927786,0.004058039642437006,-7.343688959804417e-05,0.004287681762836781,0.0006630977676715943,0.0005884479166433643,0.0018034217345421766,-0.0016117034097742344,0.003429839819864
2019-03-05,6.703063,0.88269,70.558743,14.168329,5.386971489,111.925148,0.762274,3.775531821,1.413805,0.00010041194260557162,0.0007051610533428398,-0.004610993184003154,-0.005181739695079179,0.0008045454029739219,-0.00016121569515692435,0.007508660534792266,0.00021508271131231993,0.002395730084385761
2019-03-06,6.71004,0.884564,70.262716,14.2046,5.417691287,111.808934,0.76046,3.775497567,1.421672,0.0010408674362749615,0.002123055659404738,-0.0041954687316355654,0.0025600054882970458,0.005702610095993599,-0.0010383189307910934,-0.0023797217273578974,-9.072629135187249e-06,0.005564416592104271
2019-03-07,6.709431,0.887233,69.988466,14.330051,5.427291279,111.764706,0.761955,3.835861947,1.420814,-9.075951857218101e-05,0.0030173057008877624,-0.003903208068415598,0.008831716486208618,0.0017719710281454137,-0.0003955676744041847,0.0019659153670146257,0.015988456866617762,-0.0006035147347630554
2019-03-08,6.72349,0.891107,70.159508,14.527001,5.461325967,111.138834,0.765505,3.885671003,1.422563,0.002095408686668021,0.004366384027645331,0.0024438598211311557,0.013743845014927203,0.00627102660431933,-0.005599907362526468,0.0046590677927174085,0.012985101311832947,0.0012309844919884405
2019-03-11,6.724653,0.889363,69.856813,14.364995,5.440857346,111.090359,0.766987,3.848719317,1.4172,0.00017297564211449235,-0.001957116261010139,-0.004314383162436042,-0.011152060910576078,-0.0037479214981273046,-0.00043616617392261414,0.0019359769041351615,-0.009509731001793753,-0.0037699560581850866
2019-03-12,6.708914,0.886918,69.638581,14.295876,5.457738359,111.104213,0.764035,3.817738359,1.412506,-0.002340492513145276,-0.00274915866749581,-0.0031239902112339957,-0.0048116271533683586,0.0031026384127514905,0.00012470929182972768,-0.003848826642433245,-0.008049679763124207,-0.0033121648320632024
2019-03-13,6.707777,0.884721,69.593913,14.331328,5.46500929,111.37751,0.759798,3.827302486,1.415996,-0.0001694760135545481,-0.002477117388529737,-0.0006414260508841307,0.0024798760145932075,0.0013322241781725808,0.0024598257133596757,-0.005545557467917073,0.0025051813667253953,0.0024707859648029906
2019-03-14,6.727224,0.885347,69.475874,14.503763,5.475166003,111.633466,0.754564,3.836210713,1.419212,0.0028991721102236134,0.0007075676964829469,-0.0016961109802806629,0.012032032202458742,0.0018584987620395843,0.002298094112536786,-0.0068886730420453235,0.0023275471517043567,0.0022711928564769224
2019-03-15,6.714008,0.88433,69.043155,14.483728,5.470286523,111.567032,0.75535,3.853555005,1.413866,-0.0019645547702885624,-0.0011487021472936787,-0.0062283347453823135,-0.001381365649728239,-0.0008912022023306321,-0.0005951082805222274,0.0010416611447139346,0.0045212042032061195,-0.003766879085013275
2019-03-18,6.713014,0.881135,68.535554,14.377831,5.461097894,111.49881,0.75478,3.817340735,1.408142,-0.00014804867673667843,-0.003612904684902607,-0.007351938074092845,-0.007311446334810956,-0.001679734500444674,-0.0006114888849959588,-0.0007546170649367356,-0.009397626335425846,-0.004048474183550699
2019-03-19,6.712185,0.880437,68.983096,14.415038,5.47552386,111.454481,0.753196,3.775136468,1.407466,-0.00012349147491730328,-0.0007921601116741561,0.006530070509096708,0.0025878034037261077,0.002641587146029689,-0.0003975737498902454,-0.0020986247648321354,-0.011055933941930496,-0.0004800652206949918
2019-03-20,6.694909,0.880747,68.818038,14.425137,5.474017967,111.528977,0.759908,3.788268452,1.409107,-0.0025738265557340156,0.0003520978786670792,-0.002392731111981461,0.0007005878166952417,-0.0002750226350032303,0.0006683984289514999,0.008911359061917645,0.0034785455072454674,0.0011659251449058772
2019-03-21,6.691666,0.878194,68.561957,14.194784,5.458856591,110.582243,0.760955,3.769561781,1.403794,-0.00048439792086796274,-0.002898675783170379,-0.0037211319508991814,-0.01596886046905477,-0.0027696978876211586,-0.008488681824813993,0.0013777983650653525,-0.004938053159913691,-0.003770473072662428
2019-03-22,6.712794,0.884799,68.977172,14.375243,5.572376571,110.245974,0.759954,3.871881083,1.408866,0.0031573602149299607,0.007521117201893857,0.00605605525524866,0.012713050089384836,0.020795560042218497,-0.0030408950919904587,-0.0013154522934996082,0.027143553533391485,0.003613065734715981
2019-03-25,6.712141,0.883002,68.91479,14.392671,5.600441501,110.066225,0.756185,3.88803532,1.406711,-9.727693118544156e-05,-0.002030969745671074,-0.0009043861641645501,0.001212362114504817,0.005036438159268686,-0.0016304359558744208,-0.0049595107072269995,0.004172193477461894,-0.0015295989824439804
2019-03-26,6.714906,0.885661,68.865025,14.367018,5.526879816,110.459658,0.755735,3.858648481,1.402179,0.00041194009482214966,0.0030113182076598743,-0.0007221236544433518,-0.0017823654830989577,-0.01313497962381438,0.0035745116178917957,-0.0005950924707577299,-0.007558274702093026,-0.00322169941089534
2019-03-27,6.724891,0.888021,69.141284,14.586005,5.534144392,110.487523,0.755865,3.924429447,1.410887,0.0014869902869825147,0.002664676439405156,0.00401160095418529,0.015242341869412313,0.0013144081727576307,0.0002522640437652157,0.00017201796926169521,0.017047670012934724,0.006210334058633027
2019-03-28,6.738723,0.891424,69.331877,14.703334,5.652344446,110.679265,0.762658,3.975040114,1.412908,0.0020568363115476274,0.0038321165828285597,0.002756573048310784,0.008043943492409333,0.021358324905809578,0.0017354176724553305,0.008987054566622188,0.012896312109442754,0.0014324322217158514
2019-03-29,6.710903,0.890076,69.17579,14.476368,5.64717401,110.769915,0.763952,3.904316867,1.408189,-0.004128378626039431,-0.001512187241985874,-0.002251302095859886,-0.015436362936460446,-0.0009147418472805757,0.0008190332669808509,0.0016966976023329305,-0.017791832276337183,-0.003339920221274273
2019-04-01,6.711463,0.889996,69.320488,14.166518,5.52999288,110.964756,0.762353,3.877180491,1.403969,8.344629627332623e-05,-8.987996530629427e-05,0.0020917433685974096,-0.02140384936332107,-0.02075040184568344,0.0017589703846934146,-0.0020930634385406544,-0.006950351860362969,-0.0029967568273859824
2019-04-02,6.720089,0.892857,68.753125,14.13,5.548303571,111.366071,0.767857,3.860446429,1.412232,0.0012852637345985851,0.0032146211893087084,-0.008184636553626112,-0.002577768227873589,0.003311159959395793,0.003616598769432766,0.007219752529340262,-0.004316038946044487,0.005885457584889675
2019-04-03,6.708441,0.889442,68.425242,14.152806,5.604731833,111.447123,0.759495,3.836164725,1.404785,-0.0017333103772881886,-0.0038248006119682154,-0.00476899050043178,0.001614012738853532,0.010170363116924763,0.0007277979664022105,-0.010890048537683383,-0.0062898694352014894,-0.005273212899863489
2019-04-04,6.716552,0.891345,69.162136,14.150816,5.635974686,111.427043,0.761369,3.863089402,1.406632,0.0012090737624435022,0.002139543668952193,0.01076932983298784,-0.00014060815925831527,0.005574370715837995,-0.00018017513112478234,0.0024674290153323675,0.007018644643837613,0.0013147919432512367
2019-04-05,6.71744,0.890234,69.248642,14.072643,5.595566634,111.670969,0.765049,3.851686994,1.405413,0.00013221069382018946,-0.0012464309554662822,0.0012507710866536126,-0.005524275066540407,-0.007169665275533532,0.0021891095144650485,0.0048333987856086225,-0.002951629334308592,-0.0008666090349146449
2019-04-08,6.718922,0.889205,69.643873,14.099413,5.671438734,111.470745,0.766344,3.87319936,1.406989,0.0002206197599086135,-0.0011558758708384298,0.005707418782306073,0.0019022723734269942,0.01355932382950864,-0.0017929816656288011,0.0016927020360788525,0.005585180216749475,0.0011213785556274392
2019-04-09,6.711714,0.886761,69.334043,14.029884,5.680234105,111.297331,0.765585,3.854837279,1.399397,-0.0010727911411979596,-0.0027485225566658,-0.004448776132826571,-0.004931340049404986,0.0015508183042289847,-0.0015556906881710741,-0.0009904168363034094,-0.004740804511544794,-0.005395919939672589
2019-04-10,6.71673,0.886603,69.150191,13.95434,5.687028992,111.162337,0.763215,3.839081479,1.399504,0.0007473500807693156,-0.00017817653234630804,-0.0026516843969417447,-0.005384506386510335,0.0011962336189663691,-0.0012129131829765605,-0.003095671937146105,-0.00408728017803317,7.646150449081013e-05
2019-04-11,6.71804,0.887784,68.967951,14.004972,5.74609375,111.239347,0.764986,3.837091619,1.399148,0.00019503538180032365,0.00133205053445562,-0.002635422944818888,0.003628405213001784,0.010385872497412407,0.000692770609887372,0.0023204470562030455,-0.0005183166887403612,-0.00025437583601051195
2019-04-12,6.7078,0.883314,69.155993,13.92377,5.772458263,111.968907,0.762212,3.876336013,1.393075,-0.0015242540979214514,-0.0050350085155848046,0.002726512782727175,-0.005798083709128488,0.004588249713120218,0.006558470718099452,-0.003626210152865572,0.010227640592597398,-0.004340498646319024
2019-04-15,6.706179,0.883939,69.424998,13.983205,5.801909308,111.959692,0.762883,3.88800495,1.393176,-0.00024165896419092725,0.0007075626560884007,0.003889829186604299,0.004268599668049822,0.005101993580234998,-8.229963341521707e-05,0.0008803325059170142,0.0030103006965511714,7.25014805376123e-05
2019-04-16,6.709067,0.884564,69.566121,14.046617,5.813180009,111.977001,0.764175,3.885183547,1.394693,0.00043064761617617187,0.000707062365163269,0.0020327404258619897,0.004534868794385805,0.0019425848288354697,0.0001546002823944459,0.0016935755548361797,-0.0007256685720011813,0.0010888789356118256
2019-04-17,6.689143,0.884877,69.42483,13.969737,5.748783294,111.945846,0.766242,3.897531192,1.390319,-0.0029697124801407737,0.0003538466408310459,-0.002031031743166989,-0.005473203975021157,-0.011077708741222603,-0.000278226776228796,0.0027048778094020953,0.0031781368500685137,-0.0031361740540748473
2019-04-18,6.706222,0.888889,69.393778,14.087289,5.820977778,111.875556,0.768622,3.929422222,1.397244,0.00255324187268835,0.004533963477409975,-0.000447275131966518,0.008414761136877447,0.012558219767189627,-0.0006278928831356945,0.0031060683178421034,0.008182366844288191,0.004980871296443423
2019-04-23,6.719164,0.889284,69.642063,14.200622,5.815028902,111.889729,0.768786,3.930724767,1.406314,0.0019298496232305062,0.00044437494445315195,0.0035779144349223913,0.008045053948988912,-0.001021971948163558,0.00012668540391436167,0.00021336886011580347,0.00033148512081693227,0.006491350114940619
2019-04-24,6.718173,0.89214,69.85012,14.357035,5.877866001,111.820858,0.772103,3.923989651,1.420466,-0.00014748858637769757,0.00321157245604331,0.002987519195116528,0.011014517533105339,0.010805982233104361,-0.0006155256663460396,0.004314594698654695,-0.0017134539809411375,0.010063186457647477
2019-04-25,6.747011,0.899038,70.285894,14.530972,5.956576463,111.885283,0.777084,3.995594714,1.43001,0.004292536080865883,0.007731970318559878,0.006238700806813213,0.012115105939353166,0.013390992919302569,0.0005761447475209902,0.00645121182018471,0.018248025445671612,0.006718921818614554
2019-04-26,6.73592,0.89823,70.016617,14.414893,5.950058385,111.784784,0.775532,3.964250427,1.42136,-0.0016438390273855186,-0.0008987384292988843,-0.0038311670333168735,-0.007988385085319849,-0.0010942658153534346,-0.000898232522681286,-0.001997210082822498,-0.007844711299215157,-0.0060489087488898585
2019-04-29,6.732466,0.896861,69.832735,14.345022,5.937847534,111.784753,0.77435,3.93264574,1.419283,-0.0005127733108469812,-0.0015241085245426556,-0.0026262622771391353,-0.004847139690873803,-0.0020522237278852717,-2.7731860186008817e-07,-0.0015241150590820096,-0.007972424442397652,-0.0014612765238924963
2019-04-30,6.73391,0.891424,69.585933,14.28276,5.964788732,111.365662,0.768836,3.926724906,1.418346,0.00021448307351268348,-0.0060622549090662,-0.0035341877988883663,-0.004340320983822865,0.004537199354772037,-0.003749089108780246,-0.007120811002776506,-0.0015055599694062671,-0.0006601925056525237
2019-05-02,6.73457,0.891902,69.373885,14.464681,5.964323939,111.496611,0.766411,3.932839814,1.424367,9.801140793386232e-05,0.0005362206985677354,-0.0030472825592493535,0.012737104033114122,-7.79227933935811e-05,0.0011758471834881767,-0.0031541186937136256,0.0015572539829964427,0.0042450854727971166
2019-05-03,6.734558,0.896459,69.259525,14.52909,5.974361273,111.519498,0.769027,3.961810847,1.429225,-1.781850957116582e-06,0.005109305730898628,-0.0016484589265831628,0.004452846212094075,0.0016828955138348256,0.0002052708131190517,0.003413312178452532,0.007366441139267987,0.003410637848251241
2019-05-06,6.765872,0.892937,69.410215,14.5146,6.020984016,110.840254,0.763193,3.970711671,1.430574,0.004649748357650196,-0.003928790943032556,0.002175729619861011,-0.000997309535559321,0.007803803765718431,-0.0060908093399056895,-0.007586209586919579,0.00224665546734526,0.000943868180307561
2019-05-07,6.768887,0.894055,69.414394,14.413858,6.14671435,110.621368,0.765713,3.968082253,1.425481,0.0004456188352366386,0.0012520480168254355,6.020727640754231e-05,-0.0069407355352542055,0.02088202421163854,-0.001974787968277325,0.0033019170773316286,-0.0006622032063431371,-0.0035601094385889764
2019-05-08,6.780039,0.892698,69.702285,14.344849,6.183895733,110.078557,0.768568,3.954026067,1.427156,0.0016475382141849515,-0.0015178037145366918,0.0041474251003330576,-0.004787684185594165,0.006048985015872699,-0.004906927204154643,0.003728551036746186,-0.0035423121557959236,0.0011750419682901025
2019-05-09,6.823372,0.893416,69.993299,14.333244,6.229339766,109.809702,0.769409,3.963906013,1.433575,0.006391261171211582,0.0008043033590308113,0.004175099855047604,-0.0008090011961784382,0.007348770898171875,-0.002442392118203407,0.0010942427995961346,0.0024987053278320293,0.004497756377018325
2019-05-10,6.823508,0.890472,69.997774,14.226358,6.129741763,109.750668,0.768032,3.954140695,1.430009,1.9931494281699713e-05,-0.0032952174574889526,6.393469180543399e-05,-0.0074572092681880475,-0.01598853277254353,-0.0005376027702906905,-0.0017896853299089743,-0.0024635594204236444,-0.0024874875747693537
2019-05-13,6.877279,0.889284,70.557581,14.305736,6.107692308,109.435305,0.767897,3.999288573,1.435482,0.007880257486325037,-0.001334123925289199,0.007997497177552937,0.005579643082228136,-0.003597126249770266,-0.0028734494809635747,-0.00017577392608636444,0.011417873435077608,0.0038272486396937477
2019-05-14,6.881525,0.890789,70.405754,14.230002,6.033493675,109.567076,0.772519,3.985658293,1.439694,0.0006173953390578024,0.001692372740317083,-0.002151816967761344,-0.005293960408608078,-0.012148390792838915,0.0012040995362512241,0.006019036407226341,-0.003408176167136401,0.0029342060715495943
2019-05-15,6.878745,0.894214,70.35545,14.273451,6.060985424,109.308772,0.776357,3.993472235,1.445587,-0.0004039802224070632,0.0038449060327416795,-0.000714487057407176,0.0030533375891301784,0.004556522386675033,-0.002357496516563029,0.004968162595353709,0.001960514782143541,0.004093230922682212
2019-05-16,6.87914,0.892618,70.042846,14.152905,6.023654378,109.622423,0.780711,3.997500669,1.447202,5.742326543556331e-05,-0.0017848076634898735,-0.0044432094457502735,-0.008445469844678755,-0.006159237052803079,0.002869403747395527,0.005608244660639583,0.0010087547284525211,0.0011171932232374449
2019-05-17,6.91416,0.895095,70.204977,14.381221,6.056122449,109.505908,0.784058,4.053526674,1.453545,0.005090752623147621,0.0027749832515140405,0.002314740323372977,0.016132094435735933,0.005390095274818929,-0.00106287561259244,0.004287117768290605,0.014015258442474643,0.004382940322083639
2019-05-20,6.915734,0.895496,69.657025,14.363034,6.028029014,109.850452,0.784633,4.089370467,1.44542,0.00022764876716752092,0.000447997139968459,-0.007805030688921022,-0.00126463531851706,-0.004638848576226984,0.003146350788671537,0.000733364113369106,0.00884261925051777,-0.005589782222084727
2019-05-21,6.906281,0.895977,69.691784,14.417077,6.04650121,110.447093,0.784966,4.093540005,1.453544,-0.0013668831103104129,0.0005371324941709776,0.0004990020748085744,0.003762645134725684,0.003064384056065128,0.00543139321811803,0.00042440223645967556,0.0010196038812446684,0.005620511685184848
2019-05-22,6.902515,0.895175,69.698326,14.367917,6.097036971,110.348223,0.79026,4.042878883,1.452063,-0.0005453007197361304,-0.0008951122629263786,9.387046254971665e-05,-0.0034098451440608413,0.008357851796410909,-0.0008951797400407191,0.006744241151845909,-0.012375870747109108,-0.0010188890050798483
2019-05-23,6.917856,0.897747,69.947931,14.447886,6.132327857,110.02783,0.790915,4.056647814,1.45426,0.0022225232397175,0.0028731812215487817,0.003581219439904526,0.005565803310250139,0.00578820272336511,-0.0029034722199379193,0.000828841140890324,0.003405724336164706,0.0015130197518977706
2019-05-24,6.901403,0.893895,69.545008,14.441226,6.077411281,109.600429,0.78947,4.044605345,1.448556,-0.002378338028429572,-0.004290741155358879,-0.00576032763570955,-0.00046096709234833,-0.00895525765754901,-0.0038844808627053196,-0.001826997844268985,-0.0029685764089354416,-0.003922269745437634
2019-05-27,6.898911,0.893017,69.528934,14.456867,6.043043401,109.448116,0.787864,4.010091088,1.443829,-0.00036108599946993447,-0.0009822182694836368,-0.00023113089583637336,0.0010830797883780718,-0.00565501961459236,-0.0013897117136284498,-0.0020342761599554393,-0.008533405377280312,-0.003263249746644159
2019-05-28,6.91074,0.893495,69.605522,14.608113,6.033774124,109.408506,0.789609,4.047980701,1.444067,0.001714618437605564,0.0005352641663036728,0.0011015270275822608,0.010461879465308632,-0.0015338756293669098,-0.00036190664076840573,0.002214849263324714,0.009448566670563263,0.000164839465061295
2019-05-29,6.909376,0.896379,69.821172,14.814987,6.018286124,109.277519,0.79083,4.02850484,1.444604,-0.0001973739425878973,0.00322777407819852,0.0030981737339748072,0.014161582676694762,-0.0025668842886236165,-0.0011972286688569644,0.0015463349581881225,-0.0048112534220305925,0.00037186640232067525
2019-05-30,6.907041,0.89815,69.886384,14.641818,5.890964613,109.664092,0.791971,3.981228669,1.445842,-0.00033794658157260127,0.0019757267852102967,0.0009339860407957534,-0.011688771647251461,-0.021155775643876606,0.00353753455914374,0.001442787956956515,-0.011735413727342103,0.0008569822594981513
2019-05-31,6.909246,0.896781,69.716617,14.692315,5.853286701,108.752578,0.795382,3.987265716,1.447045,0.00031923945434808587,-0.0015242442799086042,-0.00242918563364225,0.0034488203582370147,-0.006395881570371964,-0.008311872951084043,0.004306975886743336,0.0015163778576718911,0.0008320411220588131
2019-06-03,6.90684,0.894055,69.264193,14.565042,5.884219937,108.332588,0.792293,3.92016093,1.437371,-0.00034822902528008903,-0.0030397611010938297,-0.0064894715129392155,-0.008662555900822988,0.005284763514952218,-0.003861885462614012,-0.0038836684762793006,-0.016829775284532333,-0.006685348416946235
2019-06-04,6.909107,0.889363,69.258271,14.655905,5.807097118,108.164354,0.789203,3.881003202,1.433298,0.00032822535341781034,-0.005247999284160421,-8.549872226204513e-05,0.006238430345755219,-0.013106719297667935,-0.0015529399149958323,-0.0039000723217295086,-0.009988806250359805,-0.0028336455932392868
2019-06-05,6.907169,0.888336,69.332415,14.736608,5.7159101,108.341476,0.787341,3.857777383,1.431465,-0.00028049934673179955,-0.0011547590803755448,0.001070543617815778,0.00550651768007504,-0.01570268520520368,0.001637526536699907,-0.0023593422731540414,-0.005984488492055573,-0.001278868734903682
2019-06-06,6.912835,0.887626,69.250843,14.869785,5.770814841,108.130659,0.786064,3.875288479,1.431919,0.000820307133067244,-0.0007992471317158634,-0.0011765348141989929,0.009037154275936432,0.009605599115353414,-0.0019458568203372106,-0.001621914773903499,0.004539167054367965,0.0003171575972866769
2019-06-07,6.909696,0.887075,69.486383,15.051983,5.842455424,108.462698,0.786614,3.87820456,1.434667,-0.0004540828762729099,-0.0006207569404231839,0.0034012582345026576,0.012252900764873065,0.012414292430769747,0.0030707202108146703,0.0006996885749761539,0.0007524810129109216,0.0019191029660197145
2019-06-10,6.934342,0.884877,69.590744,14.865322,5.796920626,108.645253,0.789735,3.882576763,1.436599,0.0035668718276462563,-0.0024778062734266415,0.001501891384963816,-0.012401090274949067,-0.007793777563616322,0.001683113211880416,0.003967638511391813,0.0011273781288112517,0.001346653962208677
2019-06-11,6.911926,0.883392,69.448322,14.765018,5.808480565,108.736749,0.78697,3.877473498,1.437544,-0.0032326066409761323,-0.001678199342959652,-0.0020465652731057604,-0.006747516131840325,0.001994151679109102,0.0008421536834195553,-0.003501174444592192,-0.0013144015718201674,0.0006578036042068636
2019-06-12,6.919191,0.883158,69.319968,14.760134,5.789101828,108.381171,0.784289,3.855956902,1.438841,0.001051081854753555,-0.0002648880678113308,-0.0018481944027387565,-0.0003307818520775774,-0.003336283350377389,-0.003270081212378373,-0.0034067372326771483,-0.005549127804767351,0.0009022332533821231
2019-06-13,6.922137,0.885818,69.514129,14.870759,5.876782709,108.459562,0.787917,3.847019222,1.447072,0.00042577231933615955,0.0030119185921431146,0.0028009389733127943,0.007494850656504903,0.015145852259139225,0.000723289841553898,0.004625845829789643,-0.002317888977276694,0.005720576491773599
2019-06-14,6.923835,0.887705,69.780737,14.782867,5.896759876,108.211274,0.790883,3.854682645,1.44909,0.0002452999702260428,0.0021302344273879115,0.003835306632411495,-0.005910390989457892,0.0033993373567149376,-0.0022892218576358037,0.003764355890277793,0.00199204177514245,0.0013945401472768015
2019-06-17,6.924871,0.890155,69.945701,14.817785,5.870571479,108.652306,0.794089,3.898522343,1.455848,0.00014962806017182473,0.0027599258762764922,0.0023640335011079205,0.002362058726497418,-0.004441150318259979,0.004075656664018101,0.00405369694379587,0.01137310176672135,0.00466361647654745
2019-06-18,6.926432,0.893895,69.724233,14.640386,5.838920175,108.23277,0.799169,3.871726111,1.461428,0.00022541936160247467,0.004201515466407457,-0.0031662846584381565,-0.011972032257182907,-0.005391520078278811,-0.0038612710161898267,0.0063972678125499005,-0.006873432968292126,0.003832817711739045
2019-06-19,6.904435,0.892299,69.666726,14.517088,5.855090568,108.405461,0.794325,3.865798162,1.454716,-0.0031758053785845286,-0.0017854445991979384,-0.0008247778071649448,-0.008421772486053358,0.0027694149800565615,0.0015955518832235782,-0.006061296171398167,-0.0015310868666970068,-0.004592768169215389
2019-06-20,6.854338,0.884408,69.431768,14.266295,5.774387548,107.641284,0.788494,3.838949323,1.443619,-0.007255771109439091,-0.00884344821634897,-0.0033725999984554056,-0.01727570983932869,-0.013783393965085433,-0.007049248192395052,-0.0073408239700373246,-0.006945225248415343,-0.007628293082636017
2019-06-21,6.874514,0.883704,69.546218,14.331743,5.815305762,107.493814,0.790253,3.831477554,1.448038,0.002943537362761983,-0.0007960127000207207,0.001648380896767554,0.0045875961488248684,0.007086156524802822,-0.0013700133863137065,0.0022308349841595465,-0.0019463057131895445,0.0030610569686322364
2019-06-24,6.876777,0.877655,69.410655,14.331666,5.796910655,107.293312,0.784316,3.823503598,1.438038,0.0003291869068853259,-0.006845052189420997,-0.0019492504969859104,-5.372689141802667e-06,-0.003163222666674459,-0.001865242217566121,-0.007512783880605278,-0.002081169963184415,-0.00690589611598591
2019-06-25,6.879786,0.878117,69.34712,14.302863,5.769933263,107.103969,0.785783,3.834650509,1.434932,0.0004375596300418838,0.0005264027436748808,-0.0009153493797170453,-0.002009745412710595,-0.0046537532843861085,-0.001764723228974363,0.0018704195757832665,0.002915365636331657,-0.0021598872908781264
2019-06-26,6.877222,0.880127,69.151998,14.328639,5.764830136,107.727513,0.78862,3.839464883,1.432582,-0.00037268601087303566,0.0022889888249515433,-0.002813700121937268,0.001802156673108124,-0.0008844343196696691,0.005821857077957571,0.0036104115258284164,0.0012554922511716082,-0.001637708267708926
2019-06-27,6.877661,0.879507,69.100704,14.15066,5.767194371,107.862797,0.786526,3.858223395,1.429288,6.383391433351093e-05,-0.000704443790498388,-0.0007417573097455721,-0.01242120762481358,0.00041011355828790563,0.0012557980429752647,-0.0026552712332936768,0.004885710006896193,-0.002299344819354232
2019-06-28,6.870387,0.878735,69.001757,14.166784,5.769332162,107.732865,0.78783,3.823462214,1.427417,-0.0010576270042969016,-0.0008777644748705349,-0.0014319246298850619,0.0011394521527616774,0.00037068128148232127,-0.0012046044012746782,0.0016579235778602097,-0.009009634083150364,-0.0013090433838386373
2019-07-01,6.842365,0.881135,68.93647,14.117191,5.663230241,108.317913,0.790537,3.827209446,1.429729,-0.004078663982101771,0.00273119882558448,-0.000946164312888409,-0.0035006533592945033,-0.01839067642852077,0.005430543409385757,0.0034360204612671197,0.000980062516710456,0.0016197088867515586
2019-07-02,6.876029,0.884877,68.956729,14.122113,5.65357048,108.273604,0.791461,3.838686842,1.42952,0.004919936308571682,0.004246795326482422,0.0002938792775435406,0.00034865292960906125,-0.001705698089063401,-0.00040906438069943096,0.001168825747561275,0.002998894145183506,-0.00014618154909085135
2019-07-03,6.880634,0.885504,68.845302,14.113787,5.639068449,107.686177,0.79474,3.864340742,1.425042,0.0006697179433070577,0.0007085730559162062,-0.0016158974129992787,-0.0005895718296546892,-0.002565110146110716,-0.005425394355580981,0.004142971037107257,0.006682988494741027,-0.003132520006715489
2019-07-04,6.871634,0.885897,68.509479,13.98556,5.60214387,107.769313,0.794915,3.818036853,1.424167,-0.0013080189994119085,0.0004438150477017455,-0.004877936333259281,-0.009085229924470362,-0.006547992693110127,0.0007720210923636284,0.0002201978005385019,-0.01198235147763782,-0.0006140169903764425
2019-07-05,6.87611,0.888099,68.480906,14.108792,5.607015986,108.143872,0.796652,3.809502664,1.426021,0.0006513734578994512,0.002485616273675051,-0.0004170663741289715,0.008811374017200668,0.0008696877683007642,0.0034755626585465382,0.00218513929162234,-0.0022352296032173147,0.001301813621576775
2019-07-08,6.88123,0.891663,68.564868,14.160767,5.733749443,108.604547,0.799153,3.81203745,1.431832,0.0007446070525340964,0.0040130661108728205,0.0012260643864729914,0.0036838731480342,0.02260265662099714,0.004259834528580475,0.0031393883402037748,0.000665385018352671,0.00407497505296206
2019-07-09,6.885765,0.892459,68.523873,14.164391,5.69772423,108.817492,0.80299,3.806336457,1.44257,0.0006590391543372931,0.0008927139513470461,-0.0005979009541738911,0.00025591834114635503,-0.006283011379923598,0.0019607374265830924,0.004801333411749598,-0.0014955238700501416,0.007499483179590927
2019-07-10,6.882977,0.891266,68.583779,14.159982,5.739572193,108.912656,0.801497,3.795454545,1.444742,-0.00040489328346227094,-0.001336756086274038,0.000874235465353923,-0.00031127353092696985,0.007344680316337282,0.0008745285178966,-0.0018593008630244379,-0.0028588938794382734,0.0015056461731492998
2019-07-11,6.865485,0.886132,68.364643,13.867966,5.66389012,108.05494,0.795658,3.736730173,1.431458,-0.0025413422128245378,-0.005760345396323863,-0.003195157852121322,-0.020622625085257917,-0.01318601290394128,-0.007875264744255261,-0.007285117723460077,-0.015472289630595437,-0.009194721272033357
2019-07-12,6.88101,0.888652,68.641251,13.958233,5.716786635,108.264463,0.797903,3.75642051,1.430907,0.0022613114732608075,0.002843820108065165,0.0040460680822980155,0.006509029514494058,0.009339255154900528,0.0019390413802460316,0.002821564038820723,0.005269402950813351,-0.00038492222614983085
2019-07-15,6.875854,0.88739,68.524714,13.862366,5.702191854,107.924394,0.797524,3.735912681,1.421865,-0.0007493086044053632,-0.0014201284642356704,-0.0016977691738163658,-0.006868132950639261,-0.002552969339566835,-0.003141095337996558,-0.0004749950808556891,-0.005459407152475615,-0.006319068954166784
2019-07-16,6.877573,0.891027,68.686626,13.874098,5.702753275,107.930143,0.804241,3.761026464,1.421634,0.0002500053084313336,0.004098536156594168,0.0023628263519641646,0.0008463201736268466,9.845705202060628e-05,5.3268772581605006e-05,0.008422317071335783,0.006722261772263316,-0.00016246268105613026
2019-07-17,6.877486,0.891663,68.866251,13.964423,5.688542131,108.265716,0.805528,3.761301828,1.427463,-1.264981120518982e-05,0.0007137830840142634,0.0026151379163681376,0.006510333140215652,-0.0024919794553096564,0.0031091684924386964,0.0016002665867569377,7.321511896707378e-05,0.004100211446828039
2019-07-18,6.880171,0.891583,68.89934,13.991797,5.692938659,107.783524,0.801114,3.759272468,1.421541,0.0003904042843561051,-8.971999511020456e-05,0.0004804820869368509,0.001960267173230168,0.0007728742969206337,-0.004453782950089136,-0.005479635717194231,-0.0005395366000391366,-0.004148618913414892
2019-07-19,6.878407,0.890789,68.817477,13.929182,5.643684304,107.723143,0.798459,3.731427044,1.417513,-0.0002563889763785854,-0.0008905508516873217,-0.001188153616565879,-0.004475122101900042,-0.008651833077831239,-0.0005602062148200027,-0.0033141350669192438,-0.0074071310970481585,-0.0028335447236483846
2019-07-22,6.880785,0.891663,68.933125,13.892287,5.681854659,107.917967,0.802211,3.743468569,1.418814,0.0003457195830371962,0.0009811526635374879,0.0016805033407429892,-0.00264875568428935,0.00676337529598281,0.0018085621582728528,0.004699051548044286,0.003227056259712313,0.0009178046338904622
2019-07-23,6.878725,0.895015,68.929562,13.872013,5.686386825,108.135684,0.803992,3.748142844,1.422894,-0.000299384445234141,0.003759267795119925,-5.1687777102849e-05,-0.001459370944467131,0.0007976560950606615,0.0020174305173854545,0.0022201141594917484,0.0012486481224147639,0.0028756412045554125
2019-07-24,6.875045,0.897666,68.966338,13.914183,5.728904847,108.087971,0.800206,3.765529623,1.432675,-0.0005349828638301357,0.00296196153137096,0.0005335301564803885,0.003039933714018117,0.0074771596285134745,-0.00044123270168616724,-0.0047090020796227705,0.004638771712724976,0.0068740187252176455
2019-07-25,6.872964,0.899685,68.983356,13.916239,5.669005848,108.097166,0.800387,3.758074674,1.434368,-0.0003026889278543443,0.002249166170936512,0.00024675806333229744,0.00014776289775686458,-0.010455575821156526,8.506959576481954e-05,0.00022619175562299532,-0.001979787638494379,0.0011817055508054342
2019-07-26,6.878165,0.897827,68.899264,14.154785,5.621565811,108.690968,0.80475,3.775632968,1.443886,0.0007567331940048216,-0.0020651672529828913,-0.0012190186861885666,0.017141556709395545,-0.00836831682167638,0.005493224493970494,0.005451113024074639,0.00467215144006472,0.006635675084776027
2019-07-29,6.893426,0.899361,68.777768,14.224121,5.626405252,108.651857,0.813409,3.786671463,1.448871,0.002218760381584195,0.0017085696910428272,-0.0017633860355896758,0.004898414211166102,0.0008608706475570216,-0.0003598367069469477,0.010759863311587514,0.002923614422682297,0.00345248863137404
2019-07-30,6.881926,0.896539,68.81612,14.147481,5.55899229,108.481262,0.821705,3.786713287,1.451408,-0.0016682561037139054,-0.0031377833817566314,0.0005576220501950502,-0.005388030655813392,-0.01198153332023788,-0.001570106620451095,0.01019905115384745,1.1045056432568146e-05,0.0017510185516860233
2019-07-31,6.882163,0.896781,68.77993,14.225989,5.525065017,108.546319,0.821657,3.782620393,1.450543,3.443803377134458e-05,0.000269926907808804,-0.0005258942236209263,0.005549256436534478,-0.006103133667055283,0.0005997072563554973,-5.841512464943577e-05,-0.0010808565871757159,-0.0005959730137907737
2019-08-01,6.901966,0.906043,69.105735,14.492978,5.573616019,108.888285,0.825858,3.825586663,1.461901,0.0028774383867395947,0.01032805110723789,0.004736919621755931,0.01876769340957596,0.008787408265896302,0.0031504154461470257,0.0051128390557131365,0.011358863839340483,0.007830171184170398
2019-08-02,6.938412,0.900414,69.638033,14.701153,5.602467135,106.762111,0.823924,3.86799928,1.473528,0.005280524418694643,-0.006212729417919505,0.007702660278484874,0.014363852618833661,0.005176373094531339,-0.01952619604579131,-0.00234180694501962,0.011086565469867082,0.007953342941827257
2019-08-05,7.038544,0.894294,70.785995,14.916294,5.543730996,106.072259,0.821678,3.917456627,1.477374,0.014431544278431518,-0.006796873438218443,0.016484698813937104,0.014634294330519548,-0.010483977430775338,-0.006461580738132855,-0.0027259795806409137,0.012786286506237365,0.002610062380898004
2019-08-06,7.018951,0.893895,70.809869,14.806025,5.533744525,106.462859,0.820864,3.941986234,1.471976,-0.0027836723049539103,-0.00044616200041602827,0.0003372701054777938,-0.007392519884630855,-0.0018013989147751541,0.00368239541311155,-0.0009906557069800925,0.006261615465232184,-0.0036537802885390214
2019-08-07,7.048473,0.892698,70.881985,14.956793,5.500267809,105.766827,0.824433,3.966970184,1.484378,0.004206041615050449,-0.0013390834493983705,0.0010184456067838799,0.010182881630957707,-0.006049559362337975,-0.006537791738243537,0.004347857866833005,0.0063379089923021326,0.00842540910993117
2019-08-08,7.046636,0.893416,70.736174,15.144823,5.482623068,105.994818,0.82297,3.956311981,1.472617,-0.00026062382589819855,0.0008043033590308113,-0.0020570953254200885,0.012571545250375626,-0.0032079785226327706,0.0021556002620743975,-0.001774552935168816,-0.0026867363518354725,-0.00792318398682812
2019-08-09,7.058314,0.893017,70.810413,15.18664,5.487765672,105.831398,0.828898,3.928737275,1.469191,0.0016572446767506577,-0.0004466004638377097,0.0010495195852688877,0.002761141546520518,0.0009379824102837553,-0.0015417734855679432,0.007203178730694981,-0.00696980069631159,-0.0023264704943648518
2019-08-12,7.058603,0.893336,71.23995,15.380025,5.553064142,105.13668,0.827363,3.989637306,1.481955,4.09446221858456e-05,0.0003572160440394878,0.006066014612850834,0.012733889787339248,0.011898917319514979,-0.006564384607297691,-0.0018518563200781157,0.015501171683718784,0.008687774428239647
2019-08-13,7.066744,0.891107,71.454732,15.352789,5.626537159,105.159508,0.827214,3.989752272,1.478257,0.0011533443657336662,-0.0024951418055468855,0.0030149094714413405,-0.0017708683828537852,0.013231076595044966,0.00021712688663932944,-0.0001800902385047376,2.881615324445974e-05,-0.0024953524229818225
2019-08-14,7.01877,0.893815,71.275027,15.308366,5.596710762,105.899178,0.828325,3.995530926,1.481856,-0.006788699293479472,0.003038916763082433,-0.002514948904993597,-0.002893480787106495,-0.005301021953136975,0.007033790991110456,0.00134306237563675,0.001448374136047148,0.0024346240200452396
2019-08-15,7.03704,0.896861,71.318834,15.286099,5.588878924,106.161435,0.823883,4.024035874,1.474619,0.0026030201872977443,0.0034078640434542784,0.0006146191989517824,-0.0014545641252632358,-0.0013993644361927071,0.0024764781460342444,-0.005362629402710262,0.007134207825676198,-0.004883740390429381
2019-08-16,7.040267,0.902853,71.148429,15.175244,5.556428313,106.329,0.821894,3.979324666,1.473456,0.00045857349112687906,0.006681079899783837,-0.0023893408016177897,-0.007252013741373853,-0.00580628269842276,0.0015783980312624735,-0.002414177741256962,-0.011111036133869212,-0.0007886782958851368
2019-08-19,7.050617,0.900657,71.404125,15.358372,5.600378276,106.583806,0.824849,3.994866252,1.474917,0.0014701146987750047,-0.0024322896418353945,0.0035938390150540567,0.012067548963298425,0.007909750747107314,0.002396392329468089,0.0035953541454252225,0.003905583812446878,0.0009915464051861722
2019-08-20,7.058505,0.902853,71.723546,15.359065,5.717587577,106.347057,0.827221,4.059136873,1.475894,0.001118767336248716,0.0024382200993273706,0.004473425029716482,4.51219699588723e-05,0.020928818594681653,-0.002221247381614333,0.0028756778513399084,0.016088303574074203,0.0006624101559613571
2019-08-21,7.063941,0.900576,71.564751,15.181286,5.715237752,106.48415,0.824433,4.018461816,1.471272,0.0007701347523305646,-0.0025220052433784224,-0.00221398702177944,-0.011574858235185448,-0.0004109818989834757,0.0012891094861233743,-0.003370320627740342,-0.010020617257465836,-0.0031316612168625912
2019-08-22,7.084995,0.902283,71.811784,15.174321,5.763331228,106.586664,0.822431,4.034737887,1.477939,0.0029804892198279642,0.0018954535763777702,0.00345188094066029,-0.0004587885374136569,0.008414956312739585,0.0009627160474117158,-0.0024283355954940467,0.0040503236674278575,0.004531453055587331
2019-08-23,7.088929,0.903751,71.671035,15.222684,5.76728423,106.452779,0.817469,4.087121554,1.481789,0.0005552579783048017,0.0016269839950437959,-0.001959970803677602,0.003187160730288907,0.0006858883939888649,-0.0012561139918967346,-0.006033332887500631,0.012983164821878779,0.0026049789605662177
2019-08-26,7.145466,0.899604,72.025009,15.261425,5.815221303,105.856423,0.816913,4.111281036,1.47805,0.007975393744245274,-0.00458865329056346,0.004938871051603844,0.0025449519940110576,0.008311897088519427,-0.005602070754771038,-0.0006801481157083789,0.005911123924453809,-0.0025233012257480647
2019-08-27,7.161293,0.900576,71.526027,15.295839,5.826729107,105.754683,0.814436,4.155619597,1.478026,0.0022149710039904846,0.001080475409180215,-0.006927899169023366,0.0022549663612672077,0.0019789107585748145,-0.0009611131485144364,-0.003032146630057242,0.010784609617234597,-1.6237610365066324e-05
2019-08-28,7.160245,0.902283,71.813137,15.36759,5.797166832,105.729496,0.81948,4.141568167,1.482541,-0.00014634228762877566,0.0018954535763777702,0.004014063300342485,0.0046908835795145265,-0.005073562621005556,-0.00023816439410062618,0.006193242931304521,-0.0033813080509448312,0.0030547500517581483
2019-08-29,7.142431,0.903179,71.659592,15.259212,5.833995665,106.286127,0.817657,4.146315029,1.481395,-0.0024879036960326895,0.0009930365528332263,-0.0021381185450789486,-0.007052374510251758,0.00635290204116723,0.005264670891838907,-0.0022245814418899723,0.0011461508801964282,-0.0007729971717477246
2019-08-30,7.150054,0.906125,71.435756,15.25,5.837078652,106.270388,0.820632,4.157212758,1.485864,0.0010672836741438818,0.003261811888894739,-0.003123601373560825,-0.0006037008988406534,0.0005284520553376915,-0.0001480814142376108,0.003638444971424626,0.0026282925739553598,0.003016751102845605
2019-09-02,7.171499,0.911743,71.929249,15.210339,5.81345733,106.363968,0.828045,4.148249453,1.489606,0.002999278047410625,0.00620002759001248,0.0069082071448924864,-0.0026007213114754846,-0.004046771237510405,0.0008805839685086525,0.009033281665838055,-0.0021560852238681205,0.0025184000689160158
2019-09-03,7.17866,0.914328,72.411996,15.134406,5.754503063,106.107708,0.830987,4.177013806,1.485508,0.0009985360103934582,0.0028352287870596626,0.006711414434481311,-0.00499219642639126,-0.010140999349177449,-0.0024092745392875203,0.003552947001672635,0.0069340943272342415,-0.0027510630327750585
2019-09-04,7.152659,0.907606,72.053912,14.860138,5.67090216,106.217099,0.81916,4.138954438,1.47259,-0.00362198516157608,-0.007351847477054196,-0.004945092246870342,-0.018122151606082215,-0.014527910070555428,0.0010309430112278584,-0.014232472950840402,-0.009111621308344753,-0.008696015100558174
2019-09-05,7.143787,0.904323,71.814523,14.80964,5.682311449,106.682944,0.810092,4.072707542,1.465907,-0.001240377879051735,-0.0036172083481158523,-0.003322359513248996,-0.0033982187783181406,0.0020119001665159786,0.004385781615067419,-0.011069876458811412,-0.01600570796135925,-0.004538262517061797
2019-09-06,7.11363,0.906865,71.715335,14.764487,5.701913485,107.019135,0.812868,4.094041897,1.463227,-0.004221430454183439,0.0028109425503941576,-0.0013811690986236247,-0.003048892478142551,0.003449658853783788,0.0031513097351343333,0.0034267712802991124,0.005238371471555148,-0.001828219661956787
2019-09-09,7.124989,0.906372,71.677241,14.676969,5.726094444,106.960935,0.809163,4.057282697,1.456177,0.0015967937607102023,-0.0005436310807012124,-0.0005311834630626899,-0.0059276018191489754,0.004240849859194151,-0.000543827979921474,-0.004557935605781105,-0.008978706355432409,-0.00481811776299923
2019-09-10,7.105525,0.905797,71.903533,14.673279,5.773188406,107.355072,0.808877,4.097282609,1.458605,-0.002731793691190254,-0.0006343973556111049,0.00315709696471167,-0.0002514143076816078,0.008224447301833582,0.0036848686859365376,-0.00035345165312794524,0.009858793430779667,0.0016673797210091656
2019-09-11,7.117059,0.908843,71.682268,14.667273,5.756157412,107.706989,0.810079,4.064436972,1.456057,0.0016232438841605745,0.0033627843766317334,-0.003077247956647766,-0.000409315463844262,-0.002950015277918161,0.003278065893337345,0.0014860108520826643,-0.008016444100744091,-0.00174687458222067
2019-09-12,7.087658,0.912159,71.146584,14.588707,5.662227492,107.762474,0.811092,4.050168749,1.454255,-0.004131060315784918,0.003648594971848995,-0.007473033637830584,-0.005356551282573174,-0.01631816388554319,0.000515147628906476,0.0012504953220613402,-0.0035105041850308494,-0.0012375889130713524
2019-09-13,7.082642,0.901226,70.963861,14.508201,5.667988464,107.993872,0.802929,4.052271089,1.453317,-0.0007077090909296535,-0.011985848958350531,-0.0025682610425823427,-0.005518378016639791,0.001017439162968703,0.002147296655420128,-0.01006420973206501,0.0005190746683134684,-0.0006450037991961866
2019-09-16,7.067084,0.906536,71.60049,14.640377,5.714894389,107.841537,0.802375,4.091922763,1.455353,-0.0021966379212727816,0.005891973822326424,0.008971171960330704,0.009110433471386292,0.008275585826951204,-0.001410589297140774,-0.000689973833302937,0.009785049699077453,0.0014009331756250631
2019-09-17,7.096771,0.906947,71.782151,14.763287,5.719662616,108.135317,0.805487,4.100036278,1.46218,0.004200742484453235,0.0004533741627468224,0.0025371474413093953,0.00839527561346265,0.0008343508515533671,0.0027241822415791095,0.0038784857454432498,0.0019828123525116315,0.0046909581386784804
2019-09-18,7.088483,0.904732,71.208722,14.618294,5.669320546,108.151633,0.802678,4.075364155,1.461051,-0.0011678550709893765,-0.002442259580769268,-0.007988462201418356,-0.00982118684003086,-0.008801580334332093,0.00015088502491744649,-0.0034873312666746648,-0.006017537730674705,-0.0007721347576905568
2019-09-19,7.094786,0.903587,71.323304,14.669829,5.694677871,107.942532,0.801798,4.132827324,1.472034,0.0008891888433675277,-0.0012655681461470891,0.0016091006379808093,0.0035253771746552864,0.004472727339061899,-0.0019334058506541574,-0.0010963300352071492,0.01410013113294406,0.007517191391676281
2019-09-20,7.09039,0.906618,70.981414,14.867724,5.702085222,107.987307,0.799909,4.166455122,1.47262,-0.0006196099501802887,0.003354408595962477,-0.004793524427864293,0.013489932295734475,0.0013007497821293512,0.0004148040551801291,-0.002355954991157372,0.008136753695156429,0.00039808863110502024
2019-09-23,7.12599,0.910332,70.951752,14.880746,5.719526627,107.482931,0.804215,4.157032317,1.476923,0.005020880374704273,0.004096543417404064,-0.00041788403933462615,0.000875856990619317,0.003058776626611248,-0.004670697084797282,0.005383112329027551,-0.0022615880224524654,0.0029220029607095466
2019-09-24,7.107062,0.908843,70.947469,14.868581,5.685085886,107.652458,0.801172,4.15877488,1.471326,-0.002656192332574081,-0.0016356669874288965,-6.036496463124319e-05,-0.0008174993377347839,-0.006021606899671683,0.0015772457861240596,-0.0037838140298303014,0.000419184376526216,-0.0037896356140435516
2019-09-25,7.124294,0.910581,71.044892,15.032326,5.700054635,107.448552,0.807394,4.187488618,1.478419,0.0024246305998174567,0.0019123214900702568,0.00137317090198108,0.011012819582447042,0.002632985552049716,-0.001894113741462311,0.007766122630346484,0.006904374203587471,0.00482082149027474
2019-09-26,7.128908,0.914244,70.908758,14.968276,5.659078442,107.633937,0.809152,4.124428598,1.477601,0.0006476431208481959,0.004022706381969332,-0.001916168723291145,-0.004260817653901294,-0.00718873688480004,0.0017253373502883473,0.002177375605961984,-0.015059150185850134,-0.0005532937550180028
2019-09-27,7.128212,0.914495,70.478738,15.073708,5.660265203,108.102423,0.81187,4.160219479,1.480293,-9.763066096513118e-05,0.0002745437760598435,-0.006064413087026543,0.00704369694946827,0.0002097092330779482,0.004352586303704609,0.0033590722138732154,0.008677779272832087,0.0018218720750731165
2019-09-30,7.143356,0.918358,70.861879,15.205804,5.64707503,107.989714,0.813417,4.159059601,1.480944,0.0021245159375169465,0.00422418930666657,0.005436263628897375,0.008763338124899267,-0.00233031006974882,-0.001042613078154564,0.0019054774779212469,-0.00027880211749764516,0.0004397778007461106
2019-10-01,7.148376,0.9176,71.106625,15.296385,5.68719031,108.276748,0.816251,4.164433841,1.493302,0.0007027509198758164,-0.0008253861783749095,0.003453845755345908,0.005957001681726304,0.00710372711304319,0.0026579753697653086,0.0034840678274488113,0.0012921767215616775,0.008344677448978377
2019-10-02,7.148375,0.915332,71.237986,15.251899,5.729519451,107.524027,0.814371,4.166224256,1.496659,-1.398919139417032e-07,-0.002471665213600649,0.0018473806062375697,-0.002908268849143192,0.007442891602479129,-0.006951824966150544,-0.002303213104792534,0.0004299299900918374,0.002248038240088013
2019-10-03,7.148388,0.913159,70.966578,15.165464,5.702492923,106.994795,0.810794,4.117797461,1.487901,1.8185951353721919e-06,-0.002374002001459541,-0.0038098774999058005,-0.005667163151290233,-0.004717067152164467,-0.0049219882733745335,-0.004392346976991979,-0.011623664984009796,-0.005851700353921685
2019-10-04,7.14974,0.91083,70.900355,15.160397,5.693141452,106.776573,0.811048,4.073777211,1.479825,0.0001891335501096325,-0.0025504868265001646,-0.0009331575773597889,-0.00033411440625885636,-0.0016398917326636564,-0.002039557157897276,0.0003132731618635809,-0.01069024166849375,-0.0054277804773301686
2019-10-07,7.148367,0.90967,70.993814,15.13072,5.740016374,106.83162,0.811016,4.067042664,1.484217,-0.00019203495511721513,-0.0012735636726941557,0.0013181739358003597,-0.0019575344893671964,0.008233577611800325,0.0005155344328198197,-3.945512472758317e-05,-0.0016531456314832216,0.0029679185038771205
2019-10-08,7.143091,0.910249,71.13053,15.267795,5.836519206,106.890588,0.817358,4.102767158,1.482432,-0.0007380706670488957,0.0006364945529697685,0.00192574524873379,0.009059383823109446,0.01681229211071944,0.0005519714107113938,0.007819821063949517,0.008783899494396952,-0.0012026543288481406
2019-10-09,7.127311,0.910664,71.062745,15.139605,5.833075312,107.376377,0.818231,4.078226027,1.482743,-0.0022091276731600606,0.00045591920452547896,-0.0009529663282417111,-0.008396104349056355,-0.0005900595677745812,0.004544731291028281,0.001068075433286353,-0.005981604623149672,0.0002097903984803473
2019-10-10,7.123028,0.906618,71.038531,15.131278,5.887216682,107.452403,0.817362,4.096645512,1.478422,-0.0006009278955274588,-0.004442911985100939,-0.000340741129546851,-0.0005500143497798593,0.00928178826846593,0.0007080328292321525,-0.001062047270269706,0.004516543437772524,-0.002914193491387218
2019-10-11,7.101059,0.905551,71.074436,14.849045,5.860092366,108.439736,0.79252,4.10133116,1.471158,-0.003084222047140539,-0.001176901407207942,0.0005054299335103263,-0.018652290969738305,-0.004607324218748765,0.00918856137633317,-0.030392898128369095,0.0011437767769444385,-0.00491334679814015
2019-10-14,7.069894,0.906536,71.185296,14.802194,5.930921947,108.240413,0.797598,4.115220742,1.47992,-0.004388782011246595,0.0010877355333935856,0.0015597731932757153,-0.003155152402056882,0.012086768701966122,-0.0018380992738675772,0.006407409276737441,0.0033866033875693535,0.0059558524645211275
2019-10-15,7.081221,0.908513,71.496321,14.86236,5.876078859,108.321977,0.790933,4.130734987,1.48024,0.0016021456615900043,0.0021808290018268117,0.004369230971519755,0.004064667710746095,-0.009246975173521021,0.0007535447966187103,-0.0083563399105816,0.003769966661001156,0.00021622790421105265
2019-10-16,7.09932,0.907029,71.444898,14.977687,5.902585034,108.752834,0.785125,4.174512472,1.486984,0.0025559151451421958,-0.0016334383767762084,-0.0007192398053600391,0.007759669393016866,0.004510861007149813,0.003977558496739642,-0.007343226290975391,0.010597989253189555,0.0045560179430363945
2019-10-17,7.077927,0.899847,71.158553,14.873122,5.896697561,108.710519,0.781427,4.159992801,1.466211,-0.0030133871976470994,-0.007918159176829032,-0.004007913903103288,-0.006981385042964194,-0.0009974397600521767,-0.00038909330859360214,-0.00471007801305523,-0.003478171666126073,-0.013969888041835077
2019-10-18,7.083722,0.897344,71.135589,14.767229,5.783111989,108.551687,0.775619,4.160355348,1.460696,0.0008187425499019962,-0.0027815839803876363,-0.00032271594955002314,-0.00711975602701298,-0.01926257380932006,-0.0014610545645541428,-0.007432556080094521,8.715087197108673e-05,-0.003761395870034989
2019-10-21,7.072854,0.895015,70.857424,14.752618,5.82180256,108.556341,0.769086,4.122348519,1.453504,-0.0015342216987057622,-0.002595437201340922,-0.003910349290845105,-0.0009894205608920181,0.006690268331928095,4.287358518895168e-05,-0.008422949927734957,-0.00913547661698455,-0.004923680218197446
2019-10-22,7.079515,0.898473,70.9115,14.675382,5.83081761,108.598383,0.77327,4.123989218,1.45885,0.0009417697580069717,0.0038636223973900208,0.0007631663267917421,-0.00523540974218939,0.00154849806517654,0.0003872827659141542,0.005440223850128545,0.0003980010405326695,0.0036780084540530833
2019-10-23,7.073991,0.899038,70.866223,14.673829,5.782432797,108.450957,0.776841,4.086936977,1.461117,-0.0007802794400463275,0.000628844717648791,-0.0006385001022400916,-0.00010582348043830514,-0.008298118074730909,-0.0013575340251612555,0.004618050616214342,-0.00898456301444206,0.0015539637385613148
2019-10-24,7.07261,0.898634,71.011862,14.625539,5.773813803,108.608914,0.775413,4.035585909,1.462347,-0.00019522218787104695,-0.00044936921464944213,0.002055125754338416,-0.0032908929223585126,-0.001490548062135999,0.0014564832286356744,-0.0018382139974588707,-0.0125646831083982,0.0008418217021635144
2019-10-25,7.069776,0.900333,70.902584,14.620239,5.763212389,108.571171,0.77967,4.027370127,1.464842,-0.00040070073141318385,0.001890647360326847,-0.0015388696609587305,-0.0003623798069938289,-0.0018361198268104229,-0.0003475129122457732,0.005489977599034246,-0.0020358337513463054,0.0017061613967135347
2019-10-28,7.068278,0.901957,70.745468,14.539731,5.72553441,108.85722,0.778642,3.982862812,1.46523,-0.00021188790139881064,0.0018037770469370162,-0.002215941805449595,-0.005506613127186255,-0.006537669698225113,0.002634668092508674,-0.0013185065476419844,-0.011051210491337171,0.00026487498310401314
2019-10-29,7.065525,0.901307,70.856242,14.622893,5.731951329,108.949977,0.77808,3.992789545,1.458855,-0.00038948666139049237,-0.0007206551975316167,0.0015658105477511786,0.005719638141861161,0.0011207545952029996,0.0008520978213479857,-0.0007217694396139951,0.0024923612658944716,-0.004350852767142421
2019-10-30,7.056636,0.900414,70.926076,14.911669,5.727984873,108.941113,0.776157,4.016837745,1.458581,-0.0012580806097211017,-0.0009907833845737013,0.0009855730141601349,0.019748212614289162,-0.0006919905233551127,-8.135843846945878e-05,-0.002471468229487961,0.006022906974928022,-0.00018781852891491813
2019-10-31,7.04142,0.896539,70.92747,15.162274,5.712479828,108.239197,0.772216,3.990855299,1.446746,-0.0021562682275237943,-0.004303575910636792,1.9654266506963225e-05,0.01680596585130756,-0.0027068934963647706,-0.006443077187948343,-0.00507758095333799,-0.006468383253055654,-0.008114050573810982
2019-11-01,7.041925,0.897747,70.7568,15.107281,5.724122453,108.11563,0.772134,3.989316815,1.449951,7.171848860032526e-05,0.001347403738153119,-0.0024062609310609995,-0.003626962551923296,0.002038103477045583,-0.0011416104648300784,-0.00010618790597449745,-0.00038550232587630795,0.0022153163029308143
2019-11-04,7.028589,0.896218,70.72997,14.814124,5.689460477,108.379638,0.774046,4.001075462,1.448109,-0.001893800345786123,-0.0017031524471816661,-0.0003791861700925825,-0.019405014045876356,-0.006055421819607165,0.002441904098417602,0.0024762541216938327,0.0029475340127882443,-0.0012703877579310907
2019-11-05,6.99739,0.900171,70.689531,14.751643,5.743721307,108.857683,0.775164,4.019713746,1.447385,-0.004438871016643642,0.004410757204162508,-0.0005717378361674852,-0.00421766416968028,0.009537078290525747,0.0044108377627170015,0.0014443586040104872,0.004658318538856898,-0.0004999623647116147
2019-11-06,6.997656,0.901713,70.951758,14.801894,5.753201082,108.999098,0.775771,3.989359784,1.449053,3.8014173856293354e-05,0.0017130078618394773,0.0037095591990841115,0.0034064680117327217,0.0016504587345571586,0.0012990814805420303,0.0007830601008302907,-0.00755127452301918,0.0011524231631527826
2019-11-07,6.975806,0.902772,70.911799,14.73621,5.742800397,109.145075,0.780374,4.08395775,1.449761,-0.003122474154202415,0.0011744313323640565,-0.0005631854816056103,-0.0044375402228931105,-0.0018078083577751647,0.0013392496147077715,0.005933452010967288,0.023712568211922358,0.0004885949651256549
2019-11-08,6.988853,0.90629,71.281494,14.783487,5.756117455,109.407287,0.780841,4.131140112,1.455954,0.0018703215083675229,0.003896886478534922,0.0052134483289585365,0.003208219752568686,0.0023189136099797114,0.0024024171498346902,0.0005984310087214784,0.011553097482460473,0.004271738583118134
2019-11-11,7.010597,0.905715,71.542886,14.867313,5.771397518,108.948465,0.776587,4.161670139,1.458654,0.003111240141980387,-0.0006344547551004887,0.003667038740798656,0.005670245456975032,0.0026545780414413134,-0.004193706037149081,-0.005447972122365474,0.007390218238136681,0.0018544541929208513
2019-11-12,7.007444,0.907853,71.692238,14.828325,5.773036768,109.160236,0.779119,4.164139809,1.460463,-0.00044974771763373056,0.0023605659616987573,0.0020875870173870936,-0.0026223972011619745,0.00028402999358267955,0.0019437722229496135,0.003260420274869391,0.0005934324243663802,0.001240184444014858
2019-11-13,7.021715,0.908595,72.068872,14.941032,5.752862075,108.840632,0.779211,4.181083046,1.465292,0.0020365485617865886,0.0008173129350237396,0.005253483647699619,0.007600791053608669,-0.0034946413492163986,-0.002927842699057548,0.00011808209015562454,0.004068844413768424,0.003306485682964988
2019-11-14,7.021006,0.909339,71.928708,14.840866,5.761662272,108.656906,0.778785,4.176411749,1.474311,-0.00010097248321816465,0.0008188466808642936,-0.0019448618538111528,-0.006704088445831591,0.001529707628180832,-0.0016880276843669328,-0.0005467068611711978,-0.001117245686968471,0.0061550871771631765
2019-11-15,7.009516,0.90629,71.744608,14.726663,5.748867138,108.709444,0.776328,4.195758564,1.470092,-0.001636517615851707,-0.0033529849704015957,-0.0025594787549917397,-0.007695170888275649,-0.002220736550661906,0.00048352195855816404,-0.0031549143858702333,0.004632401248424012,-0.002861675725135293
2019-11-18,7.018262,0.904077,71.807251,14.77832,5.724256396,108.986529,0.771449,4.176927945,1.468402,0.0012477323683974806,-0.0024418232574562326,0.0008731387869593821,0.003507719297983547,-0.00428097247844228,0.002548858588587777,-0.0062847147082161214,-0.00448801300474444,-0.0011495879169466372
2019-11-19,7.02618,0.902772,71.677801,14.734224,5.715446421,108.747856,0.772529,4.194727814,1.465559,0.0011281995456995375,-0.00144346112112137,-0.0018027427341563707,-0.00298383036772798,-0.0015390601661652292,-0.0021899311978272884,0.001399962926907694,0.0042614737994959295,-0.0019361183109256608
2019-11-20,7.033728,0.904241,71.817524,14.799801,5.696988878,108.472737,0.77507,4.196491545,1.467312,0.001074267952144714,0.001627210414146596,0.001949320403956012,0.004450658548424524,-0.00322941405454924,-0.00252987976149166,0.0032891969104071883,0.00042046375312199125,0.0011961306231955682
2019-11-21,7.026688,0.901632,71.7406,14.664593,5.689027139,108.610585,0.771328,4.188350915,1.468037,-0.0010008917035176923,-0.002885292748282753,-0.0010711034816517362,-0.00913579851512869,-0.001397534587217697,0.0012708077975389642,-0.004827951023778532,-0.0019398656979778828,0.0004941007774761363
2019-11-22,7.038705,0.904323,71.686562,14.714957,5.707994212,108.545849,0.777537,4.188189546,1.47287,0.001710194048746727,0.0029845879471890324,-0.0007532415396582781,0.00343439466748241,0.003333974779268445,-0.0005960376698090908,0.008049753153003714,-3.852805155890593e-05,0.0032921513558581417
2019-11-25,7.036156,0.90843,71.708757,14.740371,5.740915698,108.902616,0.776844,4.205577762,1.474564,-0.0003621404789659888,0.004541518904196851,0.0003096117233243323,0.001727086256521071,0.005767610263302192,0.0032867862132617276,-0.0008912759135578652,0.00415172613584458,0.0011501354498359984
2019-11-26,7.039564,0.907441,71.521325,14.826134,5.740018149,108.974592,0.777813,4.257259528,1.474682,0.00048435537813551477,-0.0010886914787049395,-0.002613795132441088,0.005818238903213535,-0.00015634248040130583,0.0006609207624543867,0.0012473546812488134,0.01228886229782189,8.00236544498123e-05
2019-11-27,7.026342,0.908348,71.350259,14.704787,5.762739577,109.165228,0.776183,4.245889727,1.47334,-0.0018782413229002648,0.0009995140179912543,-0.0023918181046004294,-0.00818466904453985,0.003958424417866757,0.001749361906305591,-0.002095619384093639,-0.0026706854316070894,-0.0009100267040622612
2019-11-28,7.034621,0.908678,71.612449,14.74766,5.768014539,109.495684,0.774012,4.251976374,1.476874,0.00117828024881228,0.0003632968862152808,0.0036746888332950256,0.002915581164147474,0.0009153566510369249,0.0030271177558480744,-0.002797020805660466,0.0014335386435719855,0.0023986316803996655
2019-11-29,7.027135,0.910581,71.651339,14.678292,5.754689492,109.661264,0.776043,4.230468039,1.477691,-0.0010641653615737212,0.002094251208899056,0.0005430620030881794,-0.004703661462225117,-0.0023101618260328305,0.0015122057231040653,0.0026239903257314623,-0.0050584323872351344,0.0005531954655577653
2019-12-02,7.042094,0.907194,71.648825,14.675678,5.754876168,109.543681,0.773093,4.232423115,1.473283,0.002128748060197916,-0.003719603198397592,-3.5086573887954664e-05,-0.00017808611519654072,3.2438935282153025e-05,-0.0010722382335479619,-0.0038013357507251655,0.0004621417729613331,-0.00298303231189756
2019-12-03,7.05808,0.903261,71.746003,14.655677,5.736428507,108.743564,0.769578,4.20422726,1.462018,0.0022700634214767312,-0.004335346133241602,0.001356309751067153,-0.0013628671874648113,-0.0032055704521632977,-0.007304090867642055,-0.004546671616480924,-0.006661870572455708,-0.007646188817762689
2019-12-04,7.052522,0.902446,71.529194,14.549589,5.740276148,108.699576,0.763559,4.198267304,1.462233,-0.0007874662797815457,-0.0009022862716313584,-0.0030218965647466067,-0.007238696649769283,0.0006707380725314849,-0.0004045112959514263,-0.007821169524076854,-0.0014176103315594046,0.0001470570129777915
2019-12-05,7.042095,0.901388,71.22724,14.672255,5.754912565,108.788534,0.761403,4.217955652,1.464846,-0.0014784781954597648,-0.0011723693162803972,-0.004221409233270634,0.008430891071905977,0.0025497757638539564,0.0008183840569901957,-0.0028236193928693476,0.00468963659870858,0.001786992907423235
2019-12-06,7.030197,0.901388,71.248873,14.6234,5.759239228,108.563187,0.761249,4.182621237,1.459347,-0.0016895540318612179,0.0,0.0003037180719063226,-0.003329754015316655,0.0007518208054653197,-0.002071422343093654,-0.0002022581996657946,-0.008377142368304669,-0.0037539782338895655
2019-12-09,7.039278,0.902935,71.067269,14.607675,5.803160271,108.487585,0.760226,4.144740406,1.465282,0.0012917134470058489,0.0017162420622418573,-0.00254886838701307,-0.0010753313182980673,0.007626188331692596,-0.00069638707271924,-0.0013438441298444515,-0.009056720380248962,0.004066887450346002
2019-12-10,7.038729,0.902772,70.922632,14.816376,5.8048208,108.576329,0.758987,4.14290873,1.469261,-7.799095304950043e-05,-0.00018052240748234194,-0.002035212581476875,0.014287078539192644,0.0002861421919186924,0.0008180106507118534,-0.001629778513231539,-0.00044192779778162716,0.002715518241539927
2019-12-11,7.039278,0.902935,70.800451,14.764063,5.810293454,108.749436,0.760677,4.116478555,1.462212,7.799703611266473e-05,0.00018055500170577332,-0.0017227364038040482,-0.003530755428992838,0.0009427774238957021,0.0015943346178153295,0.0022266521033957876,-0.006379617974350271,-0.004797649975055385
2019-12-12,7.037263,0.897908,70.876807,14.658166,5.781628805,108.601957,0.759271,4.111340576,1.451468,-0.00028625094789547223,-0.005567399646707716,0.0010784677063711001,-0.007172619081888265,-0.004933425347090847,-0.0013561357688328668,-0.0018483535061530887,-0.0012481490991271826,-0.007347771732142849
2019-12-13,6.971541,0.894935,70.75443,14.443619,5.801145516,109.566852,0.747342,4.086629676,1.446125,-0.009339142220491148,-0.003311029637780294,-0.0017266155909083647,-0.014636687836663831,0.0033756423420199244,0.008884692565899188,-0.015711122906050812,-0.006010423982933943,-0.003681100788994196
2019-12-16,7.000269,0.897183,70.972815,14.472008,5.848734972,109.429392,0.748385,4.081374484,1.451373,0.004120753216541484,0.0025119142731035993,0.003086520518927216,0.0019655046287223588,0.008203458415022347,-0.0012545765210082438,0.001395612718139816,-0.0012859476920217272,0.0036290085573513764
2019-12-17,6.996058,0.895897,70.958162,14.417309,5.879053933,109.577137,0.759255,4.068177746,1.459774,-0.0006015483119292675,-0.0014333753537459915,-0.00020645933235130531,-0.0037796413600656997,0.0051838493529194896,0.0013501400062607694,0.014524609659466892,-0.0032334053274785113,0.0057883121706134855
2019-12-18,6.998021,0.899685,70.980657,14.367971,5.913810166,109.590643,0.765227,4.057309942,1.459919,0.0002805865817578912,0.0042281646216026925,0.0003170177942319885,-0.003422136544343979,0.00591187517517211,0.0001232556386283612,0.007865605099735884,-0.0026714181824247785,9.933044430177063e-05
2019-12-19,7.010075,0.899523,71.091122,14.318611,5.938832419,109.498966,0.765251,4.062516866,1.456148,0.0017224869716738755,-0.0001800630220577526,0.0015562690551034208,-0.003435418960686887,0.004231155937987063,-0.0008365403969753382,3.1363242541049274e-05,0.0012833439087558407,-0.002583020016863946
2019-12-20,7.00766,0.901144,71.193566,14.232315,5.927187528,109.317834,0.767171,4.070920068,1.449761,-0.0003445041600839138,0.0018020662062003812,0.001441023817291942,-0.006026841570037855,-0.0019608047808764573,-0.0016541891363612837,0.0025089807135174613,0.0020684719047761035,-0.004386229971129252
2019-12-23,7.011467,0.902935,71.282619,14.2307,5.944379233,109.417607,0.773887,4.083069977,1.445418,0.0005432626582910771,0.0019874737000968867,0.0012508574159635355,-0.00011347416073903549,0.002900482719466302,0.0009126873113860512,0.008754241231746063,0.002984560933904312,-0.0029956661822190256
2019-12-24,7.007491,0.902527,71.256769,14.193502,5.956137184,109.377256,0.771958,4.083574007,1.445758,-0.0005670710565991444,-0.0004518597684219916,-0.0003626409966781541,-0.002613926229911412,0.0019779947643188134,-0.00036877977051719135,-0.002492611970481451,0.00012344387993334927,0.00023522607301140752
2019-12-27,6.995876,0.89662,71.404107,14.045459,5.957948534,109.593831,0.763292,4.048865776,1.434233,-0.0016575119397227445,-0.006544956549776382,0.0020677053151259006,-0.010430336360963022,0.00030411488923820507,0.0019800734441535184,-0.011225999341933246,-0.008499473975616345,-0.007971596906259593
2019-12-30,6.986773,0.893735,71.330771,14.067209,5.94932523,109.20547,0.761534,4.033246939,1.429261,-0.0013011951612634798,-0.0032176395797550716,-0.0010270557686548054,0.0015485431981967501,-0.0014473612772566424,-0.00354363924005896,-0.002303181482316008,-0.0038575832996446957,-0.0034666612747024095
2019-12-31,6.961456,0.890155,71.37885,14.044241,5.950062311,108.545487,0.757344,4.019672423,1.423803,-0.00362356126354757,-0.004005661633481816,0.0006740288843927189,-0.0016327332593125687,0.00012389320998673625,-0.006043497637984729,-0.00550205243626678,-0.003365654571937826,-0.0038187566861476174
2020-01-02,6.963817,0.893416,71.389708,14.070937,5.958992227,108.77334,0.757867,4.008755472,1.430001,0.0003391531886431931,0.0036634069347472042,0.00015211788926272618,0.0019008503200708127,0.0015008105013440964,0.0020991476135714393,0.0006905712595597358,-0.002715880761212097,0.004353130313674125
2020-01-03,6.971562,0.897102,71.775814,14.283843,5.97353548,108.136718,0.763569,4.061272091,1.438145,0.0011121774164943865,0.0041257376183099215,0.005408426660044485,0.015130904217679264,0.002440555792992072,-0.0058527392833575,0.0075237475704841295,0.01310047952957305,0.005695100912516793
2020-01-06,6.972396,0.893336,71.929158,14.245578,5.976415937,108.111488,0.761256,4.061193497,1.439968,0.00011962885792304867,-0.004197961881703405,0.0021364299678998666,-0.002678900909230064,0.00048220304535617764,-0.00023331575496865486,-0.003029195789771455,-1.9352064633770816e-05,0.0012676051441264935
2020-01-07,6.942535,0.895095,71.844791,14.296813,5.975653419,108.440745,0.762469,4.08387039,1.454619,-0.004282745845187175,0.0019690239730627557,-0.0011729179424010416,0.003596554664191176,-0.000127587839942378,0.003045532034486653,0.0015934192965307847,0.00558380018503235,0.010174531656259145
2020-01-08,6.94413,0.899685,71.713,14.22996,5.952136752,108.735942,0.763545,4.056860099,1.45704,0.0002297431701820951,0.00512794731285493,-0.0018343849034233584,-0.004676077108933252,-0.003935413477165084,0.0027221963478762934,0.0014112049145604821,-0.006613895256357694,0.0016643533461337956
2020-01-09,6.931683,0.90009,71.252925,14.206931,5.880378038,109.39694,0.767642,4.067866787,1.457516,-0.0017924491620981975,0.000450157555144326,-0.0064155034652013665,-0.0016183460810852424,-0.01205595855570496,0.006078928345514267,0.005365761022598559,0.002713105143239636,0.0003266897271181346
2020-01-10,6.922099,0.901632,70.950771,14.253088,5.878460013,109.638446,0.764674,4.074294473,1.454513,-0.0013826367997497035,0.0017131620171315642,-0.004240583807612164,0.0032489071707322292,-0.00032617375747023836,0.0022076120227860763,-0.0038663856328862156,0.0015801122152134806,-0.002060354740531234
2020-01-13,6.893493,0.898796,70.845317,14.376056,5.861855114,109.877764,0.770807,4.119360058,1.448589,-0.004132561525051814,-0.0031454074389550835,-0.001486298154533161,0.008627463746803565,-0.002824702211681074,0.0021827927039388406,0.008020411312533282,0.011060954307216875,-0.0040728408752620515
2020-01-14,6.88583,0.899685,70.830859,14.419613,5.888259109,110.049483,0.770292,4.143589744,1.449393,-0.0011116280237029041,0.0009891009750822022,-0.0002040784149499597,0.0030298295999959812,0.004504375233863822,0.0015628184789053812,-0.0006681309329054086,0.005881905358805506,0.0005550228532731349
2020-01-15,6.887991,0.897505,70.797433,14.379645,5.885837372,109.881529,0.769009,4.15993538,1.452881,0.0003138329003185003,-0.002423070296826091,-0.0004719129553406587,-0.002771780352218922,-0.0004112823425684864,-0.0015261680057142568,-0.0016656021352940975,0.003944800766936263,0.002406524662393217
2020-01-16,6.879488,0.895335,70.929358,14.435402,5.852180141,109.947175,0.765243,4.165010296,1.442833,-0.0012344673504944836,-0.002417813828335169,0.001863415019581316,0.0038774948894775285,-0.005718341991593934,0.000597425250607797,-0.004897211866181084,0.001219950681060844,-0.006915913966801135
2020-01-17,6.85866,0.900252,71.080933,14.456428,5.880716601,110.109831,0.76616,4.176269355,1.451386,-0.003027550887507835,0.00549179915897402,0.0021369853650727855,0.0014565579815513097,0.004876210115282609,0.0014794013579702003,0.0011983121701211186,0.002703248779675871,0.005927920972143008
2020-01-20,6.866216,0.90212,71.072621,14.528191,5.91826793,110.184935,0.769283,4.182228236,1.457285,0.001101672921532737,0.0020749745626780225,-0.00011693712574090132,0.004964089331057409,0.006385502235155327,0.0006820826016888937,0.004076172078939289,0.001426843072960926,0.004064390865007539
2020-01-21,6.903464,0.899685,71.196131,14.475843,5.93234368,110.040486,0.765002,4.198020693,1.455421,0.0054248220562824745,-0.0026991974460160995,0.0017377999891123874,-0.0036032015272927653,0.0023783563310220135,-0.001310968690955705,-0.005564922141786721,0.003776086839082815,-0.0012790909122099015
2020-01-22,6.902056,0.901876,71.127796,14.407468,5.92288961,109.965729,0.761589,4.192460317,1.459596,-0.00020395557940178222,0.0024352967983238827,-0.000959813392106823,-0.004723386403126861,-0.0015936483976598526,-0.0006793590497229385,-0.004461426244637301,-0.0013245232471749135,0.002868585790640532
2020-01-23,6.933279,0.901632,71.315932,14.3813,5.930123524,109.548282,0.761861,4.170318276,1.456045,0.0045237245249820646,-0.0002705471705645168,0.002645041890514843,-0.0018162802790886445,0.0012213487801269185,-0.003796155436754267,0.00035714801553066167,-0.0052813954875653435,-0.0024328649845573036
2020-01-24,6.933303,0.906208,71.291346,14.371092,5.939193475,109.614862,0.764051,4.176166742,1.461441,3.461565588391835e-06,0.005075241340147585,-0.0003447476504969682,-0.0007098106568945717,0.0015294708387258993,0.0006077685453798054,0.0028745401063974274,0.0014024027934889105,0.003705929418390097
2020-01-27,6.936689,0.907029,71.421769,14.551565,5.947029478,108.943311,0.765152,4.214693878,1.477642,0.0004883675212232763,0.0009059730216463002,0.0018294366331643719,0.012558057522698896,0.0013193715666923733,-0.006126459384677263,0.0014410032838121367,0.009225478382491215,0.011085633973591857
2020-01-28,6.936665,0.908678,71.289868,14.65234,5.949568378,109.059518,0.768769,4.197728305,1.480236,-3.4598639208072157e-06,0.0018180234590072786,-0.001846789877187116,0.00692537194452969,0.0004269190205619111,0.0010666740246219053,0.004727165321400273,-0.004025339322639265,0.0017554996406439205
2020-01-29,6.936642,0.909008,71.281702,14.60949,5.95936733,109.135533,0.768839,4.189528225,1.481593,-3.31571439582401e-06,0.0003631649495201561,-0.00011454643175945467,-0.0029244475626419852,0.001647002165103828,0.0006970047309395877,9.105466011249952e-05,-0.0019534565851326846,0.0009167457081167285
2020-01-30,6.936622,0.906701,71.639315,14.749569,5.981503309,108.831263,0.763288,4.246622541,1.488077,-2.883239469508858e-06,-0.0025379314593491076,0.005016897604380954,0.00958821971198165,0.003714484738768453,-0.0027880012277943234,-0.007219977134354627,0.01362786283651296,0.0043763705687056564
2020-01-31,6.936663,0.904814,71.39477,14.920376,5.982356135,108.894318,0.761627,4.266829533,1.4924,5.910657954411036e-06,-0.0020811711909438646,-0.003413558602563427,0.011580473978595629,0.00014257720107191396,0.0005793831502258762,-0.0021761117690831666,0.00475836780992589,0.0029050916048025677
2020-02-03,7.01979,0.903669,71.393006,14.893006,5.984185794,108.530634,0.766085,4.262606181,1.492951,0.01198371608942228,-0.001265453452311771,-2.4707692173997486e-05,-0.001834404173192361,0.00030584254075005646,-0.0033397885829083984,0.0058532588786899264,-0.000989810342160724,0.000369203966764875
2020-02-04,6.99656,0.905141,71.245474,14.777516,5.980539464,109.087618,0.768284,4.22737147,1.487962,-0.003309215802752008,0.0016289150120232243,-0.002066476931927963,-0.007754646711348845,-0.0006093276722217711,0.005132044101023192,0.00287043865889558,-0.008266001949008173,-0.0033417037799632343
2020-02-05,6.972512,0.907194,71.153951,14.718861,5.985212737,109.716048,0.766071,4.228794339,1.478636,-0.0034371176692545857,0.0022681549062522066,-0.0012846149356798842,-0.003969205649988816,0.0007814132869001789,0.005760782126528641,-0.0028804452520162505,0.0003365848045524533,-0.006267633178804299
2020-02-06,6.968645,0.908843,71.148323,14.816686,5.988003272,109.851859,0.771017,4.230937017,1.479778,-0.0005546064316561683,0.001817692797791981,-7.909609966705311e-05,0.006646234379141136,0.0004662382312243807,0.0012378407942656988,0.006456320628244638,0.0005066876816965937,0.0007723334208014077
2020-02-07,6.993436,0.91166,71.439967,14.969824,5.988513082,109.864163,0.772358,4.291913575,1.496672,0.0035575065166899567,0.0030995452459887662,0.004099098723661987,0.010335509573463186,8.513856403236097e-05,0.00011200538718236785,0.0017392612614248737,0.014412069419845963,0.011416577351467616
2020-02-10,6.983015,0.913159,71.32408,15.047576,6.01744133,109.743402,0.772788,4.311021824,1.495115,-0.0014901115846345236,0.0016442533400609083,-0.0016221592039649124,0.005193915439486885,0.0048306228280523555,-0.0010991846358489044,0.0005567366428522735,0.004452151392633885,-0.0010403080968977019
2020-02-11,6.974131,0.917347,71.272819,14.891386,6.033850105,109.83396,0.773553,4.311072379,1.491606,-0.0012722298319565173,0.004586276869636086,-0.000718705379725848,-0.010379744883827091,0.0027268691292750002,0.000825179449057023,0.00098992220376104,1.172691813300375e-05,-0.002346976653969768
2020-02-12,6.970222,0.916254,71.316199,14.776067,6.040223566,109.97801,0.770185,4.33260033,1.482041,-0.0005604999389888787,-0.0011914793420592096,0.0006086471758610656,-0.007744007173006051,0.0010562842777148695,0.00131152514213273,-0.004353935670859066,0.004993641745582034,-0.006412551303762504
2020-02-13,6.983528,0.920217,71.27036,14.844299,6.058985921,109.699089,0.767231,4.341768657,1.485046,0.0019089779349925617,0.004325219862614471,-0.0006427571946171495,0.004617737588764381,0.003106235190633022,-0.0025361524544770253,-0.0038354421340327516,0.002116125721663309,0.0020276092226869658
2020-02-14,6.987364,0.922339,71.449917,14.862479,6.062995757,109.859804,0.76746,4.328260469,1.48967,0.0005492925638732604,0.002305977829142547,0.0025193783222086097,0.0012247125984190532,0.0006617998543456682,0.0014650531874516037,0.0002984759479218724,-0.0031112178163205106,0.0031137082622356704
2020-02-17,6.981541,0.922935,71.381634,14.960314,6.049100138,109.875404,0.768233,4.313705584,1.488602,-0.0008333614793790689,0.0006461832363153786,-0.0009556764075736579,0.006582683817417001,-0.002291873449516646,0.00014199916103985188,0.0010072186172569442,-0.0033627562629942043,-0.0007169373082629438
2020-02-18,7.001849,0.924556,71.551405,15.051036,6.069064349,109.744822,0.767243,4.346246302,1.497319,0.002908813398073473,0.0017563533726645542,0.0023783568753832363,0.006064177529963688,0.003300360474211006,-0.0011884552433590878,-0.0012886715358492173,0.007543564892489973,0.005855829832285719
2020-02-19,6.994259,0.925926,71.513426,14.946759,6.07462963,110.509259,0.769889,4.368888889,1.49463,-0.001083999383591494,0.0014817923414049972,-0.0005307932108392643,-0.006928227399097264,0.0009169915954041485,0.006965586039221039,0.0034487118162043195,0.005209687952930864,-0.0017958764965916307
2020-02-20,7.023818,0.926784,71.616775,15.103429,6.098795181,112.011121,0.777016,4.387488415,1.510102,0.004226180357347564,0.000926639925868944,0.001445169191027329,0.010481871019663913,0.003978111007896912,0.013590372549688423,0.0092571786322444,0.004257266886972033,0.010351725845192616
2020-02-21,7.031293,0.92584,71.987779,15.087955,6.122673826,111.989631,0.773169,4.402370151,1.514952,0.0010642360038370935,-0.0010185760651889586,0.005180406406180671,-0.0010245355541447232,0.003915305284294623,-0.0001918559497320338,-0.0049509920001648,0.0033918576170191006,0.0032117035802878835
2020-02-24,7.034757,0.924385,71.941671,15.122204,6.156313551,111.406914,0.77494,4.388426696,1.514513,0.0004926547649202195,-0.0015715458394538473,-0.0006404976044614985,0.0022699563989951876,0.0054942866394660506,-0.005203312081633715,0.002290572953649095,-0.0031672609348474268,-0.00028977815798791884
2020-02-25,7.015221,0.922509,71.701107,15.189022,6.15202952,110.627306,0.771494,4.388284133,1.51679,-0.0027770682057673968,-0.0020294574230433904,-0.003343875623906589,0.004418535816604452,-0.0006958760245900919,-0.006997842162650647,-0.00444679588097141,-3.2486129967645994e-05,0.0015034535854099307
2020-02-26,7.018759,0.91954,71.650115,15.131494,6.159172414,110.464368,0.773793,4.389977011,1.523218,0.000504331937653868,-0.0032183967852887907,-0.0007111745150600868,-0.003787472294134564,0.0011610630242879783,-0.0014728551737489548,0.0029799324427668417,0.0003857721944824366,0.004237897138034796
2020-02-27,7.005928,0.912076,71.632616,15.361182,6.15997811,109.868661,0.775219,4.466891645,1.520613,-0.0018281009506097012,-0.008117102029275514,-0.00024422849844696337,0.015179466085767812,0.00013081237962553338,-0.005392752529937872,0.0018428701215957854,0.01752050951685491,-0.0017101951263706061
2020-02-28,6.983875,0.910996,72.228296,15.574474,6.226473536,108.736449,0.777216,4.48501412,1.537305,-0.003147762865961412,-0.0011841118503281844,0.008315764986162266,0.013885129412567476,0.010794750372903561,-0.010305140607839158,0.0025760462527364414,0.004057066174928403,0.010977151977524802
2020-03-02,6.965384,0.899119,72.754001,15.66283,6.226667865,107.732422,0.783249,4.490019781,1.528322,-0.0026476705267490797,-0.013037378868842486,0.007278380207114354,0.005673128992991883,3.121012221063424e-05,-0.009233582751998815,0.007762320899209474,0.0011160858953995767,-0.005843342732899437
2020-03-03,6.977782,0.899523,73.247279,15.583791,6.173068274,107.7359,0.782675,4.500494738,1.521184,0.0017799449391449063,0.00044932873179193145,0.006780080727106785,-0.005046278354550182,-0.008608069703104237,3.228368893437583e-05,-0.0007328448552120781,0.002332942283311601,-0.004670481744030286
2020-03-04,6.922607,0.898876,73.260674,15.261483,6.096898876,107.48764,0.780674,4.507505618,1.509573,-0.00790724043829405,-0.0007192701020428682,0.00018287368736236154,-0.02068225889323072,-0.01233898518842147,-0.0023043386651988573,-0.0025566167310825394,0.001557802065804692,-0.007632870185329321
2020-03-05,6.934746,0.893895,73.436131,15.441673,6.081880754,106.936623,0.774739,4.601769912,1.512202,0.001753530136840098,-0.0055413649936142395,0.0023949684110196046,0.011806847342423987,-0.002463239477223045,-0.005126328943495295,-0.007602405101233112,0.020912740213472114,0.0017415520812840146
2020-03-06,6.925812,0.882145,73.735004,15.74753,6.105239944,105.045872,0.768922,4.653140438,1.508733,-0.0012882952021602279,-0.013144720576801605,0.004069835868667937,0.019807244979219485,0.0038407839523384446,-0.017681042723782237,-0.007508335065099292,0.011163210456490269,-0.0022940056950062626
2020-03-09,6.948324,0.872905,74.162011,15.965258,6.110509777,102.234637,0.762771,4.750174581,1.512744,0.0032504491892071385,-0.01047446848307243,0.005791102961084871,0.013826168294329477,0.0008631655837176844,-0.026761974996980298,-0.007999511003716875,0.020853473969443703,0.0026585220844244084
2020-03-10,6.95698,0.877963,73.845478,15.943459,6.135557507,104.170325,0.767208,4.674539069,1.525637,0.001245768044207507,0.0057944449854221425,-0.004268128597537668,-0.0013654023004200377,0.004099122808751465,0.018933778774017584,0.005816948992554805,-0.015922680463688832,0.008522922583067416
2020-03-11,6.951394,0.882145,73.678105,16.063867,6.195836274,104.578335,0.773553,4.664255469,1.533963,-0.0008029346066827925,0.004763298681151662,-0.002266530118472443,0.007552188016414663,0.00982449711069111,0.003916758443443413,0.008270247442675238,-0.002199917435324661,0.0054573925514391775
2020-03-12,7.017527,0.88968,74.259786,16.409875,6.259875445,103.950178,0.788461,4.90044484,1.57242,0.009513631366600883,0.008541679655839074,0.007894896319605493,0.021539520963414382,0.010335839774967992,-0.006006569142643192,0.019272111930274782,0.05063817206621346,0.025070356977319408
2020-03-13,6.987302,0.900576,73.736041,16.141481,6.290525937,107.267651,0.802143,4.686779539,1.592579,-0.004307072847742566,0.012247100080927886,-0.007052875159107019,-0.016355639515840403,0.0048963421507821625,0.03191406752569503,0.017352792338492407,-0.043601205191812764,0.012820366059958621
2020-03-16,7.022587,0.896298,74.22022,16.635475,6.414627588,105.548086,0.814896,4.963789549,1.631084,0.005049874758526363,-0.004750293145720064,0.006566381832189716,0.030604007153990365,0.01972834262872225,-0.016030601807435874,0.01589866146061225,0.05910455307208773,0.024177764493943377
2020-03-17,7.020124,0.910581,74.273356,16.598798,6.491167365,106.993262,0.827017,5.033691495,1.665179,-0.0003507254520306313,0.015935548221685192,0.0007159235044036372,-0.002204746182480566,0.011932068689877617,0.013692109963983734,0.014874290707035165,0.014082375030198824,0.020903276593970732
2020-03-18,7.035394,0.914578,74.204774,16.97677,6.446954454,107.719042,0.84315,5.133802817,1.698189,0.002175175253314565,0.004389505162088803,-0.0009233728444962841,0.02277104643360328,-0.00681124187898674,0.006783417819338888,0.019507458734221883,0.01988825141537598,0.01982369462982647
2020-03-19,7.114989,0.92584,75.122674,17.294695,6.538746412,109.832423,0.860893,5.188130729,1.725303,0.011313509946990763,0.012313875907795646,0.012369824076278402,0.018727060565702613,0.014238034199706151,0.01961938168740862,0.021043705153294345,0.01058239163765684,0.0159664206987562
2020-03-20,7.090595,0.933968,75.15177,17.290277,6.519660035,110.553843,0.850173,5.037545531,1.702251,-0.003428536572579244,0.008779054696275823,0.0003873131566110022,-0.0002554540568654451,-0.0029189657768302624,0.0065683700704664005,-0.012452186276343369,-0.02902494286781876,-0.013361131349102218
2020-03-23,7.083836,0.927386,76.162014,17.633312,6.585922285,110.460911,0.86219,5.068348326,1.723639,-0.0009532345310937496,-0.007047350658694884,0.013442717317236896,0.019839763122360576,0.010163451720531125,-0.0008406039761096329,0.014134770217355763,0.006114643492638461,0.012564539542053499
2020-03-24,7.059762,0.922254,75.954994,17.592364,6.465922715,110.661256,0.849396,5.083095084,1.689108,-0.0033984411835621398,-0.00553383380814465,-0.0027181529101896196,-0.0023221956260968124,-0.018220617372499137,0.0018137185198481287,-0.014838956610491838,0.002909578634197496,-0.02003377737449652
2020-03-25,7.097442,0.923617,76.382193,17.408146,6.435023552,111.452849,0.845137,5.074074074,1.661864,0.005337290407240403,0.0014779008819696404,0.005624370136873447,-0.010471475010408016,-0.00477877085173295,0.0071532985311499875,-0.00501415123216975,-0.0017747080963318451,-0.016129223234985557
2020-03-26,7.073582,0.910664,75.161188,17.437756,6.411711137,109.443584,0.831873,4.990984428,1.653948,-0.003361774566104203,-0.014024211334351833,-0.01598546666498568,0.0017009278299942032,-0.003622739654582041,-0.01802793753616827,-0.015694496868555063,-0.01637533169366978,-0.004763326000202239
2020-03-27,7.09611,0.910996,75.49376,17.620024,6.462148128,108.736449,0.817555,5.092921563,1.658832,0.003184807923340749,0.0003645691495435255,0.004424783706186153,0.010452491708222045,0.007866385419165844,-0.006461182777055319,-0.017211761891538613,0.020424254266978137,0.0029529344332470675
2020-03-30,7.099601,0.90629,75.675186,17.879826,6.56833424,108.156607,0.805692,5.121533442,1.633225,0.0004919596793171443,-0.005165774602742479,0.002403191998914922,0.01474470182333465,0.01643201454016574,-0.0053325449316448115,-0.014510338753967678,0.005617969695010494,-0.015436765145596554
2020-03-31,7.099671,0.912742,75.664932,17.898412,6.577491785,108.525009,0.809082,5.202719971,1.639923,9.859709017456808e-06,0.007119134052014253,-0.000135500162497193,0.0010394955745094414,0.001394195950661592,0.0034061904327304937,0.004207563187917929,0.015851996266238677,0.004101088337491898
2020-04-01,7.100677,0.914411,76.445135,17.97906,6.668343087,107.489027,0.808888,5.244056328,1.650786,0.00014169670679109458,0.0018285561527791039,0.010311289250877875,0.0045058745993777904,0.013812453891191012,-0.009546020862343352,-0.0002397779211500417,0.00794514354614706,0.006624091496978846
2020-04-02,7.095819,0.916926,76.403814,18.500825,6.66284614,107.335412,0.804493,5.228589767,1.647717,-0.0006841601160002542,0.0027504043586528137,-0.0005405314543560635,0.029020705198158137,-0.0008243347602669981,-0.0014291226210465524,-0.005433385091632048,-0.0029493506615133613,-0.001859114385510896
2020-04-03,7.09096,0.927214,76.231803,18.789244,6.70338433,108.576727,0.814557,5.275197033,1.669356,-0.0006847694395811788,0.011220098459417516,-0.0022513404893634847,0.01558952100784694,0.006084215235983237,0.011564822614180681,0.012509742160590642,0.008913926713883802,0.013132716358452257
2020-04-06,7.091002,0.926698,76.08748,18.861459,6.777499768,108.924103,0.813641,5.287369104,1.648596,5.92303439872488e-06,-0.0005565058336046702,-0.0018932124693417096,0.0038434223324792516,0.011056420809457013,0.003199359656512746,-0.0011245376321117329,0.0023074154242683775,-0.012435933377901498
2020-04-07,7.055765,0.918695,75.564538,18.359026,6.758107487,108.911346,0.809306,5.206982085,1.614883,-0.004969255402832995,-0.008636038925302514,-0.006872904714415595,-0.026638077149811146,-0.002861273576365231,-0.00011711824700555429,-0.0053279026007784225,-0.015203595099722689,-0.020449521896207412
2020-04-08,7.066323,0.919879,76.233097,18.179008,6.788519915,108.876828,0.809015,5.219483028,1.618618,0.0014963650291639485,0.0012887846347264809,0.008847523159607018,-0.009805422139496978,0.00450013972972485,-0.00031693667618426513,-0.0003595673329988003,0.002400803919800687,0.0023128610555687157
2020-04-09,7.058894,0.920217,76.311309,18.071501,6.73902641,108.889298,0.805788,5.149167203,1.605227,-0.0010513247130085057,0.000367439630647004,0.0010259585806935423,-0.005913799036779022,-0.0072907652359741615,0.00011453309422271296,-0.0039888011965169,-0.013471798762978882,-0.008273107057996332
2020-04-14,7.05701,0.912159,76.15981,18.266442,6.793031105,107.324637,0.795886,5.161452157,1.563349,-0.0002668973354749138,-0.00875663022960882,-0.0019852758652063596,0.010787205777760267,0.008013723602546374,-0.014369281726841487,-0.012288592036615031,0.0023858137667083223,-0.026088522059496744
2020-04-15,7.062093,0.917179,76.505549,18.723012,6.887370449,107.419976,0.801477,5.238558195,1.586628,0.0007202767177600933,0.005503426485952367,0.004539651556378699,0.024995015449642555,0.013887665541610916,0.0008883235263121847,0.007024875421856924,0.01493882644934108,0.014890469114701821
2020-04-16,7.071179,0.918442,76.878215,18.586793,6.934790595,107.567965,0.800542,5.234202792,1.585783,0.0012865874182059756,0.0013770485368722607,0.00487109765070759,-0.007275485375964119,0.0068850871825669735,0.0013776674088996632,-0.001166596171817802,-0.0008314125448024567,-0.0005325760039530669
2020-04-17,7.073757,0.92081,76.479282,18.750092,6.904327808,107.605893,0.800902,5.230018416,1.573481,0.00036457852360971543,0.002578279303429021,-0.00518915534134079,0.008785754487070419,-0.004392747925505369,0.000352595682181045,0.00044969533141303586,-0.0007994294769004817,-0.0077576818518044766
2020-04-20,7.073573,0.92081,76.559392,18.737201,6.926335175,107.836096,0.804263,5.291252302,1.573204,-2.6011637097478335e-05,0.0,0.001047473222878903,-0.0006875166265850607,0.0031874742352906438,0.002139315920179241,0.004196518425475304,0.011708158772953725,-0.00017604279937277756
2020-04-21,7.094952,0.922765,76.936422,18.995386,6.981452431,107.400572,0.81314,5.316877365,1.593245,0.0030223763860217634,0.002123130721864319,0.004924673382985967,0.013779272581854629,0.00795763626902457,-0.004038758969909351,0.011037434272122448,0.004842910815330725,0.012738970915405767
2020-04-22,7.082359,0.920217,76.533082,18.810435,6.994386675,107.674611,0.809055,5.324928683,1.582682,-0.001774923917737592,-0.002761266411274832,-0.00524251049782376,-0.009736627621044436,0.0018526580432700612,0.002551559967483241,-0.005023735150158637,0.0015142944716011186,-0.0066298654632527265
2020-04-23,7.079372,0.928333,76.067583,19.070925,6.942814705,107.454512,0.809506,5.446156703,1.570553,-0.00042175213089312713,0.008819658841338507,-0.006082323981150939,0.013848164595874568,-0.00737333699098075,-0.0020441123302502584,0.0005574404706725211,0.022766130255795547,-0.007663573604804852
2020-04-24,7.079167,0.925926,76.264815,18.983241,6.978240741,107.611111,0.810167,5.567407407,1.568796,-2.8957370795112958e-05,-0.002592819602448615,0.002592852200917095,-0.00459778432351865,0.005102546662304919,0.0014573515535578618,0.0008165473758070529,0.022263535666024792,-0.0011187142363231484
2020-04-27,7.082565,0.921489,76.132971,18.808422,6.982583856,107.095466,0.804119,5.559159602,1.547641,0.00047999997739833766,-0.004791959616643249,-0.0017287657486614316,-0.009209122931115865,0.0006223796457009989,-0.004791744971390455,-0.007465127560120299,-0.0014814444852068176,-0.01348486355141143
2020-04-28,7.077043,0.919371,75.868346,18.655236,6.997793509,106.702216,0.80057,5.608531764,1.538476,-0.0007796610408800086,-0.0022984539153477757,-0.003475826524620973,-0.008144542907427388,0.0021782270451260466,-0.003671957503784462,-0.00441352585873489,0.00888122765574817,-0.005921915999899219
2020-04-29,7.076462,0.922339,75.651633,18.431655,6.988286294,106.548607,0.805921,5.471130788,1.536156,-8.209643490930674e-05,0.0032282941271803978,-0.002856435014413017,-0.011984892606022202,-0.0013586018203841643,-0.0014396045907800747,0.006683987658793189,-0.02449856429127295,-0.0015079858249331668
2020-04-30,7.049007,0.919456,75.037514,18.073924,6.985932328,106.53733,0.799053,5.384792203,1.526113,-0.0038797636446010753,-0.00312574877566707,-0.008117722984248066,-0.019408512149342916,-0.00033684452825311073,-0.00010583901861815903,-0.008521927087146275,-0.01578075691214864,-0.006537747468356114
2020-05-04,7.062237,0.91391,75.659843,18.636812,7.030890148,106.78121,0.803308,5.554834582,1.555657,0.0018768601024230502,-0.006031827515400434,0.008293571666033506,0.031143652037044944,0.006435478886591461,0.0022891506667193084,0.005325053532118762,0.03157826199964875,0.019358985868018985
2020-05-05,7.06216,0.922254,75.757171,18.354514,7.08899751,106.714009,0.802914,5.494420363,1.551692,-1.0903060885580906e-05,0.009130001860139458,0.001286389135118915,-0.015147333138306962,0.008264581123704318,-0.000629333569080126,-0.0004904718986988854,-0.010875970851727534,-0.0025487623557121086
2020-05-06,7.0979,0.925326,75.859628,18.562321,7.141482373,106.088646,0.807375,5.63486629,1.577311,0.005060774607202223,0.0033309695593621846,0.0013524396258144389,0.011321847039916122,0.007403707354384448,-0.00586017717692533,0.005556012225468754,0.025561554763042338,0.016510364170208902
2020-05-07,7.087731,0.927386,75.830938,18.612446,7.214318835,106.565891,0.811258,5.774923491,1.549105,-0.0014326772707421442,0.00222624242699343,-0.00037819853268983294,0.0027003627401982477,0.010199067671913031,0.00449854926039861,0.004809413221861014,0.024855461299686077,-0.017882332653484267
2020-05-08,7.07544,0.922254,75.58932,18.442313,7.124596514,106.372775,0.807295,5.817024809,1.532141,-0.0017341233746031026,-0.00553383380814465,-0.0031862720727522387,-0.009140818998212286,-0.012436700269568779,-0.0018121745915866683,-0.004885005756491867,0.007290368100220546,-0.010950839355627906
2020-05-11,7.093773,0.923873,75.846268,18.440503,7.076496674,107.317073,0.811853,5.791851441,1.543699,0.0025910756080185227,0.0017554816785831928,0.0033992632821673308,-9.814387164985838e-05,-0.006751237056790926,0.008877252661688928,0.005646015397097859,-0.004327533202377332,0.007543692127552237
2020-05-12,7.085375,0.92098,75.145515,18.178486,6.997513354,107.34942,0.808372,5.775280899,1.531129,-0.0011838551924342466,-0.0031313827766370483,-0.009239123011299588,-0.014208777276845441,-0.011161359022494266,0.00030141522775228857,-0.004287722038349373,-0.0028610095008132497,-0.00814277912986916
2020-05-13,7.089839,0.91954,75.294253,18.316322,6.975724138,106.924138,0.811448,5.848827586,1.534437,0.0006300301677750753,-0.001563551868661639,0.001979333031385755,0.007582369620880325,-0.0031138512922657124,-0.003961660901381614,0.0038051788038180323,0.012734737632023041,0.002160497253987259
2020-05-14,7.102947,0.926612,75.604151,18.683933,6.964325426,107.005189,0.820006,5.923369162,1.557172,0.0018488431119523252,0.007690801922700441,0.004115825413660845,0.020070131983921158,-0.0016340542966580829,0.0007580234128237162,0.010546578462205858,0.012744703943475155,0.01481650924736555
2020-05-15,7.108631,0.926097,75.929339,18.592425,6.916929061,106.992036,0.8218,5.850342656,1.556307,0.0008002312279677959,-0.0005557881831877998,0.004301192404104759,-0.004897684015458648,-0.006805593090617901,-0.00012291927263452518,0.0021877888698373926,-0.012328542085218164,-0.0005554941907508493
2020-05-18,7.114845,0.923191,75.834103,18.36346,6.857090103,107.376292,0.823052,5.788497046,1.545052,0.0008741486229908446,-0.0031379002415513613,-0.0012542714220125095,-0.012314961603986485,-0.008651087422219317,0.003591444881000383,0.00152348503285471,-0.010571279946580914,-0.0072318636361592414
2020-05-19,7.106484,0.913242,75.665297,18.232785,6.79890411,107.762557,0.817671,5.694703196,1.529772,-0.0011751485801868577,-0.010776751506459625,-0.002225990594231786,-0.007116033688640333,-0.00848552259427715,0.0035973024659856634,-0.006537861520292676,-0.01620348930899329,-0.009889634782518808
2020-05-20,7.100383,0.912575,75.619182,18.023636,6.791294032,107.638255,0.815459,5.717831721,1.519712,-0.000858511747863,-0.0007303650073036128,-0.0006094603712452074,-0.011471039668377592,-0.0011193095058962266,-0.0011534804245597607,-0.002705244529890405,0.00406141008652483,-0.006576143372999388
2020-05-21,7.104818,0.909091,75.504091,17.870636,6.798272727,107.654545,0.817664,5.684727273,1.519091,0.0006246141933470284,-0.003817768402597066,-0.0015219815522468094,-0.008488853192552215,0.0010275942945654482,0.00015134024608620678,0.0027039986069195,-0.005789685603795558,-0.0004086300562211598
2020-05-22,7.134721,0.917095,75.86803,17.651871,6.807318415,107.538518,0.821377,5.581162876,1.530998,0.004208834061618427,0.008804399119560102,0.004820122925524695,-0.012241590058686302,0.0013305862184778139,-0.001077771495852753,0.004540985050093926,-0.0182180062519246,0.007838240105431549
2020-05-25,7.136205,0.91659,75.886801,17.672502,6.815032081,107.671861,0.820486,5.521814849,1.528689,0.00020799692097295264,-0.0005506517863470561,0.00024741646777970416,0.0011687712877577194,0.0011331431159444794,0.001239955715216512,-0.0010847637564723733,-0.010633631076277461,-0.0015081665684737455
2020-05-26,7.131572,0.911162,75.559909,17.371298,6.743872437,107.444191,0.809822,5.386241458,1.50697,-0.0006492246228912979,-0.005921949835804408,-0.004307626566047995,-0.017043653467969766,-0.010441571390161108,-0.002114480031138344,-0.012997174845152726,-0.02455232468081625,-0.014207598798709253
2020-05-27,7.158766,0.909835,75.739241,17.421254,6.782094441,107.888272,0.815167,5.338822673,1.507142,0.0038131845264970377,-0.001456382070367357,0.0023733750129317777,0.0028757781945829564,0.005667664143570672,0.004133131776291155,0.00660021584990278,-0.008803687203730926,0.00011413631326440132
2020-05-28,7.153595,0.907771,75.765704,17.427469,6.814814815,107.734205,0.814524,5.310003631,1.509078,-0.000722331195069037,-0.0022685431973928916,0.0003493961604392748,0.00035674814224040396,0.004824523498551558,-0.0014280236131689605,-0.0007887954247410844,-0.00539801446220467,0.0012845504935832253
2020-05-29,7.135057,0.897989,75.523078,17.442439,6.833782328,107.121049,0.80898,5.356860632,1.497935,-0.0025914243118321245,-0.01077584545000887,-0.0032023196141621746,0.0008589887607892699,0.002783276364054732,-0.005691377218590921,-0.006806429276485448,0.008824287939550146,-0.0073839788268067474
2020-06-01,7.13629,0.899604,75.510975,17.451691,6.813871896,107.7276,0.806702,5.332493703,1.483267,0.00017280871056812863,0.0017984630101257615,-0.0001602556505972963,0.0005304304059770004,-0.002913530318111035,0.005662295185328015,-0.002815891616603672,-0.004548733049809184,-0.009792147189297329
2020-06-02,7.106945,0.894935,75.209415,17.250313,6.774476463,108.134956,0.797235,5.324771792,1.459638,-0.004112080646946792,-0.0051900614047958316,-0.003993591660020224,-0.011539168324720017,-0.005781651548677713,0.0037813522254279697,-0.011735436381712261,-0.0014480862857194632,-0.015930375313412792
2020-06-03,7.110863,0.893336,75.491781,17.048776,6.762819368,108.576023,0.795649,5.180721815,1.454351,0.0005512917294281383,-0.0017867219406996204,0.003754396972772467,-0.0116830923589617,-0.0017207373977410345,0.004078856794467178,-0.0019893757800397704,-0.027052798246945065,-0.0036221309667191504
2020-06-04,7.116978,0.888889,75.495111,16.894133,6.743822222,108.871111,0.7972,5.065688889,1.446756,0.0008599518792584693,-0.004977970215014227,4.411076220334209e-05,-0.009070621844054938,-0.0028090571352370475,0.0027178007800119364,0.001949352038398855,-0.022204034516375648,-0.005222260650970756
2020-06-05,7.091703,0.882613,75.578111,16.842277,6.773786408,109.240953,0.789479,5.059929391,1.432215,-0.003551366886338503,-0.0070604991174376686,0.0010994089405340635,-0.0030694679626354082,0.004443205205239442,0.0033970627892279115,-0.009685148018063194,-0.0011369624400950906,-0.010050761842356204
2020-06-08,7.074524,0.886132,75.534781,16.818697,6.785467435,109.357554,0.790191,4.935932654,1.431635,-0.002422408270622678,0.003987024890863999,-0.0005733141438267753,-0.0014000482238831768,0.0017244457230307653,0.0010673744305396138,0.0009018605941386593,-0.024505625952123022,-0.00040496713133153506
2020-06-09,7.085621,0.885426,75.534355,16.728794,6.805294847,108.145918,0.789092,4.864884009,1.440322,0.0015685860985135136,-0.0007967210302753935,-5.639785994659974e-06,-0.005345420040565596,0.0029220406979963975,-0.011079582120134046,-0.0013908029830761448,-0.01439416823129136,0.006067887415437623
2020-06-10,7.05978,0.879121,75.519121,16.560527,6.781978022,107.393407,0.782092,4.85389011,1.425934,-0.0036469633360293185,-0.007120866114164293,-0.0002016830619657739,-0.010058525438235377,-0.003426276968775177,-0.006958293146117622,-0.0088709554779417,-0.002259848123749908,-0.00998943291847243
2020-06-11,7.071731,0.881213,75.834508,16.863941,6.819792034,107.084949,0.790139,4.976295382,1.447039,0.001692828955009995,0.0023796496727981342,0.004176253587485412,0.018321518391292813,0.005575661241799201,-0.002872224735360196,0.010289070850999726,0.025217973465822885,0.014800825283638686
2020-06-12,7.076256,0.884643,75.891277,17.055379,6.831564048,107.271762,0.793109,5.076786978,1.454972,0.0006398716240763047,0.00389236200555354,0.0007485906020514577,0.011351913529583424,0.001726154396103352,0.0017445308770702717,0.003758832306720583,0.020194057684657096,0.0054822295736327575
2020-06-15,7.094997,0.888652,76.004177,17.170532,6.839687195,107.375811,0.796659,5.158535502,1.464143,0.0026484344263406623,0.004531771573391907,0.0014876545034285815,0.006751711586121978,0.0011890610909779387,0.0009699570330541363,0.004476055624132336,0.016102413663258597,0.006303214082470365
2020-06-16,7.078263,0.88433,76.0948,17.024938,6.848425893,107.34878,0.790325,5.097895295,1.44358,-0.0023585633651431737,-0.004863546135045027,0.0011923423629731644,-0.00847929464270547,0.0012776458558496628,-0.0002517419868427462,-0.007950704128114938,-0.011755314464054756,-0.014044393204762029
2020-06-17,7.087073,0.890313,76.166756,17.119747,6.856481481,107.416311,0.796368,5.210202991,1.450499,0.0012446556450360635,0.006765573937331126,0.0009456099496942816,0.005568830852717532,0.0011762685507386017,0.0006290802745962942,0.007646221491158567,0.022030208448994948,0.00479294531650476
2020-06-18,7.088309,0.891107,76.343789,17.406345,6.858670469,106.932811,0.802246,5.323293531,1.457494,0.00017440204157614936,0.0008918211909743068,0.00232428173782262,0.016740784779121,0.0003192582093403118,-0.004501178596609923,0.007381009784421355,0.02170559193093835,0.004822478333318392
2020-06-19,7.076896,0.892061,76.139161,17.345227,6.858786798,106.842105,0.80736,5.354950937,1.45058,-0.0016101160375485701,0.0010705785051627892,-0.002680349019617001,-0.0035112483407631068,1.696086734681579e-05,-0.0008482522731025899,0.0063746033012317405,0.005946958554068793,-0.004743758807926546
2020-06-22,7.076429,0.891822,76.035405,17.397396,6.851779185,106.920539,0.805565,5.28386694,1.452956,-6.59893829157987e-05,-0.0002679188979228808,-0.001362715304940143,0.003007686206700999,-0.001021698619068201,0.0007341113318575232,-0.002223295679746329,-0.013274444124005913,0.0016379655034537421
2020-06-23,7.063439,0.883548,75.488602,17.204365,6.858278848,106.953525,0.80076,5.213465277,1.43771,-0.0018356716360752312,-0.009277636120212374,-0.007191426152066915,-0.011095396115602618,0.0009486095252790872,0.0003085094810455491,-0.005964757654565389,-0.013323890211361045,-0.010493091325545878
2020-06-24,7.071986,0.886525,75.645833,17.310638,6.854787234,106.648936,0.800913,5.179255319,1.448759,0.0012100338093101737,0.003369369858796656,0.002082844241836579,0.006177095173230951,-0.0005091093665604562,-0.0028478631255958176,0.00019106848493932738,-0.006561846331061716,0.007685138171119155
2020-06-25,7.071964,0.892857,75.635714,17.400268,6.855,107.366071,0.804759,5.358214286,1.457232,-3.110865886779557e-06,0.007142494571501068,-0.00013376810854870413,0.005177740993717261,3.1039037790225876e-05,0.00672425836484658,0.004802019695023141,0.03455303049909353,0.00584845374558518
2020-06-26,7.07197,0.891822,75.645679,17.283421,6.854989744,106.956212,0.807768,5.403995363,1.454829,8.484206084347079e-07,-0.001159200185471998,0.00013174992966957788,-0.006715241397431293,-1.4961342086339258e-06,-0.0038173977699157424,0.00373900757866652,0.008544092221100197,-0.00164901676603324
2020-06-29,7.075594,0.886211,75.49805,17.215704,6.854927331,107.293513,0.811237,5.415189649,1.453917,0.0005124456127498789,-0.006291614245892196,-0.0019515853641818293,-0.0039180321997596135,-9.104754686850569e-06,0.0031536363684983026,0.0042945499202740045,0.0020714832726624888,-0.0006268777980092954
2020-06-30,7.074388,0.893017,75.570191,17.362475,6.854884801,107.751384,0.814815,5.457938918,1.459546,-0.00017044505380037211,0.007679886618423781,0.00095553461314557,0.008525413773378121,-6.204296259637587e-06,0.004267462097172547,0.004410548335443298,0.007894325364559363,0.0038716102776157335
2020-07-01,7.067054,0.892857,75.555357,17.226339,6.855089286,107.419643,0.807411,5.442857143,1.4525,-0.001036697450012669,-0.0001791679217751918,-0.0001962943298633446,-0.007840817625367369,2.9830552363163676e-05,-0.0030787632389019937,-0.009086725207562374,-0.0027632729546057666,-0.004827528560251038
2020-07-02,7.067074,0.886054,74.742158,16.919369,6.855218855,107.425128,0.799442,5.300637959,1.443913,2.830033561496137e-06,-0.007619361219097787,-0.010762956225592313,-0.017819804892960756,1.8901139663407562e-05,5.106142458521923e-05,-0.009869818469156355,-0.02612950887070531,-0.005911876075731404
2020-07-03,7.066108,0.890948,74.68015,17.084907,6.856468282,107.519601,0.802922,5.356111903,1.441108,-0.00013669023417617332,0.005523365393079738,-0.0008296254972997019,0.009783934613637246,0.00018225924312953445,0.000879431114105822,0.0043530362427794955,0.010465522155839846,-0.0019426378182064719
2020-07-06,7.019691,0.883002,74.572627,17.020839,6.864724062,107.532009,0.799161,5.275496689,1.433113,-0.0065689627161090725,-0.008918590086065659,-0.0014397801825518641,-0.0037499765143587105,0.0012040863693154602,0.00011540221396466599,-0.004684141174360668,-0.015051069779712267,-0.005547814598211964
2020-07-07,7.022764,0.88574,74.813552,17.086625,6.865190434,107.714792,0.798494,5.376527901,1.440301,0.00043776855704891204,0.003100785728684663,0.0032307430982685403,0.0038650268650095576,6.793747218214463e-05,0.0016998008472064452,-0.0008346253132972548,0.019151033154975128,0.0050156547320412415
2020-07-08,7.014265,0.886054,75.000443,16.979266,6.864965444,107.558037,0.796766,5.355218855,1.439128,-0.001210207263123153,0.0003545058369274212,0.0024980901855855553,-0.006283218599343221,-3.277257960465629e-05,-0.001455278305694585,-0.0021640738690585914,-0.003963347050805144,-0.0008144130983732678
2020-07-09,6.98554,0.881679,74.982807,16.81282,6.863427967,107.273849,0.790469,5.335919591,1.431758,-0.0040952259431316085,-0.004937622311958378,-0.00023514527774204375,-0.009802897251271037,-0.00022395990373758057,-0.00264218284311013,-0.007903198680666579,-0.0036038235826686416,-0.005121156700446328
2020-07-10,7.001774,0.886839,75.240333,16.928787,6.865643845,106.846399,0.794342,5.382316424,1.440848,0.0023239434603481435,0.0058524701166751125,0.0034344673172879148,0.00689753414358818,0.00032285295491618626,-0.003984661723100746,0.004899622882111876,0.008695189687313976,0.006348838281329483
2020-07-13,7.00053,0.88269,75.219349,16.746933,6.869450084,107.158619,0.793874,5.339747551,1.434195,-0.0001776692592476703,-0.004678414007503129,-0.0002788929708752441,-0.010742293585476737,0.000554389229317831,0.002922138723645773,-0.0005891668827784358,-0.007909024599554004,-0.004617419741707485
2020-07-14,7.015824,0.879121,75.404396,16.767648,6.866901099,107.402198,0.798048,5.356043956,1.437187,0.0021846917304833013,-0.004043322117617709,0.002460098398352484,0.001236942907695493,-0.00037106099743522414,0.0022730696072146284,0.005257761307210007,0.0030519055150739494,0.0020861877220321734
2020-07-15,6.988378,0.87382,75.123209,16.520535,6.865431667,106.824537,0.791157,5.322527088,1.423715,-0.003912013756331434,-0.00602988667089055,-0.003729053144328698,-0.014737487332749488,-0.0002139876457829537,-0.005378483967339198,-0.008634818958258128,-0.006257765670958149,-0.009373867144637393
2020-07-16,6.996758,0.876117,75.219467,16.662082,6.86174873,107.096548,0.796171,5.357806203,1.4314,0.0011991337617971443,0.002628687830445564,0.0012813350398808154,0.008567942866257283,-0.0005364465307698962,0.0025463344624652162,0.0063375537345937705,0.006628264058916589,0.005397849991044534
2020-07-17,6.998162,0.875044,74.964998,16.669233,6.861480574,107.219111,0.796972,5.323678684,1.431572,0.00020066436483867633,-0.0012247222688294146,-0.003383020515154711,0.000429178058300117,-3.907983380802005e-05,0.0011444159712785673,0.0010060652799461778,-0.006369681490325463,0.00012016207908338572
2020-07-20,6.987421,0.873515,74.803896,16.719864,6.857791754,107.119147,0.791186,5.37037037,1.428983,-0.0015348315743476393,-0.0017473407051531442,-0.0021490296044561763,0.0030373923023334637,-0.0005376128315479622,-0.0009323337888895722,-0.007259979020593055,0.008770568017248959,-0.0018085014236099983
2020-07-21,6.989601,0.873897,74.613738,16.499694,6.848641091,107.227126,0.786988,5.279734335,1.411693,0.0003119892160499127,0.00043731361224486065,-0.002542086845316094,-0.013168169310468048,-0.0013343454173367908,0.001008027071014661,-0.005305958396634836,-0.016877054794267377,-0.012099514129979005
2020-07-22,6.995941,0.863707,74.527552,16.368976,6.849110382,107.047849,0.787036,5.175332527,1.393937,0.0009070617907946943,-0.011660413069274789,-0.001155095593789901,-0.007922449955738653,6.852322873451833e-05,-0.0016719370059400385,6.0992035456619575e-05,-0.019774064635772914,-0.01257780551437182
2020-07-23,7.006396,0.864379,74.835336,16.613623,6.848387933,107.165701,0.78827,5.145129225,1.40427,0.0014944379891139725,0.0007780416275426916,0.004129801553122148,0.014945773028196774,-0.00010548070620952643,0.001100928240043375,0.001567907948302416,-0.005836011858644463,0.0074128170785336955
2020-07-24,7.016971,0.861475,74.832874,16.742764,6.848380427,106.271537,0.783813,5.235785665,1.410751,0.0015093351845942848,-0.003359637381287639,-3.289889685265113e-05,0.007773199139043951,-1.0960243597146757e-06,-0.008343751700929047,-0.005654154033516545,0.017619856768514852,0.004615209325842029
2020-07-27,7.002041,0.85034,74.732143,16.443878,6.849659864,105.340136,0.776701,5.180187075,1.40068,-0.0021276986893632444,-0.012925505673408999,-0.0013460795318379626,-0.017851652212263147,0.00018682329546937382,-0.008764350514663177,-0.00907359280848874,-0.010618958367922371,-0.007138750920609116
2020-07-28,7.001878,0.853461,74.860459,16.584023,6.937185286,105.265853,0.776376,5.176239652,1.4007,-2.3278926815861745e-05,0.00367029658724749,0.0017170121830978324,0.008522624650948885,0.012778068362198525,-0.0007051728127633883,-0.00041843643821759535,-0.0007620232518340542,1.4278778878829002e-05
2020-07-29,6.999318,0.852878,74.792324,16.483497,6.972110874,105.142857,0.770874,5.129978678,1.394286,-0.00036561619611197305,-0.000683100926697322,-0.0009101600619362271,-0.006061617256560625,0.0050345473791053585,-0.0011684320840491536,-0.00708677238863642,-0.008937177779650418,-0.004579139001927746
2020-07-30,7.003321,0.851571,74.887167,16.781913,6.981009963,105.237163,0.768696,5.210678702,1.400494,0.0005719128635104376,-0.0015324583351898902,0.0012680846767110232,0.01810392539883976,0.001276383746733778,0.0008969320664360403,-0.0028253644564479874,0.015731064213986734,0.004452458104004409
2020-07-31,6.974764,0.844024,74.810517,16.961512,6.971218771,104.920662,0.760069,5.167032411,1.391627,-0.004077636881131053,-0.008862443648268825,-0.001023539854298372,0.010701938450044413,-0.0014025466303434486,-0.0030075022071813784,-0.011222902161582837,-0.008376315926608036,-0.006331337370956258
2020-08-03,6.984479,0.852806,75.200836,17.292939,6.981408835,106.182842,0.767636,5.234095173,1.407812,0.0013928786694430428,0.01040491739571392,0.005217434869484894,0.01953994431628514,0.0014617334980777663,0.012029851660676716,0.009955675076867898,0.012978970648070964,0.011630271617322885
2020-08-04,6.98317,0.849979,75.121547,17.41428,6.968975776,106.060348,0.767828,5.333021674,1.40204,-0.0001874155538301725,-0.0033149391538050965,-0.0010543632786208512,0.0070167945425587686,-0.001780881093464859,-0.0011536138767126447,0.00025011854576906245,0.01890040164158857,-0.0040999792585942885
2020-08-05,6.940864,0.843597,74.834655,17.228024,7.028091783,105.761768,0.761473,5.256537878,1.384765,-0.006058280122064885,-0.007508420796278448,-0.00381903743276224,-0.010695590055977089,0.008482739630633507,-0.002815189706901644,-0.008276593195351012,-0.014341549814597787,-0.012321331773701094
2020-08-06,6.951364,0.844381,74.951448,17.533986,7.249261167,105.513806,0.760221,5.348307017,1.392553,0.0015127799651455387,0.0009293537079908543,0.0015606806766197412,0.01775955269159124,0.03146933631899618,-0.002344533423457862,-0.0016441817372381262,0.017458095257731898,0.005624058955851607
2020-08-07,6.959296,0.846238,75.004654,17.524414,7.194634848,105.703647,0.764771,5.354489295,1.388085,0.0011410710185799644,0.002199244180056237,0.0007098728766388174,-0.0005459112377527164,-0.007535432610521697,0.0017992053096824723,0.005985101700689555,0.001155931770623564,-0.003208495475576112
2020-08-10,6.971266,0.850123,74.906486,17.72099,7.315735782,106.044376,0.766429,5.415030179,1.398028,0.0017200015633764831,0.004590907049789594,-0.0013088254496848029,0.011217265239225727,0.016832116786811513,0.003223436557491688,0.002167969235235212,0.011306565512519295,0.0071631060057562035
2020-08-11,6.947042,0.84868,74.566749,17.505135,7.24857846,106.059577,0.76248,5.43732496,1.392345,-0.003474835130376608,-0.0016974014348511979,-0.00453548174720142,-0.012180752881187806,-0.009179845199608905,0.0001433456499382313,-0.005152466829934643,0.004117203462034258,-0.0040650115734449654
2020-08-12,6.945714,0.849545,74.80333,17.423923,7.312377878,106.974768,0.768626,5.418571064,1.402939,-0.00019116049679845926,0.0010192298628457497,0.0031727412442239533,-0.0046393244039535375,0.008801645502227284,0.008629027438040726,0.008060539292833901,-0.003449103398815434,0.00760874639546949
2020-08-13,6.945576,0.845094,74.844925,17.443167,7.334910843,106.972027,0.763737,5.388827854,1.396265,-1.9868367744479976e-05,-0.005239275141399213,0.0005560581327062053,0.0011044585079951208,0.003081482573239702,-2.5622864636698495e-05,-0.006360700782955586,-0.005489124281788715,-0.0047571562270346535
2020-08-14,6.94997,0.846525,74.890375,17.448658,7.377380852,106.670617,0.763337,5.396596969,1.398883,0.0006326329162622546,0.0016933027568530878,0.0006072556021667896,0.00031479375276277644,0.005790119322381493,-0.002817652506481916,-0.0005237405022933128,0.001441707772170453,0.0018750022381137654
2020-08-17,6.940184,0.843668,74.824517,17.444023,7.395258584,106.293765,0.764574,5.413481819,1.390787,-0.0014080636319293571,-0.003374974159062072,-0.0008793920447054404,-0.00026563647473620833,0.0024233169411544964,-0.0035328566628615166,0.0016205162333280398,0.0031287958128043414,-0.0057874747209023525
2020-08-18,6.921468,0.839913,74.650596,17.398791,7.393247102,105.442634,0.759071,5.440786158,1.381404,-0.002696758472109706,-0.004450802922476571,-0.0023243852011768373,-0.002592979841863463,-0.0002719961685114791,-0.008007346432784557,-0.007197472056334586,0.0050437666390912295,-0.006746539908699112
2020-08-19,6.911255,0.838012,74.847901,17.194586,7.356490405,105.371658,0.757102,5.456716668,1.376687,-0.001475554029867654,-0.002263329654380919,0.002643046547143424,-0.011736735040957624,-0.004971658121646905,-0.0006731243075737137,-0.0025939602487777824,0.0029279794385186353,-0.0034146419150372642
2020-08-20,6.918565,0.843882,75.098734,17.226667,7.352658228,105.873418,0.760954,5.607932489,1.396118,0.0010576950206584446,0.007004672964110448,0.0033512362624570358,0.0018657616996418103,-0.0005209246242467991,0.004761811757769019,0.005087821720190844,0.027711869646225074,0.014114319376880902
2020-08-21,6.923528,0.84969,74.940947,17.24675,7.30096015,105.811879,0.762639,5.60013595,1.39706,0.0007173452876427788,0.006882478829978611,-0.002101060718280534,0.0011658088009711687,-0.007031209175904052,-0.0005812507158311497,0.002214325701684894,-0.0013902697679212261,0.0006747280673982115
2020-08-24,6.912889,0.844096,74.087955,16.933316,7.370135899,105.731409,0.761163,5.566050477,1.388875,-0.0015366443235298455,-0.006583577540044017,-0.01138218869852281,-0.018173510951338456,0.009474883793195277,-0.000760500623942284,-0.001935384893770098,-0.0060865438454221765,-0.005858731908436221
2020-08-25,6.913069,0.846453,74.247926,16.766887,7.393939394,106.373794,0.761342,5.574741832,1.394278,2.603831769909526e-05,0.002792336416711061,0.0021592038813869063,-0.009828494312631997,0.0032297226708166704,0.006075630752258254,0.00023516644923615715,0.0015614941035684282,0.0038901989019888283
2020-08-26,6.893036,0.848248,74.317584,16.794978,7.354822292,106.31945,0.760794,5.54050386,1.388667,-0.002897844647579806,0.00212061390295748,0.0009381810880479957,0.0016753855381741456,-0.005290427729464864,-0.00051087770734215,-0.0007197816487203301,-0.006141624676405222,-0.004024305052507282
2020-08-27,6.888277,0.847027,73.916229,16.963832,7.340758936,106.166356,0.758131,5.591224801,1.379892,-0.0006904069556578074,-0.0014394375229885847,-0.005400538854976711,0.010053838712977159,-0.0019121272332163208,-0.001439943491054696,-0.003500290485992208,0.009154571909277598,-0.006319009524961894
2020-08-28,6.861016,0.839278,73.195552,16.687285,7.316491817,105.237096,0.750885,5.506336551,1.360974,-0.003957593459148034,-0.009148468702886658,-0.009749915678192833,-0.01630215390013301,-0.003305805191475608,-0.008752867057055247,-0.009557714959551822,-0.015182406900330236,-0.01370976859058537
2020-08-31,6.843467,0.837521,73.2567,16.715997,7.350921273,105.921273,0.750461,5.422026801,1.357956,-0.002557784444752742,-0.0020934660505815827,0.0008354059547224235,0.0017205914563094282,0.004705732865032619,0.006501291141671306,-0.0005646670262423603,-0.01531140518185159,-0.0022175295046047427
2020-09-01,6.818971,0.834237,72.919413,16.63961,7.357637441,105.881371,0.742262,5.433052474,1.354968,-0.0035794722178100757,-0.0039210957098388954,-0.0046041795494472515,-0.004569694526745827,0.000913649833887975,-0.00037671375040970734,-0.010925284591737694,0.002033496588022432,-0.002200365843959551
2020-09-02,6.82708,0.843099,73.199983,16.790658,7.38453756,106.230503,0.749009,5.413118624,1.363376,0.0011891823561061,0.010622880548333491,0.003847672224130516,0.009077616602793048,0.0036560810743542227,0.003297388357391018,0.009089782314061656,-0.0036689964058683744,0.006205312597788337
2020-09-03,6.840091,0.846525,73.530433,16.766105,7.441547448,106.535173,0.75455,5.369000254,1.372979,0.0019057928133259239,0.004063579721954369,0.004514345310708601,-0.0014623012391772328,0.0077201703609453,0.002868008635900088,0.007397774926602985,-0.008150268461583954,0.0070435448474961415
2020-09-04,6.840567,0.844452,73.195406,16.574734,7.449332883,106.223611,0.754307,5.30104712,1.375697,6.958971744674969e-05,-0.0024488349428546385,-0.004556303918406113,-0.011414159698987958,0.0010462118335472503,-0.002924498935201414,-0.00032204625273357657,-0.012656571202315448,0.00197963697915271
2020-09-07,6.832629,0.845737,73.451032,16.71634,7.456698241,106.216171,0.759768,5.299729364,1.372801,-0.001160430122239875,0.0015216969111329082,0.003492377650039735,0.008543485524413308,0.0009887271941904086,-7.004092527040928e-05,0.007239757817440351,-0.00024858409483441424,-0.0021051147163946293
2020-09-08,6.844124,0.848536,73.912601,16.973526,7.484259652,106.236742,0.767527,5.382011031,1.381926,0.0016823685290099366,0.003309539490409019,0.006284036962203476,0.015385305635085222,0.003696195032870886,0.00019367107481227386,0.010212327973802449,0.015525635621872036,0.0066469939925744015
2020-09-09,6.844814,0.849401,73.563663,16.73694,7.495115943,106.217617,0.774764,5.332965259,1.381466,0.00010081640835268857,0.0010194028302865643,-0.004720954144205924,-0.013938529920064835,0.0014505497543899626,-0.00018002246341475292,0.009428984257231487,-0.009112908115107898,-0.0003328687643187056
2020-09-10,6.837877,0.843953,73.452612,16.760739,7.45809773,106.135539,0.772977,5.31006836,1.374124,-0.0010134680065814194,-0.006413931700103959,-0.0015095904074271527,0.0014219445131546937,-0.004938978033364849,-0.0007727343384102969,-0.0023065088207505635,-0.004293464871416353,-0.005314644008611258
2020-09-11,6.836764,0.843597,73.598026,16.74768,7.471317699,106.141387,0.779551,5.277627805,1.370339,-0.000162769818761066,-0.0004218244380906899,0.001979698148787401,-0.0007791422561977956,0.001772565804122328,5.509935743575056e-05,0.008504780866701145,-0.006109253742262566,-0.0027544821282503573
2020-09-14,6.819384,0.842034,73.544544,16.661839,7.493853149,105.944763,0.776271,5.313994611,1.374789,-0.002542138356684487,-0.0018527804152932426,-0.0007266770986493754,-0.005125545747231786,0.003016261777091467,-0.001852472495012747,-0.004207550243665814,0.006890748522574208,0.003247371635777707
2020-09-15,6.771443,0.840901,73.596115,16.453835,7.485956946,105.440632,0.774428,5.236461487,1.363858,-0.00703010711817964,-0.0013455513672844255,0.0007012212897805625,-0.012483856073750244,-0.0010536906505906884,-0.004758432467303786,-0.002374170875892645,-0.014590365567835994,-0.007951038304787161
2020-09-16,6.759542,0.842531,73.524728,16.322015,7.496840509,105.080462,0.770267,5.241469374,1.36271,-0.0017575279006262212,0.0019383970289010843,-0.0009699832661004271,-0.008011506132157065,0.001453863958677415,-0.0034158558533677885,-0.005372997877142849,0.0009563494379616344,-0.0008417298575070786
2020-09-17,6.769602,0.847673,73.629736,16.332373,7.547427312,104.585912,0.775875,5.265491227,1.369162,0.0014882665127311512,0.006103039532076471,0.0014281997751830477,0.0006346030192962981,0.006747749660576341,-0.0047063934682739506,0.007280592314093504,0.004583037939543955,0.004734683094715697
2020-09-18,6.773092,0.845094,73.535029,16.185245,7.572044283,104.360686,0.771723,5.254457872,1.372602,0.000515539909140994,-0.003042446792572151,-0.0012862602142156287,-0.009008366389868905,0.003261637374216253,-0.002153502280498265,-0.005351377477041952,-0.0020954084859973188,0.002512485739452286
2020-09-21,6.78646,0.848392,73.55137,16.748621,7.610927293,104.097735,0.777195,5.451938576,1.377789,0.0019736923697477593,0.0039025244529011793,0.00022222062358889794,0.03480799950819424,0.00513507430051563,-0.0025196365612238925,0.007090627077332101,0.037583459380716944,0.0037789541323702824
2020-09-22,6.77598,0.851789,73.477002,16.676235,7.653321976,104.582624,0.781457,5.423935264,1.387394,-0.0015442513475361075,0.004004045299814241,-0.001011102852333079,-0.0043219080544004695,0.005570238864190946,0.0046580168146790335,0.00548382323612473,-0.005136395359124801,0.006971314185263644
2020-09-23,6.793791,0.855286,73.54131,17.072101,7.690728703,105.123161,0.785879,5.516421485,1.406004,0.002628549671043867,0.0041054768258335095,0.0008752126277551397,0.02373833182370011,0.004887645798426377,0.005168516330207984,0.005658660681265859,0.017051497943541882,0.013413637366169961
2020-09-24,6.829283,0.858738,73.949764,17.06097,7.629969944,105.392872,0.783409,5.576212967,1.420266,0.005224181903741298,0.004036076821086754,0.005554075661692748,-0.0006519994229180481,-0.007900260345459764,0.0025656667611051454,-0.0031429774812661293,0.010838816824019215,0.010143641127621228
2020-09-25,6.829207,0.85955,73.678442,17.105037,7.624978511,105.501117,0.785138,5.549252192,1.422383,-1.1128547462435634e-05,0.0009455736208250354,-0.0036690042716025495,0.0025829129293351016,-0.0006541877670075413,0.0010270618680929822,0.002207020853730368,-0.004834961497983237,0.0014905658517487819
2020-09-28,6.813196,0.856898,73.715081,17.04413,7.804027421,105.415596,0.775561,5.531448158,1.414996,-0.0023444888989307966,-0.003085335349892415,0.0004972825022548921,-0.003560764001855121,0.023481890439651654,-0.0008106170098653998,-0.01219785566359044,-0.0032083663499141712,-0.0051933972776671
2020-09-29,6.817382,0.854555,73.726713,16.978722,7.831909075,105.631516,0.777329,5.641941548,1.402495,0.0006143959457500792,-0.0027342810929656958,0.00015779674718130465,-0.0038375675379146434,0.003572726298343598,0.002048273767764064,0.002279640157254015,0.019975490476250135,-0.00883465394955174
2020-09-30,6.809019,0.854117,73.709429,16.83396,7.771609156,105.705501,0.779254,5.663477964,1.403997,-0.0012267172354432088,-0.0005125474662250884,-0.00023443334575357078,-0.008526083411931729,-0.007699261881433439,0.000700406496106698,0.0024764288994749695,0.003817199419167139,0.0010709485595312707
2020-10-01,6.790759,0.850919,73.03225,16.62466,7.709836624,105.496937,0.771979,5.600833901,1.388615,-0.002681737266410855,-0.003744217712561615,-0.00918714212261762,-0.012433200506595132,-0.00794848669819026,-0.0019730666618759107,-0.009335851981510546,-0.011061058840203586,-0.010955863865805937
2020-10-02,6.790793,0.852515,73.348252,16.53896,7.739727195,105.200341,0.773001,5.629923274,1.395737,5.006804099316753e-06,0.001875619183494548,0.004326882986625646,-0.005154992643458534,0.0038769396107505294,-0.0028114181172862462,0.001323870208904676,0.00519375748579276,0.005128851409498036
2020-10-05,6.808973,0.849762,73.153467,16.438392,7.785010197,105.582937,0.771669,5.656696125,1.391825,0.0026771541998114046,-0.003229268693219489,-0.0026556188414686988,-0.006080672545311083,0.00585072326958147,0.003636832317872596,-0.0017231543038107588,0.004755455749040349,-0.0028028203021055464
2020-10-06,6.791946,0.847817,73.396778,16.492582,7.768122086,105.621026,0.772005,5.541585418,1.396524,-0.002500670806008465,-0.0022888761794478407,0.0033260351146444656,0.0032965511468516784,-0.002169311352541059,0.0003607495783148895,0.00043541984970230097,-0.02034945919956055,0.0033761428340488564
2020-10-07,6.791334,0.849618,73.290569,16.634919,7.877824979,105.972812,0.776661,5.56057774,1.401869,-9.010672346343451e-05,0.0021242791781717063,-0.0014470526213016255,0.008630364851301087,0.014122189608439584,0.0033306436542284157,0.006031049021703261,0.00342723617293883,0.003827359930799634
2020-10-08,6.79082,0.849979,73.256269,16.574161,7.930641734,105.98385,0.773778,5.59558011,1.39575,-7.568468875185363e-05,0.00042489683598989636,-0.00046800018703641033,-0.003652437381871265,0.006704484440920533,0.00010415879121894456,-0.0037120442509667173,0.006294736201278184,-0.004364887161353859
2020-10-09,6.701738,0.847817,73.080543,16.474354,7.908350996,105.934718,0.772929,5.578295888,1.390844,-0.01311800342226721,-0.0025435922534556843,-0.0023987844644394185,-0.006021843277617345,-0.0028107105008206013,-0.000463580064321123,-0.0010972139295767347,-0.003088906183133844,-0.0035149561167830967
2020-10-12,6.74447,0.847529,73.290957,16.510721,7.86676837,105.441139,0.767845,5.531655225,1.386304,0.006376256427810256,-0.00033969594853611174,0.0028792068498999512,0.0022074917171257535,-0.005258065306033122,-0.0046592751584989545,-0.0065775769831381,-0.008361095204780011,-0.0032642050438438375
2020-10-13,6.735217,0.848392,73.322304,16.496649,7.903198439,105.523034,0.768567,5.547552388,1.391618,-0.001371938788370386,0.001018254242627803,0.00042770624485077846,-0.0008522946999103276,0.00463088110473997,0.0007766892578804363,0.0009402939395319887,0.0028738528258509533,0.0038332140713726037
2020-10-14,6.731234,0.851064,73.27617,16.501872,7.943319149,105.276596,0.769319,5.568170213,1.393872,-0.000591369216463189,0.0031494875010609213,-0.0006291946308726315,0.00031660975510838796,0.005076515579061747,-0.0023353953223141932,0.0009784442995861564,0.0037165624689907695,0.0016196973594764241
2020-10-15,6.732433,0.854847,73.474953,16.697641,7.938792956,105.274406,0.773936,5.637031971,1.415114,0.0001781248430823279,0.004445024110995233,0.002712791894008637,0.01186344191737776,-0.0005698112986646242,-2.0802344331105616e-05,0.006001411638085097,0.012367035375324686,0.015239562886692593
2020-10-16,6.697811,0.851716,73.308492,16.511967,7.946512222,105.263606,0.774338,5.625926241,1.410016,-0.005142568815761028,-0.003662643724549497,-0.0022655475533274183,-0.01111977434417244,0.0009723475650245117,-0.00010258903764326366,0.000519422794649671,-0.001970137841533215,-0.003602536615424645
2020-10-19,6.683666,0.848536,73.308867,16.445142,7.896224014,105.311837,0.768672,5.612134069,1.406449,-0.0021118840170318842,-0.003733638912501447,5.115369171804218e-06,-0.004047064774293618,-0.0063283370861465515,0.00045819254947443433,-0.007317218062396491,-0.002451538006219778,-0.0025297585275627643
2020-10-20,6.682303,0.84674,73.53641,16.532176,7.900169348,105.664691,0.773319,5.603895004,1.422608,-0.0002039299988957355,-0.002116586685773969,0.0031038946489241326,0.005292383610916884,0.0004996481853865031,0.003350563526871131,0.006045491444985673,-0.0014680805730408197,0.011489218592355632
2020-10-21,6.655332,0.843739,73.721313,16.400101,7.853864327,104.851502,0.765727,5.578636517,1.411829,-0.004036183333799848,-0.0035441812126508765,0.0025144414855171604,-0.007988966485718563,-0.005861269418449,-0.007695938844888173,-0.00981742334017388,-0.0045073091094623985,-0.007576929132972698
2020-10-22,6.68133,0.845952,73.692581,16.306488,7.936299805,104.661196,0.763666,5.616191524,1.408003,0.003906341561923599,0.0026228490089945655,-0.0003897380395272432,-0.005708074602711166,0.010496167818509816,-0.0018150049963041592,-0.0026915597856678186,0.006731932952713127,-0.0027099599172422106
2020-10-23,6.676535,0.843455,73.654268,16.186319,7.963731444,104.731781,0.764803,5.571187584,1.398279,-0.0007176714815761986,-0.0029517041156000845,-0.000519903082238371,-0.007369397996674687,0.0034564771586271803,0.0006744142308481305,0.0014888707890623465,-0.008013248801733819,-0.006906235285009887
2020-10-26,6.713089,0.846095,74.074372,16.251798,8.088078518,105.034267,0.767874,5.644639986,1.403841,0.005474995637707147,0.0031299832237643432,0.005703729212270359,0.004045329886307014,0.01561417218478467,0.002888196850199698,0.0040154131194567455,0.013184334738781667,0.003977746930333481
2020-10-27,6.705967,0.845166,73.667596,16.110548,8.152974983,104.580798,0.766717,5.638184584,1.401707,-0.0010609124949780835,-0.0010979854508064157,-0.005491453913372246,-0.008691346028297908,0.008023718471027896,-0.004317343405652596,-0.0015067576190884724,-0.0011436339635495507,-0.0015201151697378235
2020-10-28,6.723373,0.852733,74.020636,16.38842,8.2634945,104.340411,0.773105,5.729598363,1.415793,0.0025955988152044362,0.008953270718415007,0.0047923377328613626,0.017247830427617794,0.013555728703994241,-0.0022985768381686977,0.00833162692362377,0.01621333562924021,0.010049175754990092
2020-10-29,6.709757,0.854409,74.407468,16.43216,8.323479152,104.314764,0.772642,5.782638414,1.424556,-0.0020251739714574057,0.0019654452214232787,0.005226002111087036,0.0026689577152647637,0.007258993395590885,-0.0002458012169418433,-0.0005988837221334586,0.009257202274860488,0.006189464137765777
2020-10-30,6.681313,0.854847,74.467003,16.272782,8.372371346,104.599077,0.77114,5.779363994,1.415883,-0.00423919972064557,0.0005126350494903953,0.0008001212996524565,-0.009699150933291767,0.005874009306342742,0.0027255298204960088,-0.001943979229707904,-0.0005662501725981484,-0.006088212748393107
2020-11-02,6.690869,0.858222,74.455458,16.217988,8.439066255,104.64298,0.772854,5.742876759,1.418898,0.0014302577951370576,0.003948074918669775,-0.00015503510998038372,-0.0033672177258935454,0.007966071527855112,0.0004197264570509063,0.0022226833000493773,-0.006313365110396263,0.0021294132354157114
2020-11-03,6.682447,0.854555,74.405657,16.03837,8.531874893,104.734233,0.769458,5.703469492,1.401983,-0.0012587303682077833,-0.0042727872275473144,-0.0006688697019362477,-0.011075233253347916,0.010997500812961691,0.0008720412969891456,-0.004394102896536856,-0.00686193847678207,-0.011921223371940792
2020-11-04,6.657964,0.85317,74.392543,16.047266,8.449535023,104.351165,0.76746,5.695759747,1.394591,-0.0036637776551015078,-0.0016207265769903056,-0.00017625003969790054,0.00055466983240815,-0.009650852952327815,-0.0036575242786187623,-0.002596632954625089,-0.0013517640465708913,-0.005272531835264771
2020-11-05,6.607423,0.843526,74.011388,15.764994,8.433572332,103.635597,0.762969,5.55934205,1.379671,-0.007591059368900144,-0.011303726103824574,-0.005123564602436126,-0.017590036832442424,-0.001889179813628461,-0.0068573072471207475,-0.005851770776327148,-0.023950746355102637,-0.010698477187935262
2020-11-06,6.610615,0.84246,74.143639,15.748357,8.550042123,103.336142,0.761837,5.566301601,1.37818,0.0004830930303689751,-0.0012637429077467788,0.001786900686148396,-0.0010553128025294622,0.013810255774776792,-0.0028894994448674938,-0.0014836775806094105,0.0012518659469784588,-0.0010806924259479933
2020-11-09,6.603972,0.841538,73.750736,15.257511,8.060759068,104.914584,0.75927,5.255154422,1.366153,-0.0010048989390548657,-0.001094413978111719,-0.00529921386782739,-0.031168076771437292,-0.057225806371621,0.015274829981556826,-0.0033694871737655063,-0.055898368666207676,-0.008726726552409692
2020-11-10,6.614753,0.846883,74.24331,15.540904,8.271934282,105.318428,0.755276,5.383045393,1.375085,0.0016325023788714699,0.006351466006288442,0.00667890283833894,0.018573999389546625,0.026197931512223827,0.003849264655140683,-0.0052603158296785635,0.024336291710972624,0.006538067112541457
2020-11-11,6.624426,0.849907,74.419514,15.665477,7.8890872,105.447901,0.755864,5.425378208,1.374469,0.0014623372936222179,0.00357074117676226,0.0023733316847001085,0.008015814266660426,-0.04628265517450836,0.0012293480111571498,0.0007785233477564102,0.007864101435044235,-0.0004479723071664221
2020-11-12,6.62412,0.848104,74.68917,15.68213,7.73530659,105.376982,0.761301,5.397167331,1.379272,-4.6192681448897766e-05,-0.0021214085776444236,0.0036234582236052137,0.0010630381698559788,-0.01949282674933539,-0.0006725501344972962,0.007193092937353818,-0.005199799151034523,0.003494440398437604
2020-11-13,6.607787,0.846382,74.639018,15.579179,7.727719001,104.849767,0.759061,5.459839187,1.379602,-0.002465686008103596,-0.0020304113646439914,-0.0006714761992938634,-0.006564860768275782,-0.0009809034602209499,-0.0050031324677717315,-0.0029423316139083333,0.011611990541784412,0.00023925665133495144
2020-11-16,6.588757,0.845309,74.454353,15.413863,7.755621302,104.945055,0.759248,5.404057481,1.371598,-0.0028799354458610704,-0.0012677490778395528,-0.0024741081132658715,-0.010611342227982656,0.003610677484053193,0.0009088050715457818,0.0002463570121506997,-0.010216730582984557,-0.0058016732361941825
2020-11-17,6.555462,0.841609,74.467682,15.406666,7.748779667,104.174381,0.753956,5.417858946,1.366437,-0.005053305198537417,-0.004377097605727576,0.0001790224407698382,-0.00046691734576853605,-0.000882151762391481,-0.007343595179401308,-0.006970054580321627,0.0025539078828313855,-0.003762764308492872
2020-11-18,6.557128,0.842602,74.158241,15.403943,7.714863498,103.875969,0.753059,5.30620155,1.367206,0.000254139220088323,0.0011798828196940558,-0.0041553730650565335,-0.0001767416779204778,-0.004376969078684789,-0.002864543058816005,-0.0011897245993134353,-0.02060913676655174,0.0005627775009020564
2020-11-19,6.586122,0.845166,74.203009,15.479462,7.553498986,104.022989,0.755392,5.355899256,1.375254,0.004421752938176482,0.0030429550368975544,0.0006036820641415197,0.004902575918386498,-0.020916055357535712,0.0014153417909390509,0.0030980308315815552,0.009365966507623558,0.005886457490678065
2020-11-20,6.567984,0.842957,74.13049,15.358004,7.626232825,103.835455,0.753545,5.3398803,1.367866,-0.002753972671626692,-0.002613687725251612,-0.0009773053812413002,-0.007846396728775185,0.009629158504529833,-0.001802813030108208,-0.0024450881131914404,-0.0029908994240425146,-0.00537209853597953
2020-11-23,6.569028,0.840266,74.030754,15.331989,7.783883707,103.747584,0.746895,5.36047391,1.364003,0.00015895288417278053,-0.003192333654029822,-0.001345411314561562,-0.0016939050152610102,0.020672183188952253,-0.0008462523711192382,-0.008824954050521305,0.0038565677211901406,-0.002824107039724577
2020-11-24,6.586768,0.842815,74.087231,15.356595,7.960556258,104.559629,0.750206,5.389211968,1.363253,0.002700551740683732,0.0030335631811830854,0.000762885651549583,0.0016048798365300154,0.02269722386025874,0.007827122027246336,0.004433019366845592,0.005361103977465254,-0.0005498521630817876
2020-11-25,6.57603,0.841043,73.888982,15.263246,7.977291842,104.449117,0.749613,5.353238015,1.361648,-0.0016302380773088876,-0.002102478005256203,-0.0026758862131046612,-0.006078756390983764,0.002102313388361532,-0.0010569280042108664,-0.000790449556521855,-0.006675178711397112,-0.0011773309869849147
2020-11-26,6.575966,0.840336,73.836555,15.218319,7.888907563,104.235294,0.748983,5.335630252,1.358235,-9.732315698118832e-06,-0.0008406228932409388,-0.0007095374517407382,-0.002943476112486243,-0.011079484209749135,-0.0020471499055373377,-0.0008404336637705123,-0.0032891799226304475,-0.00250652150922992
2020-11-27,6.577923,0.838785,74.066012,15.321003,7.824693843,104.202315,0.750226,5.369988257,1.357323,0.00029759886228131194,-0.0018456902953104537,0.0031076341522162654,0.006747394373846305,-0.008139748056013585,-0.00031638995521032776,0.0016595837288697624,0.006439352686989919,-0.0006714596516803617
2020-11-30,6.577462,0.834725,74.066945,15.379883,7.775876461,104.165275,0.749958,5.302086811,1.356093,-7.008291218979501e-05,-0.004840334531494905,1.259687101828888e-05,0.003843090429523466,-0.00623888716664267,-0.00035546235225203393,-0.00035722568932550214,-0.012644617222670518,-0.0009061955039442182
2020-12-01,6.570772,0.835561,73.65767,15.316761,7.864471925,104.378342,0.750318,5.311915107,1.359793,-0.0010171096389458567,0.0010015274491599335,-0.005525744311447034,-0.0041041924701247234,0.011393630601560067,0.0020454705274863816,0.000480026881505502,0.0018536656132468465,0.0027284264427291927
2020-12-02,6.564147,0.828775,73.735704,15.380325,7.837725841,104.5334,0.749959,5.218133599,1.357865,-0.0010082529115299499,-0.008121489633910572,0.0010594144506608227,0.004149963559527903,-0.0034008747510405613,0.0014855380630591775,-0.00047846379801630423,-0.01765493350532199,-0.0014178628658920722
2020-12-03,6.548185,0.822978,73.828491,15.264176,7.820014814,104.098428,0.743626,5.187803473,1.346474,-0.00243169447606828,-0.006994660794546248,0.0012583727416504153,-0.007551791005716568,-0.002259715044809485,-0.004161081529922561,-0.008444461630569222,-0.005812447194876835,-0.008388904640741268
2020-12-04,6.531869,0.822436,73.752365,15.188256,7.783205856,103.988815,0.742512,5.161526441,1.347726,-0.0024916828098167088,-0.0006585838260561028,-0.0010311195443504229,-0.004973737200095196,-0.004707018960386278,-0.0010529745943905766,-0.0014980648874569624,-0.005065155636052587,0.0009298360012892637
2020-12-07,6.539413,0.824538,73.902127,15.191623,7.837483509,104.139182,0.752103,5.122361478,1.350099,0.0011549527401726323,0.0025558219727737086,0.0020306060693782158,0.00022168443829229112,0.006973688478014273,0.0014459920521259217,0.01291696295817446,-0.0075878644520539495,0.00176074365264145
2020-12-08,6.530873,0.825491,73.636289,15.037065,7.831434704,104.160475,0.752377,5.11028562,1.348357,-0.0013059276115455765,0.0011557987624584154,-0.003597163042411311,-0.010173896495456747,-0.0007717789763836969,0.00020446674912433238,0.00036431180303764243,-0.002357478684755998,-0.0012902757501486173
2020-12-09,6.537864,0.825832,73.674127,14.927409,7.825749443,104.096127,0.743249,5.119580477,1.336609,0.0010704541337736018,0.00041308748369162096,0.0005138499035439725,-0.007292380527715969,-0.0007259539554222982,-0.0006177775206959168,-0.012132215631259213,0.0018188527395852638,-0.008712826054227518
2020-12-10,6.541808,0.825423,73.670244,15.002476,7.862979777,104.440776,0.75196,5.085101114,1.333966,0.0006032551304218092,-0.0004952581154520352,-5.2705069718772535e-05,0.0050288030561767005,0.0047574145161650705,0.003310872459260761,0.011720163767458658,-0.006734802422757147,-0.0019773920421005675
2020-12-11,6.546219,0.824606,73.777934,15.126165,7.889667684,104.131277,0.761062,5.067040488,1.326791,0.0006742784257807166,-0.000989795535137783,0.0014617842177908624,0.008244572429244368,0.003394121281866447,-0.0029633923823009223,0.012104367253577442,-0.00355167490185726,-0.0053786978078901315
2020-12-14,6.543989,0.822233,73.54917,14.992518,7.871073837,103.691827,0.745766,5.035109357,1.320835,-0.00034065465881905066,-0.002877737974256722,-0.0031007103018091398,-0.00883548473786977,-0.002356733863164817,-0.0042201537584138915,-0.02009823115593734,-0.006301731962793933,-0.004489026530930751
2020-12-15,6.54547,0.823723,73.591433,14.943081,7.849670511,103.855025,0.7479,5.089209226,1.327265,0.00022631456134791783,0.0018121384084559544,0.0005746223920677362,-0.0032974447654491312,-0.002719238371184818,0.0015738752486249563,0.0028614873834420518,0.0107445271123634,0.004868132658507607
2020-12-16,6.533186,0.820412,73.650833,14.863812,7.811879564,103.34728,0.73796,5.111658052,1.321109,-0.0018767177910830046,-0.004019555117436235,0.0008071591702802916,-0.005304729325900093,-0.004814335448480644,-0.004888978650768205,-0.01329054686455422,0.004411063684572447,-0.004638109194471163
2020-12-17,6.533235,0.816593,73.58811,14.683978,7.743589744,103.045893,0.735342,5.073983341,1.310795,7.500169136642754e-06,-0.004654978230450135,-0.0008516264846590849,-0.012098780581993318,-0.008741791196411164,-0.0029162547867732647,-0.0035476177570599177,-0.007370350406216919,-0.007807077235867821
2020-12-18,6.537727,0.815727,73.51089,14.576964,7.666857003,103.344482,0.740909,5.111999347,1.313892,0.0006875613689083515,-0.001060503825038972,-0.001049354304655914,-0.007287807159612969,-0.009909195029276452,0.0028976312525137438,0.007570627000769603,0.00749233953781725,0.002362688292219639
2020-12-21,6.554177,0.82149,74.044032,14.856568,7.682494044,103.540623,0.752567,5.187217613,1.330814,0.0025161650218799014,0.007064863612458616,0.007252558090372618,0.019181223195721575,0.0020395634083016922,0.0018979339409723739,0.015734725857021514,0.014714060173763865,0.012879292970807255
2020-12-22,6.541057,0.81706,73.860201,14.58812,7.625214478,103.374459,0.744734,5.134569818,1.322902,-0.002001776882131767,-0.005392640202558807,-0.0024827254139806465,-0.018069314528092906,-0.007455855568770042,-0.0016048193953787093,-0.010408375599780473,-0.010149525030154094,-0.00594523351873355
2020-12-23,6.538632,0.821963,73.807743,14.622308,7.63981588,103.559099,0.74552,5.167433832,1.32484,-0.0003707351885178234,0.006000783296208345,-0.0007102336480238058,0.0023435507796756294,0.0019148841048506338,0.0017861278480790777,0.0010554103881386112,0.006400538928264421,0.001464961123348596
2020-12-24,6.530304,0.820143,73.554088,14.619208,7.567866809,103.649635,0.736447,5.216763717,1.315427,-0.0012736609125577614,-0.0022142115885995794,-0.0034366990466028202,-0.00021200483535155357,-0.009417644630461908,0.0008742447633693917,-0.012170028973065738,0.009546302207977586,-0.007105008906736043
2020-12-28,6.539488,0.818398,73.503969,14.568132,7.468205254,103.560029,0.739897,5.192159751,1.316229,0.0014063663804932958,-0.002127677734248823,-0.0006813897277877512,-0.003493759716668654,-0.013169041886609167,-0.0008645085918537188,0.004684654835989566,-0.004716327465593695,0.0006096879568384672
2020-12-29,6.531528,0.815727,73.368138,14.654621,7.355983359,103.784974,0.741194,5.197569133,1.315034,-0.001217220675380215,-0.0032636932152815268,-0.0018479410275109576,0.005936862735730353,-0.015026621682618257,0.0021721218328356606,0.0017529466939316674,0.0010418365881283975,-0.0009078967261776372
2020-12-30,6.525039,0.814266,73.188177,14.661103,7.35453139,103.06164,0.735339,5.176614282,1.304861,-0.0009934888130311847,-0.0017910403848345746,-0.0024528494916963295,0.00044231781906889367,-0.00019738611809438922,-0.0069695445508326515,-0.007899416347137311,-0.0040316637381415665,-0.007735921656778499
2020-12-31,6.537772,0.81493,73.066987,14.686578,7.426534105,103.080434,0.732646,5.193953223,1.295412,0.0019514059609453405,0.0008154583391668524,-0.0016558685428111897,0.0017375909575152448,0.009790251911617753,0.00018235688855727794,-0.00366225645586582,0.00334947516956996,-0.007241384331357903
2021-01-04,6.464216,0.813273,73.022934,14.574984,7.366541965,102.976578,0.733247,5.143217306,1.295381,-0.011250927686067946,-0.0020333034739180578,-0.0006029125027420257,-0.007598366345107799,-0.008078080454731906,-0.0010075238914883933,0.000820314312778514,-0.00976826606279968,-2.3930610493105853e-05
2021-01-05,6.463613,0.81493,73.23527,15.010513,7.390921685,102.88485,0.73615,5.339173661,1.297938,-9.32827739668074e-05,0.002037446220395811,0.002907798801948802,0.029881953901287117,0.0033095202763839815,-0.000890765665178761,0.003959102457971264,0.03809995637777153,0.0019739366255953072
2021-01-06,6.455909,0.810504,73.110715,15.004296,7.339439131,102.95834,0.7346,5.277921867,1.282542,-0.0011919030424624166,-0.005431141325021871,-0.0017007515641029869,-0.000414176384244791,-0.00696564734334626,0.0007142936982462711,-0.002105549140800078,-0.011472148667389104,-0.011861891708232597
2021-01-07,6.467253,0.814598,73.350847,15.307836,7.330319322,103.559791,0.734686,5.308895406,1.289997,0.0017571499226523013,0.005051178032434267,0.0032844980383519573,0.02023020606898185,-0.0012425757387208858,0.005841692863346459,0.00011707051456566475,0.005868510330488519,0.0058126751404632415
2021-01-08,6.464,0.816327,73.304082,15.282612,7.358857143,103.885714,0.735739,5.367183673,1.286367,-0.0005029956304477556,0.0021225193285521193,-0.0006375522834795033,-0.00164778352733852,0.003893121124253218,0.0031471963862885755,0.001433265367789982,0.010979358706921127,-0.002813960032465257
2021-01-11,6.479158,0.822166,73.457206,15.463208,7.444709364,104.217709,0.741881,5.472498561,1.297624,0.002344987623762229,0.007152770887156601,0.0020888877648042037,0.01181708990583541,0.011666515510722508,0.0031957714609345267,0.008348069084281207,0.019622001857285687,0.008751001852504103
2021-01-12,6.461311,0.822301,73.260012,15.399145,7.487048762,104.218403,0.735466,5.475865472,1.294466,-0.0027545245848302757,0.0001642004169475353,-0.0026844745497126565,-0.004142930755377527,0.005687179435739598,6.659136980280422e-06,-0.008646939333936343,0.0006152420073701759,-0.0024336787852260455
2021-01-13,6.470163,0.821963,73.162502,15.315552,7.441311853,103.928982,0.731407,5.331990794,1.293276,0.0013700006082357774,-0.00041104169884254027,-0.0013310126129927324,-0.005428418266079094,-0.006108803408912511,-0.0027770623197900246,-0.005518949890273572,-0.026274326631229417,-0.0009192979962392434
2021-01-14,6.467255,0.82481,73.129743,15.188634,7.38139228,104.099307,0.733611,5.269548004,1.290168,-0.00044944771870514266,0.0034636595564521144,-0.00044775669372265625,-0.008286870757253761,-0.00805228623442833,0.0016388595050416122,0.003013370120876546,-0.011710971082370625,-0.0024031993170832155
2021-01-15,6.475212,0.824878,73.114328,15.229481,7.438670296,103.720201,0.734125,5.254227501,1.293409,0.001230351980863631,8.244322934980453e-05,-0.00021078974665622585,0.0026893136012098307,0.007759784851862683,-0.0036417725624243724,0.0007006438016878835,-0.0029073656769746936,0.0025120759466985554
2021-01-18,6.495275,0.828912,73.306117,15.328166,7.505470822,103.763263,0.738337,5.297579576,1.303133,0.0030984313718223078,0.004890420159102238,0.002623138381303347,0.006479866254142097,0.008980170291446044,0.0004151746678546786,0.005737442533628512,0.008250894159369748,0.0075181168524418585
2021-01-19,6.479558,0.824266,73.155704,14.934141,7.439581273,103.989449,0.734421,5.262776129,1.295994,-0.002419758978642217,-0.005604937556700773,-0.002051847869666834,-0.025705945512333295,-0.008778869515669196,0.0021798273633704124,-0.005303811132314928,-0.006569688383289862,-0.0054783356725676136
2021-01-20,6.469879,0.826378,73.02537,14.965788,7.446574663,103.809603,0.731865,5.321047847,1.294604,-0.0014937747296961401,0.0025622796524422675,-0.001781597235398169,0.002119104138631034,0.0009400246792625744,-0.0017294639189788796,-0.003480292638690874,0.011072429564104036,-0.0010725358296411747
2021-01-21,6.460931,0.822504,72.974173,14.80408,7.365931897,103.405165,0.728944,5.270027965,1.285985,-0.0013830243193109215,-0.004687927316554763,-0.0007010851160357268,-0.010805177782820308,-0.010829511506906808,-0.003895959413311667,-0.003991173235501022,-0.009588314833283262,-0.006657634303617321
2021-01-22,6.483139,0.822504,73.011186,15.118441,7.418572134,103.791742,0.732398,5.409195591,1.297088,0.003437275525771666,0.0,0.0005072068442626421,0.021234754202895445,0.007146446333754275,0.003738468963325081,0.004738361245856915,0.026407379035606304,0.008633848761844032
2021-01-25,6.477288,0.82291,72.934496,15.218071,7.395078999,103.736011,0.730744,5.466919026,1.294273,-0.0009024949179711195,0.0004936146207192849,-0.001050386991385155,0.006589965195485492,-0.0031668001032609805,-0.0005369502325145437,-0.002258334949030494,0.010671352889520813,-0.0021702459663492935
2021-01-26,6.467677,0.82352,72.927201,15.158116,7.351478218,103.705839,0.730446,5.420077411,1.293667,-0.0014838000101276005,0.0007412718280248587,-0.00010002125743080459,-0.003939724029412117,-0.00589591821884472,-0.00029085367471870516,-0.00040780355363834175,-0.008568192573774502,-0.00046821652000783587
2021-01-27,6.472759,0.825491,73.004788,15.220324,7.39161301,103.904573,0.729693,5.362968466,1.299653,0.0007857535247972613,0.0023933844958228256,0.0010638965836631264,0.004103940093874492,0.005459417930632204,0.0019163241136306297,-0.0010308770258170563,-0.010536555231498768,0.004627156756723316
2021-01-28,6.469771,0.827061,73.046894,15.247291,7.386733934,104.375155,0.732801,5.446778596,1.316186,-0.00046162695073315163,0.0019018983853247295,0.0005767566916294875,0.0017717756862469791,-0.0006600827171823198,0.004528982569419693,0.004259325497161237,0.015627563453213922,0.012721087859605795
2021-01-29,6.431032,0.823995,72.867502,15.083883,7.314765985,104.68853,0.728271,5.485168095,1.303477,-0.005987692609212836,-0.00370710262000018,-0.002455847061751726,-0.010717182481792986,-0.009742864660217676,0.0030023907509406644,-0.006181760123143976,0.007048110791246787,-0.009655930088908415
2021-02-01,6.46665,0.827541,73.10907,15.025985,7.191492883,104.907315,0.729891,5.442320424,1.310079,0.005538457902246385,0.0043034241712631705,0.003315167850820533,-0.0038384015574769448,-0.016852637835959472,0.0020898660053780826,0.002224446668890989,-0.007811551124396243,0.005064914839310486
2021-02-02,6.455995,0.830289,72.98738,14.950764,7.192710063,104.998339,0.731277,5.38890734,1.315759,-0.001647684658981019,0.003320681392221081,-0.001664499356919702,-0.005006061166705655,0.00016925275736245915,0.0008676611349742736,0.0018989136734115508,-0.009814395301763978,0.004335616401758946
2021-02-03,6.459432,0.832154,72.912124,14.929849,7.167845552,105.059499,0.733503,5.34709162,1.313223,0.0005323733986781765,0.0022462058391714557,-0.0010310823597174945,-0.0013989251652958279,-0.0034569043910034347,0.0005824854048406269,0.003043990170619404,-0.007759591576128377,-0.0019274046386913435
2021-02-04,6.463988,0.833611,72.886379,15.02976,7.126542181,105.235078,0.731019,5.358869623,1.31102,0.000705325174102045,0.001750877842322529,-0.00035309628341095856,0.0066920301739152865,-0.005762313194440427,0.0016712339357338735,-0.00338648921681306,0.0022026933213463717,-0.0016775520989199544
2021-02-05,6.470416,0.834516,72.909121,14.971793,7.072769757,105.749812,0.730518,5.44504715,1.31528,0.0009944325391693098,0.0010856382653301466,0.00031201989057505486,-0.0038568147462101354,-0.007545373707793623,0.004891277792372639,-0.0006853447037628024,0.01608128823103483,0.003249378346630749
2021-02-08,6.454719,0.831601,72.951351,14.94395,7.094220374,105.588358,0.73042,5.401663202,1.305031,-0.0024259645747661818,-0.003493042673837321,0.0005792142247882381,-0.001859697098403723,0.003032845368502235,-0.0015267544872799022,-0.0001341513829913321,-0.007967598223644345,-0.007792257161973071
2021-02-09,6.435393,0.826173,72.931675,14.784617,7.095423001,104.576999,0.725611,5.413912756,1.295522,-0.0029940885110567583,-0.0065271686782483185,-0.00026971399062925006,-0.010662040491302371,0.00016952208087706033,-0.009578319230989396,-0.00658388324525605,0.0022677374619477497,-0.007286416951014951
2021-02-10,6.451307,0.824606,72.827987,14.702812,7.050630824,104.757978,0.722767,5.412797889,1.293148,0.002472887048234673,-0.0018966971808569433,-0.0014217142277344053,-0.005533115940710598,-0.006312826873561717,0.001730581310714463,-0.003919455465807409,-0.00020592629586879685,-0.001832465986683407
2021-02-11,6.45822,0.823249,72.778464,14.615378,7.018523092,104.651354,0.722442,5.345846711,1.287396,0.001071565808292707,-0.0016456343999436962,-0.0006799995721423757,-0.005946753587000919,-0.004553880752160011,-0.0010178126958502176,-0.0004496608173865102,-0.012369051897551886,-0.004448060082836602
2021-02-12,6.459118,0.8259,72.577635,14.648332,7.020977866,105.013214,0.724752,5.39329369,1.293855,0.00013904760135141636,0.003220167895739978,-0.0027594564238123676,0.0022547483889914233,0.0003497564897660954,0.003457767015608848,0.003197488518109415,0.00887548438348773,0.00501710429424973
2021-02-15,6.458241,0.82447,72.609448,14.428725,6.960013192,105.301344,0.719144,5.370104708,1.286339,-0.00013577705191325506,-0.0017314444848043342,0.00043833062347653495,-0.014991945840659548,-0.008683216948344064,0.0027437499436975266,-0.007737819281630087,-0.0042995956335543095,-0.00580899714419314
2021-02-16,6.458206,0.82352,72.815202,14.538747,6.972988553,105.542288,0.719204,5.370089764,1.285761,-5.419432319131445e-06,-0.0011522553883100972,0.002833708362581122,0.007625205969342463,0.0018642724722008897,0.002288137936776957,8.343252533560275e-05,-2.7828135227281336e-06,-0.00044933722758933037
2021-02-17,6.458209,0.829187,72.797678,14.780017,6.994029851,106.086235,0.721061,5.370729685,1.291294,4.6452528779106217e-07,0.006881435787837509,-0.00024066403056866026,0.016594965164467013,0.0030175437461383847,0.005153829903706386,0.002582021234587062,0.00011916392986366375,0.00430328809164382
2021-02-18,6.46905,0.827541,72.550066,14.531778,6.949271764,105.668653,0.716154,5.399867594,1.284177,0.0016786387681166914,-0.0019850769488668485,-0.0034013722250866296,-0.01679558284675864,-0.0063994703988288215,-0.003936250541835107,-0.006805249486520504,0.005425316615986109,-0.005511525647916016
2021-02-19,6.451767,0.823791,72.505561,14.613312,6.958563308,105.288739,0.712645,5.406788039,1.272345,-0.002671644213601665,-0.0045314975330525975,-0.0006134384495253276,0.005610738066601506,0.001337052905044489,-0.0035953330454585597,-0.004899784124643536,0.001281595313131323,-0.009213683160498753
2021-02-22,6.46559,0.824198,72.506388,14.895904,7.062062145,105.497404,0.713179,5.509189813,1.268606,0.002142513826057124,0.0004940573519254254,1.1406021670490318e-05,0.019337984435013666,0.01487359278329925,0.0019818358732550667,0.0007493211907751984,0.01893948371220766,-0.002938668364319552
2021-02-23,6.465124,0.82352,72.517088,14.70798,7.055999341,105.394054,0.710763,5.440335996,1.266409,-7.207385559548918e-05,-0.0008226178660952765,0.0001475732041706923,-0.01261581707293502,-0.0008585033486702143,-0.000979644958846615,-0.0033876488230865087,-0.012497993232603144,-0.00173182217331469
2021-02-24,6.451671,0.823316,72.349745,14.467561,7.168697514,105.952577,0.708299,5.404412975,1.263544,-0.002080857227177768,-0.00024771711676707664,-0.0023076354086364326,-0.01634616038368286,0.015971964785363557,0.005299378653752296,-0.003466697056543455,-0.00660308867437831,-0.00226230230517932
2021-02-25,6.453824,0.817996,72.633129,14.813988,7.226503067,106.118609,0.706814,5.453006135,1.252924,0.0003337119949233802,-0.006461674496791137,0.003916862457497228,0.023945086528406545,0.008063606099589338,0.0015670406959520378,-0.002096572210323555,0.00899138541499056,-0.008404930892790485
2021-02-26,6.466876,0.825014,73.901988,14.934824,7.438990182,106.28661,0.7182,5.498226219,1.287435,0.0020223668944179263,0.008579504056254628,0.0174694250057712,0.008156885235764966,0.02940386422449981,0.0015831436312927494,0.016108905596097234,0.008292689001348386,0.027544368213874293
2021-03-01,6.468929,0.829669,73.563843,15.058326,7.232639177,106.720319,0.718145,5.579025969,1.291795,0.0003174639501359877,0.005642328493819404,-0.004575587330614139,0.008269397751188734,-0.027739115115288704,0.004080561041508446,-7.658033973811929e-05,0.014695603051177342,0.00338657873989745
2021-03-02,6.471566,0.831393,73.377951,15.077569,7.328816096,106.900565,0.718598,5.68565015,1.282175,0.0004076408938791243,0.002077937105038341,-0.0025269479192381317,0.0012778976892917626,0.013297624372835326,0.0016889567206035405,0.0006307918317329797,0.019111612240642062,-0.0074470020397973125
2021-03-03,6.465554,0.830013,72.847361,14.946298,7.387865206,106.914011,0.716725,5.712732404,1.282786,-0.0009289868943622714,-0.001659864829268498,-0.0072309187265257036,-0.008706377002817844,0.008057114440656932,0.0001257804390464301,-0.0026064642540056804,0.004763264232851228,0.0004765340144674557
2021-03-04,6.468838,0.830979,72.753864,15.034569,7.451055343,107.387402,0.716885,5.606531494,1.283779,0.0005079224456248088,0.0011638371929114655,-0.00128346447581007,0.00590587716102009,0.008553233611880318,0.004427773269118029,0.00022323764344767127,-0.018590212614481683,0.0007740963808460233
2021-03-05,6.490953,0.837661,73.06961,15.297286,7.497235718,108.3096,0.722902,5.69433741,1.30382,0.003418697453855035,0.00804111776591232,0.004339920694796495,0.01747419563540542,0.006197830089047063,0.00858758087843503,0.008393256938002747,0.01566136141283936,0.015610942381827364
2021-03-08,6.526715,0.842744,73.358756,15.471262,7.67419518,108.629698,0.722468,5.749873588,1.306169,0.005509514550482875,0.006068087209503581,0.003957130741494286,0.011372997798432927,0.02360329442158804,0.002955398228781103,-0.0006003580014996013,0.00975287799111979,0.0018016290592259843
2021-03-09,6.514041,0.84076,73.000673,15.396671,7.652850177,108.878426,0.720565,5.847738355,1.298134,-0.0019418650883331612,-0.0023542143284319694,-0.004881257801045535,-0.004821261510534858,-0.0027813995473593423,0.002289686932573476,-0.002634026697376224,0.01702033366511646,-0.006151577628928595
2021-03-10,6.511352,0.840901,72.998655,15.282543,7.590733266,108.577195,0.720274,5.785990582,1.297511,-0.000412800594899565,0.00016770540939159417,-2.7643580765457365e-05,-0.0074125114448441165,-0.008116833540879664,-0.002766672986253549,-0.0004038497567880883,-0.010559257143781586,-0.0004799196384963622
2021-03-11,6.484585,0.835492,72.594202,14.878185,7.43821539,108.463531,0.715766,5.60105272,1.28532,-0.0041108206099131905,-0.006432386214310637,-0.005540554137607123,-0.026458816441740085,-0.020092640678490148,-0.001046849663043914,-0.006258729316898748,-0.03196304234841563,-0.009395681423895463
2021-03-12,6.505992,0.838012,72.677449,14.958937,7.579988268,109.058912,0.719308,5.566161066,1.290036,0.0033012135703363032,0.0030161868695330885,0.0011467444741661836,0.005427543749455976,0.019060066234516615,0.005489227526623619,0.004948544636095953,-0.006229481446480611,0.0036691251983940187
2021-03-15,6.502349,0.838926,72.560822,14.875503,7.537919463,109.20302,0.718708,5.612080537,1.29354,-0.0005599453549897104,0.0010906765058256163,-0.0016047206059749408,-0.005577535355620555,-0.0055499828644326454,0.0013213775688500906,-0.0008341350297785821,0.008249756062664204,0.002716203268745998
2021-03-16,6.5,0.838504,72.512997,14.847141,7.492034211,108.904914,0.720652,5.594667114,1.290458,-0.0003612540637236705,-0.0005030241046288797,-0.0006591022356390308,-0.0019066246028789369,-0.006087256865137447,-0.002729832929528775,0.002704853709712296,-0.0031028462412815427,-0.002382608964546784
2021-03-17,6.503317,0.839842,72.586714,14.880323,7.516418913,109.196271,0.719476,5.652053414,1.295624,0.0005103076923076433,0.0015956990068024535,0.0010166039613561662,0.0022349083907804435,0.0032547504874174127,0.002675333823779491,-0.0016318555974311755,0.010257321629806748,0.004003229861026192
2021-03-18,6.506632,0.83949,72.708613,14.791974,7.362407656,109.200806,0.718393,5.559519812,1.288365,0.0005097398758202587,-0.0004191264547379614,0.001679356913718344,-0.005937303914706704,-0.020489977844852403,4.153072223500587e-05,-0.0015052621630187168,-0.016371678613439355,-0.005602705723265489
2021-03-19,6.510218,0.840972,72.504836,14.721302,7.262131023,108.939534,0.721243,5.526028088,1.292154,0.0005511299855287533,0.0017653575385057074,-0.002802652830140029,-0.0047777260830772494,-0.01362008702659645,-0.002392583073059007,0.0039671878762739254,-0.006024211646428301,0.0029409367686952237
2021-03-22,6.505283,0.838504,72.3541,14.728912,7.890072111,108.812678,0.723067,5.527167533,1.291296,-0.000758039131715682,-0.00293469937167945,-0.002078978566339984,0.0005169379719267564,0.08646788194969757,-0.00116446248062696,0.0025289673521962097,0.0002061960203341151,-0.0006640075408967938
2021-03-23,6.51073,0.841538,72.458554,14.795759,7.879996634,108.550029,0.725389,5.517293613,1.303627,0.0008373194525126415,0.0036183488689380816,0.001443650048857048,0.00453848865415174,-0.0012769816116069421,-0.002413772042261564,0.0032113206659962756,-0.0017864339991592315,0.009549320992243482
2021-03-24,6.522875,0.845666,72.607611,14.820127,7.950021142,108.752643,0.729387,5.518646934,1.313488,0.0018653822228844597,0.004905304335633076,0.0020571346207101104,0.0016469584291012307,0.008886362679123794,0.001866549478305668,0.005511525540089712,0.0002452871090297126,0.0075642802734217085
2021-03-25,6.542959,0.847314,72.666074,14.984918,7.991272666,109.091679,0.729266,5.673614642,1.317404,0.003079010405687699,0.0019487599123058086,0.0008051910701205589,0.011119405387011838,0.00518885714429973,0.003117496647874418,-0.0001658927290999479,0.02808074331504251,0.0029813747822591274
2021-03-26,6.54074,0.848752,72.555169,15.009761,8.022661687,109.777627,0.725709,5.695976914,1.312086,-0.00033914319194106035,0.001697127629190609,-0.0015262280441900034,0.0016578669299356363,0.003927912650703025,0.006287812290431294,-0.004877506972764234,0.003941450629103116,-0.0040367267747781765
2021-03-29,6.562627,0.848608,72.559233,15.013917,8.164375424,109.631704,0.722335,5.767481331,1.306687,0.00334625745710726,-0.0001696608667783872,5.601254956766333e-05,0.0002768864873998744,0.017664179611317055,-0.0013292599228802437,-0.004649246461047141,0.01255349487534807,-0.004114821741867614
2021-03-30,6.571331,0.851716,73.46393,14.938762,8.329784516,110.280215,0.727178,5.764841155,1.313261,0.0013262981424968512,0.0036624684188695245,0.012468392547644536,-0.005005689055027962,0.020259858643168815,0.005915360031255146,0.006704645351533589,-0.00045776931878549476,0.005031044159772069
2021-03-31,6.55113,0.852878,73.18806,14.796077,8.29424307,110.797441,0.726729,5.749168443,1.314456,-0.003074110861254753,0.001364304533435945,-0.0037551761796572602,-0.00955132694395966,-0.004266790567238665,0.004690106924438053,-0.0006174554235689467,-0.002718671959661245,0.0009099485936154839
2021-04-01,6.572025,0.851354,73.410097,14.649583,8.164736932,110.701515,0.725311,5.631619275,1.319598,0.0031895260817600413,-0.0017868909738555372,0.0030337872051806603,-0.009900867642146038,-0.0156139791065949,-0.0008657781184675528,-0.0019512087724583571,-0.020446290479299467,0.003911884460187309
2021-04-06,6.551812,0.846597,73.399932,14.510582,8.151117508,110.28615,0.722638,5.642058923,1.310701,-0.003075612159113783,-0.005587569918036439,-0.00013846869048528276,-0.009488392946065405,-0.0016680787284917287,-0.003752116671573935,-0.0036853156783780427,0.0018537559963158756,-0.006742204822984044
2021-04-07,6.543336,0.841468,74.358381,14.540811,8.18133625,109.861999,0.724209,5.590710199,1.311091,-0.0012936879141220992,-0.0060583725196285965,0.013057900380615939,0.002083238287754474,0.0037073127666655825,-0.003845913562129155,0.0021739792261132873,-0.009101061279362943,0.00029755069996895145
2021-04-08,6.548387,0.842247,74.613409,14.543671,8.152867851,109.247873,0.726775,5.604733429,1.308768,0.0007719304036961638,0.0009257630712040665,0.0034297142644890144,0.00019668779134818237,-0.003479675951468142,-0.005589976566874544,0.003543176072100751,0.0025083092310005384,-0.0017718068387321262
2021-04-09,6.555686,0.841184,74.709371,14.560902,8.151329071,109.707268,0.728954,5.605736878,1.310481,0.001114625632235855,-0.0012621000727813803,0.0012861227128759811,0.001184776525816611,-0.00018874094712717504,0.004205070427320878,0.002998176877300418,0.00017903599033064488,0.0013088645199150761
2021-04-12,6.544607,0.840054,75.018481,14.606687,8.15171371,109.375,0.726798,5.667002688,1.311576,-0.0016899833213487314,-0.0013433446190133091,0.004137499698665614,0.003144379379793838,4.718727420405244e-05,-0.003028678099977866,-0.002957662623430224,0.010929126952148094,0.0008355710613126011
2021-04-13,6.54884,0.840619,75.42157,14.645931,8.145006725,109.473773,0.7288,5.734364492,1.315736,0.0006467920839250407,0.0006725758106027602,0.005373195972869782,0.0026867146533637865,-0.0008227699399908639,0.0009030674285712692,0.002754548031227211,0.011886672321973712,0.003171756726259023
2021-04-14,6.531762,0.835841,75.086092,14.459127,8.090270812,108.935139,0.726496,5.699515212,1.300652,-0.0026077900819077016,-0.005683906740152289,-0.004448037875637079,-0.012754668856489793,-0.006720180209550453,-0.004920210432502237,-0.003161361141602592,-0.006077269773942406,-0.01146430590939218
2021-04-15,6.527068,0.835422,75.021721,14.240017,8.112865497,108.721805,0.724754,5.650041771,1.29056,-0.0007186422285441196,-0.0005012915135772511,-0.0008572959157335802,-0.015153750292116519,0.0027928218381128023,-0.0019583579913549087,-0.0023978108620006378,-0.008680289315806444,-0.007759185393171997
2021-04-16,6.520691,0.834307,74.449775,14.263891,8.067078258,108.768563,0.72412,5.623227098,1.289755,-0.0009770083596493118,-0.0013346548211562448,-0.007623738730280438,0.0016765429423293288,-0.005643781351598931,0.0004300701225481429,-0.0008747795803817349,-0.004745924735925167,-0.0006237602281179422
2021-04-19,6.507935,0.83091,74.837973,14.241629,8.076277524,108.093062,0.717532,5.571749065,1.287162,-0.001956234392950118,-0.0040716426926779015,0.00521422663802551,-0.0015607242091235651,0.0011403466913038063,-0.006210443361286289,-0.009097939568027402,-0.009154535661259233,-0.0020104593508070145
2021-04-20,6.497635,0.829807,75.137333,14.29649,8.112521782,108.405941,0.716082,5.569413327,1.285536,-0.0015826832935486035,-0.0013274602544199876,0.004000108340721509,0.00385215764292135,0.004487743009362166,0.0028945336010557376,-0.0020208157963685913,-0.0004192109107482578,-0.001263244253636997
2021-04-21,6.497127,0.832848,75.452236,14.27917,8.174897976,108.103606,0.718331,5.569167985,1.295411,-7.818229248024444e-05,0.0036647075765812165,0.004191032439226916,-0.0012114861759774387,0.007688878461737936,-0.0027889154156228724,0.003140701763205911,-4.405167754584216e-05,0.007681620740298323
2021-04-22,6.490204,0.830151,75.040677,14.307488,8.264403121,108.168687,0.721028,5.524323427,1.293458,-0.001065547895246599,-0.003238285977753552,-0.005454563334610696,0.0019831684894848767,0.010948778230966516,0.0006020243210018705,0.003754536557659227,-0.008052290417668306,-0.0015076296248835996
2021-04-23,6.490966,0.828775,74.980524,14.260567,8.340377921,107.724184,0.720247,5.434443892,1.29206,0.00011740771168367026,-0.00165752977470357,-0.0008016052413812869,-0.003279471560626135,0.009193017195270325,-0.0041093500561767415,-0.0010831756880455012,-0.01626978148323388,-0.0010808236525654547
2021-04-26,6.485643,0.827472,74.785271,14.269011,8.310136533,108.018204,0.719694,5.452627224,1.284071,-0.0008200628381046515,-0.0015721999336371084,-0.0026040495529213725,0.0005921223188392055,-0.0036259014023640734,0.002729377834043367,-0.0007677921601895177,0.0033459416200374292,-0.0061831493893472755
2021-04-27,6.483537,0.827267,74.579749,14.343398,8.205575778,108.272667,0.718853,5.437045003,1.284993,-0.0003247172254161601,-0.0002477425218013751,-0.0027481614661793996,0.0052131854127801525,-0.01258231493366968,0.002355741815518453,-0.0011685521902363716,-0.0028577455160357923,0.0007180288317392147
2021-04-28,6.484507,0.8285,74.473074,14.345982,8.175393538,108.922949,0.720696,5.436619718,1.290472,0.00014960969606558905,0.00149044987893876,-0.0014303480694204396,0.00018015256914716282,-0.003678259858488131,0.006005966399627027,0.002563806508423916,-7.821987858569468e-05,0.004263836456696701
2021-04-29,6.469041,0.82447,74.082365,14.242889,8.219473988,108.994971,0.716547,5.357737654,1.282381,-0.0023850695203196937,-0.0048642124321062186,-0.005246312244342133,-0.007186193318798217,0.0053918444164322565,0.0006612197031132805,-0.00575693496286922,-0.0145093951925368,-0.006269798957280748
2021-04-30,6.466976,0.827678,74.060172,14.391243,8.258318159,108.938917,0.718946,5.346548585,1.289604,-0.0003192126931951256,0.003890984511261797,-0.0002995719696583521,0.010416004786669264,0.004725870664802789,-0.0005142806084145191,0.003348000898754533,-0.002088394341527078,0.005632491435852538
2021-05-03,6.473514,0.830289,73.892395,14.443125,8.310112919,109.515111,0.721006,5.438973763,1.293009,0.0010109825674318174,0.003154608434681183,-0.00226541466849417,0.0036051090235917904,0.006271829082239222,0.005289147495380453,0.0028653056001424204,0.017286886396076673,0.0026403454083578914
2021-05-04,6.499958,0.831878,73.882373,14.51069,8.327926129,109.192247,0.72182,5.472506447,1.298394,0.0040849529328275125,0.0019137914629725472,-0.00013562965444535724,0.004678004240771916,0.00214355811691469,-0.0029481228394135917,0.0011289781222347806,0.006165259378178023,0.0041647041899939286
2021-05-05,6.466972,0.832986,73.879633,14.411745,8.344356518,109.287797,0.718651,5.428904623,1.291962,-0.005074802021797664,0.0013319260756985418,-3.708597719243034e-05,-0.006818766026977396,0.001972926842228384,0.0008750621278084125,-0.004390291208334451,-0.007967432185283507,-0.004953812171035854
2021-05-06,6.472139,0.829187,73.748342,14.26874,8.332504146,109.195688,0.718972,5.365422886,1.289138,0.0007989828933849807,-0.004560700900135162,-0.0017770932890259772,-0.00992280948629054,-0.0014204057526104874,-0.0008428113890884825,0.0004466702196197492,-0.011693286474596443,-0.0021858228028379667
2021-05-07,6.452359,0.829256,73.503193,14.251845,8.294137159,109.262791,0.719877,5.290737209,1.287254,-0.0030561766365030385,8.321403977640252e-05,-0.003324128968214657,-0.0011840568964043285,-0.004604496598830665,0.0006145206026817451,0.0012587416477969349,-0.013919811837176388,-0.0014614416765311722
2021-05-10,6.413428,0.82176,73.349084,14.039198,8.258279234,108.727093,0.708316,5.246774591,1.268223,-0.006033607243490446,-0.00903942811387548,-0.0020966300062637,-0.01492066465780384,-0.0043232857514408085,-0.004902840162668065,-0.016059687974473436,-0.008309355816277564,-0.01478418400719661
2021-05-11,6.423747,0.821693,73.368118,13.956204,8.283566146,108.562038,0.706763,5.223993426,1.274363,0.001608967934153105,-8.153232087226847e-05,0.0002594988098281181,-0.005911591246166692,0.003062007384770027,-0.0015180668906507044,-0.002192524240593019,-0.004341937051970501,0.004841419844932471
2021-05-12,6.440914,0.825219,73.41393,13.975408,8.344611322,108.780327,0.708021,5.239313418,1.281235,0.00267242779019794,0.0042911403650756075,0.0006244129091603767,0.0013760188658749062,0.007369431827314976,0.0020107304912606594,0.0017799460356582308,0.0029326208420845656,0.0053924980558914815
2021-05-13,6.453853,0.827746,73.5531,14.15901,8.497061502,109.568744,0.712383,5.299809618,1.297326,0.0020088763799670506,0.0030622174234959942,0.0018956892785879642,0.013137505538299843,0.01826929668947841,0.007247790310466629,0.0061608342125445414,0.011546589251973716,0.0125589763002103
2021-05-14,6.436031,0.824878,73.25497,14.082488,8.428111854,109.28813,0.71008,5.274437021,1.289615,-0.0027614511827275257,-0.0034648309988812853,-0.00405326220104929,-0.005404473900364581,-0.008114528532454313,-0.002561077089648811,-0.0032328115634425725,-0.004787454423612947,-0.005943764327547618
2021-05-17,6.442065,0.82352,73.316479,14.16981,8.371901507,109.198715,0.709998,5.300584699,1.291526,0.0009375343282218562,-0.0016463040595093847,0.0008396563400407953,0.006200750890041684,-0.006669387874025712,-0.000818158385544554,-0.00011547994592164823,0.004957434868573474,0.0014818376026952684
2021-05-18,6.422926,0.818197,73.008509,13.977827,8.336197022,108.893798,0.703633,5.243413517,1.280641,-0.002970941771000435,-0.006463716728191238,-0.004200556330589689,-0.013548734951280283,-0.004264799934656005,-0.0027923130780430627,-0.008964813985391618,-0.010785825573315755,-0.008428014612172019
2021-05-19,6.435801,0.818867,73.148542,14.039224,8.426957091,109.15493,0.706133,5.283327874,1.290943,0.0020045381186082345,0.0008188736942327246,0.0019180367044613345,0.004392456710188286,0.010887466882137709,0.002398042907824749,0.0035529885607981093,0.007612284797029911,0.008044409010800058
2021-05-20,6.438007,0.819471,73.066459,14.065312,8.367942309,108.948619,0.708023,5.291075965,1.289519,0.00034277007632765866,0.0007376045194151803,-0.0011221412998226876,0.001858222363287254,-0.007003095110455493,-0.0018900749604254807,0.0026765496018454904,0.0014665171620578121,-0.0011030696165514886
2021-05-21,6.431982,0.820479,72.86019,13.9383,8.381276666,108.803741,0.704545,5.302592714,1.287988,-0.0009358486252034615,0.00123006183257246,-0.002823032658527902,-0.00903015873377,0.001593504891358899,-0.001329782803396462,-0.0049122697991449416,0.0021766364868285315,-0.0011872643985859632
2021-05-24,6.427039,0.818867,72.921471,13.971667,8.38740583,108.884704,0.707566,5.347117589,1.294137,-0.0007685033944435649,-0.0019647059827246904,0.0008410765879143245,0.0023939074349095257,0.0007312924085736139,0.0007441196346364976,0.004287873734112102,0.00839681216368815,0.00477411280229334
2021-05-25,6.40574,0.815395,72.762557,13.828359,8.412915851,108.847032,0.705912,5.297619048,1.2871,-0.003313967754046576,-0.004240004787102181,-0.0021792484136804458,-0.010257043772944119,0.003041467352009386,-0.0003459806438927959,-0.0023375911222416335,-0.009257051145055706,-0.0054376005013381246
2021-05-26,6.390465,0.817728,72.754109,13.842669,8.449178183,108.888707,0.705945,5.315724916,1.28645,-0.002384580079740961,0.0028611899754107384,-0.0001161036712880037,0.0010348299461997446,0.004310316737055064,0.00038287676966697326,4.674803658244464e-05,0.003417736880653166,-0.0005050112656357353
2021-05-27,6.378751,0.819807,72.604525,13.74381,8.442859485,109.378587,0.705591,5.30275455,1.291441,-0.0018330434483249114,0.002542410190185418,-0.0020560213306990427,-0.007141614091906723,-0.0007478476442495108,0.004498905474192183,-0.0005014554958248096,-0.0024399994741939324,0.003879668856154428
2021-05-28,6.37638,0.823588,72.546533,13.831741,8.598089277,110.072476,0.70635,5.258112337,1.300939,-0.00037170286157905963,0.004612061131461509,-0.0007987380951807177,0.006397862019338119,0.018385926270097164,0.006343919948426535,0.00107569399269547,-0.008418683644333513,0.0073545752380479446
2021-05-31,6.370134,0.819605,72.56897,13.767232,8.50159823,109.654946,0.704967,5.234652897,1.292927,-0.000979552661541483,-0.00483615594204867,0.0003092773571964358,-0.004663838051912617,-0.011222382542376397,-0.003793228018237671,-0.001957952856232792,-0.004461570711398077,-0.006158628498338592
2021-06-01,6.383885,0.817996,72.896115,13.765644,8.520408998,109.652352,0.705808,5.202126789,1.291861,0.002158667305899753,-0.001963140781230055,0.00450805626702433,-0.00011534635284715655,0.002212615497827475,-2.3656023687257388e-05,0.0011929636422698398,-0.006213613135388707,-0.0008244858371740937
2021-06-02,6.38536,0.820614,73.102741,13.726325,8.586985065,109.73248,0.706754,5.16092237,1.292959,0.00023105052800920234,0.0032005046479444133,0.002834526915460378,-0.002856313878231931,0.007813717277612708,0.0007307458393597255,0.0013403078457596695,-0.007920687186465325,0.0008499366417904497
2021-06-03,6.392878,0.820546,72.926479,13.556905,8.669073603,109.797325,0.705301,5.078690408,1.295807,0.0011773807584849472,-8.286478173658018e-05,-0.0024111544599948465,-0.012342706441818785,0.009559646066532368,0.0005909371591712453,-0.00205587799998308,-0.01593357855526123,0.002202699389539875
2021-06-04,6.409755,0.825287,73.005034,13.652224,8.680614013,110.085005,0.707188,5.106379467,1.304283,0.0026399690405478626,0.005777860107781807,0.0010771807589942117,0.007031029574965597,0.0013312160593499378,0.0026201002620054314,0.0026754534588779855,0.005452007658585334,0.006541097555423203
2021-06-07,6.396563,0.822233,72.792715,13.478293,8.625390561,109.340569,0.705682,5.047607301,1.289097,-0.00205811298559766,-0.0037005308456330432,-0.0029082789003288534,-0.012740122048978897,-0.006361698828826867,-0.006762374221629841,-0.0021295610219630445,-0.011509557090266243,-0.011643178665979859
2021-06-08,6.3978,0.820883,72.876375,13.511164,8.591856838,109.407322,0.70678,5.032014448,1.290264,0.00019338510384403484,-0.0016418703700775694,0.0011492908321937279,0.0024388103152230833,-0.0038877918353776852,0.0006105053285390127,0.0015559416280985783,-0.0030891573116060833,0.0009052848621944332
2021-06-09,6.386142,0.820008,72.947929,13.554982,8.581467815,109.372694,0.705642,5.030340303,1.289955,-0.0018221888774265782,-0.0010659253511159372,0.0009818545447686233,0.0032430958576181723,-0.0012091708691015501,-0.0003165053249361005,-0.0016101191318372843,-0.00033269876652786134,-0.0002394858726587623
2021-06-10,6.392969,0.821423,73.084607,13.643092,8.483982257,109.536718,0.70883,5.046163956,1.29218,0.0010690335416907448,0.001725592921044683,0.0018736378382997465,0.006500193065545723,-0.011360009744440291,0.00149967961838815,0.004517871668636486,0.0031456426497751266,0.0017248663713076429
2021-06-11,6.39332,0.824742,73.131052,13.590268,8.409814433,109.591753,0.706887,5.078762887,1.293773,5.4904067265271195e-05,0.004040549144594063,0.0006354963364583188,-0.003871849577793629,-0.008742100319552804,0.000502434261358875,-0.0027411368029004457,0.006460141066411351,0.0012328003838473212
2021-06-14,6.398696,0.825627,73.234396,13.801106,8.370211361,109.767173,0.709197,5.106175694,1.295905,0.0008408776660639994,0.0010730628487454208,0.0014131343276726493,0.015513895678878509,-0.0047091493296922415,0.0016006678896722804,0.0032678490338624577,0.0053975362917941805,0.001647893409431278
2021-06-15,6.400892,0.8259,73.342501,13.776016,8.555170135,110.075983,0.711513,5.07053188,1.300132,0.0003431949259660172,0.00033065779098784276,0.0014761506328255791,-0.0018179702409357734,0.022097264456402144,0.002813318331519765,0.0032656652523910257,-0.006980530270801921,0.0032618131730335342
2021-06-16,6.399043,0.82481,73.308726,13.741669,8.546106895,109.856483,0.707935,5.036539096,1.296519,-0.00028886598930277785,-0.0013197723695361763,-0.00046051061171215046,-0.002493246233163493,-0.0010593874647707446,-0.0019940771276146796,-0.005028720487187166,-0.006703987827012647,-0.002778948599065356
2021-06-17,6.440228,0.837731,74.123314,14.078663,8.637262294,110.655944,0.71647,5.050347659,1.320516,0.006436118650867018,0.015665425976891578,0.011111746778957876,0.024523513119112383,0.010666306906754297,0.007277321994733965,0.012056191599511434,0.002741676920758218,0.018508791618171427
2021-06-18,6.439654,0.840477,73.986973,14.138763,8.695495041,110.203396,0.721004,5.007144058,1.330644,-8.912727934484721e-05,0.003277901856323817,-0.0018393807918516414,0.004268871269949459,0.006742037582956328,-0.004089685412651756,0.006328248216952437,-0.00855457958879502,0.007669729105894918
2021-06-21,6.468421,0.840972,74.161971,14.250526,8.786729459,110.091666,0.720461,5.061979648,1.330502,0.0044671654719337095,0.0005889512740979708,0.002365254218468893,0.007904722640870387,0.010492147666098628,-0.0010138526039614737,-0.0007531164875644869,0.010951470412038367,-0.0001067152446483366
2021-06-22,6.475029,0.84076,74.300908,14.329158,8.693038507,110.559946,0.719354,5.017824113,1.329914,0.0010215785274334532,-0.0002520892491071347,0.0018734264762194641,0.005517831411977259,-0.010662778732083766,0.004253546312942502,-0.0015365162028201373,-0.008722977583966895,-0.0004419384563120188
2021-06-23,6.47586,0.83675,74.175885,14.173458,8.646473098,110.819178,0.714877,4.953811397,1.318885,0.00012833919353871792,-0.004769494267091612,-0.0016826577677895305,-0.010865955975919883,-0.005356632086986002,0.0023447189455030326,-0.006223639543256998,-0.012757066520956317,-0.008293017443233186
2021-06-24,6.467242,0.837802,74.147118,14.244973,8.696548257,110.757373,0.719529,4.946464477,1.32004,-0.0013307884975894968,0.0012572452942933854,-0.00038782145976401505,0.005045698798415987,0.005791397073979576,-0.0005577103269976957,0.006507413163383324,-0.0014830843185610343,0.0008757397347001206
2021-06-25,6.455146,0.83682,74.211213,14.088619,8.693472803,110.686192,0.719247,4.906694561,1.315983,-0.0018703490606969408,-0.0011721146523880899,0.0008644300915376935,-0.010976082580149482,-0.00035364076747623763,-0.0006426750479174848,-0.0003919230496616244,-0.008040069060421207,-0.0030733917154026624
2021-06-28,6.458606,0.839631,74.302267,14.260789,8.743073048,110.940386,0.719647,4.967170445,1.32267,0.000536006466778538,0.0033591453359145262,0.0012269574410541662,0.012220502236592656,0.005705458120589313,0.0022965285498302013,0.0005561371823588068,0.012325178029356287,0.005081372631713377
2021-06-29,6.461474,0.841184,74.280787,14.343876,8.71551144,110.649394,0.722981,4.948351279,1.329997,0.0004440586714842265,0.0018496220363468652,-0.00028908942980165886,0.005826255475766429,-0.003152393654803576,-0.002622958243538087,0.004632826927646327,-0.0037887095295761064,0.005539552571692141
2021-06-30,6.45759,0.841468,74.321777,14.314541,8.684786267,110.594076,0.722021,4.968865702,1.333978,-0.0006011012347957312,0.00033761935557485856,0.0005518250634581889,-0.0020451236471926704,-0.003525343660153668,-0.0004999394754932052,-0.001327835724590165,0.004145708710507456,0.002993239834375494
2021-07-01,6.466005,0.841468,74.519522,14.283406,8.692948502,111.427129,0.72394,4.96087176,1.332548,0.0013031177265823146,0.0,0.0026606602799608137,-0.0021750610096404888,0.0009398314188817647,0.0075325282341522914,0.0026578174319029646,-0.00160880621039583,-0.0010719816968496332
2021-07-02,6.47839,0.845809,74.689588,14.445318,8.69322507,111.42688,0.727421,5.025881756,1.339423,0.0019154021687270983,0.005158841453269725,0.002282167080996711,0.01133567161782012,3.1815212057972886e-05,-2.2346443118159698e-06,0.004808409536701808,0.013104550801772863,0.005159288821115604
2021-07-05,6.461908,0.842744,74.29673,14.226614,8.670908478,110.888252,0.721937,5.06227878,1.328165,-0.002544150630017672,-0.0036237495699383837,-0.005259876383305273,-0.015140130525337026,-0.0025671246079910226,-0.004833914401982775,-0.00753896299391954,0.007241918088611632,-0.008405111753344574
2021-07-06,6.466042,0.844737,74.516472,14.21507,8.659739821,110.652137,0.721828,5.093090049,1.320578,0.0006397491267284838,0.002364893728107109,0.0029576268026869634,-0.0008114369308114266,-0.0012880607641444497,-0.002129305816814586,-0.00015098270347690956,0.0060864425566069524,-0.005712392662056254
2021-07-07,6.464204,0.845237,74.619643,14.256276,8.669258727,110.607725,0.722678,5.174879554,1.327952,-0.0002842542624994504,0.0005919002008909491,0.001384539514967864,0.002898754631528222,0.001099213855930925,-0.00040136594921791335,0.0011775658467114702,0.016058915945548424,0.0055839185568742344
2021-07-08,6.490286,0.844737,74.84989,14.407332,8.692684575,109.739821,0.727598,5.276482514,1.347947,0.00403483553427475,-0.0005915500622902803,0.00308560843690997,0.010595754459299167,0.0027021742847563868,-0.007846685211182147,0.006808011313475637,0.01963387919269799,0.015057020133257826
2021-07-09,6.479508,0.843313,74.524372,14.231658,8.666722888,110.018553,0.723208,5.259655928,1.338168,-0.0016606356021907631,-0.0016857317721373777,-0.0043489442669856215,-0.01219337487329375,-0.0029866132580795846,0.0025399348883572426,-0.006033551494094236,-0.0031889778759531806,-0.007254736276723017
2021-07-12,6.475785,0.843739,74.595849,14.467685,8.637529531,110.150186,0.721988,5.267127911,1.340533,-0.0005745806626058503,0.0005051505194395567,0.0009591090549545545,0.016584645302746948,-0.0033684424178856975,0.001196461836759477,-0.0016869282419442744,0.0014206220144976633,0.0017673416192884872
2021-07-13,6.467241,0.844309,74.5423,14.584178,8.588821344,110.224586,0.722036,5.176967241,1.337386,-0.0013193767242118959,0.0006755643629130503,-0.0007178549573181314,0.008051944730618654,-0.005639134063181839,0.0006754414377474482,6.648309944212727e-05,-0.017117615429787958,-0.0023475736889729815
2021-07-14,6.456824,0.846597,74.490772,14.644006,8.591686421,110.311548,0.720945,5.129613952,1.339062,-0.001610733232300987,0.002709908339245448,-0.0006912585203299182,0.0041022538260298,0.0003335820929610822,0.0007889528385254252,-0.0015110049914409673,-0.009146916871518251,0.0012531909261799257
2021-07-15,6.461512,0.846812,74.562622,14.567533,8.557964265,110.026251,0.721382,5.087221611,1.344398,0.000726053552024819,0.00025395790441029575,0.0009645490048082461,-0.005222136620266382,-0.003924975185031765,-0.0025862840760787487,0.0006061488740471965,-0.008264236138758707,0.003984878967516092
2021-07-16,6.471191,0.847314,74.5899,14.390781,8.517285206,110.176241,0.722742,5.096254872,1.347822,0.001497946610638623,0.000592811627610379,0.0003658401390445043,-0.01213328296561944,-0.004753356959711574,0.0013632201282582912,0.0018852702174436686,0.0017756767231189574,0.0025468648421078655
2021-07-19,6.488526,0.849907,74.983852,14.511389,8.596124426,109.603944,0.73018,5.168536461,1.363505,0.002678795912529841,0.0030602586526364828,0.005281572974357163,0.008380921091079019,0.009256379009647375,-0.005194377615406309,0.010291362616258626,0.014183275918387084,0.011635809476325365
2021-07-20,6.480255,0.849257,74.667516,14.551932,8.54895966,109.579618,0.734989,5.234225053,1.365775,-0.0012747116987742446,-0.0007647895593281273,-0.0042187216522298066,0.0027938745215914107,-0.0054867477089262096,-0.00022194456798019235,0.006586047276013973,0.012709321583713962,0.0016648270450052571
2021-07-21,6.473072,0.849473,74.574839,14.679834,8.58503228,110.117227,0.733631,5.243968739,1.366718,-0.0011084440349954372,0.0002543399701151472,-0.0012411957028275467,0.00878934838343115,0.004219533304009149,0.004906103980030441,-0.001847646699474348,0.0018615336370404467,0.0006904504768356912
2021-07-22,6.467346,0.849257,74.447134,14.560425,8.553460722,110.259023,0.72665,5.182929936,1.355329,-0.0008845877197102281,-0.000254275297743467,-0.0017124408408041303,-0.008134220046357443,-0.003677511856717164,0.0012876822624674489,-0.009515682952328963,-0.011639810616346224,-0.00833310163471912
2021-07-23,6.477777,0.849834,74.43741,14.777088,8.547038328,110.571938,0.726974,5.184753973,1.354976,0.0016128718024364108,0.0006794174201683045,-0.00013061617657439406,0.014880266201020786,-0.0007508532755031716,0.002837999027072824,0.0004458817862795783,0.0003519316337523559,-0.00026045336593549795
2021-07-26,6.483923,0.848392,74.42988,14.8338,8.566471536,110.333418,0.725104,5.221515229,1.358276,0.0009487822751539365,-0.0016968019636774967,-0.00010115881248429215,0.0038378332726989317,0.0022736774136531412,-0.0021571476842524584,-0.002572306574925687,0.007090260442720542,0.002435467491675114
2021-07-27,6.502879,0.84674,74.439458,14.846063,8.558001693,110.059272,0.723988,5.189500423,1.35724,0.002923538728019981,-0.0019472130807456356,0.00012868487763251224,0.0008266930928015892,-0.0009887201474266805,-0.0024847050419483097,-0.001539089565083085,-0.006131324835019547,-0.0007627315803268031
2021-07-28,6.49801,0.846955,74.390616,14.804099,8.551960701,110.078767,0.720717,5.160582705,1.361989,-0.0007487452865108102,0.00025391501523475135,-0.0006561305161573161,-0.0028266079700725033,-0.0007058881520133342,0.0001771318276573286,-0.004518030685591312,-0.0055723510247414065,0.003499012702248505
2021-07-29,6.459277,0.842247,74.258823,14.580729,8.494146383,109.837446,0.716584,5.088772846,1.352817,-0.005960747982843961,-0.005558736886847604,-0.001771634744898276,-0.015088388695590371,-0.00676035824079968,-0.002192257476866577,-0.00573456710470277,-0.013915067949676452,-0.006734268778969543
2021-07-30,6.461862,0.840972,74.336978,14.572618,8.40846018,109.65436,0.716004,5.10604659,1.35674,0.0004001995889013621,-0.001513807707240189,0.001052467529683243,-0.0005562821996074607,-0.010087676752485675,-0.001666881438594281,-0.0008093956884329678,0.0033944812477879616,0.0028998748537312213
2021-08-02,6.461972,0.841326,74.369847,14.386084,8.344354703,109.515396,0.719906,5.170705031,1.357984,1.70229571601066e-05,0.00042094148199933734,0.00044216217667591984,-0.01280030808465571,-0.007623925858919911,-0.001267291150119365,0.00544969022519437,0.012663112225930417,0.0009169037545881942
2021-08-03,6.463441,0.841397,74.225915,14.387968,8.378291965,109.129154,0.718174,5.199074464,1.353471,0.00022732998533570026,8.439059294484963e-05,-0.0019353542572165816,0.000130959891517346,0.004067092448478915,-0.003526828319188935,-0.002405869655205062,0.005486569593491808,-0.003323308669321623
2021-08-04,6.461344,0.843099,74.156901,14.266166,8.440687969,109.021162,0.717924,5.194334373,1.349127,-0.00032444018596289315,0.0020228263233648125,-0.0009297830818252306,-0.008465545655925832,0.007447341804350582,-0.0009895797414501972,-0.00034810505532079095,-0.0009117182361632059,-0.0032095257305108094
2021-08-05,6.460338,0.843882,74.11443,14.36557,8.53628692,109.527426,0.717806,5.153080169,1.349367,-0.00015569516187352583,0.000928716556418685,-0.0005727181075164678,0.00696781461816709,0.011325966716351221,0.004643722289439545,-0.0001643628016335663,-0.007942154092820508,0.00017789281513147515
2021-08-06,6.468959,0.846955,74.107987,14.481494,8.586855255,109.799272,0.718557,5.216735835,1.352418,0.0013344503027550303,0.0036415043809443493,-8.693313839158723e-05,0.008069571900035877,0.00592392634806127,0.002481990218595964,0.0010462436925853247,0.012352935314870583,0.0022610601859982538
2021-08-09,6.478191,0.850268,74.244962,14.630984,8.645438313,110.109685,0.720559,5.249128475,1.360599,0.001427122972954331,0.003911660005549322,0.0018483162955162946,0.01032282995110867,0.0068224112623638256,0.0028270952470430544,0.0027861394433565945,0.0062093694265046295,0.006049165272866919
2021-08-10,6.481402,0.853097,74.384064,14.810186,8.600324177,110.458966,0.721447,5.244070978,1.361969,0.0004956630639634252,0.0033271862518640116,0.0018735547335857472,0.012248116736372605,-0.005218258966947165,0.003172118783193456,0.0012323765298885014,-0.0009634927062820431,0.0010069094567908277
2021-08-11,6.485407,0.853388,74.38172,14.791432,8.659071514,110.667349,0.722803,5.21530978,1.361836,0.0006179218632018646,0.00034111009650716895,-3.151212603813569e-05,-0.0012662906461808898,0.006830828209605233,0.00188651956057595,0.0018795559479767299,-0.005484517299757963,-9.765273658945972e-05
2021-08-12,6.477213,0.851861,74.205213,14.71846,8.565721101,110.409745,0.721893,5.218757986,1.359826,-0.0012634519313899917,-0.001789338495502668,-0.0023729889548130823,-0.004933396577153637,-0.010780649270429543,-0.0023277326359376627,-0.001258987580294968,0.0006611699295837603,-0.001475948645798808
2021-08-13,6.479983,0.849979,74.266043,14.837314,8.554866128,110.191245,0.723272,5.23680408,1.360476,0.00042765306621839194,-0.002209280622073262,0.0008197537280836276,0.008075165472474666,-0.0012672573472806148,-0.001978991981187894,0.0019102553979606363,0.003457928888139783,0.0004780023326513838
2021-08-16,6.476639,0.849473,74.21806,14.768264,8.47069317,109.369691,0.720973,5.278882093,1.364169,-0.0005160507365529199,-0.000595308825276919,-0.0006460960899721258,-0.004653807286143508,-0.009839190554309485,-0.007455710297129214,-0.0031786105365616546,0.00803505580067454,0.0027144911045839937
2021-08-17,6.479477,0.849834,74.30866,14.82247,8.422962522,109.263194,0.725104,5.274496473,1.371463,0.00043819024033919796,0.00042496936335822966,0.0012207271383812834,0.003670438177432178,-0.005634798362080251,-0.0009737341216407014,0.005729756870229474,-0.0008307857464396884,0.00534684485573278
2021-08-18,6.480935,0.853024,74.253178,14.872985,8.477352214,109.758594,0.726631,5.281327305,1.37934,0.00022501816118802864,0.0037536742469705953,-0.0007466424505568892,0.003408001500424751,0.006457311410081434,0.004534006208897878,0.0021059048081379927,0.0012950680761596445,0.005743501647510696
2021-08-19,6.489484,0.854993,74.382267,15.176471,8.526932285,109.618673,0.731216,5.443057456,1.395263,0.0013190997903851365,0.0023082586187492815,0.001738497980517284,0.020405184298915024,0.0058485326253308045,-0.0012748067818726394,0.0063099427357213855,0.030623012295959207,0.011543926805573701
2021-08-20,6.499357,0.856825,74.374518,15.31574,8.531488304,109.647845,0.734727,5.451289521,1.402879,0.001521384442892515,0.0021427076011149015,-0.00010417805631013355,0.009176639285905175,0.0005343092741589839,0.0002661225428262082,0.004801590774818898,0.0015123972264752261,0.005458469120158682
2021-08-23,6.484895,0.853388,74.172214,15.208909,8.461341526,110.104113,0.730799,5.361495136,1.391961,-0.002225143194934498,-0.004011320864820589,-0.0027200714094038903,-0.006975242462982534,-0.008222103283797688,0.004161212653107649,-0.005346203419773654,-0.016472136483319133,-0.007782567135155571
2021-08-24,6.477172,0.851789,74.158859,15.068313,8.418739353,109.659284,0.728944,5.339097104,1.380153,-0.0011909213641854155,-0.001873708090575521,-0.00018005394850406642,-0.009244318576697386,-0.005034919447358677,-0.004040076141388127,-0.0025383176495862303,-0.004177572007779573,-0.008482996290844369
2021-08-25,6.478442,0.852079,74.260395,14.979635,8.417433538,109.9182,0.729294,5.257924335,1.379601,0.00019607322454917586,0.0003404599026284316,0.0013691688541215274,-0.0058850649040804726,-0.00015510813974006776,0.002361095117126677,0.00048014662306017364,-0.015203463697857522,-0.0003999556570900564
2021-08-26,6.482961,0.849834,74.134444,14.907793,8.366618509,110.138523,0.728461,5.226990737,1.377241,0.0006975442552392686,-0.0026347322255331207,-0.0016960723141857814,-0.004795978006139734,-0.006036879147378715,0.0020044269283885363,-0.0011422005391514833,-0.005883233768520957,-0.0017106395254861129
2021-08-27,6.478616,0.850268,73.719072,14.909957,8.401411445,110.186209,0.728705,5.245472324,1.379134,-0.0006702184387660237,0.0005106879696505917,-0.005602955624783634,0.00014515897826061774,0.004158542183150038,0.0004329638595208518,0.000334952729109661,0.0035357986898991722,0.0013744871086469601
2021-08-30,6.469536,0.847386,73.301839,14.624015,8.381408355,109.872045,0.726616,5.21388018,1.369969,-0.0014015339078593536,-0.0033895195397216638,-0.005659770106709927,-0.019177922511781964,-0.0023809201740626618,-0.002851209809750399,-0.0028667293349160516,-0.006022745340863445,-0.006645474623930725
2021-08-31,6.461467,0.845023,72.997296,14.558222,8.3074193,109.810715,0.725663,5.187257056,1.365219,-0.001247230095017593,-0.0027885756904173498,-0.0041546433780467185,-0.004498969674196829,-0.008827759234026789,-0.0005581947619159866,-0.0013115593380824686,-0.0051062017309343455,-0.0034672317402802966
2021-09-01,6.467039,0.846238,73.070999,14.431074,8.291867648,110.307185,0.726606,5.152407548,1.361428,0.0008623428704348512,0.0014378306862654622,0.0010096675361781493,-0.008733758834011507,-0.001872019629489463,0.004521143496789115,0.0012995012836536368,-0.006718292080723054,-0.0027768438616807556
2021-09-02,6.458129,0.844167,73.037734,14.340875,8.267938545,110.003377,0.725266,5.185632281,1.353875,-0.0013777557240647331,-0.002447302059231604,-0.00045524216796322126,-0.00625033174939027,-0.002885852019812729,-0.002754199556447734,-0.0018441906617892023,0.006448389940135302,-0.005547851226800238
2021-09-03,6.448366,0.842318,73.032766,14.343413,8.303066038,109.956199,0.723046,5.161640836,1.344424,-0.0015117381520250994,-0.002190324900167795,-6.801963489178053e-05,0.00017697664891436204,0.00424863982827306,-0.000428877742544187,-0.0030609459150160445,-0.0046265226109271085,-0.0069807035361461045
2021-09-06,6.457434,0.842886,73.089599,14.251096,8.277056642,109.861767,0.722438,5.195380984,1.344572,0.001406247722291143,0.0006743296474727156,0.0007781849587897849,-0.006436194788506766,-0.003132505014529108,-0.0008588146994786827,-0.0008408870251684908,0.006536709754130454,0.00011008431863768209
2021-09-07,6.464587,0.84317,73.470067,14.31484,8.325042159,110.042159,0.726096,5.170573356,1.352782,0.0011077155414982442,0.0003369376167119409,0.005205501264276879,0.004472919135482645,0.005797413147629049,0.0016419907027345193,0.005063410285726766,-0.004774939138515233,0.006106032254129756
2021-09-08,6.457766,0.845523,73.569375,14.275725,8.446013359,110.180096,0.726076,5.21839858,1.35512,-0.001055133143076148,0.0027906590604505066,0.0013516797255677115,-0.0027324790217704287,0.014531001487988915,0.0012534923092522021,-2.754456710940545e-05,0.009249501110839553,0.0017282902936319733
2021-09-09,6.453962,0.844737,73.551698,14.145802,8.470349721,109.900321,0.722715,5.293968576,1.354536,-0.0005890581975254161,-0.0009296021515677877,-0.0002402766096625264,-0.009100973855968753,0.002881402262295385,-0.002539251735631076,-0.004628992006346477,0.014481453427039881,-0.0004309581439283505
2021-09-10,6.437632,0.844523,73.42868,14.072038,8.407904738,109.81336,0.720041,5.188413141,1.350055,-0.0025302287184213457,-0.0002533332859812054,-0.0016725378658151158,-0.005214550578327093,-0.007372184745239596,-0.0007912715741749121,-0.003699937042956014,-0.019938810267694396,-0.0033081438957693887
2021-09-13,6.456621,0.848896,73.721562,14.185314,8.443803056,110.033956,0.722581,5.226061121,1.359508,0.0029496870899112793,0.005178070934716894,0.003988659472021094,0.008049722435371498,0.004269591428380126,0.002008826612718062,0.003527576901870777,0.007256164645505381,0.007001936958123789
2021-09-14,6.447266,0.846453,73.672761,14.228627,8.451667513,110.106653,0.721686,5.230066023,1.363975,-0.0014489002839100928,-0.0028778554734619766,-0.000661963727789816,0.0030533691393788143,0.0009313880188632773,0.0006606778729285612,-0.0012386154631798263,0.0007663327900830907,0.0032857474910041873
2021-09-15,6.43344,0.845737,73.462872,14.29068,8.437838295,109.193166,0.72319,5.241796346,1.36612,-0.0021444748828417515,-0.0008458827601769414,-0.002848936257458745,0.004361137585516817,-0.001636270946381635,-0.00829638332571958,0.002084008834867257,0.002242863273315132,0.001572609468648567
2021-09-16,6.4481,0.850123,73.512709,14.498342,8.472583525,109.385361,0.722817,5.237694466,1.366743,0.002278718694819659,0.005186009362248445,0.0006783971092227947,0.014531288923969932,0.004117788085674423,0.0017601376261953128,-0.0005157704061172774,-0.0007825332632639403,0.00045603607296573756
2021-09-17,6.455348,0.848896,73.45798,14.591766,8.601273345,110.025467,0.724643,5.266468591,1.367657,0.0011240520463391412,-0.0014433205547902395,-0.0007444835150884899,0.006443771294676326,0.01518897035600486,0.005851843374178767,0.00252622724700724,0.005493662371256036,0.0006687431360539176
2021-09-20,6.466228,0.853898,73.667492,14.798139,8.66808983,109.452651,0.731833,5.33643583,1.3834,0.0016854242404902298,0.005892359016887783,0.0028521339682903157,0.014143113314728284,0.007768208533779575,-0.005206212848885228,0.009922127171586359,0.013285418452807063,0.011510927081863409
2021-09-21,6.470012,0.851934,73.683336,14.860027,8.654455614,109.337195,0.731428,5.323138524,1.380133,0.0005851943358632372,-0.002300040520062163,0.00021507451346391981,0.004182147498411837,-0.0015729204781441686,-0.0010548488222547059,-0.0005534049434775534,-0.0024917953524796754,-0.0023615729362439497
2021-09-22,6.466877,0.852588,73.852843,14.781141,8.655725126,109.557507,0.733225,5.255008952,1.379316,-0.000484543150769956,0.000767665100817716,0.0023004794462617717,-0.00530860408261713,0.00014668883366231178,0.0020149776112328155,0.002456837856904537,-0.01279875992195767,-0.0005919719331398676
2021-09-23,6.456936,0.853606,73.723431,14.618865,8.74605207,110.012804,0.729791,5.274263764,1.37516,-0.0015372180420317738,0.0011940116445456894,-0.0017522954397298784,-0.010978584129601399,0.010435514377492794,0.004155780945252818,-0.004683419141464196,0.003664087383271175,-0.003013087646340673
2021-09-24,6.468385,0.853315,73.787013,14.97167,8.839491424,110.495776,0.731317,5.318883864,1.379384,0.0017731320242293513,-0.0003409066946576944,0.0008624395139720242,0.02413354251509947,0.010683603670793351,0.004390143532747359,0.0020910096178221593,0.008459967494337084,0.003071642572500588
2021-09-27,6.463413,0.854847,73.860916,15.060609,8.845187211,110.907847,0.73021,5.316036929,1.378783,-0.0007686617293187759,0.0017953510719956878,0.0010015719161853287,0.005940486265059164,0.0006443568670180255,0.003729291878089569,-0.0015137074620170665,-0.0005352504534398284,-0.0004357017335273605
2021-09-28,6.459411,0.856311,74.121853,15.096678,8.87866073,111.466004,0.735999,5.405206371,1.379945,-0.0006191775150372614,0.0017125871647207802,0.003532815650431287,0.002394923073828048,0.0037843765430278786,0.005032619558470008,0.007927856370085307,0.016773668654099128,0.0008427722128863113
2021-09-29,6.465334,0.858074,74.195126,15.034323,8.852582804,111.455294,0.741745,5.424575253,1.38253,0.0009169566698883358,0.0020588314292353527,0.000988547871300538,-0.004130378882029606,-0.0029371463549547894,-9.608310709696699e-05,0.007807075824831422,0.003583375114763143,0.0018732630648323756
2021-09-30,6.46403,0.863632,74.338544,15.16789,8.89377321,111.987218,0.743182,5.409016323,1.390016,-0.00020169104952660888,0.006477296829877188,0.00193298411542564,0.008884137982135831,0.004652925243623596,0.004772532384150319,0.0019373234737005696,-0.002868230096244928,0.005414710711521442
2021-10-01,6.446638,0.862069,74.116379,14.9525,8.843362069,111.181034,0.738388,5.415172414,1.378017,-0.002690581572177164,-0.0018097986179298475,-0.0029885573222957484,-0.01420039306719656,-0.0056681387988756216,-0.007198893002235307,-0.006450640623696491,0.0011381165506605395,-0.00863227473640582
2021-10-04,6.446631,0.859402,74.254469,14.881918,8.836026126,111.043314,0.735046,5.378050877,1.371348,-1.0858372999633659e-06,-0.0030937198762511775,0.0018631509237654331,-0.004720414646380178,-0.0008295423101259969,-0.0012387004783568356,-0.004526075721707379,-0.006855097891994788,-0.004839562937177133
2021-10-05,6.447595,0.86192,74.545768,14.979486,8.852525427,111.179107,0.734123,5.439234615,1.373642,0.0001495354705425278,0.002929944310113397,0.0039229827365676595,0.006556144174426848,0.0018672761674447536,0.0012228831715164201,-0.0012557037246648806,0.011376563628592962,0.0016728066107216666
2021-10-06,6.44663,0.866401,74.889967,15.123982,8.906775256,111.349853,0.736181,5.50892393,1.378704,-0.00014966820961925809,0.005198858362724934,0.0046172842434195616,0.009646258890324999,0.006128175450876405,0.0015357741630357413,0.0028033449435584945,0.012812338487443453,0.0036850940783696995
2021-10-07,6.446636,0.864902,74.734475,14.882719,8.873378308,111.382114,0.735366,5.481750562,1.369919,9.307188406637579e-07,-0.001730145740829081,-0.0020762727803044223,-0.015952346412472562,-0.00374961162037879,0.0002897264713945802,-0.0011070647028380565,-0.004932609044031477,-0.0063719260987128434
2021-10-08,6.447489,0.864379,74.984441,14.889705,8.912611289,111.781485,0.733771,5.500734722,1.368917,0.00013231707203575915,-0.0006046927860033913,0.003344721428764963,0.00046940347392165904,0.004421425486235586,0.0035855936438771163,-0.0021689879597370787,0.003463156483551,-0.0007314301064517137
2021-10-11,6.449283,0.864006,75.457059,14.956627,8.961983757,112.925523,0.733351,5.505356834,1.360895,0.00027824785742169844,-0.0004315236719077964,0.006302880886982942,0.004494514834242791,0.005539618681781322,0.01023459296501561,-0.0005723856625567958,0.0008402717516104996,-0.005860106931245612
2021-10-12,6.449329,0.865426,75.527477,14.941584,9.004240588,113.422761,0.733492,5.536737343,1.355257,7.132575822632603e-06,0.0016435071052747219,0.000933219514956285,-0.001005774898310885,0.004715120239644932,0.004403238406963217,0.00019226809535966005,0.005699995467360219,-0.004142861866639258
2021-10-13,6.441965,0.864902,75.341204,14.87113,9.067029926,113.561668,0.734285,5.519287321,1.359799,-0.0011418242114800137,-0.0006054821556089607,-0.002466294485118259,-0.004715296584351436,0.00697330745289948,0.0012246836417604268,0.001081129719206153,-0.0031516795757092764,0.0033513938684692768
2021-10-14,6.43708,0.86192,75.276245,14.792277,9.145319772,113.471815,0.72934,5.475607654,1.348388,-0.0007583089942276855,-0.0034477894605399184,-0.0008621975300527884,-0.005302421537569768,0.008634563538331586,-0.00079122649026242,-0.006734442348679259,-0.007914004917592532,-0.008391681417621366
2021-10-15,6.435356,0.86192,74.958628,14.696087,9.233925185,114.333736,0.727185,5.484830202,1.348043,-0.00026782329876284816,0.0,-0.004219352333528326,-0.006502717600542551,0.009688607419860995,0.007595903881505661,-0.0029547261908026146,0.0016842967178745116,-0.00025586107262876023
2021-10-18,6.430283,0.861772,75.326008,14.754998,9.284729404,114.150293,0.727663,5.485263702,1.353585,-0.0007883013775771275,-0.00017170967143131932,0.00490110357943041,0.004008618076362769,0.0055019093161516874,-0.001604452075282481,0.0006573292903455652,7.903617505644611e-05,0.004111144822531498
2021-10-19,6.389018,0.858001,75.075075,14.586272,9.307936508,114.217074,0.72308,5.56036036,1.338567,-0.006417291431807914,-0.00437586739880147,-0.0033312929579383255,-0.011435176067119857,0.002499491691163369,0.0005850269696634491,-0.00629824520416733,0.01369061946331196,-0.011094981105730373
2021-10-20,6.39267,0.860363,74.858986,14.480513,9.276520692,114.239009,0.727033,5.577733804,1.335972,0.0005716058398959056,0.0027529105443933055,-0.002878305482878263,-0.007250584659328929,-0.0033751644065252995,0.00019204659366423016,0.005466891630248494,0.0031245176346808012,-0.0019386403519585649
2021-10-21,6.398814,0.859328,74.885709,14.541119,9.425195497,114.161726,0.724328,5.662284094,1.334365,0.0009611007607150945,-0.001202980602373671,0.0003569778516636646,0.00418534895828615,0.016027000848304773,-0.0006765027172109805,-0.0037206014032376,0.015158538031945223,-0.0012028695212173979
2021-10-22,6.391831,0.859845,74.870163,14.671195,9.615649183,113.869304,0.725451,5.701117799,1.33362,-0.0010912959807863887,0.000601632903850513,-0.000207596351928796,0.008945391341615538,0.02020686850056541,-0.0025614714339550204,0.0015504025800465726,0.006858310949312774,-0.0005583180014463451
2021-10-25,6.389899,0.861846,75.166767,14.78609,9.672670861,113.66026,0.727226,5.636904249,1.336292,-0.0003022608075838873,0.00232716361669838,0.003961578125587728,0.007831332076221331,0.005930091345346833,-0.0018358239899315398,0.0024467538124561816,-0.011263326292128895,0.002003569232615021
2021-10-26,6.3801,0.860733,74.954381,14.745137,9.446032019,114.021346,0.724548,5.562058874,1.331124,-0.0015335140664978208,-0.0012914140113199357,-0.0028255305965200206,-0.0027696977361831854,-0.02343084399923112,0.0031768887384209243,-0.003682486599764112,-0.013277744608359732,-0.0038674181990164813
2021-10-27,6.392356,0.860807,75.063269,14.972368,9.48377378,113.626582,0.727641,5.553068779,1.330636,0.0019209730255012047,8.597323444092808e-05,0.0014527236239867403,0.015410572312756443,0.003995514828245783,-0.0034621938246545136,0.0042688683151426154,-0.0016163250342465796,-0.0003666074685754195
2021-10-28,6.39774,0.862589,74.875528,15.143017,9.612266023,113.603036,0.727793,5.589407401,1.329337,0.0008422559694734044,0.0020701504518434444,-0.0025011034358229933,0.011397595891311285,0.01354864065515482,-0.00020722263739303415,0.00020889422118886003,0.006543881130631979,-0.0009762249029786618
2021-10-29,6.396565,0.858738,74.867325,15.238042,9.565736368,113.885788,0.725547,5.64173465,1.327179,-0.00018365860444469195,-0.004464466855014448,-0.00010955515398847204,0.006275169604577524,-0.004840654106811559,0.0024889475665068606,-0.003086042322473559,0.009361859897820013,-0.0016233656326423151
2021-11-01,6.398083,0.863707,74.907151,15.326568,9.518224218,114.173432,0.73048,5.650889618,1.330109,0.00023731487134104334,0.005786398179654428,0.0005319543605972754,0.005809539047076928,-0.004966909830270927,0.002525723402818203,0.006799008196574308,0.001622722188821868,0.002207690145790364
2021-11-02,6.398259,0.861846,74.639317,15.440662,9.53684392,113.789537,0.732181,5.680168922,1.339654,2.75082395775339e-05,-0.002154665876275219,-0.00357554647886682,0.007444197552902931,0.0019562159467507723,-0.0033623846920884937,0.002328605848209264,0.005181361870303602,0.007176103612561047
2021-11-03,6.398514,0.863707,74.482208,15.42693,9.692433926,113.922957,0.732622,5.671359475,1.345137,3.985459169419947e-05,0.002159318486133266,-0.0021049094004973457,-0.0008893401073087892,0.016314622248740696,0.0011725155362922735,0.0006023100845282681,-0.0015509128550525997,0.004092847854744619
2021-11-04,6.394935,0.864379,74.419137,15.20408,9.724522431,113.899213,0.737747,5.604028006,1.348604,-0.0005593486237585044,0.0007780416275426916,-0.0008467928340684105,-0.01444551832412544,0.0033106756512337743,-0.00020842155633293835,0.00699542192290159,-0.011872192072607035,0.0025774326332559383
2021-11-05,6.402986,0.868131,74.261221,15.195677,9.710738779,113.707787,0.742643,5.572792777,1.353763,0.0012589651028509508,0.004340688517421087,-0.002121981070541068,-0.0005526805962610126,-0.0014174117133054498,-0.0016806613053595987,0.006636421429026429,-0.005573710368070528,0.0038254372669812575
2021-11-08,6.395025,0.863632,74.111322,15.002677,9.740219363,113.386303,0.738216,5.585024614,1.34908,-0.0012433261606381585,-0.005182397587460863,-0.002018536700332585,-0.012700980680228957,0.0030358744757663647,-0.002827282180770996,-0.005961141490595123,0.0021949204805322697,-0.0034592465594051047
2021-11-09,6.391034,0.863782,74.10469,15.026691,9.726613112,113.069016,0.737497,5.514986611,1.351127,-0.0006240788738121061,0.00017368508809312289,-8.948700172961566e-05,0.0016006476710788142,-0.0013969142267662438,-0.0027982833164601484,-0.0009739696782513629,-0.012540321277087152,0.001517330328816513
2021-11-10,6.390898,0.865202,74.305589,15.166465,9.825488839,113.254888,0.740163,5.447741824,1.358107,-2.127981168620341e-05,0.0016439333072464368,0.002711015996423427,0.009301715194649285,0.010165483695245836,0.0016438809372851804,0.0036149299590371164,-0.012193100680584767,0.0051660576688941084
2021-11-11,6.395462,0.8726,74.440663,15.250873,9.913176265,113.95288,0.746405,5.443542757,1.369895,0.0007141406418942342,0.008550604367534964,0.0018178174995693297,0.0055654366393222965,0.008924484820739487,0.006163018765247497,0.008433277534813266,-0.0007707903817139039,0.008679728475002424
2021-11-12,6.380765,0.873515,74.417365,15.279437,9.956935709,113.993711,0.746899,5.407232704,1.370545,-0.002298035700939227,0.0010485904194361684,-0.0003129741066384417,0.0018729419620764354,0.004414270747358673,0.00035831477010517254,0.0006618390819996822,-0.00667029811666453,0.00047448892068358006
2021-11-15,6.381859,0.87382,74.399685,15.164715,10.01773855,113.876267,0.744189,5.457707095,1.357655,0.00017145279602059915,0.00034916400977658135,-0.00023757895754572544,-0.0075082609391956545,0.006106581660966448,-0.0010302673627320402,-0.0036283352903137,0.009334606768941489,-0.009405017711932029
2021-11-16,6.388723,0.879662,74.366995,15.233726,10.20584096,114.259324,0.743605,5.439655172,1.362597,0.0010755486763338595,0.006685587420750316,-0.0004393835807234847,0.004550761422156713,0.018776933442727906,0.003363800114733362,-0.0007847468855358697,-0.003307602017803002,0.0036401000254113747
2021-11-17,6.377695,0.883704,74.257688,15.480382,10.48082361,114.687169,0.743107,5.481442206,1.371598,-0.0017261665594203723,0.004594946695435365,-0.0014698321479844623,0.016191442592573768,0.02694365423464329,0.003744508413160208,-0.0006697103973211105,0.007681927011677692,0.006605768249893451
2021-11-18,6.383341,0.881446,74.233583,15.620185,11.06408109,114.217717,0.741939,5.538915822,1.373292,0.0008852728140809063,-0.0025551542145334505,-0.00032461285355400715,0.009030978692903036,0.055649966233903614,-0.0040933262551803296,-0.001571779030476006,0.010485126694775637,0.0012350557524871686
2021-11-19,6.390471,0.887233,74.25295,15.749534,11.11232366,113.76098,0.744637,5.561174696,1.382397,0.0011169699378428266,0.006565348302675522,0.0002608927013532103,0.008280887838396422,0.004360287095473536,-0.0039988279576625985,0.0036364175491516715,0.004018633739041544,0.006630053914244094
2021-11-22,6.381894,0.886682,74.350062,15.765118,11.23550275,114.107111,0.74413,5.589909558,1.377195,-0.001342154592360978,-0.0006210319048097768,0.001307853762039013,0.0009894895937871961,0.011084908410596173,0.003042616194058878,-0.0006808686648662743,0.005167048972704924,-0.0037630289996289923
2021-11-23,6.389821,0.888178,74.464428,15.853095,12.55049294,114.894751,0.747713,5.621991296,1.383871,0.0012421077504578548,0.001687188868162437,0.0015382098807126265,0.005580484713149758,0.11703883833769702,0.006902637294883274,0.004815018881109578,0.005739223088875756,0.004847534299790679
2021-11-24,6.389434,0.892379,74.459218,15.891308,12.04908085,115.170444,0.749018,5.595663038,1.38756,-6.056507686225121e-05,0.004729907743717954,-6.996629316735614e-05,0.0024104441435568447,-0.03995158535980181,0.0023995265023029066,0.0017453220687617677,-0.004683084091348988,0.0026657108935730367
2021-11-25,6.386528,0.891027,74.49648,15.876058,12.00561347,115.30785,0.751092,5.581662657,1.392408,-0.00045481336844532816,-0.0015150513402937271,0.0005004350166557536,-0.0009596441022979851,-0.003607526627228075,0.0011930665127939388,0.0027689588234194318,-0.0025020057328191125,0.00349390296635832
2021-11-26,6.389957,0.885661,74.87335,16.15871,12.19041715,114.090869,0.749446,5.604995129,1.398902,0.0005369114485993531,-0.006022264196258953,0.005058896742503816,0.017803663856607255,0.015393105938467322,-0.010554190369519545,-0.0021914758777886734,0.004180201032166986,0.004663862890761816
2021-11-29,6.38542,0.886839,75.082919,16.185615,12.69652359,113.701667,0.750115,5.603405463,1.39961,-0.0007100204273675637,0.0013300800193301043,0.0027989798773528918,0.0016650462815410716,0.041516744978657316,-0.0034113334696398434,0.0008926593777269787,-0.0002836159467427546,0.0005061112215150043
2021-11-30,6.371117,0.880049,75.092317,16.04057,13.142832,112.822318,0.749564,5.611370237,1.399102,-0.00223994662841287,-0.007656406630741408,0.000125168282282484,-0.008961352410767232,0.03515201675768331,-0.00773382680484358,-0.0007345540350479629,0.0014214166818005136,-0.00036295825265608705
2021-12-01,6.369542,0.883861,74.905869,15.822079,13.40498497,113.372812,0.751282,5.612338695,1.400831,-0.0002472093982891499,0.004331576991735808,-0.002482917127194284,-0.013621149373120645,0.019946459788879434,0.004879300565336697,0.002291999082133067,0.000172588504963489,0.0012357926727286639
2021-12-02,6.375959,0.881912,75.008378,15.843725,13.48769733,112.831819,0.750816,5.638504277,1.408854,0.0010074507711856917,-0.0022050978604101212,0.0013685042489794963,0.0013680882265849625,0.006170268760846032,-0.004771805430741183,-0.0006202730798821054,0.0046621530563204505,0.00572731471533694
2021-12-03,6.371003,0.885661,75.144363,15.898415,13.82791604,113.338057,0.753237,5.640510141,1.416969,-0.0007772948351769671,0.004250991028583284,0.001812930816875058,0.0034518397662166578,0.02522437312136816,0.004486659919929137,0.00322449175297268,0.0003557439883803415,0.005760000681404698
2021-12-06,6.37778,0.885975,75.413307,15.968016,13.78949234,113.209887,0.754213,5.684415699,1.420572,0.0010637257587227111,0.0003545374584630334,0.0035790309380892005,0.004377857792742246,-0.0027787050405029268,-0.0011308646309333703,0.0012957409155418542,0.0077839693400880705,0.002542751464569726
2021-12-07,6.36736,0.888415,75.406894,15.957001,13.65405117,113.566098,0.754558,5.626066098,1.406894,-0.0016337973401402417,0.002754028048195467,-8.503804242410151e-05,-0.0006898164430697573,-0.009822056291885262,0.003146465467278592,0.00045743046062574066,-0.010264837072043287,-0.009628515837282303
2021-12-08,6.347995,0.885034,75.435437,15.768475,13.69997345,113.788831,0.757616,5.606690858,1.401982,-0.003041291838375648,-0.00380565388922971,0.0003785197677017571,-0.011814626069146628,0.003363271415072644,0.0019612631227323707,0.00405270370203481,-0.0034438344062269755,-0.00349137888142248
2021-12-09,6.375564,0.884095,75.596764,15.93051,13.80735567,113.349836,0.758023,5.544867828,1.400407,0.004342946079825216,-0.0010609761884854407,0.0021386102661538064,0.010275882734379849,0.007838133438134554,-0.003857979699255387,0.0005372114633270808,-0.01102665218500265,-0.0011234095730188187
2021-12-10,6.370443,0.887075,75.676838,16.004081,13.91892132,113.723055,0.757163,5.58174399,1.398474,-0.0008032230560307552,0.0033706784904337095,0.0010592252335035468,0.004618245115818542,0.008080160507663692,0.0032926293779551585,-0.001134530218739993,0.006650503338201386,-0.001380313009003764
2021-12-13,6.364338,0.886682,75.742596,15.933144,14.23346338,113.66377,0.755081,5.602943784,1.400514,-0.0009583320971555676,-0.0004430290561676653,0.0008689316538303959,-0.0044324319528249445,0.022598163519182757,-0.000521310300712563,-0.002749738167343141,0.003798059179708213,0.001458732875977642
2021-12-14,6.36272,0.884251,75.938633,16.024317,14.33300911,113.582103,0.754664,5.634715713,1.402953,-0.00025422911228156764,-0.00274168191076396,0.0025882001720669567,0.005722222808003163,0.006993781298505031,-0.0007184963159324598,-0.0005522586318553735,0.005670577864930415,0.0017415034765806414
2021-12-15,6.365743,0.887942,76.393625,16.158409,14.70538093,113.87853,0.754573,5.714260345,1.399663,0.0004751112731662399,0.004174154171157296,0.005991574802248545,0.008368032160122496,0.025980016976351328,0.0026098037645947425,-0.00012058346495913419,0.014116884693309295,-0.0023450536119169474
2021-12-16,6.36759,0.882145,76.217802,15.977505,15.51023289,114.123147,0.748368,5.679075512,1.386203,0.00029014680611516575,-0.00652857956938635,-0.0023015402135976304,-0.011195656701102119,0.05473179945703044,0.0021480519637899764,-0.008223193779793414,-0.006157373111427611,-0.009616600567422307
2021-12-17,6.375463,0.882613,75.961165,15.823477,16.87157988,113.221536,0.752056,5.705913504,1.395852,0.001236417545727564,0.0005305250270646322,-0.003367152991370914,-0.009640303664433247,0.08777089291017082,-0.007900334188996716,0.00492805678489705,0.004725767766829536,0.006960740959296663
2021-12-20,6.376475,0.887075,75.847157,15.81398,17.78000532,113.527899,0.755833,5.696708951,1.406458,0.00015873356962470275,0.005055443325670428,-0.0015008721890982235,-0.0006001841441043432,0.053843531338572115,0.002705872140791321,0.005022232386949987,-0.0016131602754838603,0.007598226746101888
2021-12-21,6.371403,0.885347,75.577512,15.849934,13.02629482,113.714033,0.755024,5.716954405,1.40239,-0.0007954238039041828,-0.0019479750866611134,-0.003555110180332721,0.0022735579531527605,-0.2673627152772978,0.0016395441265057986,-0.0010703422581442856,0.0035538859671682133,-0.0028923721860162344
2021-12-22,6.371029,0.884877,75.574728,15.898416,12.45190691,114.219981,0.751261,5.717724095,1.39439,-5.8699787158333905e-05,-0.0005308652991425911,-3.6836354179059505e-05,0.0030588139988469987,-0.044094496396481886,0.004449301345243795,-0.004983947530144861,0.0001346328736375746,-0.005704547237216473
2021-12-23,6.370999,0.884173,75.223254,15.71786,11.18700265,114.403183,0.744721,5.660035367,1.382759,-4.708815483311923e-06,-0.0007955907996253231,-0.0046506816405610385,-0.011356854670301675,-0.10158317670879535,0.0016039400321734565,-0.008705363382366382,-0.010089456406343178,-0.00834128185084515
2021-12-24,6.367765,0.883626,75.006627,15.536008,11.6993903,114.385438,0.745683,5.675444022,1.382434,-0.0005076126993583951,-0.0006186572084874165,-0.0028797876784218968,-0.0115697684035867,0.04580204957759615,-0.00015510932069084937,0.001291758927168818,0.0027223601975772116,-0.00023503734200980286
2021-12-27,6.372613,0.884017,74.973922,15.524134,11.32416902,114.736563,0.745492,5.671587694,1.386581,0.0007613346283978917,0.0004424949016892388,-0.00043602813922016814,-0.0007642889988213053,-0.03207186617237656,0.003069665213853545,-0.0002561410143451237,-0.0006794759995959465,0.002999781544724911
2021-12-28,6.368282,0.882535,74.691995,15.719089,11.78369076,114.870709,0.743518,5.646544877,1.377019,-0.0006796270226986367,-0.0016764383490364132,-0.00376033415992294,0.012558188430993988,0.04057884858380545,0.0011691652293959187,-0.002647915738867801,-0.00441548616562748,-0.006896099109969134
2021-12-29,6.369459,0.884721,74.659825,15.878174,12.52101212,114.987172,0.744183,5.646642484,1.383526,0.00018482221735793836,0.002476955588163632,-0.0004307021120537602,0.010120497441041154,0.06257134330975944,0.0010138615928625416,0.0008943966386825153,1.728614615248425e-05,0.004725424994135974
2021-12-30,6.37286,0.882301,74.34048,15.896683,12.98605964,115.087348,0.740515,5.623257455,1.37586,0.0005339542965894228,-0.002735325599821814,-0.004277333894099011,0.0011656881956325638,0.037141368089339544,0.0008711928318403395,-0.004928895177664594,-0.0041414042178626875,-0.005540915024365267
2021-12-31,6.352375,0.882924,74.368003,15.947819,13.45002649,115.115663,0.741904,5.571340279,1.378686,-0.003214412367445685,0.0007061082329047341,0.00037022897888205897,0.0032167717001088114,0.035728070166170856,0.00024603051935812026,0.0018757216261655607,-0.00923258029984686,0.0020539880511099007
2022-01-03,6.356143,0.880669,74.323998,15.822193,13.27846764,114.980185,0.740951,5.59568472,1.381858,0.0005931639741041383,-0.0025540137089942183,-0.0005917195329286917,-0.00787731538713854,-0.012755279710977008,-0.0011768858943199678,-0.001284532769738389,0.004369584297652995,0.002300741430608433
2022-01-04,6.376806,0.886603,74.656884,16.054615,13.42175725,116.295771,0.74136,5.689688802,1.390371,0.0032508708504512818,0.006738059361689697,0.0044788494827741054,0.014689619827036537,0.010791125443447624,0.011441849741327115,0.0005519933166970858,0.016799388583136565,0.006160546163209268
2022-01-05,6.368672,0.88347,74.353741,15.846718,13.4681509,115.76111,0.738104,5.667108402,1.378214,-0.0012755602099232544,-0.0035337123831072903,-0.004060482888624262,-0.012949360666699161,0.00345660028980177,-0.0045974242691937395,-0.004391928347901253,-0.0039686529062999965,-0.008743709412811329
2022-01-06,6.379761,0.883783,74.456474,15.72532,13.74317278,115.819708,0.73878,5.693327441,1.394432,0.001741179322785058,0.000354284808765426,0.0013816789662270956,-0.007660766096803107,0.020420166215987523,0.0005061976340758889,0.0009158600955962992,0.004626528582150735,0.01176740332052928
2022-01-07,6.37812,0.885112,74.32997,15.640025,13.91449814,115.861214,0.738449,5.695078775,1.398832,-0.0002572196670064253,0.0015037628015022175,-0.0016990329141828298,-0.0054240549635874435,0.012466215970836414,0.00035836733416738653,-0.00044803595116271744,0.0003076116766773662,0.003155406645860337
2022-01-10,6.372857,0.883548,74.04135,15.638717,13.88787772,115.25888,0.736862,5.651970313,1.393709,-0.0008251647820988195,-0.0017670080170645308,-0.0038829559597562957,-8.363157987278935e-05,-0.001913142661140843,-0.00519875443390394,-0.0021490989899098922,-0.007569423304421341,-0.0036623411531906402
2022-01-11,6.373941,0.882145,73.877999,15.622265,13.84615385,115.516937,0.736371,5.636026817,1.394143,0.0001700963947568468,-0.0015879159932454812,-0.0022062131498141735,-0.001052004457910427,-0.0030043373682584473,0.0022389337810673204,-0.0006663391517001127,-0.0028208739814730155,0.0003113992949745903
2022-01-12,6.365787,0.879507,73.903694,15.448109,13.71345646,115.382586,0.732964,5.58117854,1.38628,-0.001279271333073262,-0.002990438079907398,0.0003478031396058068,-0.011147935334601011,-0.009583700386226801,-0.0011630415719904308,-0.004626743856018245,-0.009731727470593476,-0.005640024014753164
2022-01-13,6.360726,0.872372,73.904737,15.386984,13.58667016,114.263282,0.728823,5.541132339,1.370409,-0.0007950313134889031,-0.00811249938886216,1.411296166065057e-05,-0.003956794970827904,-0.009245393411195457,-0.009700805284429959,-0.005649663557828144,-0.007175223066775427,-0.01144862509738287
2022-01-14,6.353455,0.873591,74.206779,15.378964,13.56302961,113.715384,0.729519,5.535162051,1.380536,-0.0011431085067961089,0.0013973396670228233,0.004086909882380141,-0.0005212197530067852,-0.001739981152232617,-0.004795048684143377,0.0009549643740662805,-0.0010774490906811929,0.0073897646614988766
2022-01-17,6.349382,0.876962,74.304569,15.435412,13.39621152,114.566342,0.732904,5.508024204,1.386565,-0.0006410685209857769,0.0038587851752136526,0.0013178041321535439,0.003670468309828978,-0.012299471047162225,0.007483226719790181,0.004640043645196323,-0.004902809845485523,0.004367144355525765
2022-01-18,6.352776,0.87974,74.613354,15.430457,13.58731416,114.709246,0.736105,5.524500748,1.392892,0.0005345402119449894,0.0031677541330181747,0.004155666389774826,-0.00032101507883297575,0.014265424199572552,0.0012473471484319987,0.004367557006101697,0.002991371023394418,0.00456307493698449
2022-01-19,6.346673,0.881446,74.405906,15.327369,13.59250771,114.464522,0.733081,5.522873513,1.384663,-0.0009606823851494584,0.001939209311842216,-0.0027803065923024395,-0.006680813147659892,0.0003822352187372591,-0.0021334287211686176,-0.004108109576758778,-0.0002945487880672282,-0.005907852152212789
2022-01-20,6.344682,0.88199,74.406421,15.217058,13.41453519,114.244135,0.734389,5.434909155,1.381372,-0.0003137076701447139,0.0006171676994395359,6.9214935705108616e-06,-0.007196995126821815,-0.013093427923462908,-0.0019253738726136005,0.001784250307946822,-0.015927280933185628,-0.0023767515994865818
2022-01-21,6.339972,0.881213,74.391082,15.116849,13.41469863,113.799789,0.736984,5.46906944,1.390025,-0.0007423539903180787,-0.0008809623691878876,-0.00020615156318293248,-0.006585307094183368,1.2183798967724258e-05,-0.003889442552127531,0.0035335496582873382,0.0062853460887333235,0.00626406210636965
2022-01-24,6.328114,0.884643,74.619161,15.260881,13.41303963,113.782732,0.741357,5.476026185,1.403574,-0.0018703552633986265,0.00389236200555354,0.003065945458354813,0.009527911537649203,-0.0001236703146122453,-0.0001498860424073989,0.005933643064164329,0.0012720162134201018,0.009747306703116854
2022-01-25,6.329872,0.887469,74.79322,15.323837,13.55369187,114.030884,0.742927,5.506656017,1.403443,0.0002778078903129533,0.0031945089714155994,0.002332631426933407,0.004125318846271098,0.010486231598497042,0.002180928473399568,0.0021177381477479607,0.005593441478402905,-9.333316234139133e-05
2022-01-26,6.321983,0.886761,74.868139,15.151015,13.55653099,114.267979,0.740073,5.416688836,1.394608,-0.0012463127216474357,-0.000797774344793889,0.0010016817032345582,-0.01127798475016406,0.0002094720779572956,0.002079217416222079,-0.003841561822359396,-0.016337897395852563,-0.006295232510333482
2022-01-27,6.367473,0.896057,75.080018,15.332616,13.61523297,115.358423,0.747025,5.390591398,1.413172,0.007195527099645771,0.010483095219568694,0.0028300289392795275,0.011986061659895464,0.004330162343397559,0.009542865897715691,0.009393667921948401,-0.004817968834863295,0.013311267395569315
2022-01-28,6.361735,0.897827,75.059706,15.608188,13.59525947,115.532412,0.746795,5.400161609,1.43392,-0.0009011424155234149,0.001975320766424593,-0.00027053802784104963,0.017972927776969128,-0.0014669965650979666,0.0015082470397500547,-0.0003078879555571401,0.0017753545563761186,0.014681864627943408
2022-01-31,6.360972,0.896379,74.727053,15.573144,13.38382933,115.444604,0.745366,5.380960918,1.418071,-0.00011993583511415995,-0.0016127828635138508,-0.004431845229982745,-0.00224523179756686,-0.015551754673498785,-0.0007600291422981131,-0.0019135104011140935,-0.0035555771086553944,-0.011052917875474244
2022-02-01,6.361012,0.888099,74.775311,15.242718,13.37868561,114.671403,0.741545,5.290586146,1.409236,6.288347126792715e-06,-0.009237164190593505,0.0006457902200425192,-0.021217680899887625,-0.0003843234901740322,-0.00669759324567476,-0.0051263406165561465,-0.016795284964379764,-0.0062302945339127724
2022-02-02,6.361035,0.883158,74.726663,15.319173,13.51329153,114.254173,0.73651,5.270423033,1.397863,3.6157768608102714e-06,-0.005563568926437279,-0.0006505890694322725,0.0050158377265785425,0.010061221552241983,-0.0036384834325259297,-0.006789877890080898,-0.003811130268664864,-0.008070330306634177
2022-02-03,6.361421,0.886054,74.887471,15.316676,13.56078327,114.859117,0.737267,5.302410066,1.404306,6.068194877095756e-05,0.0032791414446791123,0.0021519494320254573,-0.00016299835506783378,0.003514446491039269,0.00529472127026831,0.001027820396192869,0.00606915854756207,0.004609178438802708
2022-02-04,6.361043,0.872296,74.707345,15.341504,13.52686671,114.898814,0.737901,5.306175855,1.410066,-5.942068603859152e-05,-0.015527270346954114,-0.002405288863340016,0.0016209783375975562,-0.002501076768554489,0.00034561470640603886,0.0008599326973810495,0.0007102032760812893,0.004101670148813685
2022-02-07,6.360356,0.873591,74.722198,15.462567,13.56119507,114.955884,0.739801,5.288809295,1.40622,-0.00010800115641396157,0.0014845878004714486,0.0001988157924766032,0.007891208058870891,0.0025377909560255762,0.0004966979032525742,0.0025748711548025938,-0.0032728956737526627,-0.0027275319027619815
2022-02-08,6.367111,0.876578,74.732205,15.46108,13.63586957,115.42777,0.739507,5.277787518,1.404716,0.0010620474702989213,0.0034192202071678945,0.0001339227199925741,-9.616773204601525e-05,0.0055064837290921265,0.00410493124475475,-0.0003974041667962336,-0.0020839807951517075,-0.0010695339278348204
2022-02-09,6.362833,0.874508,74.837341,15.328465,13.5994753,115.470048,0.736817,5.264363795,1.393354,-0.0006718902811652105,-0.0023614555692704764,0.001406836584040283,-0.008577343885420752,-0.002669009835652214,0.0003662723450346128,-0.003637558535618979,-0.002543437558677364,-0.008088467704503999
2022-02-10,6.357374,0.874202,75.126584,15.130518,13.53597342,115.761867,0.736498,5.216190226,1.389457,-0.0008579511673495466,-0.0003499110356908197,0.0038649555975003302,-0.012913687052160783,-0.004669436033315266,0.0025272268008409426,-0.0004329433224261603,-0.009150881450433745,-0.002796848467797819
2022-02-11,6.355785,0.875887,75.19795,15.129719,13.49443812,115.827275,0.735377,5.190768153,1.395025,-0.0002499459682566707,0.0019274721403061967,0.0009499433649213795,-5.280718082489866e-05,-0.0030685122311654434,0.0005650219860398042,-0.001522067948589223,-0.0048736859467441995,0.004007320845481388
2022-02-14,6.357105,0.883704,75.531548,15.138742,13.56574761,115.411806,0.739837,5.210763521,1.405267,0.00020768480998012429,0.008924667223055183,0.004436264552424518,0.0005963759141858205,0.005284361554432904,-0.003586970340103468,0.006064916362627626,0.003852101926078877,0.0073418039103243515
2022-02-15,6.343676,0.881446,75.313354,15.140326,13.63737329,115.62803,0.738343,5.198501543,1.400441,-0.002112439545988276,-0.0025551542145334505,-0.002888779665948249,0.00010463220788081706,0.005279891831925232,0.0018734998393492575,-0.002019363724712342,-0.002353201781386205,-0.003434222820289712
2022-02-16,6.340222,0.879353,75.086616,15.137179,13.61326064,115.687654,0.738129,5.167516708,1.394566,-0.0005444792577680158,-0.0023745073436147734,-0.003010594907245756,-0.0002078554979595415,-0.00176813008540877,0.0005156535141175311,-0.0002898381917346704,-0.005960339675521009,-0.004195107112688112
2022-02-17,6.337731,0.879507,75.016271,14.942216,13.62752858,115.074758,0.734327,5.14467898,1.388391,-0.0003928884509091235,0.0001751287594402573,-0.0009368513824088431,-0.012879744634056278,0.0010480912969577094,-0.005297851402535914,-0.005150861163834564,-0.004419478308535285,-0.00442790086664957
2022-02-18,6.327286,0.880747,74.557425,15.048265,13.62321649,115.016734,0.734763,5.146644354,1.387529,-0.0016480661612175984,0.0014098807627453969,-0.006116619686414526,0.007097273925099179,-0.000316424946363858,-0.0005042287379827259,0.0005937409355778467,0.00038202072619886174,-0.0006208625668129297
2022-02-21,6.335421,0.88199,74.684248,15.160963,13.64341154,114.835068,0.73468,5.119509614,1.389222,0.0012857013259715,0.00141130199705497,0.0017010109992399158,0.007489102564315564,0.0014823995504162912,-0.001579474513682455,-0.00011296159441898102,-0.005272316898856766,0.0012201546778480843
2022-02-22,6.327896,0.881679,74.729325,15.144419,13.83874096,115.09434,0.737833,5.085258332,1.387674,-0.0011877663694330742,-0.00035261170761580196,0.0006035677027906861,-0.0010912235588201868,0.014316757903793276,0.0022577772148835162,0.004291664398105244,-0.006690344306871654,-0.0011142927480272125
2022-02-23,6.317789,0.881523,74.588769,15.030677,13.82854372,115.109309,0.735746,5.007757405,1.374471,-0.001597213354960214,-0.00017693514306227343,-0.0018808680528026311,-0.0075104895077189315,-0.000736861830817892,0.0001300585241637009,-0.0028285533447269806,-0.015240312672477274,-0.009514482508139577
2022-02-24,6.324554,0.895817,75.513751,15.375258,14.38009496,114.915345,0.747675,5.094866971,1.396847,0.0010707859980760848,0.016215118607228574,0.012401089499144202,0.02292518161357604,0.03988498363730808,-0.0016850418240282883,0.016213475846283965,0.017394925303894526,0.016279717796883197
2022-02-25,6.314907,0.891583,75.202389,15.185004,13.80162268,115.584879,0.746612,5.115905849,1.38561,-0.0015253249478145436,-0.004726411755972437,-0.004123249022552233,-0.012374036260074495,-0.04022729207345932,0.005826323716819459,-0.0014217407295950002,0.004129426365742761,-0.008044546038327716
2022-02-28,6.310385,0.892937,75.501384,15.435575,13.79873203,115.465667,0.746049,5.163675328,1.384766,-0.0007160833880847095,0.0015186471702577364,0.003975871032501521,0.016501213960826044,-0.00020944276387069305,-0.0010313805839603507,-0.0007540730660638983,0.009337442949490127,-0.0006091180057881118
2022-03-01,6.312668,0.895897,75.704623,15.422415,13.93200143,114.809174,0.746192,5.160186347,1.376545,0.0003617845820818033,0.0033149035150297212,0.0026918579399815012,-0.0008525759487417739,0.009658090302083977,-0.005685612156901998,0.0001916764180369679,-0.0006756778415329956,-0.0059367431031669415
2022-03-02,6.316676,0.900414,75.793715,15.47848,14.07167297,115.32505,0.750189,5.16054385,1.375113,0.0006349137955614648,0.005041874233310262,0.0011768369812765744,0.003635293175549892,0.010025231529135814,0.004493334304451979,0.0053565302227844835,6.9281025133483e-05,-0.001040285642677774
2022-03-03,6.31961,0.902853,75.99675,15.239978,14.16549296,115.7277,0.747319,5.059678584,1.366829,0.00046448480181671137,0.002708753973172273,0.0026787841181818983,-0.015408618934158791,0.00666729465643634,0.0034914357288378106,-0.0038257025896141217,-0.01954547213081037,-0.006024232190372736
2022-03-04,6.319425,0.914997,76.343124,15.375972,14.24476164,115.445146,0.753848,5.061121786,1.360783,-2.9273958361386576e-05,0.013450694631351956,0.004557747535256507,0.008923503695346557,0.005595899854938802,-0.002441541653381174,0.008736563636144723,0.000285235905016501,-0.004423377028143216
2022-03-07,6.319045,0.917852,76.92749,15.323635,14.3714548,115.236347,0.758375,5.054153281,1.353924,-6.0132053153583165e-05,0.003120228809493364,0.00765446800421743,-0.0034038173326539356,0.008894017548474853,-0.0018086425218778457,0.006005189375046571,-0.0013768696535374492,-0.00504048037049265
2022-03-08,6.317022,0.918105,77.051047,15.337036,14.52286082,115.708777,0.763726,5.081344106,1.374495,-0.00032014331279495156,0.00027564356780818144,0.0016061488552401304,0.0008745314019813488,0.010535190911918013,0.004099661368127228,0.0070558760507664076,0.005379897183217297,0.015193615003501026
2022-03-09,6.318021,0.90967,76.59647,15.15146,14.67506595,115.810061,0.760211,5.021468207,1.363686,0.00015814413817150097,-0.009187402312371695,-0.005899686217112676,-0.012099860755363623,0.010480382060151117,0.0008753354985335804,-0.0046024359521609215,-0.011783476527263637,-0.00786397913415482
2022-03-10,6.321093,0.902201,76.332551,15.090581,14.95308553,115.968964,0.759428,5.048538434,1.363136,0.00048622820342014705,-0.00821066980333518,-0.00344557653897104,-0.00401802862562417,0.01894503104430667,0.0013721001321291837,-0.001029977203697352,0.005390898813670386,-0.00040331865253440125
2022-03-11,6.336033,0.909918,76.421747,15.004186,14.7910828,116.88808,0.764058,5.01155596,1.366424,0.0023635152971170914,0.008553526320631333,0.0011685185262575448,-0.005725094348587367,-0.01083406696731437,0.007925534283465652,0.006096693827459587,-0.007325382283105419,0.0024120850744167033
2022-03-14,6.362956,0.912409,76.57938,15.057391,14.7810219,117.974453,0.765648,5.044343066,1.381113,0.004249188727394548,0.002737609323038015,0.002062672029730095,0.003546010426690227,-0.0006802003704555748,0.009294129906145976,0.0020809938512520443,0.0065423006869906875,0.01074995755343866
2022-03-15,6.379492,0.909835,76.385679,15.125921,14.64543718,117.978346,0.764744,5.130106451,1.386043,0.0025987921337189412,-0.002821103255228774,-0.002529414576090905,0.004551253268245459,-0.009172892166542379,3.299866963568654e-05,-0.001180699224708981,0.017001893780394184,0.003569584820358518
2022-03-16,6.350464,0.909587,76.205658,15.060397,14.71557213,118.291796,0.763944,5.141258868,1.379389,-0.0045502055649572215,-0.00027257689581072775,-0.002356737576424406,-0.004331901508675018,0.004788860116499372,0.00265684348549855,-0.0010461017020074737,0.002173915318623987,-0.004800716860876575
2022-03-17,6.350195,0.904895,75.869605,14.956656,14.76092661,118.78563,0.762963,5.098090671,1.36232,-4.2359109507450476e-05,-0.00515838506926769,-0.004409816919368259,-0.0068883310313797574,0.0030820738466252884,0.004174710476117838,-0.0012841255379976158,-0.008396425488062187,-0.012374319354438779
2022-03-18,6.361828,0.90843,76.110556,15.020621,14.81231831,119.367733,0.7624,5.067587209,1.357649,0.0018319122483640982,0.003906530591947011,0.0031758567874446975,0.004276691260399312,0.0034816039235086027,0.0049004496587676805,-0.0007379125855382362,-0.0059833110018061575,-0.0034287098479064415
2022-03-21,6.355499,0.905961,76.266987,14.906958,14.83719877,119.197318,0.758969,4.984598659,1.34961,-0.0009948398479179277,-0.0027178758957762117,0.0020553128005003085,-0.007567130546733081,0.0016797141054687437,-0.0014276471180030281,-0.004500262329485749,-0.016376343726776432,-0.005921265363875494
2022-03-22,6.36221,0.907112,76.119829,14.824927,14.82510885,120.609579,0.754971,4.907928157,1.342707,0.0010559359697799309,0.0012704741153317656,-0.001929511126485206,-0.005502866513744764,-0.0008148384467590031,0.011848093763317635,-0.005267672329172912,-0.015381479482117877,-0.0051148109453841295
2022-03-23,6.372599,0.910332,76.438325,14.79299,14.84824761,120.755576,0.758125,4.906964042,1.340737,0.0016329231509177866,0.0035497270458333396,0.004184139720019742,-0.0021542770497285924,0.00156078179486685,0.0012104925762157492,0.004177643909501372,-0.0001964403245439117,-0.001467185320401243
2022-03-24,6.370286,0.910913,76.406449,14.709237,14.840317,121.798142,0.758681,4.833029696,1.336127,-0.0003629602301981061,0.0006382286901920331,-0.00041701594062937275,-0.00566166812794433,-0.0005341108397638461,0.008633688269600093,0.000733388293487236,-0.015067227998244337,-0.0034384073834018425
2022-03-25,6.363116,0.908926,76.189329,14.577895,14.84311943,121.859662,0.757862,4.784039266,1.329213,-0.0011255381626508187,-0.0021813279643609906,-0.002841644950676847,-0.008929219102255304,0.00018883895808952111,0.0005050980170124841,-0.00107950508843635,-0.010136587830309907,-0.005174657798248328
2022-03-28,6.370782,0.91191,76.128488,14.583713,14.84132774,123.955864,0.762748,4.754057997,1.330476,0.0012047556574483753,0.003282995535390132,-0.0007985501486696966,0.0003990974005505521,-0.0001207084540718606,0.0172017710011374,0.006447084033768702,-0.006266936229615716,0.0009501863132546085
2022-03-29,6.364456,0.90212,75.749662,14.596662,14.72936401,123.283717,0.76175,4.730175913,1.334687,-0.0009929707216477235,-0.010735708567731428,-0.004976139812470803,0.0008879083125128417,-0.007544050772373856,-0.005422470372196453,-0.0013084268985299463,-0.005023515492463604,0.0031650326650010108
2022-03-30,6.351429,0.898796,75.840374,14.496495,14.67697286,121.759842,0.760049,4.746359878,1.331026,-0.002046836367475713,-0.0036846539263069022,0.0011975234952203984,-0.006862322358358375,-0.0035569186805642916,-0.01236071589243204,-0.0022330160813915922,0.0034214298363663964,-0.0027429652045759534
2022-03-31,6.342041,0.90082,75.789569,14.568688,14.66741735,121.763805,0.762048,4.775155391,1.335826,-0.0014780925678300472,0.0022519014325830256,-0.0006698938483610251,0.004980031379999028,-0.0006510545526756673,3.2547676926286684e-05,0.002630093586071469,0.006066862551546315,0.0036062405993571023
2022-04-01,6.361835,0.904814,75.990499,14.629479,14.6951683,122.466522,0.761355,4.72204126,1.329714,0.0031210772683432086,0.004433738149685951,0.0026511563880249334,0.004172716170460999,0.0018920133884374746,0.0057711484952363,-0.0009093915343915127,-0.011123016247828743,-0.004575446203322842
2022-04-04,6.363108,0.908678,75.527488,14.625806,14.70513403,122.744207,0.76229,4.648977737,1.331304,0.00020009949959409745,0.004270490951731487,-0.006093011706634455,-0.00025106840783595263,0.0006781637199757551,0.002267435993650535,0.0012280736318799335,-0.015472868400984718,0.0011957458521154596
2022-04-05,6.361838,0.91166,75.335035,14.543623,14.72331115,122.85532,0.761145,4.593308415,1.31042,-0.00019958800007802147,0.003281690543845084,-0.0025481186399314293,-0.005619040755771021,0.0012361070604944846,0.0009052402774494261,-0.0015020530244396202,-0.011974529702937109,-0.015686875424396063
2022-04-06,6.362538,0.915499,75.834752,14.641948,14.73935732,123.867069,0.764195,4.668680765,1.321157,0.00011003109478746609,0.004210999714805874,0.006633261669022783,0.006760695048269483,0.0010898479178034215,0.008235288467768331,0.004007120850823442,0.016409163763936085,0.008193556264403767
2022-04-07,6.362037,0.916086,75.990289,14.70502,14.74248809,123.964822,0.764474,4.714181019,1.335471,-7.874216232572895e-05,0.0006411803835941754,0.002050998993179398,0.004307623548451378,0.0002124088542010405,0.0007891766616354712,0.00036509006209151096,0.009745848193584816,0.010834442840631509
2022-04-08,6.363595,0.920726,75.857656,14.728662,14.7534297,124.178252,0.767471,4.74937851,1.33984,0.0002448901193123909,0.005065026645969972,-0.001745394072655726,0.001607750278476372,0.0007421820477793162,0.0017216981120660169,0.003920342614660566,0.007466300266820491,0.0032715049596732104
2022-04-11,6.367431,0.917431,75.879358,14.598807,14.7233945,125.697248,0.767826,4.729357798,1.344404,0.0006028039182255363,-0.0035786976798743986,0.0002860884602076119,-0.008816483126573127,-0.002035811374761276,0.012232383493367305,0.00046255819438134615,-0.004215438284787321,0.003406376880821682
2022-04-12,6.371329,0.920726,76.170242,14.592579,14.68999171,125.485683,0.768391,4.690544149,1.344167,0.0006121778155114832,0.003591550754225681,0.003833506340420012,-0.0004266102017788098,-0.0022686881072160325,-0.0016831315193154284,0.0007358437979438914,-0.008206959730645336,-0.000176286294893524
2022-04-13,6.367911,0.923702,76.18511,14.485498,14.59375577,125.863662,0.769259,4.659985221,1.348882,-0.0005364657828845765,0.003232231956086906,0.0001951943384923549,-0.0073380449062500075,-0.006551122825650624,0.003012128483215193,0.0011296332205867898,-0.006515007007558915,0.003507748665158461
2022-04-14,6.372495,0.919287,76.129803,14.647086,14.62088619,125.317154,0.762162,4.709137709,1.343262,0.0007198593070787407,-0.0047796800266752815,-0.0007259555049536903,0.01115515669533762,0.0018590430337179775,-0.004342063398727447,-0.00922576141455611,0.010547777657855306,-0.004166413370480071
2022-04-19,6.387855,0.925669,76.46376,14.84782,14.66407479,128.112561,0.767889,4.652503934,1.357308,0.0024103588939654585,0.006942336832784557,0.004386678893678386,0.013704705495687142,0.0029538975571494763,0.022306658831399817,0.0075141505349256565,-0.01202635779619754,0.010456634669930409
2022-04-20,6.412558,0.923361,76.301754,15.052539,14.67146814,127.913204,0.766066,4.661218837,1.346353,0.003867182332723429,-0.0024933318497216694,-0.002118729186218249,0.013787815315648988,0.0005041811437733745,-0.0015561081477405425,-0.002374041039785668,0.0018731640260014615,-0.008071123134911207
2022-04-21,6.450629,0.918527,76.205566,15.247176,14.69486544,128.23551,0.767181,4.622393681,1.345917,0.005936944352004314,-0.005235222193703204,-0.0012606263284589136,0.012930509597085305,0.0015947483766951542,0.0025197242342551718,0.0014554881694266442,-0.008329399961188644,-0.0003238378047955015
2022-04-22,6.501988,0.924471,76.448461,15.591384,14.74031617,128.344273,0.775862,4.707959693,1.369696,0.007961859223340806,0.00647123056807275,0.003187365605289205,0.022575196875801895,0.0030929667362780133,0.0008481504070128043,0.01131545228570574,0.018511190933760746,0.017667508471919113
2022-04-25,6.551089,0.930579,76.606179,15.684813,14.7627024,128.168621,0.784757,4.834636144,1.393263,0.007551690344553164,0.0066070217454090585,0.002063063113853847,0.005992348081478971,0.0015187075868536848,-0.0013686002179464918,0.011464667685748164,0.026906868210521795,0.017206007756465524
2022-04-26,6.542721,0.936856,76.565955,15.719224,14.79707701,127.552932,0.788224,4.91755668,1.38917,-0.001277344881133513,0.006745262895466064,-0.0005250751378683693,0.0021939056589326267,0.0023284767970395137,-0.004803742095344843,0.0044179280974874224,0.017151349870022425,-0.0029377080996193516
2022-04-27,6.555514,0.944912,76.60446,15.912879,14.82160068,128.101672,0.795757,5.012283851,1.401115,0.0019553026943988083,0.008598973588256786,0.0005028997548583991,0.012319628500745416,0.0016573320516899415,0.004302057125586289,0.009556927979863516,0.01926305626232261,0.008598659631290584
2022-04-28,6.617167,0.953743,76.649499,15.972532,14.81754888,130.786838,0.804483,5.003814974,1.412876,0.00940475453183387,0.00934584384577608,0.0005879422686356772,0.003748724539412329,-0.0002733712834044333,0.020961209624180244,0.010965659114528625,-0.001689624381171262,0.008394029041156381
2022-04-29,6.58833,0.948767,76.506641,15.794402,14.83728653,129.990512,0.796091,4.896394687,1.394592,-0.004357907243386805,-0.005217338423453732,-0.0018637825669285402,-0.011152270660656605,0.0013320455467935588,-0.006088731956345628,-0.010431544233998724,-0.021467677673567054,-0.012940979958609211
2022-05-02,6.608514,0.950209,76.488978,15.904884,14.88949069,129.827062,0.79637,4.986697073,1.417047,0.0030635988179099627,0.0015198673646954486,-0.00023086884705858512,0.006995010004177349,0.0035184438808570917,-0.001257399463123754,0.000350462447132438,0.018442628050339582,0.016101483444620257
2022-05-03,6.608469,0.947329,76.583933,15.943823,14.86746874,129.840849,0.796987,5.034388026,1.404415,-6.809397695151098e-06,-0.003030912146696152,0.0012414206920112747,0.0024482416847555477,-0.001479026412554929,0.00010619511670051374,0.0007747654984491259,0.00956363546889949,-0.008914312651591594
2022-05-04,6.608489,0.949577,76.34935,15.80942,14.79147279,129.940177,0.799487,4.975785775,1.403475,3.026419583607165e-06,0.0023729876315408127,-0.0030630837410766665,-0.008429785002003642,-0.005111559427432133,0.000764998078532475,0.0031368140258247745,-0.01164039217822499,-0.0006693178298436964
2022-05-05,6.618471,0.946253,76.285484,15.694739,14.86099546,129.806964,0.806113,4.938682816,1.388058,0.0015104814428836821,-0.0035005060147834666,-0.0008364969708322123,-0.007253966306164261,0.004700185775077248,-0.0010251871520846612,0.008287814561087403,-0.007456703459063241,-0.01098487682359861
2022-05-06,6.670388,0.946074,76.913907,16.046736,14.95534532,130.463576,0.810076,5.031504257,1.408515,0.00784425889302831,-0.00018916716776595788,0.008237779549252089,0.022427706507256895,0.006348825033555272,0.005058372677139156,0.004916184207425012,0.018794776756928755,0.014737856775437264
2022-05-09,6.713325,0.947059,77.414054,16.226158,15.0526565,130.7889,0.807226,5.144521261,1.425135,0.006436956890663703,0.0010411447730305223,0.006502686178716743,0.01118121467194344,0.0065067825528484224,0.0024936002060838014,-0.003518188416889334,0.022461871883098894,0.011799661345459622
2022-05-10,6.72418,0.947508,77.262175,16.112374,15.24379382,130.168656,0.81102,5.138525677,1.436612,0.0016169334867595087,0.0004740992905405417,-0.001961904746649701,-0.00701238087290923,0.012697912823560475,-0.004742329050859917,0.004700046827034843,-0.0011654308915880485,0.008053272146147483
2022-05-11,6.717805,0.947598,77.223065,16.040462,15.33696579,129.887236,0.809182,5.103667204,1.426609,-0.000948070991555805,9.49860053951479e-05,-0.0005061985376414446,-0.004463153598594283,0.006112124783382855,-0.002161964397942251,-0.002266281965919492,-0.006783749890756807,-0.006962909957594632
2022-05-12,6.791987,0.960799,77.504804,16.21887,15.38547271,128.602998,0.819495,5.20378555,1.45686,0.011042595014294054,0.013931012940086251,0.00364837888783609,0.011122372909209144,0.0031627455302551954,-0.009887330268541494,0.01274496961128646,0.01961694248432444,0.021204829073698583
2022-05-13,6.789889,0.962927,77.449687,16.156861,15.47298989,128.945595,0.819596,5.123158402,1.450843,-0.00030889340630368967,0.002214823287701284,-0.0007111430150832376,-0.003823262656399651,0.0056882997129568125,0.002663989217420726,0.0001232466335976401,-0.015493941328923566,-0.004130115453784167
2022-05-16,6.791979,0.959509,77.797927,16.234408,15.65160238,129.543274,0.816014,5.068029169,1.444732,0.00030781062842133444,-0.0035495941021490562,0.004496338377713682,0.004799632799960207,0.01154350201672627,0.004635125379816252,-0.00437044592701763,-0.01076079025362131,-0.004212033969216655
2022-05-17,6.726022,0.948677,77.460867,15.979509,15.75059292,129.323594,0.800683,4.992031117,1.422351,-0.009711013535230295,-0.011289107241307716,-0.004332506186186746,-0.01570115768927316,0.006324626552390189,-0.0016958039828449678,-0.018787667858639612,-0.014995582990102618,-0.015491454470448529
2022-05-18,6.744465,0.950299,77.587665,15.899743,15.94706833,129.012639,0.804618,4.939085812,1.423548,0.002742036823548899,0.0017097494721596274,0.0016369297802980576,-0.004991767894745647,0.012474159607700708,-0.002404472303793259,0.004914554199352272,-0.010605964538101254,0.0008415644239714304
2022-05-19,6.748504,0.950119,77.635629,15.991924,15.96551069,127.752969,0.805017,4.949548694,1.428599,0.0005988614367484768,-0.00018941406862471588,0.000618191048796124,0.005797640880107258,0.0011564733792044368,-0.00976392708314422,0.0004958874894669396,0.0021183843322947205,0.0035481768089309362
2022-05-20,6.678453,0.945448,77.679588,15.801361,15.90252435,127.956888,0.801929,4.915287889,1.416281,-0.01038022649167869,-0.004916226283234071,0.0005662219855266937,-0.011916202203061999,-0.003945150344576875,0.0015961977368996738,-0.0038359438372108645,-0.006922005847024404,-0.008622433587031852
2022-05-23,6.646965,0.938174,77.567783,15.708509,15.82437377,127.638615,0.795412,4.843137255,1.405573,-0.004714864355562676,-0.007693707110279946,-0.0014393098995323372,-0.005876202689122811,-0.0049143505949105215,-0.0024873455815836998,-0.008126654604085903,-0.014678821592824076,-0.00756064651012045
2022-05-24,6.665019,0.932836,77.597948,15.654291,16.09813433,127.322761,0.799907,4.831436567,1.413433,0.002716126833825605,-0.0056897760969713,0.00038888567950934316,-0.0034515051683134956,0.017299930093853,-0.0024745959520166005,0.005651159399154171,-0.002415931530315496,0.005592025458656336
2022-05-25,6.694257,0.938438,77.577515,15.730856,16.32451201,127.008258,0.800441,4.855105105,1.419482,0.004386784193713522,0.006005342846974182,-0.0002633188186883517,0.004890991230455555,0.014062355013284344,-0.0024701239395837904,0.000667577605896641,0.004898861378344943,0.0042796510340425975
2022-05-26,6.733103,0.934842,77.597925,15.827989,16.41469571,127.091708,0.795298,4.836963635,1.412546,0.005802884472466463,-0.0038318993902634046,0.00026309169609262106,0.006174679877560374,0.005524434662718125,0.000657043890799569,-0.006425208104032687,-0.0037365761621342974,-0.00488628950560821
2022-05-27,6.699403,0.932662,77.589536,15.618355,16.39806006,126.88864,0.791597,4.752751352,1.398526,-0.005005121709856453,-0.0023319448634100404,-0.00010810856089271681,-0.013244512616226944,-0.0010134607606443469,-0.0015978068372486387,-0.0046536015430693745,-0.017410154252689658,-0.00992534048448701
2022-05-30,6.664344,0.929023,77.550167,15.466369,16.3894463,127.508361,0.791063,4.703548867,1.391862,-0.005233152864516533,-0.003901735033699172,-0.0005074008948834363,-0.009731242502811543,-0.0005252914045004164,0.004883975429163634,-0.0006745856793293203,-0.010352421440960602,-0.004765016882060102
2022-05-31,6.664986,0.933445,77.69159,15.630542,16.41155605,128.218053,0.794717,4.75730421,1.393914,9.633356261318227e-05,0.00475983909978539,0.00182363243653616,0.010614837910565722,0.00134902360917466,0.005565846776118599,0.004619101133538139,0.01142867747737153,0.0014742840885089148
2022-06-01,6.682786,0.933532,77.530807,15.505041,16.45098954,129.462285,0.794978,4.727968633,1.387323,0.002670673276733204,9.32031346250195e-05,-0.0020695032757086507,-0.008029216133388029,0.002402788003761369,0.00970403130361075,0.00032841879562162113,-0.0061664286547696845,-0.004728412226292278
2022-06-02,6.673214,0.935279,77.555181,15.539001,16.47727273,129.741863,0.796811,4.801253273,1.386925,-0.0014323367529650577,0.0018713873761155853,0.00031437825740687764,0.002190255414352027,0.0015976662033669875,0.0021595324074497046,0.002305724183562452,0.015500238197117655,-0.00028688344387006737
2022-06-03,6.660298,0.931966,77.607642,15.484902,16.53122088,130.093197,0.796086,4.812954334,1.379776,-0.001935499146288433,-0.003542258513235086,0.0006764344989407256,-0.0034814979418561487,0.003274094620147716,0.0027079463164485507,-0.0009098769971801479,0.002437084722399563,-0.005154568559943784
2022-06-06,6.64022,0.932314,77.610479,15.303189,16.59146,130.673131,0.796336,4.753496178,1.38374,-0.00301457982810982,0.00037340417998077413,3.655567836990947e-05,-0.011734849855685292,0.0036439607478042646,0.0044578349473569645,0.0003140364232006032,-0.012353775222833763,0.0028729300987986317
2022-06-07,6.672857,0.93791,77.727443,15.387263,16.76064528,132.864378,0.800647,4.807353217,1.395986,0.004915047995397659,0.006002269621608214,0.0015070645292627471,0.005493887581209389,0.010197130330904969,0.01676891785810186,0.005413544031664941,0.011329984706679674,0.008849928454767397
2022-06-08,6.684514,0.931185,77.673899,15.329733,17.18316417,134.016203,0.796862,4.883788062,1.389049,0.0017469278901076635,-0.007170197566930714,-0.000688868666372966,-0.0037388065700834083,0.025208987061147603,0.008669178430956048,-0.004727426693661552,0.015899569170350736,-0.004969247542597088
2022-06-09,6.676161,0.930839,77.749232,15.278042,17.23019641,133.975612,0.797291,4.887461603,1.394862,-0.0012496046833023744,-0.00037156955921757717,0.0009698624759393315,-0.0033719439210063706,0.002737111717882268,-0.0003028812866753272,0.0005383617238619021,0.0007521909127432558,0.004184877567314116
2022-06-10,6.699565,0.945358,77.836548,15.61817,17.02741539,133.947816,0.804008,4.889204008,1.403384,0.0035056074890944533,0.015597756432637722,0.0011230464630183068,0.02226253861587768,-0.011768932586416203,-0.0002074705954694389,0.008424778405876854,0.0003565051025526955,0.006109564960548042
2022-06-13,6.736872,0.95648,78.054519,16.075562,17.26398852,134.395026,0.821138,5.048780488,1.434529,0.005568570496741199,0.011764855218869386,0.002800368279436194,0.029285889447995705,0.013893660580979184,0.003338688254536537,0.021305758151660248,0.032638539880702755,0.022192785438625462
2022-06-14,6.737179,0.956755,78.031956,16.069556,17.27898967,134.538844,0.828339,5.102277076,1.45178,4.5570110282611154e-05,0.00028751254600201115,-0.0002890671839257397,-0.0003736105773473053,0.000868927246019835,0.0010701140085349614,0.008769536910969933,0.01059594255031504,0.012025549849462802
2022-06-15,6.712012,0.958681,78.146103,16.020612,17.30083405,134.685073,0.82761,5.096730898,1.442911,-0.0037355397563283432,0.0020130545437442304,0.0014628237692773105,-0.0030457593227839475,0.0012642162775249322,0.001086890563739118,-0.000880074462267344,-0.0010870005523785364,-0.006109052335753318
2022-06-16,6.715769,0.961538,78.071635,15.966538,17.31980769,132.923077,0.822596,5.05375,1.436442,0.0005597427418186918,0.002980136249701504,-0.0009529329952639998,-0.003375276799662874,0.001096689324062039,-0.013082340609489651,-0.006058409154070077,-0.00843303263605022,-0.004483297999668734
2022-06-17,6.70494,0.953652,78.076483,15.93868,17.30831585,134.665268,0.815373,5.132939157,1.434198,-0.0016124735678073598,-0.008201443936693087,6.209681659674615e-05,-0.0017447739766754955,-0.0006635085219010017,0.013106760987785293,-0.008780738053673964,0.01566938550581254,-0.0015621932524946258
2022-06-20,6.68879,0.950841,77.963298,16.031473,17.32804032,134.962442,0.815328,5.145668917,1.432062,-0.0024086718151093978,-0.0029476161115375987,-0.0014496682695095409,0.005821874835306273,0.001139594988382342,0.0022067605434834547,-5.5189465434812846e-05,0.002480013810925552,-0.0014893341086796852
2022-06-21,6.699526,0.947867,78.126066,15.912891,17.35061611,136.255924,0.815261,5.158293839,1.438578,0.0016050735633799107,-0.0031277574273722575,0.0020877515981942985,-0.007396824982956796,0.0013028472685363557,0.009584014491972326,-8.217551709255311e-05,0.0024535045304392433,0.004550082328837801
2022-06-22,6.710769,0.95048,78.32668,15.966638,17.35101226,136.023192,0.81632,5.165763711,1.449862,0.0016781784263544264,0.002756715868365456,0.0025678241625528564,0.0033775760796701526,2.2832042245068962e-05,-0.0017080505064865914,0.0012989705137373964,0.0014481284380358783,0.007843856919819592
2022-06-23,6.70609,0.953016,78.28924,16.026875,17.36386162,135.433146,0.81786,5.195368341,1.449728,-0.0006972375297078504,0.002668125578654923,-0.0004779980461318001,0.0037726790073151495,0.0007405539116367432,-0.004337833801165369,0.0018865150921207885,0.005730929956583086,-9.242258918440438e-05
2022-06-24,6.696883,0.950209,78.2958,15.881509,17.37514253,135.110224,0.815023,5.211991638,1.448879,-0.0013729311715172665,-0.0029453860166041013,8.37918467466725e-05,-0.009070139999220128,0.000649677488042455,-0.0023843646074647173,-0.003468808842589155,0.0031996378137069126,-0.000585627096944985
2022-06-27,6.690976,0.945895,78.445422,15.887911,16.53367386,135.499432,0.815361,5.2446084,1.445138,-0.0008820521427654882,-0.004540053819738543,0.0019109837309279065,0.0004031103089763288,-0.048429454235964786,0.002880670229663984,0.00041471222284528153,0.006258022703297339,-0.0025819961501271083
2022-06-28,6.701543,0.94688,78.97737,16.00909,16.65476754,136.038254,0.817631,5.237004072,1.440205,0.001579291272304717,0.0010413417979797668,0.0067811222941729365,0.00762711976420305,0.007324063666996894,0.003976562794742788,0.0027840428963366026,-0.0014499324677891279,-0.003413514833877529
2022-06-29,6.692213,0.950841,78.955025,16.097271,16.63953599,136.47428,0.822107,5.245126937,1.450604,-0.001392216688007597,0.004183212233862754,-0.00028292914793170976,0.005508183163440261,-0.0009145459378776533,0.003205171980522392,0.005474352122167625,0.0015510518778147908,0.007220499859394991
2022-06-30,6.702994,0.962742,79.053625,16.380379,16.676615,136.266487,0.826225,5.220852989,1.453644,0.0016109768173846462,0.012516288212224724,0.0012488122193614615,0.017587328932960222,0.0022283680279477913,-0.0015225799322772238,0.005009080326526805,-0.0046279047755294345,0.0020956787655348474
2022-07-01,6.702158,0.959233,79.016499,16.433861,16.74896882,135.29976,0.831156,5.287002398,1.475492,-0.00012472038614397274,-0.0036447978793903157,-0.0004696305830378389,0.0032650038195085607,0.0043386394661026895,-0.007094385576990936,0.005968107960906632,0.01267023015958757,0.015029814727677504
2022-07-04,6.693161,0.95648,78.916021,16.286466,16.83347681,135.351506,0.82219,5.324055476,1.454328,-0.0013424034467703905,-0.002870001344824513,-0.0012716078448374857,-0.008968981787055408,0.005045563754294324,0.0003824544847677025,-0.010787385280260353,0.0070083338744117984,-0.01434369010472436
2022-07-05,6.708358,0.971817,79.371234,16.437609,17.01156463,135.830904,0.834257,5.358697765,1.475219,0.002270526586765076,0.016034836065573765,0.005768321745466709,0.009280282168028231,0.0105793842834776,0.003541874148042412,0.014676656247339492,0.006506748315482813,0.01436471002414863
2022-07-06,6.710131,0.982608,79.131473,16.728505,17.24525892,135.314926,0.841859,5.415741378,1.47008,0.0002642971648203485,0.011103942408910328,-0.003020754345333776,0.017696977705212502,0.013737377782869098,-0.003798678981036474,0.009112299926761214,0.010645051372849768,-0.003483550577914163
2022-07-07,6.702358,0.982318,79.174853,16.735953,17.24469548,135.667976,0.836002,5.40108055,1.461984,-0.0011583976527431705,-0.0002951329523065427,0.0005482015986231215,0.00044522807029090394,-3.267216819502483e-05,0.002609098718348246,-0.006957222052624057,-0.002707076829694288,-0.005507183282542516
2022-07-08,6.700285,0.983961,79.236446,16.916462,17.32027945,135.835875,0.832284,5.347338384,1.463249,-0.00030929413200553313,0.0016725744616306049,0.0007779363985684906,0.010785701895792865,0.004383027238008319,0.0012375728226385885,-0.004447357781440675,-0.009950261897130774,0.000865262547332879
2022-07-11,6.713508,0.990295,79.464745,16.996831,17.37443058,137.423252,0.837195,5.315210933,1.47653,0.001973498142243235,0.006437247004708491,0.0028812372528670416,0.004750934326575029,0.00312645821658486,0.011685992378670296,0.005900630073388369,-0.006008120057658939,0.009076377294636728
2022-07-12,6.723561,0.995818,79.562338,17.079167,17.3662617,136.73571,0.844682,5.378311093,1.483768,0.0014974287660043384,0.005577126007906719,0.001228129530900901,0.004844197132983341,-0.0004701667753879146,-0.005003098020122332,0.00894295833109382,0.011871619169097514,0.004902033822543395
2022-07-13,6.727128,0.993345,79.595212,16.939207,17.44601172,137.10142,0.838095,5.417006059,1.470349,0.0005305224419025478,-0.0024833855182372355,0.0004131854446007832,-0.008194779054505497,0.004592238754527189,0.002674575646698152,-0.007798200979777015,0.00719463142441934,-0.009043866696141212
2022-07-14,6.758421,0.9995,80.035182,17.193403,17.48525737,138.970515,0.845177,5.455872064,1.488556,0.004651762237911861,0.006196235950248985,0.005527593795465968,0.015006369542564846,0.002249548528905798,0.013632936843396726,0.008450116036964772,0.007174812908954831,0.012382774429744225
2022-07-15,6.754449,0.994135,79.844915,17.186102,17.44219107,138.671836,0.844895,5.411472313,1.479869,-0.0005877112420193953,-0.005367683841920989,-0.002377292026399136,-0.0004246396132282504,-0.002463006353792041,-0.0021492256828723466,-0.00033365792017525653,-0.008137975098970407,-0.00583585703191547
2022-07-18,6.738328,0.987069,79.986181,17.158227,17.49333728,138.347646,0.836127,5.380021716,1.464712,-0.0023867231805289046,-0.007107686581802275,0.0017692548110295192,-0.001621950108291137,0.002932327125344303,-0.002337821502558124,-0.010377620887802586,-0.005811837367151629,-0.010242122782489593
2022-07-19,6.74124,0.976086,79.939483,17.039531,17.58711567,137.637872,0.832631,5.412786725,1.451342,0.00043215468288271275,-0.01112688170735776,-0.0005838258486176029,-0.006917731068600497,0.005360806145732866,-0.005130365571959228,-0.004181183002103683,0.006090125789373291,-0.009128074324508906
2022-07-20,6.75478,0.980488,80.006863,17.053044,17.59427395,138.170409,0.83516,5.434552407,1.447887,0.002008532554841569,0.00450984851744618,0.0008428876128707685,0.0007930382590928264,0.0004070184181601544,0.0038691167791378156,0.0030373598869126717,0.004021160098451881,-0.00238055537564541
2022-07-21,6.769291,0.980488,79.861751,17.177664,17.68085106,138.699873,0.838759,5.468869497,1.455829,0.00214825649391992,0.0,-0.0018137444034019845,0.007307786222799928,0.004920754914129244,0.0038319637600550127,0.004309353896259527,0.006314612028728961,0.005485234690276286
2022-07-22,6.75682,0.981354,79.866536,16.880177,17.75662414,136.908734,0.835535,5.478017664,1.440334,-0.00184229042598405,0.0008832336550776976,5.9916041660557084e-05,-0.017318245367938245,0.004285601396836869,-0.012913775342822342,-0.0038437739565239104,0.001672771128478745,-0.010643420346757804
2022-07-25,6.750098,0.976944,79.784584,16.754787,17.84417741,136.615866,0.828576,5.468542399,1.436792,-0.0009948466882350182,-0.004493791231298672,-0.001026111862420076,-0.007428239644643453,0.004930738484393071,-0.002139147674829811,-0.00832879532275732,-0.001729688654030559,-0.002459151835615847
2022-07-26,6.76126,0.987752,79.81529,16.877716,17.84917029,136.655472,0.835223,5.377024891,1.442612,0.0016536056217257844,0.011063070145269194,0.0003848613160659653,0.0073369479421014905,0.000279804436219111,0.00028990776225068515,0.0080221971189125,-0.016735265327143867,0.004050690705404758
2022-07-27,6.750788,0.985028,79.920213,16.878152,17.91361308,136.810481,0.828783,5.322990544,1.44011,-0.0015488237399537974,-0.0027577772558293745,0.0013145726840058103,2.583287928303868e-05,0.0036104081564007906,0.0011343051085432876,-0.007710515634746673,-0.010049116025191207,-0.0017343540744150232
2022-07-28,6.750148,0.987947,79.681387,16.796187,17.92303893,135.605612,0.825785,5.265757755,1.435981,-9.480374735504338e-05,0.0029633675387907843,-0.0029883053489860867,-0.004856278104380163,0.0005261836324088609,-0.008806847188849498,-0.0036173521898977823,-0.010751998998854373,-0.0028671420933124026
2022-07-29,6.737105,0.980584,79.31163,16.535301,17.89292018,133.771328,0.823593,5.171504217,1.436164,-0.0019322539298398667,-0.007452828947301815,-0.004640443821591678,-0.015532453883729591,-0.0016804488411609197,-0.013526608323555234,-0.002654443953329255,-0.017899330425996784,0.00012743901207601382
2022-08-01,6.753152,0.977231,79.090687,16.477377,17.92973712,132.297469,0.817942,5.152252516,1.420405,0.0023818836132136756,-0.003419390893590002,-0.0027857579020881262,-0.0035030508365103685,0.0020576261241667115,-0.011017749633165042,-0.006861398773423399,-0.0037226501598345285,-0.010972980801635557
2022-08-02,6.76027,0.978091,78.564456,16.609937,17.95422535,130.966354,0.81832,5.200997653,1.442195,0.0010540263272618144,0.0008800375755579903,-0.006653514085672274,0.008044969778866928,0.001365788568795434,-0.010061530353237647,0.00046213545703732706,0.009460937104426748,0.015340695083444489
2022-08-03,6.752011,0.980969,79.153914,16.802335,17.96272317,133.588385,0.820375,5.252795762,1.440161,-0.0012216967665492628,0.0029424664985158167,0.007502858544581548,0.011583307028798506,0.0004733047421618952,0.020020645913377155,0.0025112425457032295,0.009959264059679507,-0.0014103501953618425
2022-08-04,6.754641,0.982222,79.335527,16.732345,17.96699735,133.395541,0.827335,5.266083882,1.434731,0.00038951358343464193,0.0012773084572499371,0.00229442854841011,-0.004165492474706656,0.0002379472176656794,-0.0014435686156395455,0.00848392503428319,0.0025297233325023427,-0.0037704117803495363
2022-08-05,6.749536,0.977231,79.201505,16.64634,17.96667644,133.118343,0.823493,5.213329424,1.437799,-0.0007557766578565328,-0.0050813359912526,-0.0016893062297298478,-0.005140044626141815,-1.7861081278547353e-05,-0.0020780154862897193,-0.004643826261429784,-0.010017777760874647,0.00213837994718169
2022-08-08,6.758604,0.980488,79.582312,16.638298,17.96009413,134.934798,0.825228,5.135797627,1.432199,0.0013434997605761279,0.0033328864925488144,0.004808077826298884,-0.00048310919998029167,-0.00036636213837215603,0.01364541474197889,0.0021068788684299733,-0.014871839221031524,-0.0038948420467673772
2022-08-09,6.752589,0.977135,79.544655,16.660152,17.91498925,135.098691,0.825875,5.127809263,1.435118,-0.0008899766874933546,-0.003419725687616837,-0.00047318303594889866,0.0013134756932471348,-0.002511394409935641,0.001214608851306087,0.0007840257480358215,-0.0015554281107190704,0.0020381245902278966
2022-08-10,6.752048,0.975419,79.46547,16.463909,17.95737417,134.763948,0.825283,5.121927429,1.432111,-8.011741866709166e-05,-0.0017561544720022804,-0.000995478577410558,-0.011779184247538654,0.0023658914559494537,-0.0024777664204015393,-0.0007168154987134967,-0.0011470461747553617,-0.002095298086986608
2022-08-11,6.739021,0.967305,79.594216,16.162024,17.96034049,132.104856,0.818098,5.073224995,1.405688,-0.0019293405497117222,-0.008318476470111857,0.0016201502363228926,-0.01833616791735193,0.00016518673453691513,-0.019731478926396484,-0.008706104451442709,-0.00950861461336805,-0.018450385479896414
2022-08-12,6.743024,0.97229,79.721439,16.268158,17.9614001,133.660671,0.823675,5.153816237,1.409431,0.0005940031942324175,0.0051534934689678735,0.0015983950391571522,0.006566875534895988,5.899721113800105e-05,0.011777121955304892,0.006817031700358633,0.015885603748981625,0.0026627530433496194
2022-08-15,6.772928,0.980873,79.510544,16.417361,17.96400196,133.016184,0.827612,5.126826876,1.423051,0.004434805511592366,0.00882761316068259,-0.002645398811729982,0.009171474729960272,0.00014485841780231823,-0.004821814787986489,0.004779797857164425,-0.005236772084778574,0.00966347412537405
2022-08-16,6.78778,0.987069,79.335209,16.440233,17.96407067,134.350015,0.83129,5.116474188,1.427598,0.002192847760968286,0.006316821851554577,-0.002205179227549814,0.0013931593512501728,3.82487154881872e-06,0.010027584312597648,0.004444111491858527,-0.002019316869946164,0.003195247394506495
2022-08-17,6.7805,0.983865,79.452479,16.63961,17.9622196,135.143644,0.828493,5.19854388,1.441854,-0.0010725156089325116,-0.003245973685730208,0.0014781583294245504,0.012127382866167435,-0.00010304290347129541,0.005907174628897449,-0.0033646501220992997,0.016040282621279323,0.009986004463441445
2022-08-18,6.785223,0.982511,79.624681,16.703085,18.08754176,134.771075,0.829151,5.141088623,1.436137,0.0006965563011578357,-0.0013762050687847749,0.002167358428174282,0.003814692772246442,0.006976986296281629,-0.0027568370141033416,0.000794213107413011,-0.01105218275083597,-0.003965033907732618
2022-08-19,6.816292,0.994629,79.867515,17.008852,18.10503282,136.930575,0.844818,5.205291426,1.450567,0.004578920987563739,0.012333704151912706,0.0030497327832308407,0.018306019516753924,0.0009670225082041295,0.016023467943696357,0.01889523138728655,0.0124881727797439,0.010047787919954754
2022-08-22,6.845015,0.9999,79.853515,17.074893,18.1249875,137.066293,0.846495,5.174682532,1.447655,0.0042138746403470595,0.005299463418018124,-0.00017529029167862031,0.0038827429387944257,0.001102162045127919,0.0009911446001011903,0.0019850429323238217,-0.005880342039469744,-0.0020074908639173827
2022-08-23,6.84517,1.007354,79.863504,17.081495,18.11524126,137.342601,0.849632,5.135892012,1.454317,2.2644216265410577e-05,0.007454745474547497,0.00012509155044715392,0.0003866495678772619,-0.000537723957050873,0.0020158712543572044,0.0037058694971618955,-0.007496212523207202,0.004601925182450284
2022-08-24,6.867324,1.006644,79.827461,17.009865,18.1560298,136.641836,0.84843,5.094221864,1.44846,0.003236442630351055,-0.0007048167774188485,-0.00045130752089217463,-0.004193426863398075,0.002251614505961008,-0.005102313447522322,-0.0014147301419908942,-0.008113517165594275,-0.004027320040953963
2022-08-25,6.852257,1.003009,79.895186,16.840822,18.1664995,136.479438,0.845466,5.103209629,1.434905,-0.0021940132721275374,-0.00361100845979323,0.0008483922594004767,-0.009937938954836079,0.0005766513998561873,-0.0011884939836436237,-0.003493511544853445,0.0017643057644418647,-0.009358214931720621
2022-08-26,6.862296,0.9993,79.846607,16.787749,18.1795743,136.924153,0.845308,5.103327671,1.432297,0.0014650647224703217,-0.003697873099842597,-0.0006080341311176518,-0.0031514494957548544,0.0007197203842159716,0.003258476196245752,-0.0001868791885186738,2.3130932997217357e-05,-0.0018175419278629867
2022-08-29,6.91408,1.001402,79.941418,16.912778,18.18596034,138.684158,0.855398,5.073402764,1.454937,0.007546162392295663,0.002103472430701414,0.001187414262950437,0.0074476333902775416,0.00035127555214553574,0.012853868082718822,0.01193647759159977,-0.00586380278304488,0.015806777504944858
2022-08-30,6.899841,0.996612,79.532091,16.799581,18.17719753,138.239984,0.853548,5.011560694,1.442296,-0.002059420776155285,-0.00478329382206133,-0.005120336994772878,-0.0066929868055974895,-0.0004818447767493961,-0.003202773888564825,-0.0021627359428009196,-0.012189465902218699,-0.008688348705132909
2022-08-31,6.8947,1.0,79.5465,17.0667,18.1849,138.72,0.86035,5.1482,1.4591,-0.000745089633224838,0.0033995175655119336,0.00018117215100010853,0.015900337038167844,0.0004237435384242261,0.003472338364854055,0.007969089026041765,0.027264821149145968,0.011650867783034924
2022-09-01,6.89894,0.9996,79.587665,17.145542,18.20761695,139.284286,0.864384,5.221811275,1.464514,0.000614965118134192,-0.00039999999999995595,0.0005174960557661201,0.004619639414766619,0.0012492205071239493,0.004067805651672529,0.0046887894461558055,0.014298448972456468,0.00371050647659521
2022-09-02,6.907936,1.0007,79.865506,17.291204,18.21995397,140.458321,0.865386,5.218953267,1.468128,0.0013039684357307735,0.0011004401760703608,0.003491005798448743,0.00849561944440147,0.0006775746674525518,0.00842905566533192,0.0011592070191026593,-0.000547321197471029,0.0024677128385253155
2022-09-05,6.932258,1.008065,79.872177,17.225806,18.225,140.594758,0.870544,5.182157258,1.473387,0.0035208780162410136,0.007359848106325728,8.352792505927908e-05,-0.003782154209735933,0.0002769507545579142,0.0009713700051989793,0.005960346019001861,-0.007050457652622577,0.0035821127313149237
2022-09-06,6.959206,1.007252,79.805097,17.204371,18.22502015,141.93191,0.863648,5.167203868,1.475725,0.0038873336797331515,-0.0008064956128820411,-0.0008398418888718728,-0.001244353965207834,1.1056241424611812e-06,0.009510681756712325,-0.007921483578084532,-0.002885553111479977,0.0015868200275961364
2022-09-07,6.977036,1.011634,79.947395,17.458978,18.235913,144.865959,0.875164,5.248457258,1.491958,0.002562073891762884,0.004350450532736527,0.0017830690688840356,0.014798971726429189,0.0005976865819816712,0.020672229380975793,0.013334136129534269,0.01572482760031879,0.011000016940825752
2022-09-08,6.950145,0.999101,79.665801,17.364072,18.23818563,143.520831,0.865781,5.199520432,1.481067,-0.003854215457681498,-0.012388867910726464,-0.003522241093659173,-0.005435942470401134,0.00012462386720102359,-0.009285328377248492,-0.010721419071168414,-0.009324040112055343,-0.007299803345670597
2022-09-09,6.92039,0.995124,79.578565,17.290576,18.23882973,142.601254,0.864365,5.183301821,1.46323,-0.00428120564391099,-0.003980578540107582,-0.0010950244509561058,-0.004232647733780293,3.531601295581055e-05,-0.006407271986879515,-0.0016355175269495703,-0.003119251325599981,-0.012043344426686864
2022-09-12,6.927425,0.984737,79.460364,17.057607,18.24047267,142.284589,0.854535,5.114032496,1.452388,0.0010165612053656403,-0.010437895176882539,-0.0014853371633428702,-0.013473755877190019,9.007924435522341e-05,-0.0022206326460495474,-0.011372510455652463,-0.013363938159911326,-0.007409634848930091
2022-09-13,6.925504,0.982801,79.16,17.013464,18.24471744,142.014742,0.853002,5.087371007,1.448256,-0.0002773036157014408,-0.0019660071673959223,-0.003780048125629043,-0.0025878776548200477,0.00023271162303717396,-0.0018965300592040935,-0.0017939581175727692,-0.005213398432812877,-0.002844969801457986
2022-09-14,6.961962,1.001001,79.501502,17.451652,18.25795796,143.223223,0.865846,5.187887888,1.488789,0.005264310005452355,0.018518499675926225,0.004314072764022292,0.025755366455649575,0.0007257180081601255,0.00850954614275179,0.015057409009592071,0.01975811885189671,0.027987455256529126
2022-09-15,6.990793,1.000801,79.775721,17.542334,18.26230985,143.544836,0.870036,5.18785028,1.486489,0.004141217662492203,-0.00019980000019981237,0.0034492304308917365,0.005196184292467043,0.00023835579036468602,0.002245536675291815,0.0048391977326223135,-7.2491928915230375e-06,-0.00154487976469464
2022-09-16,7.01095,1.004621,79.727245,17.681736,18.27637131,143.188668,0.878039,5.252059474,1.496283,0.002883363875886502,0.0038169426289540453,-0.0006076535491293944,0.007946605052668643,0.0007699716035645121,-0.002481231717733068,0.009198469948370036,0.012376840219837648,0.006588679768232408
2022-09-19,7.013614,1.001001,79.732733,17.744444,18.29209209,143.563564,0.878729,5.293893894,1.496496,0.0003799770359222965,-0.0036033489246193318,6.883468756502253e-05,0.0035464843497268195,0.0008601696547607673,0.0026181960153439654,0.0007858420867410398,0.007965336304186721,0.00014235275011476034
2022-09-20,7.012818,1.001402,79.72111,17.750951,18.30893251,143.540957,0.875175,5.221209694,1.491388,-0.00011349355695922103,0.00040059900040056995,-0.00014577450894603938,0.00036670633354307647,0.0009206393624712206,-0.00015747031746871087,-0.004044477876569363,-0.013729818061215648,-0.003413306818060402
2022-09-21,7.048355,1.009489,79.906622,17.653846,18.32121946,144.013729,0.881637,5.140722794,1.499192,0.005067435088148553,0.008075677899584965,0.0023270122555996142,-0.005470411134592124,0.0006710904632634129,0.0032936383446295903,0.007383666123917942,-0.015415373968314605,0.0052327093955431
2022-09-22,7.062323,1.011736,80.834682,17.555038,18.36898017,140.813436,0.8828,5.127175233,1.501416,0.001981739001511773,0.0022258786376077033,0.011614306508914929,-0.005596967369036809,0.002606852131446624,-0.022222138279608172,0.001319137014440308,-0.002635341671372027,0.0014834657602227352
2022-09-23,7.119336,1.02522,81.064691,17.823765,18.40424441,142.946483,0.904255,5.172852163,1.520197,0.008072839489216221,0.013327587433876076,0.002845424690357534,0.015307685463284315,0.001919771248792168,0.01514803601554049,0.024303352967829595,0.008908790498520558,0.012508858304427273
2022-09-26,7.160999,1.036699,81.59237,18.064172,18.45334854,144.173751,0.926851,5.339415302,1.540328,0.005852090700593449,0.011196621213007907,0.006509356829596857,0.013488003236128643,0.00266808725781309,0.008585506787180064,0.024988526466538596,0.03219947791885125,0.013242362667470031
2022-09-27,7.170883,1.036914,81.474492,17.872356,18.48195769,144.421402,0.925705,5.312629614,1.540751,0.001380254347193688,0.0002073890299882919,-0.0014447184215877762,-0.010618587998386997,0.0015503500591227404,0.0017177259957672497,-0.001236444692836236,-0.005016595729117945,0.00027461683485596744
2022-09-28,7.234605,1.045478,81.824882,18.077993,18.5374804,144.683743,0.943732,5.408050183,1.560272,0.008886213873521509,0.008259122743062619,0.004300609815401035,0.011505869735361163,0.0030041574021153483,0.0018164966990141806,0.019473806450219122,0.017961080657410422,0.012669795443910115
2022-09-29,7.13198,1.030291,81.716464,17.975067,18.54522975,144.71461,0.921955,5.411188955,1.543581,-0.014185294152203154,-0.014526369756226232,-0.0013250003831353219,-0.005693441744335281,0.0004180368546742308,0.0002133411768314719,-0.02307540700114019,0.0005803888451083594,-0.010697493770316924
2022-09-30,7.116126,1.025851,81.478252,17.988613,18.55160033,144.655314,0.905827,5.3943373,1.546574,-0.002222945100799456,-0.0043094620840131714,-0.002915104109252775,0.0007535994163472282,0.0003435158305331587,-0.0004097443927740807,-0.017493261601704946,-0.0031142240901472773,0.0019389976943222642
2022-10-03,7.116039,1.02417,81.829168,18.012188,18.56206473,144.909873,0.891745,5.303154445,1.549365,-1.2225753169725628e-05,-0.0016386395295223677,0.00430686706435468,0.0013105512915307926,0.0005640699354156897,0.001759762520718633,-0.015546014857141688,-0.01690343964957486,0.0018046339845363413
2022-10-04,7.115964,1.01102,81.588818,17.737034,18.53948034,144.879183,0.882348,5.114649682,1.548681,-1.05395712417522e-05,-0.01283966528994207,-0.0029372167147048156,-0.015275989790912492,-0.0012166960049168063,-0.00021178681179301329,-0.010537765841131752,-0.03554578033791356,-0.0004414711833558016
2022-10-05,7.115986,1.008573,81.602622,17.773878,18.57801311,144.407463,0.880888,5.201714574,1.551185,3.091640148777941e-06,-0.002420327985598769,0.0001691898514817325,0.0020772356866429753,0.0020784169401373287,-0.003255954307804232,-0.0016546759328519567,0.01702265011549242,0.0016168597664723006
2022-10-06,7.116024,1.014199,82.212475,17.826471,18.57920892,144.705882,0.888266,5.191176471,1.547972,5.340089201943954e-06,0.005578178277626078,0.007473448586002629,0.002959005344810084,6.436694779576868e-05,0.0020665067704983553,0.008375639127789158,-0.0020258902809995316,-0.0020713196685115953
2022-10-07,7.115954,1.020721,82.214964,17.987343,18.58630193,144.860672,0.891936,5.213330611,1.558232,-9.836953894448719e-06,0.006430690623832058,3.027521066600869e-05,0.009024332409931057,0.00038177136769079745,0.0010696869944788467,0.0041316452504092105,0.004267653030822993,0.00662802686353503
2022-10-10,7.151078,1.031247,82.466536,18.136125,18.57595133,145.570795,0.904713,5.190058781,1.583995,0.004935950963145697,0.01031231844940983,0.0030599295768105605,0.008271482897724391,-0.0005568939985471921,0.004902110353319333,0.014325018835432246,-0.004463908341223677,0.01653348153548384
2022-10-11,7.165381,1.028489,82.233364,18.117145,18.58335905,145.572354,0.902016,5.189344852,1.589016,0.0020001180241635552,-0.002674432022590212,-0.002827474164793453,-0.0010465300608591965,0.00039878011459015816,1.0709565747557548e-05,-0.002981055870756699,-0.00013755701623541228,0.0031698332381100425
2022-10-12,7.171131,1.030291,82.315578,18.223367,18.58922316,146.651556,0.905007,5.293426746,1.599526,0.0008024695406985138,0.0017520848545780066,0.0009997645238009056,0.005863065069027007,0.00031555705210362106,0.0074135092986131745,0.003315905704555089,0.020056846667240835,0.006614156182190856
2022-10-13,7.181949,1.026799,82.142006,18.294794,18.58928021,146.770716,0.888315,5.258650786,1.591026,0.0015085486515307167,-0.0033893336931022366,-0.0021086166703464526,0.0039195281530575166,3.0689824694896117e-06,0.000812538259055362,-0.018444056233819284,-0.0065696498069570675,-0.005314074294509696
2022-10-14,7.19893,1.029124,82.298549,18.208501,18.5874241,147.813111,0.893517,5.266748997,1.594422,0.00236439996998028,0.0022643185277742006,0.0019057606165595598,-0.00471680632206084,-9.984840612597967e-05,0.007102200141886561,0.00585603079988517,0.0015399788519061541,0.002134471718249653
2022-10-17,7.200945,1.026799,82.275388,18.150631,18.58948557,148.885923,0.885615,5.28770921,1.601704,0.0002799027077635685,-0.002259202972625163,-0.0002814265899145907,-0.003178185837483194,0.00011090670707836203,0.007257894734385317,-0.0088437041488858,0.003979725066058704,0.004567172304446476
2022-10-18,7.199288,1.016777,82.277072,18.088866,18.58800203,149.11032,0.883864,5.266395526,1.5818,-0.00023010868712369792,-0.009760430230259298,2.046784635023613e-05,-0.0034029119979355205,-7.980532836238119e-05,0.0015071740529828404,-0.0019771571168059054,-0.004030797298703925,-0.012426765494748082
2022-10-19,7.227654,1.022704,83.038965,18.238801,18.59204336,149.662508,0.889681,5.293004704,1.592146,0.003940111855505801,0.005829203453658005,0.00926008888600216,0.008288800414575359,0.0002174160511432266,0.003703217859099217,0.0065813292542744595,0.00505263569145753,0.006540649892527561
2022-10-20,7.222301,1.019264,82.739272,18.255631,18.57680155,149.821629,0.889389,5.237692386,1.585363,-0.0007406275950675445,-0.0033636320968727373,-0.0036090647324422687,0.0009227580255961598,-0.0008198028428006987,0.0010631988072791199,-0.00032820752606843584,-0.010450079131462009,-0.00426028768718445
2022-10-21,7.246043,1.027749,82.979445,18.501644,18.60102775,151.685509,0.901624,5.253545735,1.608016,0.0032873179891006465,0.008324634245887363,0.0029027690744003465,0.013476006389480544,0.0013041103946120902,0.012440660353519428,0.013756635173135745,0.003026781229530595,0.014288841104529215
2022-10-24,7.262613,1.015125,82.7785,18.335702,18.60704497,148.979799,0.88387,5.223936656,1.586742,0.0022867653421321243,-0.012283154739143431,-0.0024216238129817214,-0.008969040805238637,0.00032348857712993784,-0.017837630092931156,-0.019691135107317348,-0.005636018128240439,-0.013229967861016156
2022-10-25,7.308792,1.014096,82.803975,18.477943,18.60947166,148.909847,0.883714,5.299056891,1.581888,0.006358455283243192,-0.0010136682674547481,0.00030774899279406576,0.007757597718374809,0.00013041780701406047,-0.00046954016899969364,-0.0001764965436094057,0.01438000495540459,-0.003059098454569309
2022-10-26,7.17829,0.997705,82.01736,17.979846,18.60331238,146.981942,0.864043,5.282250823,1.543051,-0.017855481453022737,-0.016163164039696643,-0.009499725103776724,-0.02695630135886884,-0.0003309755436657902,-0.012946793236581655,-0.022259464034744214,-0.0031715205829444537,-0.02455104280454745
2022-10-27,7.228455,0.996314,82.3513,18.085185,18.6121351,146.826741,0.864252,5.369034572,1.555246,0.006988433178375386,-0.0013941996882845809,0.00407157704173855,0.005858726487423693,0.0004742553272119032,-0.001055918828450353,0.00024188610983477687,0.01642931241018064,0.007903173647533235
2022-10-28,7.251432,1.004924,82.460557,18.141895,18.61310421,147.512813,0.865441,5.353230831,1.558738,0.0031786875618649013,0.008641853873377237,0.0013267185824632488,0.0031357157806239933,5.206871725316198e-05,0.0046726638167362555,0.001375756145198359,-0.00294349771603597,0.0022453039583449907
2022-10-31,7.300787,1.008675,82.815715,18.331249,18.61630018,148.678636,0.86862,5.315109946,1.566371,0.006806241856780693,0.0037326205762824305,0.00430700462040301,0.010437388155978056,0.0001717053729426432,0.007903198212347862,0.003673271777047793,-0.007121098679183868,0.004896910192732751
2022-11-01,7.254951,1.005328,82.521363,18.076003,18.62028752,147.129788,0.865165,5.161053584,1.54911,-0.006278227265087977,-0.003318214489305249,-0.0035543012579195565,-0.013924092133602017,0.0002141854160842005,-0.01041742137047863,-0.003977573622527708,-0.028984604940475056,-0.011019739257174699
2022-11-02,7.2826,1.009285,82.753331,18.127574,18.62010497,147.103351,0.868995,5.143722245,1.556924,0.0038110526177228543,0.003936028838349204,0.0028110054362531223,0.0028530090418772414,-9.803822835996456e-06,-0.0001796848915461835,0.004426901226933566,-0.003358100960960675,0.005044186662018779
2022-11-03,7.317441,1.025326,82.932944,18.473598,18.62011689,148.241567,0.894371,5.153491233,1.590998,0.004784143025842402,0.015893429507027212,0.0021704624796312633,0.01908826851292944,6.401682492995775e-07,0.007737525979268911,0.02920154891570159,0.0018992059708309306,0.021885461332730394
2022-11-04,7.181321,1.012966,82.070502,18.029072,18.62287277,147.072528,0.886122,5.032617504,1.550952,-0.018602131537514333,-0.01205470260190411,-0.010399269076954543,-0.024062773261602888,0.00014800551555516073,-0.007886040492272928,-0.009223241809047988,-0.023454726812377924,-0.025170364764757647
2022-11-07,7.223957,1.0007,81.898029,17.77074,18.60052036,146.282398,0.87196,5.073551486,1.543881,0.0059370692383755586,-0.012108994773763482,-0.0021015224203211336,-0.014328635439472381,-0.0012002664828386633,-0.005372383345447096,-0.015981997964162997,0.008133735966912914,-0.004559135292388161
2022-11-08,7.252401,1.0004,81.55062,17.846839,18.60654262,146.308523,0.87413,5.205082033,1.544118,0.00393745422349534,-0.0002997901468971831,-0.00424197021884376,0.004282263991257418,0.0003237683614996101,0.00017859291587507542,0.0024886462681774635,0.0259247486426315,0.00015350924067347727
2022-11-09,7.253013,0.996115,81.340273,17.807551,18.60025899,146.249626,0.87433,5.174519374,1.547764,8.438584683889694e-05,-0.004283286685325849,-0.0025793427444206207,-0.0022013982420079348,-0.0003377107788550271,-0.0004025534452288815,0.00022879892006910652,-0.005871695932212817,0.002361218507911822
2022-11-10,7.251758,1.004621,81.681535,17.769942,18.59553948,146.142254,0.877014,5.310427969,1.559675,-0.00017303153875503074,0.008539174693684926,0.004195486287585926,-0.0021119692427106207,-0.00025373356373903366,-0.0007341693988331954,0.003069779145173923,0.02626496978306614,0.007695617678147304
2022-11-11,7.10778,0.97012,80.738553,17.262709,18.52803648,139.590609,0.849224,5.34992239,1.499709,-0.019854220176679926,-0.034342304212235275,-0.01154461654032335,-0.02854443756766334,-0.003630064084593987,-0.04483060046412046,-0.03168706542883004,0.007437144657747252,-0.038447753538397356
2022-11-14,7.065219,0.969086,81.188003,17.287819,18.59899215,140.38182,0.848076,5.291694932,1.495009,-0.005987945603268541,-0.0010658475240176157,0.005566733404300583,0.001454580506454528,0.0038296378613347226,0.00566808186931822,-0.001351822369598521,-0.010883794895574006,-0.003133941317948974
2022-11-15,7.045271,0.961169,80.863514,17.187812,18.60899654,139.215686,0.84059,5.332564398,1.481642,-0.0028234085879008664,-0.008169553579352007,-0.003996760457330106,-0.005784824563468516,0.0005378995764562244,-0.008306873354398725,-0.008827039086119814,0.007723322399568522,-0.008941083297826391
2022-11-16,7.080292,0.96043,81.243277,17.306473,18.61150595,139.540914,0.840213,5.324433346,1.479063,0.0049708520793594335,-0.0007688554250085966,0.004696345498910848,0.006903787404702877,0.00013484929155671566,0.002336144793338768,-0.0004484945098085502,-0.0015247920874709164,-0.0017406364020458032
2022-11-17,7.157573,0.969086,81.785057,17.53668,18.61847078,140.323675,0.847708,5.478728559,1.504603,0.010914945315814606,0.009012629759586943,0.006668613330306661,0.013301785984931813,0.0003742217324438357,0.0056095447389719055,0.00892035709992589,0.028978710591975876,0.01726768907071574
2022-11-18,7.118464,0.964692,81.697376,17.275709,18.6194289,139.996141,0.83989,5.351147984,1.48881,-0.005464002951838576,-0.004534169310050906,-0.0010720907121209988,-0.014881437079310444,5.1460724745933106e-05,-0.0023341321412798655,-0.009222515300079781,-0.02328652964389366,-0.01049645654036313
2022-11-21,7.165626,0.975991,81.727015,17.358774,18.62404841,141.840718,0.847092,5.309486629,1.509955,0.006625305683922722,0.011712546595182838,0.000362790109684763,0.004808196294577627,0.00024810159456611913,0.013175913184635624,0.008574932431627769,-0.007785498574243821,0.014202618198426942
2022-11-22,7.138797,0.973331,81.639868,17.283239,18.6121277,141.327623,0.840549,5.312244501,1.506035,-0.00374412507713906,-0.0027254349681504753,-0.0010663181568540958,-0.004351401775263719,-0.0006400708233554875,-0.0036174027263455866,-0.007724072473828114,0.0005194234758849614,-0.002596103857399723
2022-11-23,7.165327,0.968523,81.807264,17.152833,18.62624697,141.162228,0.836504,5.389830508,1.503341,0.0037163124263093206,-0.004939737869234517,0.002050419777748669,-0.007545229224683925,0.0007586059061910344,-0.0011702949252885286,-0.004812330988437252,0.014605127265018503,-0.0017888030490659235
2022-11-24,7.148948,0.960338,81.657063,17.021608,18.62758091,138.192644,0.825247,5.330260252,1.480265,-0.002285869158518472,-0.008451012521127566,-0.0018360350005105497,-0.007650339742711898,7.161614479533895e-05,-0.021036675618353096,-0.013457198052848618,-0.011052343095312778,-0.01534981085462317
2022-11-25,7.173494,0.963855,81.65253,17.125494,18.63450602,139.392771,0.827807,5.347084337,1.484723,0.0034335121754978104,0.0036622522486873255,-5.551265051007004e-05,0.006103183671013923,0.00037176647002423735,0.008684449224374058,0.0031021015526260243,0.0031563346261913594,0.00301162291886925
2022-11-28,7.199274,0.955749,81.656313,17.14384,18.62219249,138.488005,0.827736,5.386026952,1.494027,0.0035937856782204403,-0.00840997867936577,4.633046887825287e-05,0.0010712683674993784,-0.0006607918657346445,-0.006490767014022736,-8.576878426969081e-05,0.007282962554102657,0.006266488765917844
2022-11-29,7.166602,0.964692,81.665831,16.981189,18.63602161,138.298283,0.831738,5.31796257,1.486977,-0.004538235383178879,0.009357059227893538,0.00011656171642226987,-0.009487431053952888,0.0007426150281406585,-0.001369952581813827,0.004834874887645224,-0.01263721526211925,-0.004718790222666636
2022-11-30,7.077583,0.963763,81.362278,16.939861,18.6327101,139.051658,0.833539,5.306765613,1.486604,-0.012421367895133595,-0.0009630016627067972,-0.0037170135451140007,-0.0024337518415229464,-0.00017769404164147407,0.005447464593613338,0.0021653453371133224,-0.0021054975195133885,-0.00025084449860346414
2022-12-01,7.075282,0.956572,81.2445,17.734169,18.63191123,136.292328,0.819925,5.214080735,1.47092,-0.0003251109877482339,-0.00746137795287849,-0.0014475750052130865,0.046889877077503916,-4.287460040508506e-05,-0.019843920163828632,-0.016332769072592956,-0.017465417687366758,-0.010550220502568264
2022-12-02,7.019453,0.948947,81.271114,17.341905,18.63655343,134.105143,0.814718,5.18665781,1.466787,-0.007890710221868047,-0.00797117206023179,0.0003275790976620119,-0.02211910803376249,0.0002491531836263938,-0.01604774848368573,-0.006350580845808973,-0.005259397848583536,-0.0028098061077420633
2022-12-05,6.949372,0.944555,81.727496,17.194484,18.63851894,135.137433,0.81312,5.241428167,1.468027,-0.009983826375075111,-0.004628287986578772,0.00561554994804192,-0.008500853856597712,0.00010546531618005339,0.007697616787150308,-0.001961414869930622,0.010559855499701731,0.0008453851854426375
2022-12-06,6.988779,0.950932,82.396824,17.313427,18.63921643,136.297071,0.819418,5.240871054,1.485831,0.005670584334814599,0.006751327344622471,0.008189752932109773,0.006917509126764143,3.7421964816264364e-05,0.008581175283979281,0.007745474222746962,-0.00010629030528486183,0.012127842335324823
2022-12-07,6.97844,0.949758,82.336404,17.224143,18.63956691,137.183018,0.820667,5.225852408,1.493779,-0.0014793714324061735,-0.0012345782874064737,-0.0007332806905274714,-0.005156922427893673,1.8803365544606265e-05,0.006500117673108541,0.0015242525792698025,-0.0028656774504188798,0.005349195164187526
2022-12-08,6.970625,0.950661,82.398992,17.133283,18.64378743,136.657477,0.820021,5.217225972,1.48208,-0.0011198777950373051,0.0009507685115577313,0.0007601497874500929,-0.005275153602707694,0.00022642800770955596,-0.0038309479384686096,-0.0007871645868543498,-0.0016507232364224578,-0.007831814478580723
2022-12-09,6.958519,0.947059,82.350128,17.270385,18.64494744,135.713609,0.813998,5.252107207,1.472961,-0.0017367165784990535,-0.0037889426409624116,-0.0005930169631201965,0.008002085764882372,6.221965383135242e-05,-0.006906815643903719,-0.007344933849255053,0.006685781905403809,-0.006152839252941855
2022-12-12,6.975005,0.94679,82.610301,17.486934,18.64353342,137.152055,0.814297,5.260367355,1.47936,0.002369182292956351,-0.0002840372141544867,0.003159351494875784,0.01253874768860097,-7.583931274401934e-05,0.010599128640076172,0.0003673227698348658,0.0015727302727162051,0.004344310541827046
2022-12-13,6.98312,0.948317,82.784732,17.719772,18.64855382,137.363679,0.81321,5.29009009,1.474917,0.0011634400262079403,0.001612818048352782,0.0021114921249347773,0.013314969908389651,0.0002692837182147745,0.001542988181985283,-0.0013348937795424343,0.005650315461666056,-0.0030033257624918486
2022-12-14,6.949854,0.939055,82.489905,17.143675,18.64766645,134.923467,0.808696,5.337778195,1.456475,-0.004763773213119715,-0.009766776299486302,-0.0035613692631150107,-0.032511535701475025,-4.7583850660282145e-05,-0.017764608648840885,-0.005550841725999511,0.009014611129240846,-0.012503754448555449
2022-12-15,6.967988,0.941531,82.793993,17.286414,18.64796159,136.587892,0.811543,5.295829018,1.477733,0.0026092634463976694,0.0026366932714272373,0.0036863662286918952,0.008326044444962877,1.582718142212336e-05,0.012336067527823236,0.0035204823567818178,-0.007858920971893335,0.014595513139600724
2022-12-16,6.972125,0.941708,82.704586,17.582447,18.64949619,137.046803,0.82148,5.295508052,1.494114,0.0005937151441708366,0.00018799168588179427,-0.001079873028952627,0.017125182816979834,8.22931767954227e-05,0.003359821967235499,0.01224457607298679,-6.060731925250362e-05,0.011085223108640019
2022-12-19,6.973108,0.943574,82.593036,17.274391,18.65219853,136.488017,0.822023,5.31487073,1.490281,0.00014099001380496468,0.0019815059445178473,-0.0013487764753457032,-0.017520655685752784,0.00014490150149182313,-0.004077336995595537,0.0006610020937818373,0.0036564344364820034,-0.0025653999627872626
2022-12-20,6.972356,0.943485,82.710539,17.382678,18.65685442,132.635154,0.825833,5.305594867,1.506935,-0.00010784287293408301,-9.432222591976291e-05,0.0014226744249963286,0.006268643566073928,0.0002496161507454797,-0.0282285806819218,0.004634906809176886,-0.001745265966233589,0.011175073694155602
2022-12-21,6.978093,0.940203,82.840354,17.255453,18.66688605,131.901091,0.824097,5.162937194,1.491068,0.0008228208657159453,-0.003478592664430291,0.0015695097815771053,-0.007319067867448181,0.0005376913907442216,-0.005534452804269341,-0.0021021199201292085,-0.026888157987204897,-0.010529319446425878
2022-12-22,6.981003,0.940468,82.795542,17.138907,18.67328129,132.060566,0.829897,5.208878021,1.486316,0.0004170193776438236,0.00028185402514124824,-0.0005409440910888463,-0.006754154759078146,0.00034259811641157434,0.001209049893302172,0.007038006448270018,0.008898195982974366,-0.0031869773880198737
2022-12-23,6.985314,0.941442,82.807381,17.044624,18.68103935,132.611561,0.828752,5.162304651,1.492845,0.0006175330393067835,0.0010356545889917967,0.0001429907904946237,-0.005501109259767878,0.00041546313577756067,0.004172290159653036,-0.0013796892867427024,-0.00894115197404044,0.004392740170999998
2022-12-27,6.964797,0.941265,82.90738,17.242188,18.71225527,133.358434,0.831448,5.274378765,1.484375,-0.0029371621662247493,-0.00018800945783170597,0.0012076097419382315,0.011590986107995027,0.0016709948207458414,0.005632035354745435,0.003253084155453001,0.021710092986916063,-0.005673730360486129
2022-12-28,6.97594,0.93985,82.795395,17.18891,18.71654135,133.656015,0.827613,5.273402256,1.471805,0.001599903055322205,-0.0015032960962110264,-0.001350724145425919,-0.003089979067621762,0.00022905202703560334,0.0022314374207483834,-0.0046124351733360935,-0.00018514199368468987,-0.008468210526315745
2022-12-29,6.963189,0.939055,82.852381,17.087708,18.71912856,133.571227,0.831524,5.197765048,1.489248,-0.001827854023973785,-0.0008458796616481745,0.0006882749940380073,-0.005887633363604872,0.00013823120156764013,-0.0006343747417577594,0.004725638674114574,-0.014343151598939952,0.011851434123406168
2022-12-30,6.898744,0.937559,82.665479,16.968498,18.71826364,131.876992,0.831549,5.286517907,1.471311,-0.009255098490073999,-0.0015930909265164939,-0.002255843437981464,-0.0069763598488457035,-4.620514236164386e-05,-0.01268413144097258,3.0065277730972895e-05,0.01707519639314037,-0.012044333784567707
2023-01-02,6.898624,0.936067,82.772629,17.01011,18.72498362,130.693625,0.829636,5.340073013,1.469531,-1.7394470645637483e-05,-0.0015913665166672475,0.0012961879770876372,0.0024523089786734342,0.0003590065899936601,-0.008973263509073681,-0.0023005258860271383,0.010130506874683087,-0.0012098054048397255
2023-01-03,6.90972,0.948317,82.891892,17.087719,18.73551446,130.801328,0.834974,5.37278331,1.489616,0.0016084366969413288,0.01308667007810338,0.00144085069473876,0.004562521935484121,0.0005623951515105752,0.0008240876324305813,0.006434147023513859,0.006125440030570584,0.013667625929633331
2023-01-04,6.886027,0.943485,82.829512,16.826965,18.74422115,130.899141,0.830984,5.449382017,1.457873,-0.003428937786191022,-0.0050953425911377526,-0.0007525464613595823,-0.015259731272500354,0.00046471582184670623,0.0007477982180730258,-0.00477859190825114,0.014256801843735456,-0.02130951869475095
2023-01-05,6.87322,0.943307,82.516272,17.097444,18.77011603,132.959155,0.832969,5.382511084,1.463541,-0.001859853294214564,-0.00018866224688263156,-0.003781743878920718,0.016074140523855585,0.0013814860480345637,0.015737414197393607,0.002388734319794361,-0.012271287421470545,0.003887855800882578
2023-01-06,6.861429,0.952381,82.771714,17.342095,18.76809524,134.571429,0.842619,5.336571429,1.484762,-0.0017154987036642755,0.00961934979810386,0.00309565609071627,0.014309214874457243,-0.0001076599631441022,0.012126084886745714,0.011585064990413896,-0.008534985675470286,0.014499764611992427
2023-01-09,6.782536,0.934929,82.346672,17.021223,18.77561705,132.152206,0.823186,5.280011219,1.444091,-0.01149804217168171,-0.018324599083770043,-0.00513511173635961,-0.018502493499199524,0.00040077641890734483,-0.01797724091939301,-0.023062617861690837,-0.01059860450712613,-0.02739226892929636
2023-01-10,6.782803,0.932575,81.789611,17.071155,18.77795393,132.351021,0.823743,5.266343374,1.456309,3.936580653607358e-05,-0.00251783825295826,-0.006764827120153694,0.002933514236903134,0.00012446355258388664,0.0015044395096968088,0.0006766393014459027,-0.002588601507287902,0.008460685649311683
2023-01-11,6.774635,0.930492,81.708384,17.01191,18.77668186,132.697497,0.825095,5.195868614,1.450451,-0.0012042219123864495,-0.002233600514704004,-0.0009931212412783719,-0.0034704740247510912,-6.77427372940409e-05,0.002617856646530914,0.001641288605790825,-0.013382105000584343,-0.004022497972614447
2023-01-12,6.748979,0.928333,81.491831,16.841534,18.78128481,130.532863,0.823338,5.157445228,1.445414,-0.0037870674951491212,-0.0023202778745008423,-0.0026503155416706115,-0.01001510118499338,0.000245141821878736,-0.01631254581991104,-0.002129451760100376,-0.0073949879903564275,-0.0034727129699658743
2023-01-13,6.725448,0.924727,81.464768,16.874607,18.79008692,128.555576,0.821158,5.133345663,1.44128,-0.003486601454827487,-0.0038843820051640554,-0.00033209463657768445,0.0019637759838266877,0.0004686638900930351,-0.015147809942696155,-0.0026477582718154036,-0.0046727718734000945,-0.002860080226149808
2023-01-16,6.732427,0.924898,81.649556,17.059748,18.79162042,128.486866,0.820921,5.109137995,1.437014,0.0010377003881376634,0.0001849194410892263,0.0022683180046618734,0.010971574034287057,8.161218234548073e-05,-0.0005344770109388941,-0.00028861680699698855,-0.004715768153795485,-0.0029598690053285193
2023-01-17,6.776077,0.922254,81.690492,17.156414,18.79203173,128.654431,0.817071,5.128377755,1.439731,0.006483545978292815,-0.002858693607295071,0.000501362187444121,0.005666320510713474,2.1887947436516342e-05,0.0013041410785130658,-0.004689854443972075,0.00376575461826012,0.001890726186383862
2023-01-18,6.752745,0.922594,81.31931,16.972045,18.79380017,128.969462,0.807547,5.097518221,1.421995,-0.003443290269576349,0.0003686619955023396,-0.004543760123271179,-0.010746359932792493,9.410584365787678e-05,0.00244866031858626,-0.011656269773373418,-0.006017406570706152,-0.012318967918312662
2023-01-19,6.789089,0.924642,81.411003,17.28442,18.79750347,128.543689,0.81043,5.208136847,1.454092,0.005382107572549977,0.0022198280066854092,0.0011275673637662909,0.01840526583567259,0.00019704902502426513,-0.003301347415095801,0.0035700708441737117,0.021700486629805393,0.0225718093242242
2023-01-20,6.782283,0.923702,81.116756,17.159616,18.80343617,130.112692,0.809163,5.197764641,1.44273,-0.0010024909085740719,-0.0010166096716349715,-0.003614339452371107,-0.007220606766093485,0.0003156110602384743,0.01220599013616308,-0.001563367594980436,-0.001991538683545624,-0.007813810955565326
2023-01-23,6.782265,0.919879,81.3651,17.164658,18.80949315,130.3008,0.809217,5.185539509,1.428479,-2.6539735955566357e-06,-0.00413878068901008,0.003061562274507157,0.0002938294190266699,0.0003221209115844559,0.0014457313664679727,6.673562681447365e-05,-0.0023519979922846934,-0.009877801113167384
2023-01-24,6.78228,0.92098,81.620464,17.285596,18.80954135,130.29103,0.813852,5.172591638,1.424756,2.2116505327129943e-06,0.0011968965483504235,0.0031384954974553736,0.007045756460746455,2.5625358224257155e-06,-7.498035315212093e-05,0.005727759055976334,-0.002496918782997848,-0.0026062686255802214
2023-01-25,6.782313,0.919287,81.564442,17.167218,18.81393639,129.775694,0.811252,5.119507262,1.412024,4.865620410798854e-06,-0.0018382592455863378,-0.0006863719863194895,-0.006848360912750873,0.0002336601365349189,-0.003955268447874083,-0.003194684045747964,-0.010262626496555516,-0.008936266981855123
2023-01-26,6.782285,0.917852,81.528683,17.083708,18.81239101,129.765948,0.807205,5.100688389,1.405048,-4.128385109991584e-06,-0.001560992377788395,-0.0004384140824502669,-0.004864503963309397,-8.214017353758152e-05,-7.509880856404472e-05,-0.004988585544319135,-0.003675914895108101,-0.004940425941768578
2023-01-27,6.782329,0.920387,81.612517,17.228256,18.80947998,129.866544,0.808882,5.071698113,1.407179,6.487489098372379e-06,0.0027618831794231635,0.0010282761466906543,0.008461160773761467,-0.00015474003269722036,0.0007752110746341856,0.0020775391629139772,-0.005683600680747247,0.00151667416344492
2023-01-30,6.750527,0.917179,81.526644,17.32459,18.80794277,130.046776,0.806916,5.104466661,1.411538,-0.004688949769319661,-0.0034854903426493333,-0.0010522037936900874,0.005591628078895683,-8.172527904193316e-05,0.0013878247195058258,-0.0024305152049372003,0.006461060431812049,0.0030976869325083367
2023-01-31,6.756946,0.923105,81.820364,17.467276,18.81168651,130.407089,0.813007,5.111511123,1.428598,0.0009508887232063667,0.00646111609620359,0.003602748568921843,0.008236039063550527,0.0001990510097666931,0.002770641542086505,0.007548493275632229,0.0013800583817740186,0.012086107494095222
2023-02-01,6.742427,0.917936,81.793648,17.287314,18.81567836,129.76868,0.811575,5.064622728,1.412888,-0.002148751817759087,-0.00559957967945135,-0.0003265201802328255,-0.010302808520343931,0.0002122005381004488,-0.004895508402921411,-0.001761362448293835,-0.009173098497041066,-0.010996795459604525
2023-02-02,6.723517,0.910084,82.181926,17.022752,18.8174372,128.431016,0.812605,4.992628322,1.402166,-0.002804628066421788,-0.008553973261752446,0.004747043437896226,-0.015303823370131253,9.34773632046415e-05,-0.010308065089357332,0.001269137171549195,-0.014215156758266678,-0.007588711914886304
2023-02-03,6.737588,0.914328,81.91643,17.154979,18.8174088,128.417299,0.816037,5.066654476,1.417116,0.002092803513399133,0.004663305804738949,-0.0032305886819931073,0.007767662948975573,-1.5092384632042766e-06,-0.00010680441864596713,0.004223454199764998,0.014827090907970186,0.010662075674349625
2023-02-06,6.782665,0.927988,82.676503,17.540182,18.83045657,132.154788,0.828489,5.161933927,1.44729,0.006690376437383794,0.01493993402805116,0.00927863921804195,0.022454297379204124,0.0006933882416371162,0.029104248641765862,0.01525911202555763,0.01880520004893249,0.021292540624761713
2023-02-07,6.785794,0.934579,82.719252,17.639813,18.82971963,132.056075,0.834935,5.160373832,1.445794,0.00046132309350377376,0.00710246253184299,0.0005170634757012404,0.0056801577087397526,-3.9135535416234823e-05,-0.0007469498570116251,0.007780429190972882,-0.00030223071857604644,-0.0010336560053616495
2023-02-08,6.785375,0.931532,82.528179,17.617979,18.83223102,131.169073,0.827201,5.183418724,1.43605,-6.17466430604674e-05,-0.0032602915323370896,-0.002309897579828246,-0.001237768223506741,0.00013337373308508482,-0.0067168587283849,-0.009262996520687294,0.004465740806818275,-0.006739549341054141
2023-02-09,6.776715,0.928419,82.52762,17.6524,18.83242039,130.721381,0.82179,5.214464767,1.430601,-0.0012762743400327459,-0.0033418068300391512,-6.773444013563612e-06,0.001953742821466653,1.0055632803096515e-05,-0.003413091133151358,-0.006541336386198693,0.00598949161800344,-0.0037944361268758
2023-02-10,6.813564,0.935454,82.55145,17.851637,18.83601497,130.851263,0.826455,5.261459308,1.443592,0.005437590336911047,0.007577397705130995,0.0002887518142411505,0.011286680564682516,0.00019087190735778137,0.0009935788545560875,0.00567663271638752,0.009012342224921532,0.009080798908990051
2023-02-13,6.824818,0.935804,82.720382,17.935991,18.8449373,132.556616,0.826137,5.200823507,1.440015,0.0016517053336548848,0.0003741498780271968,0.002046384406330759,0.004725280936420662,0.00047368458849761375,0.013032759187047382,-0.00038477594061392395,-0.011524521515885122,-0.002477846926278282
2023-02-14,6.814202,0.929454,82.835487,17.813551,18.84738359,132.11265,0.819082,5.16330514,1.432382,-0.0015554993554406371,-0.006785608952301958,0.001391495024769096,-0.006826497627033912,0.00012981152237623306,-0.0033492556870944323,-0.00853974582908168,-0.00721392813070898,-0.005300639229452453
2023-02-15,6.843832,0.934579,82.842523,18.027196,18.84831776,133.691589,0.83014,5.220560748,1.451308,0.004348271448366248,0.005513989933875196,8.493944147391908e-05,0.011993397610616796,4.956496988239856e-05,0.01195145960663102,0.01350047980544078,0.011088945248740378,0.013212955761801037
2023-02-16,6.855234,0.934579,82.670467,18.137009,18.84906542,133.934579,0.830682,5.242056075,1.448598,0.0016660257002218959,0.0,-0.002076904393652934,0.006091518614431246,3.9667200517179424e-05,0.0018175414161620829,0.0006529019201579889,0.004117436428306087,-0.0018672811009103896
2023-02-17,6.878212,0.941176,82.843294,18.131765,18.86851765,134.757647,0.836593,5.222305882,1.464471,0.0033518914161063673,0.007058793317632928,0.002090553087113811,-0.00028913256866103243,0.0010319997074954568,0.006145298743202021,0.007115839755766906,-0.0037676424512494977,0.010957491312289624
2023-02-20,6.856942,0.936856,82.729998,18.125445,18.86631066,134.054712,0.831347,5.167884579,1.448004,-0.0030923734249540535,-0.004590002295001172,-0.0013675940988054913,-0.00034855955832224783,-0.00011696679309625146,-0.005216290248819755,-0.006270671640809855,-0.010420933631554719,-0.01124433327802321
2023-02-21,6.880345,0.937734,82.786478,18.246343,18.86937359,134.808702,0.824503,5.167854464,1.455083,0.0034130374735559244,0.0009371771115305183,0.000682702784545075,0.006670070721022325,0.0001623491765398999,0.005624494572037175,-0.008232422802993189,-5.827336028718655e-06,0.004888798649727466
2023-02-22,6.892803,0.939496,82.899286,18.23074,18.87523487,134.573469,0.82624,5.167981962,1.46336,0.001810665017524471,0.00187899766884847,0.0013626379902282881,-0.0008551302581563114,0.0003106239839942848,-0.0017449392844092193,0.0021067236868757,2.4671360404626697e-05,0.0056883353045840135
2023-02-23,6.897796,0.941974,82.582423,18.281462,18.87292766,135.003768,0.830256,5.158722683,1.464864,0.0007243787469335405,0.002637584406958604,-0.0038222645246908105,0.0027822238702324142,-0.00012223477036932273,0.0031975024735375612,0.004860573199070517,-0.0017916624067350062,0.0010277717034767875
2023-02-24,6.943992,0.946074,82.766793,18.471429,18.88032167,135.808893,0.834863,5.168684957,1.482308,0.006697211689067117,0.0043525617479887035,0.002232557405102975,0.01039123676213638,0.00039177864363204584,0.005963722434769503,0.005548890944479856,0.001931151296973077,0.011908272713371248
2023-02-27,6.952625,0.947508,82.751563,18.436043,18.88610953,136.327459,0.834499,5.196892174,1.491283,0.0012432329991163282,0.0015157376695691394,-0.00018401099581089042,-0.0019157153461163423,0.00030655515838984293,0.0038183508350957407,-0.00043599967898932945,0.005457329520886844,0.006054747056617016
2023-02-28,6.936906,0.941708,82.607119,18.412092,18.88652415,136.76429,0.825888,5.205763255,1.484132,-0.0022608726919689515,-0.006121320347690973,-0.0017455138581492502,-0.001299139951018824,2.1953700911403473e-05,0.0032042774302716293,-0.010318766109965405,0.0017069973174317354,-0.004795199837991815
2023-03-01,6.865313,0.935979,82.445526,18.136372,18.88786971,135.548484,0.829034,5.197959566,1.476601,-0.010320595377823927,-0.006083626771780648,-0.001956163124391175,-0.01497494146781364,7.124444865103108e-05,-0.008889791333687946,0.0038092332132202422,-0.0014990480007912588,-0.005074346486700576
2023-03-02,6.91042,0.942951,82.542669,18.218859,18.88901462,136.793965,0.837199,5.209052334,1.487317,0.006570275819907989,0.007448885071139388,0.001178268909340252,0.0045481532910769396,6.06161529901339e-05,0.009188453926197937,0.009848811990823103,0.0021340620024361545,0.00725720760042825
2023-03-03,6.907772,0.942063,81.882713,18.166463,18.90042393,136.175224,0.834008,5.204710316,1.481677,-0.0003831894443464545,-0.000941724437431013,-0.007995331481224666,-0.002875921044232177,0.0006040182735587152,-0.0045231600677705375,-0.0038115191250825964,-0.0008335523856535243,-0.003792063158022163
2023-03-06,6.932369,0.93932,81.856566,18.1935,18.90249859,135.863235,0.832519,5.199699418,1.484783,0.0035607718378660724,-0.0029116948654176467,-0.0003193225901051422,0.0014882919146121942,0.00010976790825889537,-0.002291084903961571,-0.001785354576934517,-0.0009627621319472368,0.0020962733443254944
2023-03-07,6.93624,0.937647,81.821378,18.375527,18.91570558,136.155649,0.834205,5.178059072,1.500422,0.0005583949729162097,-0.0017810756717625553,-0.0004298738845214256,0.010005056751037467,0.0006986901724721495,0.002152267314995182,0.002025179004923494,-0.00416184557228183,0.01053285227538292
2023-03-08,6.952584,0.948317,81.954481,18.576861,18.93845424,137.221432,0.844704,5.169274538,1.51522,0.0023563198505243133,0.011379549020047008,0.0016267508963245803,0.010956638141589092,0.0012026334362091884,0.00782768109753551,0.012585635425345076,-0.0016964916540836983,0.009862558666828392
2023-03-09,6.965605,0.947508,82.074569,18.625924,18.9526246,136.270608,0.84152,5.135683153,1.512697,0.0018728288647789082,-0.000853090264120504,0.0014653012078740257,0.0026410812892447844,0.0007482321323812879,-0.0069291216841402825,-0.0037693677311815277,-0.006498278385693279,-0.0016651047372658878
2023-03-10,6.952012,0.944644,82.124976,18.349707,18.96249764,136.689968,0.833724,5.199036463,1.517476,-0.0019514457107459027,-0.003022665771687416,0.000614161007656433,-0.014829707240295975,0.0005209325994879332,0.0030774060977256656,-0.00926418861108469,0.012335907047340333,0.0031592579346690908
2023-03-13,6.857183,0.934056,82.239865,18.171586,18.97356622,132.598543,0.825425,5.254623576,1.500654,-0.0136405115526268,-0.011208455248749805,0.0013989532246558856,-0.009707021479961386,0.0005837089717892763,-0.02993215273852423,-0.00995413350221419,0.010691810568284721,-0.011085513049300388
2023-03-14,6.869517,0.931359,82.360995,18.061935,18.97476018,134.199497,0.820099,5.228276055,1.495017,0.0017986978034565393,-0.002887407179012813,0.0014728866590432155,-0.0060342008672221725,6.29275480505953e-05,0.012073692242606349,-0.006452433594814733,-0.00501415955280593,-0.003756362226069343
2023-03-15,6.90729,0.947957,82.768509,18.40838,18.98464309,132.249502,0.827026,5.277467058,1.506114,0.0054986398607062,0.01782126977889309,0.004947900398726279,0.019180946006062127,0.0005208450544957888,-0.014530568620536588,0.008446541210268554,0.009408646843151347,0.0074226580701088896
2023-03-16,6.89429,0.943841,82.80302,18.382161,18.98952336,132.307692,0.828882,5.285983955,1.503728,-0.0018820695236482221,-0.004341969097754417,0.00041695809694974884,-0.001424296977789563,0.0002570640900050325,0.00044000165686819415,0.0022441857934332177,0.0016138228635818042,-0.0015842094290339226
2023-03-17,6.882896,0.941354,82.638614,18.355267,19.00207098,132.326085,0.823571,5.259531206,1.494305,-0.0016526719937803858,-0.0026349777134072605,-0.001985507291883848,-0.0014630488765711158,0.0006607654000643226,0.00013901686078843234,-0.006407425906220565,-0.005004318822227627,-0.006266425842971546
2023-03-20,6.880564,0.933097,82.569749,18.46235,19.02006158,131.352057,0.81702,5.242418587,1.490902,-0.0003388108726326555,-0.008771407993167335,-0.0008333271417161336,0.005833911323654295,0.0009467704872241356,-0.007360816274432969,-0.007954384017892946,-0.003253639598235991,-0.00227731286450894
2023-03-21,6.872494,0.927988,82.619525,18.528118,19.02700445,132.358946,0.816936,5.242297699,1.497402,-0.0011728689682997118,-0.005475314999405123,0.000602835791592371,0.0035622767415848244,0.0003650287866208135,0.007665574662450769,-0.00010281266064471328,-2.305958556991783e-05,0.004359776833084972
2023-03-22,6.883449,0.927214,82.596198,18.407881,19.04070468,132.7121,0.815253,5.255725545,1.495781,0.0015940355859167532,-0.0008340625094290788,-0.0002823424608165981,-0.006489434059087862,0.0007200413515433546,0.0026681536131301087,-0.002060136901789078,0.0025614428578830672,-0.0010825416287676415
2023-03-23,6.830775,0.919202,82.251126,18.180623,19.04393786,131.326409,0.813705,5.238992554,1.492968,-0.007652268506674442,-0.008640939416359128,-0.004177819419726836,-0.012345690413796073,0.00016980358943308183,-0.01044133127273228,-0.0018987970605444104,-0.0031837642313569114,-0.0018806228986729678
2023-03-24,6.870731,0.930665,82.424383,18.218241,19.06765938,130.15356,0.818427,5.332526757,1.506654,0.0058494094740348945,0.012470599498260349,0.0021064392480172334,0.0020691260139984458,0.0012456205315509727,-0.008930793196363251,0.005803085884933834,0.017853471261108478,0.009166974777758075
2023-03-27,6.881184,0.928247,82.305022,18.32108,19.0941242,131.47684,0.815168,5.231783162,1.504131,0.0015213810582892506,-0.0025981421886499545,-0.001448127309609526,0.005644836952151344,0.0013879427711909198,0.010167067270384411,-0.0039820289408829534,-0.018892281200043493,-0.0016745716003806477
2023-03-28,6.877041,0.922424,82.154783,18.17443,19.10829259,130.698275,0.811161,5.172954524,1.49608,-0.0006020766193725047,-0.006273114806727098,-0.0018253928660635355,-0.00800444078624174,0.0007420287964818861,-0.005921689325663837,-0.0049155511501923765,-0.011244471756262864,-0.005352592294155301
2023-03-29,6.884761,0.921914,82.325528,18.115055,19.12971328,132.368397,0.811174,5.158845764,1.498294,0.0011225758287611853,-0.0005528910782893748,0.002078333041181768,-0.0032669525261589394,0.0011210153863359107,0.012778454803630712,1.6026411526093298e-05,-0.002727408473154447,0.0014798673867706391
2023-03-30,6.880213,0.918611,82.084788,18.047033,19.16709535,132.665809,0.809884,5.101139078,1.493937,-0.0006605893799362939,-0.0035827636851160083,-0.0029242448344819483,-0.0037549982597349096,0.0019541364500785807,0.0022468505076782552,-0.0015902876571486368,-0.01118596845881581,-0.0029079740024320344
2023-03-31,6.874759,0.91954,82.206437,17.772414,19.18455172,133.177011,0.80846,5.072,1.495908,-0.0007927080164524813,0.0010113094661396982,0.0014819920105049178,-0.01521685032658815,0.0009107467605935504,0.003853306317982863,-0.0017582764939177986,-0.0057122688784687625,0.0013193327429470436
2023-04-03,6.884269,0.919963,82.310028,17.866421,19.20202392,132.943882,0.807636,5.040110396,1.479301,0.0013833212189693356,0.00046001261500316915,0.001260132463836161,0.005289489655147417,0.0009107431987467329,-0.0017505198400945554,-0.0010192217302029682,-0.00628738249211358,-0.01110161854873426
2023-04-04,6.883222,0.917347,82.185121,17.834511,19.22841941,132.960279,0.801147,5.056508577,1.481882,-0.00015208586416359804,-0.0028435926227466934,-0.001517518618752156,-0.001786032020626882,0.0013746202020148424,0.0001233377553997439,-0.008034560123620027,0.003253536075918939,0.0017447429563015593
2023-04-05,6.879799,0.914077,82.01234,17.925686,19.25219378,131.389397,0.801508,5.07285192,1.49223,-0.0004972961790277175,-0.0035646271258312767,-0.002102339181322188,0.005112279220887972,0.0012364183187949518,-0.011814671357601503,0.00045060394659146574,0.0032321398749997066,0.0069830121426672775
2023-04-06,6.872561,0.91617,81.874027,18.225286,19.25744388,131.461292,0.801603,5.047732478,1.494457,-0.0010520656199403122,0.0022897414550415718,-0.0016864901062449977,0.016713446838241053,0.00027270138977386615,0.0005471902728952927,0.00011852657740152317,-0.004951739651805065,0.0014923972846008215
2023-04-11,6.884915,0.917011,82.091243,18.249702,19.28775791,133.223292,0.804567,5.050160477,1.502705,0.0017975831716880997,0.0009179519084885346,0.0026530513761098273,0.0013396771935429985,0.00157414609066997,0.013403184870570017,0.0036975909521297368,0.0004810078605754775,0.0055190614383686665
2023-04-12,6.883629,0.915583,82.116371,18.433437,19.31660868,133.757554,0.806061,5.002288958,1.499451,-0.00018678516728243277,-0.001557233228390964,0.00030609842270257204,0.010067835628220223,0.0014958073475737077,0.004010274719829177,0.001856899425405123,-0.00947920748618225,-0.002165428344219178
2023-04-13,6.877712,0.907853,81.857921,18.130731,19.32927826,133.281888,0.799437,4.91302769,1.483704,-0.0008595756685899625,-0.008442708088726047,-0.0031473626617035677,-0.016421571300023974,0.0006558904935065613,-0.003556180460656422,-0.008217740344713453,-0.017844084727902,-0.010501843674785127
2023-04-14,6.851859,0.904404,81.721534,18.029484,19.37397124,132.585692,0.799855,4.920864611,1.474993,-0.003758953558974265,-0.003799073197973679,-0.0016661429747281131,-0.005584275669855865,0.0023121908329339913,-0.005223485429618258,0.0005228679683326742,0.0015951306392900655,-0.005871117150051397
2023-04-17,6.869411,0.910664,82.015026,18.116474,19.38211456,133.84027,0.804781,4.904926692,1.489482,0.0025616405708290824,0.006921685441461989,0.003591366750408831,0.004824874633128751,0.00042032270509362313,0.009462393574112049,0.006158616249195115,-0.00323884525584639,0.009823097465547326
2023-04-18,6.875319,0.911411,82.022876,18.164327,19.39591688,133.877142,0.803345,4.912413416,1.483412,0.0008600446239130921,0.0008202805864732099,9.571416827913737e-05,0.0026414080355812164,0.0007121163151353471,0.0002754925703600808,-0.0017843363598295525,0.0015263681743113988,-0.004075242265431878
2023-04-19,6.897101,0.914662,82.226745,18.275679,19.39842678,134.674838,0.80589,5.016280984,1.490991,0.0031681439072135387,0.0035669966678040232,0.0024855139193118436,0.006130257399572292,0.00012940352423296275,0.005958418204057514,0.0031680037841774755,0.021143897958933566,0.005109167244164103
2023-04-20,6.8803,0.913743,82.178819,18.142544,19.40314327,134.740497,0.805492,5.069809942,1.488487,-0.002435950988683544,-0.0010047427355679428,-0.0005828517230006547,-0.007284818254905789,0.00024313775820528072,0.0004875372487918028,-0.0004938639268387002,0.010671044578789868,-0.0016794199294295487
2023-04-21,6.888231,0.910913,82.081436,18.124157,19.40235015,133.831299,0.806795,5.04937147,1.49335,0.00115271136433015,-0.0030971509494464033,-0.0011850133791775352,-0.001013474185318275,-4.08758513485985e-05,-0.006747770865057734,0.0016176448679814381,-0.004031407929256159,0.003267075896531191
2023-04-24,6.893019,0.908926,81.917379,18.130885,19.40619887,134.675514,0.804063,5.070714416,1.496819,0.0006950986399845149,-0.0021813279643609906,-0.001998710159018202,0.00037121726544286915,0.00019836359875191611,0.006308053544335612,-0.003386238139800102,0.004226852020455585,0.0023229651454781397
2023-04-25,6.921521,0.907276,81.955181,18.281709,19.42215569,134.195246,0.804255,5.056160406,1.502813,0.004134908085992484,-0.0018153293007352467,0.0004614649597125542,0.008318623167043349,0.0008222537606097369,-0.0035661122481402963,0.00023878725920734034,-0.002870208969780852,0.004004492193110831
2023-04-26,6.923091,0.905879,81.752423,18.396594,19.42422321,133.771175,0.802247,5.049279826,1.515083,0.00022682875628055044,-0.0015397740048231912,-0.002474010764493384,0.00628414991180537,0.00010645162323896784,-0.003160104494312699,-0.002496720567481736,-0.0013608310353118158,0.008164688487523053
2023-04-27,6.923927,0.905633,81.795417,18.244159,19.42836443,133.272958,0.800833,5.029161384,1.509871,0.00012075531001976003,-0.0002715594466810023,0.0005259049019257223,-0.008286044688489702,0.00021319874443492814,-0.003724397277664715,-0.0017625494392624619,-0.003984418113728849,-0.00344007556021686
2023-04-28,6.919133,0.910664,81.828158,18.355159,19.45250888,136.00765,0.80184,4.996994809,1.51753,-0.000692381649893159,0.005555230429986624,0.00040027915011431325,0.0060841390386918714,0.0012427422847143266,0.020519481529028827,0.0012574406898815393,-0.006396011689411285,0.005072618786638117
2023-05-02,6.912084,0.911993,81.852713,18.373005,19.47177383,137.437301,0.80135,5.00255358,1.493023,-0.001018769259096497,0.0014593746980224864,0.0003000800775692092,0.0009722607142765849,0.0009903581136418982,0.010511548431282991,-0.0006110944826898113,0.0011124228086023535,-0.01614926887771584
2023-05-03,6.912071,0.905551,81.813366,18.26107,19.47450874,135.524767,0.799285,5.027709861,1.499955,-1.8807641805063113e-06,-0.007063650707845426,-0.00048070489734397537,-0.0060923621367325875,0.00014045510305726872,-0.013915683632349518,-0.0025769014787545563,0.005028687968595458,0.004642929144426988
2023-05-04,6.911504,0.903016,81.767654,18.182861,19.48934441,134.477154,0.79479,4.984106917,1.497652,-8.20304073844147e-05,-0.002799400585941525,-0.0005587351093708781,-0.004282826800401152,0.0007617994475788148,-0.007730048338692064,-0.005623776250023527,-0.008672525902544304,-0.0015353793947151528
2023-05-05,6.910478,0.907935,81.71509,18.371618,19.49745778,134.192845,0.793336,4.990012711,1.487107,-0.00014844815252934573,0.005447301044499753,-0.0006428458862227648,0.010381039595474206,0.00041629773835993866,-0.002114180673395305,-0.0018294140590595642,0.001184925222983635,-0.007041021545726278
2023-05-08,6.917369,0.906043,81.795325,18.352088,19.50747486,135.13636,0.790323,4.948174323,1.471777,0.0009971813816640474,-0.002083849614785249,0.0009818871887676828,-0.0010630528024261343,0.0005137633897212002,0.007031038055717476,-0.003797886393659189,-0.008384425135385287,-0.010308605903946444
2023-05-09,6.921526,0.912492,82.078201,18.432612,19.51437175,135.021444,0.793777,5.006204946,1.479788,0.0006009510263222939,0.0071177637264456806,0.003458339458887183,0.0043877296141998645,0.0003535511412675607,-0.0008503706922400323,0.004370365027969614,0.011727683628740326,0.005443080031825698
2023-05-10,6.924018,0.913242,82.026027,18.721918,19.54100457,135.324201,0.792813,4.976894977,1.481461,0.0003600362116678024,0.0008219250141372481,-0.0006356620803616986,0.015695333900588748,0.00136477978083005,0.0022422882694099755,-0.0012144468786573492,-0.005854728145602506,0.00113056735153938
2023-05-11,6.936597,0.914913,82.059012,18.983074,19.55910339,134.071363,0.794099,4.960475755,1.484538,0.0018167197139000724,0.0018297450182973574,0.00040212846100651234,0.013949211827548824,0.0009261970097376171,-0.009258048381161288,0.0016220722919528807,-0.0032990895077912308,0.0020770037145763087
2023-05-12,6.952075,0.918105,82.188762,19.227874,19.60962174,134.979802,0.798935,4.94344473,1.497429,0.0022313535008593455,0.0034888563174859666,0.0015811791640873984,0.01289569855756767,0.002582856125492361,0.006775787011280121,0.006089920778139746,-0.0034333450743777583,0.008683509617133378
2023-05-15,6.953016,0.919456,82.290364,19.078338,19.66678926,136.217359,0.799402,4.912743656,1.495127,0.00013535527162744643,0.0014715092500314775,0.0012362030711692285,-0.007777042849355098,0.002915279078707922,0.00916846062642751,0.000584528153103836,-0.006210461667283673,-0.0015373016016116958
2023-05-16,6.965628,0.919033,82.221763,19.069571,19.7063689,135.915817,0.798989,4.902122967,1.498667,0.0018138891094165999,-0.0004600546410051809,-0.000833645601567623,-0.0004595264010942568,0.0020125115226865553,-0.0022136826188208225,-0.0005166361855486468,-0.0021618650887734736,0.0023676918415624915
2023-05-17,6.996214,0.923446,82.360144,19.280912,19.75851879,136.956321,0.802429,4.961492289,1.502724,0.00439098958485884,0.00480178622530425,0.0016830215620651234,0.011082630018263151,0.0026463469888660107,0.007655503406200248,0.004305441001065002,0.012110940994271235,0.0027070723516298134
2023-05-18,7.027005,0.924813,82.577915,19.392675,19.787663,137.871081,0.80357,4.958105984,1.506058,0.004401094649191695,0.0014803247834740407,0.0026441308796156804,0.005796561905370368,0.001475019980482939,0.006679209789813179,0.0014219326569704371,-0.0006825174368420006,0.0022186376207473657
2023-05-19,7.010178,0.925241,82.736399,19.323464,19.80838268,138.369726,0.803479,4.955033309,1.501758,-0.002394619044671309,0.0004627962625958215,0.0019192056374879307,-0.003568924864671752,0.0010471009133319331,0.0036167483157689695,-0.00011324464576822901,-0.0006197275753918596,-0.0028551357251845877
2023-05-22,7.028923,0.924044,82.859915,19.325171,19.8326557,138.273887,0.802495,4.995010164,1.505637,0.0026739691916524144,-0.0012937169883305843,0.001492885857891757,8.8338198575455e-05,0.0012253913099380398,-0.0006926298314705592,-0.0012246741980812548,0.008067928610568265,0.002582972755930113
2023-05-23,7.054365,0.92773,82.816124,19.289359,19.85276927,138.417293,0.80706,4.977177846,1.51053,0.003619615693613465,0.003988987537390187,-0.000528494387183498,-0.0018531271987192177,0.001014164230159098,0.0010371155618125183,0.005688508962672811,-0.0035700263692196588,0.003249787299329121
2023-05-24,7.047288,0.927214,82.6586,19.237738,19.88752898,138.433009,0.806611,4.951043115,1.520816,-0.0010032086516645888,-0.000556196307115342,-0.0019020933652967864,-0.0026761386938778386,0.0017508746274770282,0.00011354072644653712,-0.0005563402968801201,-0.005250913631909659,0.006809530429716659
2023-05-25,7.069492,0.931532,82.725198,19.326129,19.92957615,139.385189,0.808505,4.966930601,1.531719,0.0031507155660448483,0.004656961607568455,0.0008056995884275775,0.004594667002950192,0.002114248081915404,0.006878272796916551,0.00234809592232188,0.0032089169152791364,0.007169177599394061
2023-05-26,7.05739,0.930146,82.601525,19.546833,20.02976467,139.74514,0.807488,5.011440796,1.529067,-0.001711862747705295,-0.0014878715921728958,-0.0014949858445791886,0.011419979655522106,0.005027127483591798,0.0025824192841608085,-0.001257877193091006,0.008961308014055813,-0.001731388067915951
2023-05-29,7.076062,0.933271,82.613159,19.655716,20.10209986,140.261316,0.810126,4.989267382,1.529071,0.0026457373051511635,0.003359687618932794,0.00014084485728327323,0.005570365286284629,0.0036113849159866707,0.003693695537462016,0.0032669216136957946,-0.004424558705292347,2.6159743164999583e-06
2023-05-30,7.072785,0.930752,82.649386,19.663905,20.39445272,139.622115,0.803844,5.003350707,1.526154,-0.0004631106963167708,-0.0026991088333399027,0.0004385136755273855,0.0004166218111818498,0.014543399049655292,-0.004557215191107855,-0.0077543493234385474,0.002822724043776148,-0.0019076942797293661
2023-05-31,7.10718,0.936067,82.692128,19.784049,20.71702705,139.595619,0.808808,5.081718618,1.544229,0.0048630065808588085,0.005710436292374332,0.0005171484274546501,0.0061098749205714675,0.015816768139292225,-0.00018976936425874058,0.006175327551116938,0.015663085717808833,0.011843496789970098
2023-06-01,7.110966,0.934842,82.459568,19.778162,20.80209405,139.5251,0.802309,5.051135832,1.533795,0.000532700733624436,-0.0013086670078104046,-0.002812359599694836,-0.0002975629508399358,0.004106139350723126,-0.000505166283191083,-0.008035281550132889,-0.006018197444398576,-0.006756769883223268
2023-06-02,7.067267,0.929109,82.354362,19.46121,20.88098114,138.864629,0.798383,4.994146613,1.509616,-0.0061452972774725945,-0.0061325871109770835,-0.0012758495169415962,-0.01602535159738283,0.0037922667694119117,-0.004733707411784693,-0.004893376492099755,-0.011282456242606154,-0.015764166658516876
2023-06-05,7.115248,0.935454,82.624415,19.350327,21.23143124,140.280636,0.807512,4.954069224,1.517212,0.00678918739025991,0.00682912338595365,0.003279158425148143,-0.005697641616323024,0.01678321998618504,0.010197031527733325,0.011434361703593465,-0.008024872336682365,0.005031743171773462
2023-06-06,7.117851,0.936067,82.588692,19.244875,21.50725452,139.558177,0.805981,4.917906955,1.501264,0.00036583405104084754,0.0006552967863733272,-0.0004323540445037022,-0.005449623667858394,0.01299127114333909,-0.0051500978367391426,-0.0018959470571335846,-0.007299508215349859,-0.010511385356825609
2023-06-07,7.113465,0.933097,82.5007,19.033871,23.1338061,139.423346,0.802183,4.908743118,1.493328,-0.000616197220200343,-0.0031728498066911914,-0.001065424307724827,-0.010964165784397073,0.07562804348120955,-0.000966127552669227,-0.00471226989221829,-0.0018633611989513632,-0.005286212151893288
2023-06-08,7.128714,0.931359,82.534227,18.933035,23.36546521,139.685201,0.802021,4.92372171,1.495855,0.0021436810330830447,-0.0018626144977423875,0.00040638443067764207,-0.00529771374409338,0.010013877915229896,0.0018781287891340703,-0.00020194893185221385,0.0030514108479366975,0.001692193543548326
2023-06-09,7.127922,0.927644,82.458256,18.720408,23.30649351,139.369202,0.795872,4.913265306,1.486364,-0.00011109998240921293,-0.003988794868573842,-0.0009204787245417068,-0.01123047625486362,-0.002523882981570691,-0.0022622224669311963,-0.007666881540508208,-0.002123678919294436,-0.006344866313914066
2023-06-12,7.142406,0.928936,82.427311,18.562935,23.58327915,139.368323,0.795894,4.881467719,1.478867,0.002032008767772764,0.0013927756768759014,-0.0003752807966251881,-0.008411835895884345,0.011875902305134023,-6.306988828086446e-06,2.7642636001745657e-05,-0.0064717830240451635,-0.005043851977039382
2023-06-13,7.149727,0.926526,82.33392,18.631242,23.67006393,139.553414,0.795423,4.861391643,1.475215,0.001025004739299451,-0.002594366027368955,-0.0011330103926354695,0.003679752151262816,0.0036799284547333055,0.0013280707984122397,-0.0005917873485664638,-0.004112713051826256,-0.002469458037808625
2023-06-14,7.157276,0.925155,82.056157,18.421686,23.58173744,139.892682,0.790591,4.856045888,1.472384,0.0010558445098673985,-0.0014797210223997936,-0.003373615637394689,-0.011247559341454494,-0.003731569558122483,0.00243109781606643,-0.0060747551931487065,-0.0010996347121503547,-0.0019190423090871267
2023-06-15,7.162492,0.9243,82.246511,18.416859,23.67242814,141.288474,0.790785,4.828912099,1.471855,0.0007287688779920032,-0.0009241694634952724,0.0023198015476157963,-0.0002620281335813379,0.0038458022964060756,0.00997759125098474,0.00024538604664092745,-0.005587630270762256,-0.0003592812744501739
2023-06-16,7.122013,0.91191,81.885191,18.148915,23.66323181,141.02681,0.779026,4.813970454,1.453675,-0.005651524636956062,-0.013404738721194409,-0.004393134682637134,-0.014548843535154399,-0.0003884827507180111,-0.0018519840478989913,-0.014870034206516225,-0.003094205215103174,-0.012351760193769046
2023-06-19,7.158213,0.915583,81.956144,18.174052,23.64493682,141.860465,0.7807,4.814869072,1.461637,0.00508283262049658,0.0040278097619284026,0.0008664936740514495,0.0013850414749312367,-0.0007731399559829377,0.005911322818689557,0.0021488371376563453,0.0001866687817440038,0.0054771527335890635
2023-06-20,7.176621,0.914662,82.093204,18.267996,23.56965151,141.324431,0.783911,4.790633861,1.474435,0.002571591541073115,-0.0010059164488638306,0.001672357840554417,0.00516912794130886,-0.003183992859575824,-0.0037786003309661087,0.004112975534776631,-0.005033410179507314,0.008755935981368701
2023-06-21,7.18841,0.915499,82.007232,18.381672,23.55973634,141.801703,0.785755,4.785590039,1.478898,0.0016426950789236727,0.0009150921323941574,-0.0010472486857742158,0.006222685838118025,-0.0004206752906716904,0.0033771372481237183,0.002352307851273938,-0.0010528506553300065,0.0030269221769696486
2023-06-22,7.179426,0.910332,81.957214,18.441056,24.23750569,142.057351,0.783933,4.763859809,1.474192,-0.0012497895918568425,-0.005643916596304255,-0.0006099218176270904,0.0032306092721055,0.028768121180086093,0.0018028556398932416,-0.00231878893548243,-0.004540762961914746,-0.0031820991035217405
2023-06-23,7.179438,0.91878,81.973999,18.711136,25.24632488,143.182653,0.785364,4.799246601,1.496233,1.6714428145991889e-06,0.009280130765479067,0.00020480198363026503,0.01464558211850786,0.04162223633499651,0.007921462649264743,0.001825411100183194,0.0074281766086286005,0.014951241086642808
2023-06-26,7.233193,0.915919,82.02647,18.60643,25.90337058,143.258839,0.786573,4.778988826,1.497161,0.0074873548598093365,-0.00311391192668542,0.0006400932080914412,-0.005595918922293164,0.02602539986010033,0.0005320895960769789,0.0015394135712867296,-0.004221032316984785,0.0006202242565163107
2023-06-27,7.211761,0.913159,81.996621,18.467172,26.04255319,143.493745,0.785225,4.776824034,1.494749,-0.0029630067938184457,-0.0030133669025317333,-0.0003638947281285887,-0.007484401897623449,0.00537314669417821,0.0016397312838756228,-0.0017137633760629933,-0.0004529811805005224,-0.0016110491790795045
2023-06-28,7.24648,0.914244,82.050192,18.726275,26.07112818,144.285975,0.79009,4.840007314,1.510788,0.004814219439607026,0.00118818299989365,0.0006533318000994104,0.014030464437110313,0.001097242263134568,0.005521007204878581,0.0061956763984845065,0.013227047835608019,0.010730229623836518
2023-06-29,7.235326,0.914244,82.013622,18.709545,26.03656976,144.212836,0.789907,4.846041324,1.506674,-0.001539230081363696,0.0,-0.0004457027961616289,-0.0008933971118122441,-0.0013255437110891721,-0.0005069030444573297,-0.00023161918262470937,0.0012466943970406152,-0.002723082259059484
2023-06-30,7.26882,0.920302,82.096908,18.938432,26.06230444,144.63464,0.789877,4.858089453,1.509111,0.004629231633792363,0.006626239822191904,0.001015514227624248,0.012233702102322663,0.0009884051638604507,0.002924871403263918,-3.797915450798328e-05,0.002486179583391479,0.0016174700034645717
2023-07-03,7.249014,0.917515,81.954766,18.757225,26.07808056,144.7931,0.78888,4.778695293,1.503165,-0.0027247888928326747,-0.003028353736056144,-0.0017313928558673197,-0.009568215573496297,0.0006053232950418153,0.0010955881661545153,-0.001262221839602895,-0.016342671490120808,-0.0039400680268052435
2023-07-04,7.218541,0.917852,82.017439,18.645893,26.05396971,144.414869,0.786352,4.799724644,1.494814,-0.004203744122993847,0.0003672964474694673,0.0007647267274242253,-0.005935419551665988,-0.0009245638284046676,-0.002612217018628682,-0.0032045431497819132,0.00440064697801601,-0.005555610994135707
2023-07-05,7.243129,0.919202,82.284677,18.74198,26.08953029,144.553727,0.787618,4.865612648,1.500965,0.0034062284885545413,0.0014708253618229694,0.0032583070534548675,0.005153252783334228,0.0013648814516871166,0.0009615214898681668,0.001609966020306386,0.013727454986894871,0.004114893224173688
2023-07-06,7.231856,0.917515,82.437838,18.92614,26.01550601,143.655381,0.782732,4.856041839,1.496284,-0.0015563715626216723,-0.0018352875646484579,0.0018613550612831542,0.009826069604171872,-0.0028373174670903722,-0.006214616659451444,-0.0062035149018941915,-0.001967030606913056,-0.0031186603285220382
2023-07-07,7.234846,0.918442,82.702517,19.095794,26.06814842,143.286187,0.783413,4.916146216,1.507715,0.0004134484978683961,0.0010103377056505103,0.003210649459293169,0.008964004281908577,0.0020235012911056227,-0.0025699977086134362,0.0008700295886714393,0.01237723623328102,0.007639592483779767
2023-07-10,7.237222,0.912742,82.601771,18.850219,26.09529025,142.141292,0.782521,4.859985396,1.504929,0.00032841058399868395,-0.006206162174639096,-0.0012181733235518966,-0.012860161771749423,0.0010411874891420592,-0.007990267756933345,-0.001138607605439268,-0.011423748914794252,-0.0018478293311401384
2023-07-11,7.20202,0.910001,82.414687,18.650742,26.10765311,140.38584,0.774502,4.884793885,1.500865,-0.004864021029063359,-0.0030030391939892542,-0.0022648909065158263,-0.010582211272982978,0.0004737582867084811,-0.012350049554917475,-0.010247648305924062,0.005104642705391349,-0.0027004596230121303
2023-07-12,7.192343,0.907276,82.305661,18.451098,26.14398476,139.575395,0.774614,4.851841771,1.495101,-0.0013436508090785004,-0.002994502203843674,-0.001322895274722069,-0.010704346239951201,0.001391609190106946,-0.005772982517325276,0.00014460905201030272,-0.006745855562337533,-0.003840452006009798
2023-07-13,7.163119,0.894294,82.090413,18.077982,26.1561438,138.472545,0.765096,4.806564121,1.45761,-0.004063209999856765,-0.014308766020483255,-0.002615227159162292,-0.020221885982070198,0.00046507983047039403,-0.00790146429462002,-0.01228741024561919,-0.009332054122339617,-0.0250758978824841
2023-07-14,7.136262,0.891186,82.166028,18.004812,26.18946618,138.588361,0.762766,4.798770163,1.457089,-0.0037493443847574914,-0.0034753671611349457,0.0009211185233042318,-0.004047465032324782,0.0012739790794391581,0.000836382403457625,-0.0030453694699749123,-0.0016215237753611778,-0.0003574344303345356
2023-07-17,7.16447,0.890472,82.018967,18.039359,26.31495993,138.361532,0.764675,4.804986643,1.468121,0.003952769671292877,-0.0008011795517434139,-0.0017898029584683117,0.0019187648279803682,0.004791764335228654,-0.0016367103150890516,0.002502733472650842,0.001295431910436351,0.007571260231873156
2023-07-18,7.174145,0.888494,82.037761,17.905375,26.96828076,138.071968,0.762665,4.797956464,1.468059,0.001350413917568405,-0.002221293875607544,0.00022914212026092784,-0.007427314906255922,0.02482697415226487,-0.0020928071250324587,-0.0026285676921566914,-0.001463100633222747,-4.22308515443115e-05
2023-07-19,7.219212,0.891107,82.079398,17.91784,26.93200855,139.689895,0.774532,4.811620032,1.477633,0.0062818635530783595,0.002940931508822686,0.0005075345730118919,0.0006961596727241837,-0.0013449952676923838,0.011717997674951741,0.015559911625681044,0.002847789074894802,0.006521536259782357
2023-07-20,7.166205,0.893096,81.969277,17.830669,26.91354827,139.635617,0.776279,4.792801643,1.466107,-0.0073424911195294484,0.0022320551852921255,-0.0013416399569596837,-0.004865039536015581,-0.0006854401507309094,-0.0003885606757740856,0.0022555556129379983,-0.003911029731119231,-0.00780031306826523
2023-07-21,7.179718,0.899038,81.969792,18.015374,26.93697743,141.715365,0.77952,4.804189517,1.484312,0.0018856563550722072,0.0066532601198527885,6.282841801708017e-06,0.010358837349288441,0.0008705340434844722,0.01489410828470783,0.004175045312316827,0.0023760369921907998,0.012417238305253209
2023-07-24,7.187185,0.901226,81.813266,17.837689,26.953677,141.01478,0.778208,4.774783706,1.484229,0.0010400129921537271,0.0024337124793389897,-0.0019095571207500273,-0.00986296482104676,0.0006199496600314269,-0.004943606503077458,-0.0016830870279146426,-0.006120868233017385,-5.5918162758294976e-05
2023-07-25,7.140983,0.904895,81.84282,17.578138,26.95213103,141.326577,0.779549,4.721563659,1.477513,-0.006428386078833337,0.004071120895313696,0.0003612372594929969,-0.01455070777386025,-5.735655287397723e-05,0.002211094468253405,0.0017231896870759655,-0.011146064466359684,-0.004524908218340951
2023-07-26,7.153359,0.904241,82.035537,17.705127,26.948187,140.42861,0.774889,4.738312686,1.483045,0.0017330947293949794,-0.0007227357870250861,0.0023547209150418524,0.007224257768371212,-0.00014633462547397613,-0.006353843835048778,-0.005977815377865903,0.003547347491137609,0.0037441294932767377
2023-07-27,7.146966,0.898876,81.922247,17.513528,26.94588764,140.179775,0.772,4.73411236,1.472629,-0.0008937060197873326,-0.0059331527767486625,-0.0013809868764558253,-0.010821667644631994,-8.532522057980163e-05,-0.0017719679771805996,-0.0037282759208093763,-0.0008864602820347622,-0.0070233876922143335
2023-07-28,7.157039,0.908265,82.19891,17.648411,26.95467757,139.28247,0.777112,4.722615804,1.499364,0.0014094092514223,0.010445267200370312,0.0033771412544385537,0.007701646407280105,0.00032620673393424227,-0.006401101728120362,0.006621761658031078,-0.002428450177299979,0.018154606489482417
2023-07-31,7.149415,0.907194,82.254377,17.736642,26.95509389,142.184523,0.778055,4.720221355,1.491064,-0.0010652449986648937,-0.0011791712771053176,0.0006747899698427151,0.004999373597996959,1.5445185679530127e-05,0.020835737620104045,0.0012134672994368323,-0.0005070175299825008,-0.005535680461849157
2023-08-01,7.166819,0.911577,82.27484,18.117502,26.96517776,142.980857,0.782726,4.753691887,1.509298,0.0024343250461751342,0.004831381159928316,0.00024877703468595413,0.021473061248008518,0.00037409886387895774,0.005600708032054813,0.006003431634010514,0.007090881863950127,0.012228851343738523
2023-08-02,7.176058,0.910332,82.544379,18.350387,26.96531634,142.812927,0.783232,4.784797451,1.519436,0.0012891353890756019,-0.0013657650423386514,0.003276080512584434,0.012854145124421734,5.139220710326242e-06,-0.0011744928903313356,0.0006464586585854804,0.0065434539594511065,0.006717030036480498
2023-08-03,7.171332,0.914746,82.781284,18.63337,26.96432492,142.919868,0.790962,4.847786315,1.532016,-0.0006585788464921194,0.004848780444936418,0.0028700318891488052,0.015421091664170161,-3.6766488755501925e-05,0.0007488187676456537,0.009869361823827472,0.013164374175720805,0.00827938787813376
2023-08-04,7.186278,0.913576,82.888726,18.656496,26.9903161,142.618308,0.787438,4.908551069,1.525123,0.0020841316508564134,-0.0012790435814967749,0.001297902071681012,0.0012411066811854887,0.0009639099097460413,-0.002109993552470879,-0.00445533413741761,0.012534536394886553,-0.004499300268404505
2023-08-07,7.190095,0.910415,82.732884,18.606245,27.00063729,142.21595,0.784441,4.880644574,1.521759,0.000531151174502309,-0.0034600295979755336,-0.0018801350620348822,-0.0026934854219141657,0.00038240345025086775,-0.002821222644150412,-0.003806013933795316,-0.00568528158467041,-0.0022057237350692205
2023-08-08,7.213999,0.913743,82.841192,18.902595,27.02083333,143.046418,0.787262,4.931469298,1.537555,0.0033245735974281043,0.003655475799497987,0.0013091287860822476,0.015927448015437884,0.0007479838265698202,0.0058394856554415675,0.003596191428036022,0.010413526990010968,0.01038009303707077
2023-08-09,7.205507,0.911743,82.858771,19.048231,27.02935813,143.462801,0.78574,4.892778993,1.529814,-0.0011771556940887162,-0.0021887992575593263,0.0002122011957528258,0.007704550618579109,0.00031548989980767495,0.0029108243731068573,-0.001933282693690308,-0.007845593810285045,-0.005034616647859758
2023-08-10,7.208821,0.907523,82.673836,18.773936,27.03893275,143.778927,0.783311,4.889009892,1.521644,0.00045992599826782943,-0.004628497284870803,-0.002231930280501171,-0.014400024863201355,0.0003542303873422803,0.002203539856997505,-0.0030913533738895493,-0.0007703395157215853,-0.005340518520552173
2023-08-11,7.232279,0.90876,82.785351,18.823882,27.04761905,144.465649,0.785305,4.876045075,1.531261,0.003254068869236626,0.0013630508538076125,0.0013488547936739703,0.002660390447693173,0.00032125158490226013,0.004776235393661121,0.002545604491702491,-0.002651828751914387,0.006320137956052685
2023-08-14,7.260384,0.914913,83.090576,19.019305,27.05169259,145.178408,0.788792,4.918938701,1.541903,0.0038860503030926363,0.00677076455829928,0.0036869445658325173,0.01038165241367306,0.00015060623238105642,0.004933761104689793,0.004440312999407947,0.008796806703022408,0.0069498276257280445
2023-08-15,7.285832,0.915248,83.343859,19.203094,27.05912502,145.561047,0.786701,4.969339191,1.545671,0.003505048768770447,0.00036615503332004806,0.00304827589593315,0.00966328685511919,0.0002747491668135815,0.0026356467554047303,-0.002650888954249142,0.010246212255044851,0.002443733490368638
2023-08-16,7.29727,0.916086,83.220502,19.116068,27.06220227,145.721876,0.784582,4.972150971,1.547728,0.0015698962040300302,0.0009155988322291364,-0.0014800970519015522,-0.004531873874074721,0.00011372318941305082,0.0011048903763382079,-0.002693526511342914,0.000565825734957226,0.0013308136078118427
2023-08-17,7.283211,0.917431,83.027064,19.029083,27.0987156,145.761468,0.78344,4.965779817,1.553303,-0.0019266109106557128,0.001468202766989224,-0.0023244031861283654,-0.004550360461157532,0.0013492371993861774,0.00027169565124185446,-0.0014555521283944328,-0.0012813677696352777,0.003602054107698649
2023-08-18,7.287844,0.920217,83.079507,19.060734,27.10361645,145.495537,0.786721,4.976166375,1.564277,0.0006361205243126111,0.0030367406377154182,0.00063163741403649,0.0016632961241485056,0.00018085174487025846,-0.0018244259175544952,0.004187940365567133,0.0020916267701687197,0.007064944830467601
2023-08-21,7.284195,0.916758,83.114686,18.954895,27.16400807,145.90209,0.783599,4.963329666,1.558031,-0.0005006967767147152,-0.0037588959995304982,0.00042343775583542076,-0.0055527242550050815,0.00222817571638112,0.0027942644041374365,-0.00396836998122585,-0.002579638226022918,-0.003992898955875401
2023-08-22,7.291908,0.918527,82.963167,18.731698,27.20088179,145.770185,0.783393,4.950032148,1.550289,0.0010588678639162907,0.0019296259209082844,-0.001823011158340937,-0.011775164146253458,0.0013574476897877386,-0.0009040651850840131,-0.00026288956468811797,-0.00267915268475738,-0.004969092399316755
2023-08-23,7.29255,0.925497,82.670801,18.704026,27.21702915,145.56224,0.792716,4.933456733,1.558538,8.804280032048695e-05,0.007588236382817248,-0.003524045797335562,-0.001477281984794021,0.0005936336963139333,-0.0014265262817633184,0.011900795641523354,-0.003348546939578423,0.005320943385394461
2023-08-24,7.281734,0.922509,82.582565,18.678967,26.33846863,145.719557,0.790129,4.876845018,1.553321,-0.0014831574689238014,-0.003228535586825232,-0.0010673175889512887,-0.0013397650324052934,-0.032279809642633106,0.001080754184601851,-0.0032634638382472714,-0.011475060604326903,-0.003347367853719363
2023-08-25,7.289323,0.925241,82.627683,18.650814,26.47705403,145.956699,0.792404,4.859733531,1.555237,0.00104219681740636,0.002961488722603267,0.000546338079956632,-0.0015072032623645315,0.005261710616013104,0.0016273862265445693,0.0028792766750747045,-0.003508720686600353,0.0012334861886242887
2023-08-28,7.292931,0.925241,82.627683,18.652665,26.55856773,146.511843,0.793995,4.869818653,1.558013,0.0004949705205818944,0.0,0.0,9.924499810032295e-05,0.0030786544419798556,0.003803484210067154,0.002007814195789104,0.0020752417669955836,0.0017849369581615093
2023-08-29,7.29427,0.925669,82.7858,18.559289,26.62695548,147.116542,0.794779,4.8840137,1.558086,0.00018360245009851894,0.00046258218129113793,0.0019136080579675863,-0.005006040691772462,0.0025749788428066633,0.004127304575644475,0.000987411759519885,0.002914902589084001,4.685455127773075e-05
2023-08-30,7.288903,0.918611,82.692265,18.57156,26.74903546,146.19695,0.789271,4.857339702,1.544553,-0.0007357830187255665,-0.007624755717216436,-0.001129843523889229,0.0006611783457870501,0.004584826834284517,-0.006250772261898518,-0.006930228403115968,-0.005461491232098603,-0.008685656632560712
2023-08-31,7.287081,0.920133,82.746872,18.789014,26.66985646,145.8318,0.788719,4.884247332,1.544442,-0.00024996902826124323,0.001656849308357966,0.0006603640618623174,0.011708978674920045,-0.0029600693497305874,-0.0024976581248787877,-0.0006993795540441994,0.005539581674495864,-7.186545233472952e-05
2023-09-01,7.255533,0.922169,82.715788,18.693379,26.72002951,145.213943,0.788805,4.933142752,1.543434,-0.0043293055202762165,0.0022127235953932622,-0.0003756516620954109,-0.005089942452541796,0.0018812643433328002,-0.0042367782609827875,0.00010903756597735459,0.010010840294604417,-0.0006526629034953046
2023-09-04,7.270438,0.92584,82.681696,18.942876,26.77918711,146.384594,0.792056,4.937320618,1.546894,0.0020542942882351145,0.003980832146819102,-0.00041215831734564556,0.013346811189137942,0.002213979590773185,0.008061560589949668,0.004121424179613475,0.0008468974465225543,0.002241754425521325
2023-09-05,7.304072,0.93188,83.027211,19.200913,26.78976796,147.423353,0.797083,4.956108471,1.571056,0.004626131190445415,0.006523805409142103,0.004178857192285834,0.013621849184886292,0.00039511468203046185,0.007096095098641397,0.006346773460462307,0.003805273032402523,0.015619686933946442
2023-09-06,7.30349,0.930665,83.14658,19.23704,26.77710563,147.212657,0.795747,4.979246161,1.563611,-7.968158035676076e-05,-0.0013038159419668238,0.0014377093793986884,0.0018815251128943,-0.00047265545632591,-0.001429190122951396,-0.0016761115216357148,0.004668519693502793,-0.004738850811174089
2023-09-07,7.328478,0.933707,83.189076,19.161345,26.82978525,147.245565,0.802054,4.97945845,1.565546,0.0034213779987375403,0.0032686304953983836,0.0005110973896942372,-0.003934856921854912,0.0019673380957565545,0.0002235405614612329,0.00792588599140176,4.263476701815705e-05,0.0012375200737266834
2023-09-08,7.33978,0.93423,83.016629,19.092862,26.84884155,147.458894,0.800962,4.973654709,1.564182,0.001542202896699818,0.0005601328896538416,-0.0020729524631335483,-0.003574018420940739,0.0007102665870200031,0.0014487974561405714,-0.001361504337613284,-0.0011655365856100275,-0.0008712615279270475
2023-09-11,7.294853,0.932488,82.96671,18.899758,26.87392764,146.549795,0.798676,4.961301753,1.553059,-0.006121028150707586,-0.0018646371878445755,-0.0006013132621898176,-0.010113936820996372,0.0009343453404977442,-0.006165101170499732,-0.0028540679832500526,-0.0024836778431053252,-0.007111065080661949
2023-09-12,7.291608,0.933445,82.914216,18.97545,26.89769439,146.942966,0.802063,4.939792775,1.557174,-0.00044483418651475315,0.001026286665351206,-0.0006327116020390378,0.0040049190047830585,0.0008843794743507161,0.002682849198117454,0.004240768471820866,-0.0043353496866006536,0.0026496095769703576
2023-09-13,7.280723,0.931706,82.996832,18.941582,26.94120935,147.470418,0.802106,4.950153731,1.561726,-0.0014928120107389198,-0.0018629913921012209,0.0009964033188230026,-0.00178483250726591,0.001617795167461633,0.0035895015212907833,5.3611748703108475e-05,0.0020974474986961145,0.002923244287407867
2023-09-14,7.278006,0.931966,82.994408,18.929077,26.95163094,147.371855,0.801445,4.906989748,1.551538,-0.0003731772242948628,0.0002790579861027265,-2.920593402877536e-05,-0.0006601877287758517,0.00038682710432969003,-0.0006683577719294176,-0.0008240806078000373,-0.00871972575915958,-0.006523551506474212
2023-09-15,7.277257,0.938262,83.144117,19.043723,26.97626196,147.776318,0.805761,4.865828486,1.547945,-0.00010291280331464758,0.006755611256204608,0.0018038444228674066,0.006056608042748213,0.0009138971980890975,0.002744506405242708,0.005385272850912948,-0.008388291827342131,-0.0023157666779674013
2023-09-18,7.295883,0.937822,83.306293,19.032918,27.01941292,147.650755,0.80785,4.867767045,1.554441,0.002559480859340324,-0.0004689521690103282,0.0019505408903435217,-0.0005673785530277975,0.0015995900419407683,-0.0008496828294233261,0.002592580181964621,0.00039840265754897963,0.004196531530513026
2023-09-19,7.291235,0.933445,83.210865,18.932979,27.03285728,147.671054,0.805218,4.845888173,1.546346,-0.0006370716197066084,-0.00466719697341289,-0.0011455076989201896,-0.005250850132386353,0.0004975814996353023,0.00013747982528089508,-0.003258030574982973,-0.0044946423684085746,-0.00520765985971805
2023-09-20,7.29387,0.934405,83.080078,18.836853,27.03597458,147.897589,0.80854,4.857222949,1.541581,0.00036139282302660725,0.0010284483820686141,-0.0015717538809384424,-0.005077172482998993,0.00011531522427365992,0.0015340514871655664,0.004125590833786719,0.0023390502618600983,-0.0030814578367324152
2023-09-21,7.305595,0.940291,83.095252,18.948942,27.12251998,147.945463,0.815355,4.898166432,1.562482,0.0016075142551210675,0.006299195744885688,0.00018264306396065244,0.005950516256616689,0.0032011200389283623,0.0003236969603337414,0.008428772849828015,0.00842940162102912,0.013558158799310549
2023-09-22,7.304029,0.939232,82.931812,18.781816,27.16568047,148.27651,0.815206,4.911712219,1.549357,-0.00021435625708798867,-0.0011262470873378838,-0.0019668993843355853,-0.008819806403967068,0.0015913156311371246,0.0022376286050760363,-0.0001827424864017102,0.002765481162809058,-0.008400096769114684
2023-09-25,7.310072,0.940468,83.115772,18.753879,27.20887802,148.669237,0.817878,4.938963604,1.555911,0.0008273515891024097,0.001315968791523403,0.0022182078934922522,-0.001487449349945602,0.0015901515902649876,0.0026486123796682914,0.0032776991337160055,0.005548245455949674,0.0042301419233914395
2023-09-26,7.309477,0.942951,83.262141,18.989816,27.26921264,148.863744,0.820556,4.971334276,1.559547,-8.139454713984584e-05,0.0026401748916498047,0.0017610255728599533,0.012580703970629159,0.002217460784514902,0.0013083204294643824,0.0032743269778621187,0.006554142649235928,0.0023368945910144934
2023-09-27,7.311219,0.949127,83.191439,19.192863,27.30334093,149.202733,0.823937,5.003416856,1.569951,0.00023832074442542428,0.006549651042313087,-0.0008491494351555717,0.010692415345151307,0.0012515319180848028,0.0022771763687470248,0.0041203769151649805,0.006453514935594651,0.006671167973776981
2023-09-28,7.304868,0.948857,83.15732,19.138438,27.41730714,149.283613,0.819176,5.039851978,1.564,-0.000868664992800805,-0.00028447194105751805,-0.0004101263352350726,-0.0028356894956212964,0.004174075630238194,0.0005420812231369254,-0.0057783544130194375,0.007282048058079971,-0.003790564164104504
2023-09-29,7.301491,0.943931,83.081461,18.860959,27.4225033,149.235416,0.816103,5.00896734,1.542288,-0.0004622944589826039,-0.005191509363370872,-0.000912234785825139,-0.014498518635637891,0.00018952116535242425,-0.0003228552620844205,-0.003751330605388792,-0.006128084343511975,-0.013882352941176457
2023-10-02,7.301519,0.949668,83.167142,19.136752,27.4617284,149.734093,0.822678,5.056980057,1.564292,3.834833186777686e-06,0.006077774752603737,0.0010312890381163342,0.014622427205318589,0.0014303982233452306,0.00334154595045999,0.008056581093317972,0.009585352377242673,0.014267114831989725
2023-10-03,7.301461,0.955201,83.214729,19.333556,27.49947464,149.97612,0.828876,5.09790811,1.58678,-7.943552567613033e-06,0.005826246646196465,0.0005721851064692807,0.010284085826058664,0.0013745034343868312,0.0016163787094232163,0.00753393186641671,0.008093378367855397,0.014375832645056041
2023-10-04,7.301515,0.952653,83.259503,19.283605,27.56949605,149.071163,0.824883,5.140040011,1.582833,7.395780105001748e-06,-0.002667501394994387,0.0005380537861270351,-0.0025836426573569993,0.0025462817350754285,-0.006034007280625753,-0.004817367133322592,0.008264546965323749,-0.002487427368633388
2023-10-05,7.301539,0.950029,83.248147,19.559567,27.55690671,148.878966,0.822772,5.165494965,1.575147,3.2869890700393256e-06,-0.002754413201868866,-0.00013639283914523848,0.014310705907946142,-0.00045664019310220905,-0.0012892969782494212,-0.0025591508129032547,0.004952287131136046,-0.004855850238148829
2023-10-06,7.304932,0.946701,83.152513,19.401212,27.61724889,149.076967,0.818991,5.172204866,1.572659,0.00046469655232961316,-0.0035030509594969894,-0.0011487823266504993,-0.008096038117817228,0.002189729806578944,0.0013299460986315736,-0.00459544077824714,0.001298985101227501,-0.001579535116405073
2023-10-09,7.291235,0.949577,83.297408,19.380686,27.7020226,149.140632,0.821574,5.164276897,1.571171,-0.0018750345656879386,0.0030379179910025034,0.001742520998734065,-0.0010579751409345306,0.0030695928597976874,0.0004270612776822169,0.0031538808118769524,-0.0015328025871743645,-0.0009461682411762151
2023-10-10,7.298998,0.945001,83.239936,19.162446,27.72566623,149.036099,0.816386,5.123039123,1.562843,0.0010647030304193894,-0.004818987822999055,-0.0006899614451388869,-0.011260695312849123,0.0008534983290353626,-0.0007009022195909598,-0.006314708109068756,-0.007985198087258949,-0.005300505164619329
2023-10-11,7.302244,0.94304,83.174274,18.894662,27.73387401,148.877782,0.813514,5.04158808,1.558751,0.0004447185764402395,-0.0020751300792274385,-0.0007888280932845104,-0.013974416418446767,0.00029603544715262053,-0.0010622728390120573,-0.0035179437178001205,-0.015898969546089048,-0.00261830522963602
2023-10-12,7.299557,0.941708,83.239947,18.84217,27.74799887,149.119503,0.812318,5.04793295,1.561729,-0.00036796907909397714,-0.0014124533423820473,0.0007895830867126197,-0.002778139137921687,0.0005092999266855802,0.001623620373387924,-0.0014701652337881788,0.0012585062284580228,0.0019105039868458906
2023-10-13,7.307298,0.950209,83.27062,18.967693,27.80083618,149.600912,0.821123,5.069555302,1.583238,0.0010604753137759548,0.009027214380678439,0.00036848894197394344,0.006661812307181325,0.001904184523271235,0.0032283436459681347,0.01083935109156764,0.004283407132022354,0.013772555929998154
2023-10-16,7.312393,0.948947,83.252515,18.795692,27.88090719,149.497058,0.821266,5.060732587,1.580945,0.0006972481483580317,-0.0013281288642814637,-0.0002174236243226435,-0.009068103327062538,0.0028801655274528493,-0.0006942069978823628,0.00017415174096946373,-0.0017403331208398765,-0.0014482977290842802
2023-10-17,7.312707,0.946163,83.223105,18.841707,27.91976535,149.522188,0.821459,5.043523512,1.572713,4.294079927036343e-05,-0.002933778177284907,-0.0003532626011357731,0.002448167377929078,0.0013937193555142446,0.0001680969534529897,0.00023500303190449046,-0.0034005106383623307,-0.005207012261653654
2023-10-18,7.314529,0.946522,83.250355,18.827922,28.00946522,149.645054,0.819782,5.044486512,1.569901,0.0002491553401497981,0.000379427223427653,0.00032743310887028976,-0.0007316216094432892,0.0032127730615043593,0.0008217241978827339,-0.0020414895935160216,0.0001909379420375057,-0.001787993104908514
2023-10-19,7.315117,0.947149,83.22599,19.131654,27.99820042,149.848456,0.824948,5.069141883,1.583444,8.038795115861141e-05,0.000662425173424408,-0.0002926714246443973,0.01613199799744236,-0.0004021783319145822,0.0013592296876048238,0.006301675323439726,0.004887587852866693,0.008626658623696715
2023-10-20,7.316495,0.944198,83.073364,19.059296,28.01992258,149.938627,0.823463,5.056179775,1.583609,0.00018837702800933442,-0.003115666067324163,-0.0018338742500990657,-0.003782108959319519,0.0007758412924454561,0.0006017479419340166,-0.0018001134616970615,-0.0025570615893529824,0.00010420324305759898
2023-10-23,7.316127,0.943663,83.13768,19.061527,28.05001415,149.957535,0.822431,5.050863452,1.585826,-5.029730765893081e-05,-0.0005666184423182008,0.0007742072416858647,0.00011705574014908571,0.0010739348017141381,0.00012610492958575747,-0.0012532439223134073,-0.0010514505489473969,0.0013999667847302
2023-10-24,7.310008,0.940557,83.056622,19.108916,28.09951091,149.793078,0.81852,5.02003386,1.571482,-0.0008363714845299741,-0.003291429249636879,-0.0009749851090383732,0.002486107225302625,0.001764589484173129,-0.0010966904730729254,-0.004755414132006197,-0.006103826067163309,-0.00904512853238626
2023-10-25,7.31666,0.945537,83.175586,19.139656,28.11403177,149.914902,0.824887,4.998392587,1.576967,0.0009099853242293676,0.005294734928345646,0.0014323240836833229,0.0016086731450386527,0.0005167655781095348,0.0008132819061239527,0.0077786737037579545,-0.004310981480112996,0.0034903358740348
2023-10-26,7.318975,0.948767,83.240512,19.082638,28.15901328,150.360531,0.82704,4.99943074,1.586243,0.00031640119945453016,0.0034160482350242827,0.000780589631192985,-0.0029790504071754986,0.0015999665351449366,0.0029725463850152067,0.0026100544680665028,0.00020769737109094244,0.005882177623247609
2023-10-27,7.318376,0.948677,83.24732,18.912627,28.1944787,149.966796,0.825567,4.975903614,1.576321,-8.18420612176407e-05,-9.485996034852562e-05,8.178709905104498e-05,-0.008909197984052208,0.0012594695576635395,-0.002618606075553309,-0.0017810504933255533,-0.004705960983069857,-0.006255031543086376
2023-10-30,7.316832,0.942951,83.267327,18.758227,28.23950967,149.740688,0.823621,4.993116455,1.568788,-0.0002109757683944613,-0.006035774030570984,0.00024033206114015826,-0.008163857934701424,0.0015971556161453737,-0.0015077204156577206,-0.0023571678616030045,0.003459239232763922,-0.004778848978095218
2023-10-31,7.315755,0.941708,83.265373,18.787739,28.29409549,150.955834,0.822733,5.061022695,1.576325,-0.00014719485154224277,-0.0013182021123048226,-2.3466587320553067e-05,0.0015732830186987456,0.0019329591992875983,0.00811500211619176,-0.0010781658068456101,0.01359997120275458,0.004804345775209828
2023-11-01,7.318971,0.949037,83.280345,18.634241,28.33092911,151.210022,0.82514,5.026383221,1.5717,0.00043959919379488177,0.0077826672386769324,0.00017981063989225277,-0.008170115627005425,0.0013018129529187572,0.001683856749782775,0.0029256149929564046,-0.0068443625108067785,-0.0029340396174646344
2023-11-02,7.317231,0.937998,83.204202,18.356158,28.35015477,149.97655,0.818919,4.954319482,1.551731,-0.00023773833780738052,-0.011631790962839172,-0.0009142973651226072,-0.014923226548373969,0.000678610289318593,-0.008157342904162812,-0.007539326659718348,-0.01433709604530764,-0.01270535089393654
2023-11-03,7.306391,0.934405,83.212951,18.340404,28.40740049,149.383293,0.812773,4.8984302,1.539712,-0.0014814347121199223,-0.003830498572491625,0.00010515093937213393,-0.0008582405969702611,0.0020192383591703944,-0.0039556650689723805,-0.007505015758579314,-0.011280920054319576,-0.007745543525263132
2023-11-06,7.270645,0.931012,83.22875,18.261707,28.43850666,149.771902,0.806629,4.896657667,1.538404,-0.0048924291076126725,-0.0036311877611957533,0.00018986227276096557,-0.004290908749883471,0.001095002339652762,0.0026014221014662997,-0.007559306226953777,-0.00036185735585236856,-0.0008495095186631385
2023-11-07,7.284204,0.935804,83.264552,18.390043,28.4995321,150.449186,0.812792,4.863091896,1.556803,0.0018648964431629,0.005147087255588545,0.00043016385563876547,0.0070276015270640535,0.0021458735766120007,0.00452210321799873,0.007640439408947541,-0.00685483308874324,0.011959797296418717
2023-11-08,7.281323,0.937119,83.287414,18.488427,28.51232312,150.848093,0.815434,4.88539031,1.554868,-0.0003955133601419858,0.0014052087830358495,0.00027457062400348953,0.005349851547383766,0.0004488150877397512,0.002651440068276667,0.00325052411933191,0.004585233936940547,-0.0012429318288826874
2023-11-09,7.285193,0.935366,83.297166,18.606866,28.50051445,151.127116,0.815686,4.899261061,1.561968,0.0005314968172678292,-0.0018706268894345124,0.00011708851952119126,0.006406115566240267,-0.0004141602194357441,0.0018496952427498048,0.00030903788657332676,0.0028392308740630146,0.004566304020662937
2023-11-10,7.289525,0.936067,83.291491,18.749041,28.56398016,151.427502,0.81845,4.921744828,1.572124,0.0005946307805435591,0.0007494392569324937,-6.812956877799703e-05,0.007640996608456074,0.0022268268213663234,0.0019876380093166723,0.003388558832688071,0.004589215949110992,0.00650205381928437
2023-11-13,7.290909,0.937207,83.26523,18.746485,28.58865979,151.790066,0.816823,4.929615745,1.569072,0.0001898614793145459,0.0012178615419622396,-0.0003152903097867199,-0.00013632697267018656,0.0008640122931664607,0.002394307475269475,-0.0019879039648116326,0.001599212733505162,-0.0019413226946475293
2023-11-14,7.289351,0.932488,83.174002,18.714472,28.63651623,151.687803,0.813409,4.89080567,1.568351,-0.00021369077573185624,-0.005035173659607817,-0.0010956313938003115,-0.0017076801331022962,0.0016739658435034332,-0.0006737133904402004,-0.004179608066863794,-0.007872839792708919,-0.00045950727563803806
2023-11-15,7.241627,0.920133,83.082168,18.138296,28.66746411,150.340449,0.802245,4.860967979,1.531837,-0.006547084918808177,-0.013249500261665603,-0.001104119049123109,-0.03078772406723529,0.001080713860283744,-0.008882414890009294,-0.013724952637603094,-0.006100772145379518,-0.023281778122371977
2023-11-16,7.249977,0.921744,83.246843,18.316711,28.67149046,151.212093,0.80671,4.857867085,1.542631,0.0011530557980961031,0.001750833846846156,0.001982073939139406,0.009836370516833615,0.00014045016275421318,0.0057978009630661465,0.005565631446752706,-0.0006379169773174098,0.007046441625316646
2023-11-17,7.212472,0.919794,83.247333,18.327263,28.69481236,149.273363,0.803854,4.870033113,1.536884,-0.005173119859552711,-0.002115554861219615,5.886109098351966e-06,0.0005760859577899069,0.0008134177758403194,-0.012821262913145559,-0.0035403056860582316,0.0025043970506246627,-0.003725453462299244
2023-11-20,7.172218,0.915081,83.369327,18.43384,28.76390922,148.352855,0.801885,4.883235725,1.525348,-0.005581165514403352,-0.005123973411437777,0.001465440340292945,0.0058152163800999634,0.002407991351646377,-0.006166592495139178,-0.0024494497757054923,0.0027109901911666068,-0.00750609675160907
2023-11-21,7.136285,0.912825,83.288453,18.384573,28.80438156,147.52168,0.797134,4.879415792,1.520128,-0.005010026187157179,-0.0024653555259043225,-0.0009700690039154969,-0.0026726390160705105,0.0014070528345242472,-0.005602689614567891,-0.005924789714235823,-0.000782254475335642,-0.003422169891723059
2023-11-22,7.150124,0.916506,83.31317,18.605811,28.82833837,148.703144,0.797635,4.894326826,1.52305,0.0019392442986791991,0.004032536356914029,0.00029676382631338427,0.012033893852198885,0.0008317071467096593,0.008008748273474087,0.0006285016070071148,0.0030559055910848176,0.0019222065510273723
2023-11-23,7.142385,0.917431,83.316514,18.827982,28.76477064,149.522936,0.797615,4.896055046,1.525963,-0.0010823588513989568,0.001009267806211911,4.013771172073355e-05,0.011940946836447974,-0.002205043148312491,0.005512943290560068,-2.5074125383217627e-05,0.0003531067829019019,0.0019126095663306586
2023-11-24,7.153719,0.916086,83.399597,18.899963,28.88145841,149.596922,0.795328,4.885031147,1.522627,0.0015868648917694017,-0.0014660503078706144,0.00099719726631875,0.003823086297830569,0.004056620908276409,0.0004948137187461565,-0.002867298132557594,-0.0022515880431135393,-0.002186160477023358
2023-11-27,7.152863,0.913159,83.347913,18.63638,28.90795361,148.717012,0.791444,4.887407543,1.51356,-0.0001196580408036052,-0.003195114869127935,-0.0006197152247628956,-0.013946217778309955,0.0009173774961039882,-0.005881872355635753,-0.004883519755371379,0.0004864648614286704,-0.005954839891844754
2023-11-28,7.153439,0.913325,83.345511,18.707919,28.93350991,148.634579,0.792949,4.894784912,1.513106,8.052719589346502e-05,0.0001817865234861049,-2.8818957950482726e-05,0.003838674678236842,0.000884057735278887,-0.0005542943533588529,0.001901587478078115,0.0015094646671254264,-0.00029995507280844436
2023-11-29,7.127538,0.910332,83.320892,18.515885,28.91488393,147.583068,0.787665,4.896222121,1.509877,-0.0036207759652384652,-0.003277037199244548,-0.00029538483482338673,-0.010264850943603077,-0.0006437511403885043,-0.007074470873968064,-0.006663732472075856,0.00029362046051839563,-0.0021340210137295035
2023-11-30,7.136401,0.914829,83.354039,18.818315,28.85746958,147.461348,0.79012,4.938614948,1.513311,0.0012434868814448219,0.004939955972106835,0.00039782339344140993,0.01633354279312038,-0.0019856330787628718,-0.0008247558588496684,0.0031168072721272644,0.008658272838190095,0.0022743574476598027
2023-12-01,7.143448,0.91954,83.321839,18.69692,28.91512644,148.174713,0.791218,4.923034483,1.51246,0.0009874725369272142,0.005149596263345435,-0.0003863040158138542,-0.006450896374090909,0.001997987378628663,0.004837640572769031,0.0013896623297726673,-0.0031548248170893967,-0.0005623431006581692
2023-12-04,7.138388,0.920133,83.382407,18.736382,28.89059625,146.73353,0.789382,4.892804564,1.504509,-0.0007083414059989579,0.000644887661221949,0.0007269162650143102,0.002110615010386674,-0.0008483514692871896,-0.009726241210941233,-0.0023204729922725598,-0.006140505231963855,-0.005256998532192414
2023-12-05,7.143293,0.924471,83.376629,18.925303,28.92900065,147.111029,0.792484,4.958491264,1.524637,0.0006871299234505468,0.004714535833406863,-6.929519316956068e-05,0.010083109962211623,0.0013293045137481307,0.002572683966643563,0.00392965636409226,0.013425163245494254,0.013378451042831863
2023-12-06,7.157914,0.927816,83.343385,18.96465,28.940527,147.244387,0.794303,4.916867693,1.520783,0.00204681510334237,0.0036182854843471723,-0.00039872084538217223,0.0020790684302385287,0.00039843581668974615,0.000906512590568509,0.0022953144795352376,-0.008394402406675217,-0.0025278148175598147
2023-12-07,7.15421,0.928419,83.366447,18.759261,28.93203974,145.000464,0.796119,4.884783214,1.523257,-0.0005174691956343347,0.0006499133448873984,0.0002767106231644778,-0.0108300970489833,-0.000293265564929035,-0.015239446784480748,0.002286281179852079,-0.006525389944024407,0.0016267935662090949
2023-12-08,7.161455,0.927902,83.406792,18.897374,28.98209149,144.3166,0.795119,4.911663728,1.514986,0.0010126904298308759,-0.0005568606415853328,0.000483947696607423,0.007362390234881833,0.001729976539842637,-0.00471628835615312,-0.001256093624194321,0.005502908281161734,-0.005429812566100201
2023-12-11,7.17728,0.929627,83.368783,19.098355,28.99247002,146.453472,0.795575,4.942734963,1.526448,0.0022097464830819202,0.001859032527141924,-0.00045570629307989385,0.010635393044557517,0.0003581014849662889,0.014806834418216619,0.0005734990611467872,0.0063260102321078815,0.0075657464821456966
2023-12-12,7.168364,0.925583,83.373288,18.909385,29.04155868,145.168456,0.795335,4.93585709,1.517771,-0.001242253332738752,-0.004350131827066006,5.403701287098883e-05,-0.009894569453756663,0.0016931520483125517,-0.008774226943558006,-0.00030166860446845245,-0.0013915115925670074,-0.005684438644487089
2023-12-13,7.177714,0.927042,83.399926,19.08501,29.05339761,145.66608,0.798368,4.969778437,1.525169,0.0013043422460130571,0.0015763037998752782,0.0003195028124594046,0.009287716126145762,0.000407654772612176,0.003427907230755478,0.003813487398391713,0.006872432969893927,0.004874253098787751
2023-12-14,7.131239,0.915835,83.334554,18.56333,29.00201484,141.771224,0.787206,4.885886986,1.491712,-0.006474902733655918,-0.012088988416921853,-0.0007838376259470259,-0.02733454161145321,-0.0017685632052312217,-0.026738249563659555,-0.01398102128341816,-0.01688032013166396,-0.02193658538824228
2023-12-15,7.108716,0.913576,83.081491,18.253335,29.04851087,141.741275,0.784149,4.941074365,1.491321,-0.00315835719431079,-0.002466601516648681,-0.0030367115182496907,-0.01669932064990498,0.0016031999933974195,-0.00021124879333755953,-0.003883354547602469,0.011295263103328734,-0.00026211493907668526
2023-12-18,7.134365,0.915919,83.156256,18.531416,29.06090859,142.837516,0.790099,4.940007327,1.486078,0.003608105880161805,0.002564647057278213,0.0008998995937614662,0.015234531114451055,0.0004267936506447967,0.007734098624412544,0.007587843636859937,-0.00021595262916074276,-0.0035156750290513683
2023-12-19,7.136563,0.912242,83.181445,18.479201,29.09386973,144.316731,0.785395,4.869093231,1.484492,0.00030808628378276026,-0.004014547137901947,0.00030291166547957715,-0.002817647609875018,0.0011342088599164413,0.010355927780205887,-0.005953684285133987,-0.014355058870543225,-0.001067238731748965
2023-12-20,7.138249,0.913743,83.204952,18.376005,29.13285819,143.567251,0.79089,4.869060673,1.478984,0.0002362481771687186,0.0016453967258687197,0.000282599082042978,-0.005584440582685368,0.0013400919287060997,-0.00519329945188407,0.006996479478478923,-6.686665967481353e-06,-0.0037103601770840378
2023-12-21,7.140672,0.910498,83.250023,18.334244,29.15678776,142.756988,0.790358,4.88828189,1.478922,0.00033943898566723973,-0.003551326795389942,0.0005416865092355838,-0.0022725831866065027,0.0008213945176245296,-0.005643787105737541,-0.0006726599147794943,0.003947623225684094,-4.192066986530296e-05
2023-12-22,7.134174,0.907194,83.124376,18.42239,29.21564003,142.12102,0.786174,4.864737367,1.469382,-0.0009099983867065786,-0.0036287833691014404,-0.0015092728562969837,0.004807724823559623,0.002018475782875395,-0.004454899258591993,-0.005293803567497202,-0.004816523173134746,-0.006450644455894272
2023-12-27,7.147402,0.903751,83.31315,18.46254,29.4025305,142.620877,0.784727,4.829100768,1.461365,0.0018541740080910696,-0.00379521910418279,0.002270982461269888,0.002179413203172942,0.0063969322530019745,0.0035171222384979828,-0.001840559469023506,-0.007325492891300023,-0.005456035258360248
2023-12-28,7.102843,0.899766,83.182473,18.535451,29.46742847,140.876372,0.783336,4.835252834,1.46176,-0.006234293243894684,-0.004409400376873762,-0.0015685038916424254,0.003949131592944299,0.0022072239666581783,-0.012231764638496845,-0.0017725909774990445,0.0012739568494339881,0.0002702952376716361
2023-12-29,7.104887,0.904977,83.171493,18.414208,29.55031674,141.475113,0.786471,4.852307692,1.471765,0.000287772093512384,0.005791505791505891,-0.00013199896088689211,-0.0065411410814875115,0.0028128776178886206,0.004250116548997873,0.004002114035356552,0.003527190528709312,0.006844488835376472
2024-01-02,7.143483,0.912742,83.319642,18.588536,29.72654253,142.095655,0.790845,4.888828039,1.473804,0.005432317220527283,0.008580328560836348,0.001781247331943403,0.009467037626597952,0.0059635837933831315,0.0043862272794226165,0.005561552809957293,0.00752638730231614,0.0013854113938025492
2024-01-03,7.148732,0.915835,83.308911,18.804469,29.78093232,143.01676,0.791922,4.93259456,1.486949,0.0007347956172081282,0.0033886903418489656,-0.00012879316020109055,0.01161646081219092,0.0018296709058953642,0.00648228828671793,0.0013618344934847038,0.008952354357907089,0.008919096433447127
2024-01-04,7.151465,0.912992,83.241578,18.649776,29.77147813,144.170547,0.787711,4.908335616,1.486351,0.0003823055613219051,-0.0031042709658398726,-0.0008082328671897843,-0.008226395544591147,-0.0003174578249739435,0.008067495026456983,-0.0053174428794754425,-0.004918090004137787,-0.00040216577703744427
2024-01-05,7.154107,0.915667,83.151726,18.817965,29.8404908,145.197326,0.789397,4.919329732,1.495925,0.00036943479412965274,0.002929927096841922,-0.0010794125022474121,0.009018285259833725,0.002318080066386008,0.007121974781714613,0.0021403788953053837,0.0022398867681667767,0.006441278002302209
2024-01-08,7.16216,0.913576,83.103874,18.726841,29.89365978,144.518546,0.787045,4.897405445,1.496254,0.0011256471282858893,-0.002283581258252121,-0.0005754781325885139,-0.0048423939570512164,0.001781772972715201,-0.00467487948090739,-0.0029794894077378453,-0.0044567630539954495,0.000219930812039415
2024-01-09,7.164625,0.914077,83.107404,18.681901,29.93903108,144.085923,0.785539,4.888025594,1.49351,0.0003441699152211264,0.0005483944411850405,4.2476960821380416e-05,-0.0023997640605802895,0.0015177566190927028,-0.002993546586055329,-0.0019134865223716657,-0.0019152694432470474,-0.0018339132259630464
2024-01-10,7.169377,0.913576,83.021652,18.649644,29.97323223,145.285949,0.785885,4.888361045,1.492235,0.0006632587190535943,-0.0005480938695536786,-0.001031821424719248,-0.001726644413756473,0.0011423599484101654,0.008328544350581613,0.00044046189940916136,6.862709565425007e-05,-0.000853693647849596
2024-01-11,7.158369,0.910167,83.015382,18.597524,29.99699645,145.362701,0.784063,4.879038864,1.489852,-0.001535419325835341,-0.0037314903193604865,-7.552246731978851e-05,-0.0027946914160934533,0.0007928480925127879,0.0005282823323815578,-0.0023184053646525538,-0.001907015646795407,-0.0015969334588721296
2024-01-12,7.169713,0.91391,82.923597,18.681046,30.09550356,145.467008,0.785505,4.87196125,1.496527,0.0015847185301567368,0.004112432114106612,-0.0011056384707114342,0.004491027945440429,0.00328389911183935,0.00071756371670606,0.0018391379264166563,-0.0014506164425583945,0.004480310795971665
2024-01-15,7.174874,0.913659,82.867063,18.666971,30.10004568,145.883965,0.786432,4.872818639,1.502878,0.0007198335554017277,-0.00027464411156463697,-0.0006817601026158915,-0.0007534374681159584,0.00015092354214796266,0.0028663337875209915,0.0011801325262092988,0.00017598436358667868,0.004243825871501183
2024-01-16,7.189579,0.918949,83.095938,18.886969,30.10696563,146.700974,0.791013,4.887336887,1.514795,0.002049513343370224,0.005789906299833891,0.002761953805458184,0.011785414998501942,0.00022989832220088324,0.0056004030326430865,0.005825042724609375,0.0029794353280054864,0.007929452690105254
2024-01-17,7.195182,0.919371,83.135515,19.061414,30.13726211,147.696975,0.788986,4.934540774,1.525421,0.0007793224053869174,0.00045922026140732264,0.000476280802077067,0.009236262313979449,0.0010062947017752677,0.006789327792738442,-0.002562536898887857,0.009658406631545935,0.007014810584930586
2024-01-18,7.193655,0.91954,83.153563,18.93977,30.14804598,147.944828,0.788717,4.924229885,1.524506,-0.00021222534746168087,0.00018382133001804135,0.0002170913357546489,-0.006381688158076826,0.00035782513888071854,0.001678118323005462,-0.000340943945773442,-0.002089533651100428,-0.0005998344063704586
2024-01-19,7.191237,0.918527,83.079361,19.003582,30.19252319,148.038946,0.788326,4.908974006,1.515569,-0.000336129547496955,-0.001101637775409503,-0.0008923490145575919,0.0033692067010318016,0.001475293291960167,0.0006361695861378802,-0.0004957418186751772,-0.0030981248553142438,-0.005862226845942176
2024-01-22,7.194582,0.918274,83.131772,19.177778,30.24251607,147.796143,0.785813,4.934618916,1.516988,0.00046514945898734616,-0.00027544100500032087,0.0006308546354851785,0.009166482403159426,0.001655803315456561,-0.0016401292130248102,-0.0031877674972029535,0.005224087552440748,0.0009362820168530295
2024-01-23,7.17007,0.919794,83.117642,19.041759,30.28007726,147.976453,0.786359,4.965139809,1.517016,-0.00340700821812856,0.0016552793610620231,-0.0001699711152554073,-0.007092531783400635,0.0012419995053671862,0.0012199912415846725,0.0006948217960254244,0.006185055729641009,1.845762787833216e-05
2024-01-24,7.152315,0.917011,83.106282,18.832279,30.16689592,147.143512,0.784438,4.913984411,1.514901,-0.0024762659220900485,-0.0030256774886550097,-0.0001366737521260042,-0.011001084511152559,-0.003737815429867175,-0.005628875291395219,-0.002442904576662852,-0.010302911895305189,-0.001394184372478513
2024-01-25,7.169099,0.918021,83.124484,18.893969,30.28477004,147.626916,0.785257,4.926466538,1.518131,0.002346652797031501,0.0011014044542541068,0.00021902074743285205,0.0032757586057428068,0.003907399697754554,0.003285255281931798,0.001044059568761302,0.0025401234428130692,0.0021321525300992406
2024-01-26,7.174501,0.919879,83.128507,18.789808,30.30493975,147.750897,0.785282,4.909024009,1.516236,0.0007535117034929151,0.0020239188428152755,4.839729290839756e-05,-0.005512923197873221,0.0006660017551183284,0.0008398265259432769,3.1836710783883504e-05,-0.0035405759615857457,-0.0012482453753990264
2024-01-29,7.17934,0.923958,83.155779,18.758385,30.35285965,147.953433,0.787674,4.909359697,1.515107,0.0006744719946376598,0.004434278856240814,0.0003280703694099607,-0.0016723427934973722,0.0015812570622253386,0.00137079370827764,0.0030460395119205064,6.838182078228172e-05,-0.0007446070400649596
2024-01-30,7.179237,0.921999,83.125115,18.894892,30.35985617,147.492163,0.789489,4.950857459,1.517795,-1.4346722679303703e-05,-0.0021202262440499497,-0.0003687536857781559,0.007277119005713928,0.00023050612300390405,-0.003117670138819806,0.002304252774625093,0.008452784998695062,0.0017741321240019037
2024-01-31,7.178094,0.922765,83.049737,18.754083,30.35747901,147.817662,0.788364,4.959767463,1.519609,-0.00015920911929778736,0.0008308035041251216,-0.000906801752996067,-0.0074522257126421465,-7.829944867632221e-05,0.002206890138291673,-0.0014249723555364024,0.0017996890586706726,0.001195154813397048
2024-02-01,7.182171,0.924727,82.978546,18.711208,30.36646939,146.994637,0.789282,4.954503421,1.534492,0.0005679780732881223,0.0021262184846628784,-0.00085720921668897,-0.0022861688305422234,0.00029615041476405146,-0.0055678393830908,0.001164436732270957,-0.0010613485489532337,0.009793966737496218
2024-02-02,7.177341,0.918864,82.910962,18.650464,30.45437839,146.632362,0.783451,4.913259212,1.513186,-0.0006724986080114403,-0.006340249608803417,-0.0008144755874608389,-0.003246396491343617,0.00289493647980521,-0.002464545696316822,-0.007387727073466799,-0.008324589872152233,-0.013884725368395578
2024-02-05,7.198027,0.930579,83.055556,19.00549,30.55211241,148.632049,0.796529,4.996649916,1.541225,0.00288212584576919,0.012749438437026583,0.0017439672211256863,0.019035773051008453,0.0032091943808019163,0.013637419275834839,0.016692811675522723,0.016972583859676815,0.01852977756865326
2024-02-06,7.18896,0.930839,83.045239,18.921437,30.56176115,148.524621,0.795495,4.968816904,1.53728,-0.0012596507348472397,0.0002793959459648221,-0.00012421805953599652,-0.00442256421697107,0.0003158125327151762,-0.0007227781674462586,-0.001298132271392638,-0.005570334617775563,-0.0025596522246914555
2024-02-07,7.194599,0.927988,82.982554,18.901819,30.59948033,148.208983,0.79162,4.959168523,1.531552,0.0007843971867975696,-0.0030628282656828265,-0.000754829545375868,-0.001036813430185135,0.0012341952355059416,-0.002125156070925116,-0.004871180837088818,-0.0019417863822337456,-0.0037260616153205195
2024-02-08,7.196505,0.929541,82.98615,18.956126,30.60448039,149.237777,0.793623,4.977319204,1.540156,0.000264920949729186,0.001673513019564865,4.333440978454561e-05,0.0028731097255771942,0.00016340342862286583,0.006941509071687113,0.0025302544149969908,0.003660025045694404,0.005617830801696533
2024-02-09,7.193557,0.928333,83.026643,19.016617,30.68297438,149.461567,0.793167,4.97929818,1.535741,-0.0004096432921257831,-0.0012995661299501915,0.00048794889267678165,0.0031911056088147483,0.002564787540900282,0.0014995532933996802,-0.0005745801217958979,0.0003975987713245033,-0.0028665927347619746
2024-02-12,7.193632,0.928247,83.015038,18.997679,30.70361088,148.992853,0.792639,4.953680498,1.532071,1.0425996485485811e-05,-9.263917150414969e-05,-0.00013977440952306353,-0.0009958658787732055,0.000672571692184043,-0.003136016899916494,-0.0006656857887430423,-0.005144837901633781,-0.0023897258717453518
2024-02-13,7.193644,0.926526,82.997313,18.825164,30.72398777,149.328268,0.788455,4.953673677,1.531178,1.6681420456077234e-06,-0.0018540323857767493,-0.00021351553196902184,-0.009080846139152055,0.0006636642862509756,0.002251215365343784,-0.005278569437032421,-1.3769559830123512e-06,-0.0005828711593653946
2024-02-14,7.193597,0.933445,83.035564,19.040605,30.74927658,150.546066,0.795837,4.953701111,1.542145,-6.533545446552047e-06,0.00746768034572165,0.00046087034166975016,0.01144430932978846,0.0008230966041684606,0.008155173942016036,0.009362614226557042,5.538112073599777e-06,0.007162459230736218
2024-02-15,7.194266,0.930839,83.050358,19.023178,30.74066834,150.107046,0.797124,4.970771665,1.538211,9.299937152440485e-05,-0.002791808837157017,0.0001781646235341494,-0.0009152545310402438,-0.00027994935027508827,-0.002916183807818662,0.001617165324055092,0.003446020181171905,-0.002550992286717624
2024-02-16,7.193629,0.928678,83.006594,18.88698,30.82754458,150.334324,0.794994,4.973161218,1.533897,-8.854273667391332e-05,-0.0023215615160085967,-0.0005269573913214698,-0.007159581853252939,0.0028261012102641647,0.0015141061399610578,-0.002672106221867754,0.0004807207333270558,-0.002804556722062146
2024-02-19,7.198404,0.927988,83.019673,18.959725,30.86859688,149.953601,0.792947,4.958518931,1.529232,0.0006637817991448358,-0.0007429916504967382,0.00015756579531478465,0.0038515951200244203,0.001331675959253431,-0.0025325088101637583,-0.0025748622002178534,-0.0029442614783938836,-0.003041273305834813
2024-02-20,7.194779,0.925754,82.951768,18.947695,30.90399926,150.138863,0.793001,4.954730605,1.523514,-0.0005035838499757306,-0.00240735871584552,-0.000817938658948858,-0.0006345028738549141,0.0011468736378794642,0.0012354621613921424,6.810039006399649e-05,-0.0007640035366843767,-0.0037391317994914797
2024-02-21,7.19123,0.925155,82.92349,18.821908,31.00647608,149.986123,0.792108,4.926727727,1.52521,-0.0004932743590873034,-0.0006470401424136796,-0.000340896893240461,-0.006638643908929209,0.0033159727690208474,-0.0010173248747726849,-0.0011261019847388365,-0.005651745822818466,0.0011132158943074622
2024-02-22,7.191811,0.922169,82.876245,19.059941,30.99326817,150.424198,0.789607,4.933511619,1.522962,8.079285463002961e-05,-0.003227567272511056,-0.0005697420598193004,0.012646592470858753,-0.0004259726247485274,0.002920770210188106,-0.0031573977285926924,0.0013769569531560943,-0.0014738953980107938
2024-02-23,7.196972,0.92302,82.902898,19.260845,31.09119439,150.369208,0.787705,4.968709618,1.519937,0.0007176217506270621,0.0009228243413081927,0.0003215999952699278,0.010540641232835046,0.003159596447295243,-0.00036556618370675587,-0.0024087932351156693,0.007134471694450806,-0.0019862609835307188
2024-02-26,7.19683,0.921489,82.876428,19.305105,31.12255805,150.552893,0.787827,4.986269812,1.525986,-1.973052000192599e-05,-0.0016586856189464427,-0.0003192892002399361,0.0022979261813280694,0.0010087634333562079,0.0012215599353295747,0.0001548803168700541,0.003534155817112916,0.003979770214160183
2024-02-27,7.197863,0.92115,82.880895,19.134119,31.14701548,150.18423,0.788688,4.969141489,1.525884,0.0001435354176768655,-0.000367882850473511,5.3899523758227375e-05,-0.008857035483619602,0.0007858425377731404,-0.0024487274382698487,0.0010928795281195391,-0.0034350975069136203,-6.68420286948912e-05
2024-02-28,7.199019,0.925241,82.897391,19.231773,31.18865655,150.69393,0.791525,4.949759437,1.539508,0.00016060322348443457,0.00444118764587742,0.0001990325997325293,0.005103658025749747,0.0013369200662818326,0.0033938316959110093,0.0035971131803704814,-0.003900483019633305,0.008928594834207715
2024-02-29,7.194532,0.923702,82.898393,19.306023,31.22732311,150.129318,0.791197,4.992979863,1.541105,-0.000623279366258167,-0.00166335041356791,1.208723203371953e-05,0.003860798481762462,0.001239763563974261,-0.003746746799953904,-0.0004143899434635445,0.008731823546195505,0.0010373443983402453
2024-03-01,7.198465,0.924813,82.875705,19.176732,31.34597244,150.578008,0.791529,4.96217516,1.538611,0.0005466651618200036,0.0012027688583546858,-0.00027368443680209076,-0.00669692561746138,0.0037995357329236867,0.0029886900571944874,0.00041961736457540866,-0.006169602891506809,-0.0016183193228235249
2024-03-04,7.199336,0.921999,82.924488,19.028674,31.52646137,150.488659,0.789074,4.952793657,1.534206,0.00012099801832743395,-0.003042777296599408,0.0005886284768257255,-0.0077207107029498845,0.005757962377638037,-0.0005933735024572506,-0.003101591982100471,-0.001890602950823772,-0.00286297186228357
2024-03-05,7.199189,0.921744,82.913172,18.975205,31.65950779,150.25348,0.788487,4.950963222,1.540142,-2.0418549710687905e-05,-0.0002765729680834772,-0.00013646149976820343,-0.0028099172858813137,0.004220150762832109,-0.0015627689259960498,-0.0007439099501440616,-0.0003695762688220583,0.0038691023239381117
2024-03-06,7.198915,0.919625,82.81773,18.88799,31.74296487,149.595365,0.786261,4.942983263,1.532739,-3.805984257387873e-05,-0.0022989029491919943,-0.0011511078119168516,-0.0045962612788637,0.002636082675497642,-0.004380031663825723,-0.002823128345806669,-0.0016117992887808574,-0.004806699641980994
2024-03-07,7.197063,0.917852,82.717302,18.781276,31.84295548,147.856815,0.784259,4.941257458,1.514548,-0.00025726099002421066,-0.0019279597662090753,-0.0012126388878322958,-0.005649833571491736,0.0031500085265978583,-0.011621683599622012,-0.002546228288062058,-0.0003491423919880221,-0.011868295906869997
2024-03-08,7.189352,0.914746,82.7264,18.642975,31.96496524,147.26491,0.779071,4.965331138,1.506495,-0.0010714092679193765,-0.0033839878324610773,0.0001099890806399717,-0.007363770171952,0.0038316091631831473,-0.004003231098952176,-0.0066151615728988755,0.0048719744325453895,-0.005317097906438195
2024-03-11,7.182043,0.915248,82.747117,18.696412,32.00164745,146.833242,0.779865,4.992586491,1.514369,-0.0010166423900235255,0.0005487862204371918,0.00025042791660223607,0.0028663343699166788,0.0011475754697238827,-0.002931234603002042,0.0010191625666982063,0.005489130984923207,0.005226701714907911
2024-03-12,7.177538,0.916086,82.77391,18.67827,32.05368267,147.847197,0.782869,4.98580066,1.514566,-0.000627258845428802,0.0009155988322291364,0.00032379375827673584,-0.0009703466098199831,0.0016260169130761781,0.006905486701710206,0.003851948734716837,-0.0013591814607984976,0.0001300871848275431
2024-03-13,7.192431,0.91416,82.817442,18.697779,32.09946065,147.938568,0.781159,4.98272237,1.512204,0.0020749454757327257,-0.0021024226983056282,0.0005259145061529136,0.0010444757464154186,0.0014281660073600655,0.0006180096873937835,-0.0021842734863687374,-0.0006174113667832826,-0.0015595226619374847
2024-03-14,7.191213,0.915332,82.857666,18.641556,32.12320366,148.009153,0.781876,4.964485126,1.512952,-0.00016934469027229948,0.0012820512820512775,0.0004856947887861285,-0.003006934673898898,0.0007396700604689332,0.000477123720705519,0.0009178669131379991,-0.00366009635812814,0.0004946422572615905
2024-03-15,7.196107,0.918105,82.867242,18.684815,32.21786632,148.760558,0.784154,5.000091811,1.522126,0.0006805527801776456,0.0030295018638044624,0.00011557168409748186,0.0023205680899169856,0.002946862367836367,0.005076746841460533,0.0029135054663398385,0.007172281535001712,0.0060636424684987755
2024-03-18,7.198127,0.918105,82.891113,18.900018,32.30123026,149.201249,0.785209,4.992838781,1.522494,0.0002807073324508913,0.0,0.00028806316493557027,0.01151753442568193,0.00258750654596418,0.0029624183044538732,0.0013453989905043429,-0.0014505793641715892,0.00024176710732226603
2024-03-19,7.199189,0.921319,83.01686,18.927769,32.34346785,150.515939,0.787221,5.045697439,1.534089,0.00014753838047032453,0.0035006889190234425,0.0015170142545919418,0.0014683054799207174,0.0013076155199052142,0.008811521410253098,0.002562375112867832,0.010586894614172282,0.007615793559777595
2024-03-20,7.198266,0.922169,83.216525,18.866562,32.39035411,151.733678,0.787883,5.017890077,1.533844,-0.00012820888575082456,0.0009225903297338522,0.0024051138527765303,-0.0032337144435777843,0.0014496361434537253,0.0080904322033295,0.0008409328511307379,-0.005511103734652578,-0.0001597039024463509
2024-03-21,7.199046,0.916842,83.117264,18.72018,32.03859906,151.242321,0.785532,4.970202622,1.515999,0.0001083594298960655,-0.00577659843260836,-0.0011928039533013468,-0.007758806294437703,-0.010859870466541022,-0.0032382857021365785,-0.002983945585829373,-0.009503487375815522,-0.011634168794218858
2024-03-22,7.229511,0.923958,83.53414,18.996304,31.98826573,151.288922,0.79271,4.998521667,1.533863,0.004231810714919737,0.007761424542069406,0.00501551639139608,0.014750071847599688,-0.0015710215638874425,0.0003081214285254319,0.00913775632310343,0.005697764689642559,0.011783648933805235
2024-03-25,7.21126,0.922935,83.403784,18.909922,32.14877711,151.158283,0.790937,4.99021689,1.530226,-0.0025245137603358003,-0.0011071931841057925,-0.0015605116662479324,-0.004547305623241127,0.00501782063944356,-0.0008635067146555153,-0.002236631302746317,-0.0016614466342774747,-0.002371137448390015
2024-03-26,7.218609,0.921234,83.31322,18.912391,32.20101336,151.450944,0.790843,4.980838323,1.526854,0.001019100684207741,-0.0018430333663800313,-0.0010858500137116422,0.00013056637674124794,0.0016248285221323044,0.0019361228124030738,-0.00011884638093806466,-0.0018793906571061836,-0.002203596070123104
2024-03-27,7.228365,0.924556,83.33395,18.927145,32.26747411,151.183432,0.792973,4.989737426,1.534763,0.0013515069177456596,0.0036060327777742707,0.00024882005520843187,0.0007801234650870459,0.0020639334935514952,-0.0017663277159895019,0.0026933285114745242,0.0017866677099125372,0.005179932069470983
2024-03-28,7.228194,0.924984,83.374803,18.983073,32.32698178,151.188604,0.790954,4.997872537,1.536121,-2.365680205684839e-05,0.0004629249066578911,0.0004902323722804081,0.002954909469970346,0.0018441998216882638,3.4210097836551157e-05,-0.002546114432647739,0.001630368555589845,0.0008848271687549314
2024-04-02,7.235929,0.930319,83.402177,18.829566,32.19211089,151.651316,0.795516,5.034328775,1.537073,0.0010701151629299854,0.005767667332624127,0.0003283246138523488,-0.008086520027605681,-0.004172084202535675,0.0030604952209229985,0.005767718476674899,0.007294351292496559,0.0006197428457783705
2024-04-03,7.235741,0.927386,83.469814,18.795048,31.94083279,151.775944,0.79489,5.071037745,1.533803,-2.598146001708823e-05,-0.0031526820370216813,0.0008109740348865024,-0.0018331808603553323,-0.0078055800956517984,0.0008218062545530813,-0.0007869106341041876,0.007291730763054893,-0.0021274201030139217
2024-04-04,7.233782,0.921489,83.405455,18.678953,31.88951345,151.760044,0.790527,5.045245116,1.515481,-0.00027073937555255334,-0.006358733041042286,-0.000771045206833687,-0.006176892977341808,-0.001606700123863658,-0.0001047596844465648,-0.005488809772421388,-0.0050862624766362385,-0.01194547148492986
2024-04-05,7.233742,0.922424,83.321004,18.606217,31.94465455,151.3698,0.791191,5.039479753,1.518402,-5.529610928145523e-06,0.0010146621392117527,-0.0010125356908610161,-0.0038940084061456215,0.0017291295486980829,-0.0025714541832895232,0.0008399460106991441,-0.001142731991695789,0.0019274408587108827
2024-04-08,7.23293,0.923958,83.303151,18.624596,32.19818904,151.926453,0.79271,5.063845514,1.518341,-0.00011225172255258098,0.00166300963548216,-0.0002142677013349248,0.0009877881140480937,0.007936679659602097,0.0036774376394763664,0.0019198903930910394,0.004834975472516767,-4.017381431276057e-05
2024-04-09,7.233183,0.920217,83.200055,18.483574,32.19177326,151.808227,0.788286,5.014171344,1.5098,3.4978908962202127e-05,-0.004048885338943986,-0.0012376002439570266,-0.007571815249039493,-0.00019925903261308608,-0.0007781791627823331,-0.005580855546164387,-0.009809574534346499,-0.005625218577381408
2024-04-10,7.232781,0.92081,83.203039,18.494567,32.25865562,151.832413,0.787431,5.002762431,1.510037,-5.557719194992927e-05,0.0006444132199254771,3.5865360906273125e-05,0.0005947442848444062,0.0020776227348464626,0.00015931942871594273,-0.001084631719959539,-0.0022753336927052725,0.0001569744336997747
2024-04-11,7.237021,0.932053,83.36145,18.7915,32.28036164,153.024513,0.797139,5.076707988,1.533041,0.0005862198786330541,0.012209902151366636,0.001903908822368905,0.01605514743870451,0.0006728742901036533,0.007851419709703267,0.012328699276508148,0.014780945131791734,0.015234063801085718
2024-04-12,7.237514,0.938791,83.471649,18.767086,32.32576042,153.173113,0.801953,5.110965077,1.540837,6.812195238903307e-05,0.0072292026311808755,0.0013219419767769303,-0.0012992044275337289,0.0014063900679397445,0.0009710862468157444,0.006039097321796971,0.0067478943206849,0.005085317352895302
2024-04-15,7.238551,0.938438,83.422485,18.962744,32.40343468,153.950826,0.801473,5.119463213,1.542887,0.00014328124270290843,-0.0003760155348742078,-0.0005889904008007374,0.010425592976981202,0.0024028594839160533,0.0050773467011799855,-0.0005985388171128037,0.0016627262898434303,0.0013304457252778512
2024-04-16,7.238413,0.940115,83.573846,19.000094,32.5016452,154.686472,0.803234,5.227695779,1.558522,-1.9064589031669854e-05,0.001787012034891955,0.0018143909282972714,0.0019696516495713023,0.0030308675907315674,0.004778447892185955,0.0021972043974032296,0.02114138953575484,0.010133600192366643
2024-04-17,7.238767,0.940026,83.669863,19.059222,32.52998684,154.671931,0.802782,5.268283512,1.556308,4.890574771021505e-05,-9.466926918511032e-05,0.0011488881342136548,0.003111984603865414,0.0008720063192371175,-9.400304895446077e-05,-0.0005627251834459113,0.007763981439594003,-0.0014205766745672976
2024-04-18,7.237944,0.936417,83.517183,19.052439,32.49695664,154.340294,0.801835,5.241408372,1.551362,-0.00011369339557421032,-0.0038392555099538983,-0.001824790844942581,-0.000355890707396056,-0.0010153769862392137,-0.002144131762342849,-0.001179647774862902,-0.005101308602466825,-0.003178034168043964
2024-04-19,7.241059,0.938703,83.472074,19.223974,32.6015207,154.585563,0.803717,5.272223787,1.560312,0.00043037083459052106,0.002441220097456398,-0.0005401163973645096,0.009003309235106283,0.0032176569996493765,0.0015891443099105285,0.002347116301982366,0.005879224210923351,0.005769124163154782
2024-04-22,7.243416,0.940557,83.359669,19.137321,32.53790444,154.731001,0.811964,5.213224229,1.553518,0.0003255048743560085,0.0019750655958274965,-0.0013466180317983634,-0.004507548751366275,-0.0019513279943411677,0.0009408252438165565,0.010261074482684762,-0.011190639924177459,-0.004354257353657465
2024-04-23,7.246862,0.936856,83.330991,19.237399,32.5845044,154.796702,0.806165,5.175754169,1.549185,0.00047574238453251816,-0.003934902403575746,-0.00034402727774740516,0.005229467593713899,0.0014321745915115702,0.0004246143279329484,-0.007141942253597433,-0.007187502082024788,-0.0027891533924936374
2024-04-24,7.246023,0.935804,83.327251,19.189781,32.51890324,154.941044,0.804277,5.13344563,1.536684,-0.00011577424821940241,-0.0011229046939978948,-4.4881261522466964e-05,-0.0024752826512565163,-0.0020132624757674966,0.0009324617264778734,-0.0023419523298580103,-0.00817437181491465,-0.00806940423513014
2024-04-25,7.246455,0.932836,83.316698,18.971735,32.50699627,155.559701,0.799207,5.135261194,1.53125,5.961891095296323e-05,-0.003171604310304277,-0.00012664524358307894,-0.01136261013088169,-0.00036615533777761833,0.003992854211050556,-0.006303798318241127,0.0003536735617477582,-0.003536185708968076
2024-04-26,7.246407,0.933358,83.366716,18.85729,32.48422625,156.832182,0.799356,5.152884077,1.529961,-6.62392852790461e-06,0.000559583892559834,0.0006003358414419235,-0.006032395033980786,-0.0007004652109618981,0.008180017008389662,0.00018643480349900265,0.0034317403408010705,-0.0008417959183674162
2024-04-29,7.241325,0.932836,83.452425,18.703731,32.37901119,156.277985,0.797509,5.103171642,1.522575,-0.0007013130783296573,-0.0005592709335539015,0.0010280961529061106,-0.008143216761263061,-0.0032389584775780467,-0.003533694379129315,-0.0023106100410830166,-0.009647497257291748,-0.004827574036200821
2024-04-30,7.240996,0.93301,83.425546,18.723829,32.37964172,156.997574,0.797518,5.124836723,1.532282,-4.5433674085826325e-05,0.00018652796418661133,-0.0003220877044616266,0.0010745449664559814,1.9473417403048643e-05,0.004604544907588881,1.128513910186868e-05,0.004245414914460621,0.006375383807037283
2024-05-02,7.241073,0.934754,83.467751,18.666106,32.37474294,154.823331,0.79957,5.143484764,1.531688,1.063389622091293e-05,0.0018692189794320413,0.0005059001951273068,-0.003082863019097215,-0.00015129197667984595,-0.013848895524971594,0.0025729826787608268,0.003638758073268855,-0.00038765710228272354
2024-05-03,7.241065,0.930752,83.461467,18.517498,32.3419583,153.220402,0.796472,5.111317945,1.519918,-1.1048086382414724e-06,-0.004281340331252825,-7.528656187238969e-05,-0.007961381982937388,-0.0010126610135794412,-0.010353278085716844,-0.0038745825881412177,-0.006253896040509521,-0.007684332579480868
2024-05-06,7.206941,0.927988,83.507331,18.408408,32.27050854,153.767632,0.794915,5.074517446,1.507795,-0.004712566452586775,-0.0029696417520456153,0.000549523051158296,-0.0058911846514037025,-0.002209197085013881,0.003571521761181584,-0.001954870981026202,-0.007199806272274456,-0.007976088183704766
2024-05-07,7.217815,0.92885,83.501765,18.495913,32.26899498,154.607096,0.797,5.074215122,1.513747,0.0015088232302720161,0.000928891321870351,-6.66528307554648e-05,0.004753534363210576,-4.690226675918563e-05,0.005459302384262621,0.002622921947629697,-5.9576896368374044e-05,0.00394748622989205
2024-05-08,7.228055,0.930839,83.497626,18.654845,32.25951783,155.589686,0.801294,5.090012101,1.524155,0.001418711895497582,0.0021413575927222706,-4.956781452469805e-05,0.008592817234812866,-0.0002936921340709331,0.006355400401544253,0.00538770388958576,0.0031131866939400066,0.0068756535933680585
2024-05-09,7.226426,0.931793,83.495155,18.529258,32.22241893,155.907566,0.801295,5.142471114,1.518729,-0.00022537183239479397,0.0010248818538973747,-2.95936557526133e-05,-0.00673213848734755,-0.001150014088725615,0.0020430660165995373,1.2479813902288583e-06,0.010306264888779726,-0.0035600053800302067
2024-05-10,7.224882,0.92773,83.512849,18.431487,32.23221078,155.738009,0.798358,5.133314779,1.514055,-0.00021366025196967176,-0.00436041052036229,0.0002119164878489066,-0.005276573945918295,0.0003038831448771706,-0.0010875482463756914,-0.0036653167684810306,-0.0017805321210405678,-0.003077573418299173
2024-05-13,7.234368,0.926355,83.495137,18.358962,32.20954145,155.859194,0.796878,5.139972209,1.510421,0.0013129626200123479,-0.0014821122524872887,-0.0002120871244615241,-0.003934842587578702,-0.0007033129112591352,0.0007781337438312885,-0.0018538049346283891,0.0012969066356955938,-0.00240017700810069
2024-05-14,7.234439,0.926269,83.512412,18.417469,32.24981475,156.437569,0.796434,5.133290107,1.512505,9.814264355867408e-06,-9.28369793438133e-05,0.00020689827720143938,0.003186835944210875,0.0012503530999505852,0.0037108815024411435,-0.000557174372990632,-0.0013000268733553977,0.0013797477656891655
2024-05-15,7.220458,0.923191,83.497507,18.378231,32.28997415,155.492984,0.792467,5.153895864,1.505539,-0.0019325617369916337,-0.0033230087587947654,-0.00017847646407342932,-0.0021304773202007743,0.0012452598661827352,-0.006038095618834283,-0.004980952596197463,0.004014142308438995,-0.004605604609571601
2024-05-16,7.217927,0.920302,83.498988,18.213786,32.20145408,154.914412,0.790079,5.125713234,1.499172,-0.00035053178067090407,-0.0031293632628568435,1.7737056508648763e-05,-0.00894781440063519,-0.0027414103705624138,-0.0037208881398790306,-0.0030133746894193125,-0.005468218750179998,-0.004229050193983674
2024-05-17,7.227038,0.922169,83.353283,18.265216,32.26226485,155.809664,0.79016,5.131409074,1.501383,0.0012622737802696626,0.0020286818892059078,-0.0017449912087555974,0.0028236853117742378,0.0018884479517269348,0.005779010412536589,0.0001025213934302549,0.0011112287675825172,0.0014748140973817048
2024-05-20,7.23322,0.920726,83.29942,18.235153,32.20007366,155.832796,0.787662,5.118313231,1.497008,0.0008553988508155363,-0.0015647891004794134,-0.0006462013019932211,-0.0016459153836450024,-0.0019276758866481059,0.0001484631916028878,-0.003161385035942099,-0.0025520949141151217,-0.002913979977127723
2024-05-21,7.235825,0.920471,83.313236,18.129142,32.19366716,156.351252,0.786451,5.096741532,1.498343,0.0003601438916553956,-0.0002769553591405183,0.0001658594981814865,-0.005813551440999598,-0.00019895917219481252,0.0033270018462607798,-0.0015374614999834613,-0.00421461095216813,0.0008917788014493055
2024-05-22,7.240443,0.923361,83.299631,18.233056,32.18402585,156.54663,0.78638,5.138227147,1.50397,0.0006382133343467711,0.003139696959491234,-0.00016329938258552446,0.005731876334798436,-0.00029947846426081615,0.0012496094370897382,-9.027898750213481e-05,0.008139634850920174,0.0037554818889933284
2024-05-23,7.239543,0.921319,83.236134,18.345126,32.22056385,156.532154,0.784734,5.135894601,1.504791,-0.00012430178650668644,-0.002211486081824976,-0.0007622722842554053,0.006146528590708966,0.0011352837016194162,-9.247085037855651e-05,-0.0020931356341716834,-0.00045395930021541187,0.0005458885483087261
2024-05-24,7.243727,0.922509,83.121771,18.404613,32.2452952,157.084871,0.786356,5.140405904,1.512362,0.0005779370327656519,0.0012916264616273931,-0.0013739585742895688,0.0032426596579386846,0.0007675641591853299,0.003531012548386725,0.0020669424288994875,0.000878386990091462,0.005031263477785375
2024-05-27,7.243844,0.922254,83.131329,18.411141,32.18666421,156.847736,0.784561,5.168126902,1.505119,1.6151906332195765e-05,-0.0002764200674465478,0.00011498792536546176,0.00035469368467566653,-0.00181828045413579,-0.0015095979548532812,-0.002282681126614561,0.0053927644076567915,-0.004789197295356429
2024-05-28,7.245176,0.918949,83.178644,18.327789,32.18369785,156.717515,0.781842,5.159070024,1.499173,0.0001838802713034493,-0.003583611456279945,0.0005691596726429271,-0.004527258794009614,-9.216115036492223e-05,-0.000830238314692755,-0.0034656323727535465,-0.0017524488410869399,-0.003950518198228892
2024-05-29,7.249332,0.921065,83.383071,18.329189,32.22704246,157.262596,0.784102,5.17168647,1.507783,0.000573623056223882,0.0023026305050661833,0.0024576861339551392,7.638673710186339e-05,0.001346787749562317,0.0034781115563249365,0.002890609611660544,0.0024454884196780657,0.005743166399074795
2024-05-30,7.236338,0.924642,83.285252,18.631623,32.27350902,156.726768,0.786916,5.203791031,1.510957,-0.0017924410138754343,0.0038835478495002906,-0.0011731278163166214,0.01650012992937122,0.0014418499636654758,-0.0034072183318150095,0.0035888188016355294,0.006207754701726964,0.0021050774547797246
2024-05-31,7.240785,0.921489,83.418264,18.699502,32.22364541,157.132326,0.786629,5.198857353,1.50341,0.0006145373530090925,-0.00340996839858021,0.0015970654684456242,0.003643214549800433,-0.0015450321800798417,0.002587675386759747,-0.0003647149123920945,-0.0009480930288339184,-0.0049948476362995375
2024-06-03,7.24608,0.922339,83.125807,18.680502,32.19922524,156.880649,0.785602,5.253366538,1.50249,0.0007312743024410207,0.0009224201265560783,-0.003505910887812269,-0.0010160698397208012,-0.000757833872899627,-0.0016016882484130024,-0.0013055709870853915,0.01048483951354151,-0.0006119421847664563
2024-06-04,7.237,0.920387,83.472158,18.682559,32.41757938,154.891855,0.783645,5.272342384,1.506121,-0.00125309132662077,-0.002116358518939432,0.004166588121063297,0.00011011481383116362,0.006781347637170754,-0.012677114817392199,-0.002491083271172867,0.003612130595255225,0.0024166550193345238
2024-06-05,7.247517,0.919794,83.432671,18.935614,32.4058131,156.107432,0.782266,5.266648271,1.504139,0.0014532264750586332,-0.0006442941936380953,-0.0004730559380050625,0.013544985994691672,-0.0003629598577385984,0.00784790781929745,-0.0017597253858571138,-0.0010799968183552444,-0.0013159633256558667
2024-06-06,7.244823,0.920387,83.491486,18.985826,32.23773585,156.226415,0.783139,5.303543488,1.506489,-0.00037171351236564565,0.0006447095762747157,0.0007049396752500936,0.0026517228329643316,-0.005186638874986382,0.0007621866459248672,0.0011159886790426121,0.007005445418323708,0.0015623556067625444
2024-06-07,7.241329,0.9176,83.399706,18.794366,32.26738851,155.551477,0.781061,5.244815562,1.499816,-0.000482275412387545,-0.0030280740601508205,-0.0010992737630757254,-0.010084365041584165,0.0009198121151552385,-0.004320255316618504,-0.0026534242324798285,-0.011073337313605491,-0.004429504629638759
2024-06-10,7.247769,0.929714,83.488657,18.708442,32.418836,156.879881,0.786212,5.317962068,1.515805,0.0008893395121254422,0.013201830863121211,0.0010665625128223333,-0.004571795611514551,0.00469351555838049,0.008539963911753823,0.0065948754322646685,0.013946440086466394,0.010660641038634067
2024-06-11,7.254334,0.931966,83.573905,18.599627,32.37651445,156.999068,0.784697,5.355452004,1.515377,0.0009057959766654022,0.0024222502834203574,0.0010210728386730317,-0.005816358198079796,-0.001305461738354774,0.0007597341305989325,-0.0019269611758661043,0.0070496809718876285,-0.00028235821890021384
2024-06-12,7.253693,0.928936,83.556897,18.623874,32.37928472,157.315374,0.783697,5.379656294,1.512308,-8.836097152409295e-05,-0.0032511915670743186,-0.0002035084994531644,0.0013036282931910836,8.556418277438915e-05,0.0020146998579635422,-0.0012743772437003864,0.004519560623813312,-0.002025238603990953
2024-06-13,7.252504,0.9273,83.560831,18.396235,32.29886869,157.251484,0.783272,5.402540801,1.505193,-0.0001639165043241242,-0.001761154697417222,4.7081690934369647e-05,-0.012222967144215002,-0.0024835641273548426,-0.0004061268671680107,-0.0005423014251682012,0.004253897600395629,-0.004704729459871881
2024-06-14,7.255194,0.935804,83.535467,18.343534,32.64327157,157.027887,0.787994,5.36412128,1.511885,0.0003709063793690959,0.00917071066537245,-0.00030353934608429167,-0.0028647709707992908,0.010663001336224331,-0.0014219070899198494,0.006028557129579504,-0.007111380073777207,0.004445941483915972
2024-06-17,7.256161,0.933532,83.541355,18.284354,32.85595594,157.869679,0.789516,5.399645258,1.516617,0.00013328382397492788,-0.002427858825138518,7.048503122630834e-05,-0.0032262049395714865,0.006515412205051696,0.00536078027974729,0.0019314867879705044,0.006622515813065277,0.0031298676817350657
2024-06-18,7.255996,0.933271,83.423705,18.133271,32.64330378,158.10546,0.788987,5.438637424,1.512552,-2.2739296991924896e-05,-0.0002795833458307806,-0.0014082845555952739,-0.008262966249723669,-0.006472256061833659,0.0014935166872671601,-0.0006700307530183025,0.007221245866518844,-0.0026803075529288067
2024-06-19,7.256954,0.930319,83.432877,18.025119,32.5379105,157.949577,0.785701,5.440413062,1.50014,0.00013202873871498433,-0.0031630683906388457,0.00010994476929560015,-0.005964285208112763,-0.0032286339860172486,-0.0009859431799508211,-0.004164834148091212,0.0003264858201732501,-0.008205998868137998
2024-06-20,7.260472,0.932923,83.610878,18.104861,32.81322885,158.428958,0.788441,5.403582424,1.499767,0.00048477639516519844,0.0027990398992172594,0.0021334635266143653,0.004423937506321085,0.008461463743961062,0.0030350255385616087,0.003487331694881357,-0.006769823831439203,-0.0002486434599436871
2024-06-21,7.260666,0.935629,83.565681,17.893058,32.85263847,158.888473,0.790896,5.436657934,1.499906,2.67200259156386e-05,0.0029005609251782083,-0.0005405636333588593,-0.011698681365186925,0.0012010284077850208,0.0029004482879955162,0.0031137396457059374,0.006121033678156973,9.268106312498858e-05
2024-06-24,7.25918,0.931966,83.48863,18.184716,32.89403541,159.524697,0.789655,5.431314073,1.505778,-0.00020466442059174916,-0.003915013322588368,-0.0009220411905696002,0.016300064527818625,0.0012600796139341508,0.004004217473976279,-0.0015691064311870173,-0.000982931253883046,0.0039149120011521266
2024-06-25,7.262554,0.933358,83.428691,18.157271,32.962479,159.454919,0.788361,5.41487773,1.503547,0.00046479078904226867,0.0014936167199233186,-0.0007179300941936306,-0.0015092344582120498,0.002080729504510437,-0.0004374118949118655,-0.001638690314124558,-0.0030262184766129963,-0.0014816261095593752
2024-06-26,7.266629,0.935541,83.565348,18.172233,32.92749556,160.370474,0.790093,5.475161381,1.501824,0.0005610973770384664,0.002338866758521352,0.0016380096386745535,0.0008240225086686426,-0.0010613109529779008,0.005741779593516405,0.002196963066412483,0.011132966247051401,-0.0011459568606767556
2024-06-27,7.268605,0.934929,83.434929,18.381545,32.88332087,160.489903,0.790856,5.505516081,1.503179,0.00027192801503961306,-0.0006541669472529543,-0.0015606827844479865,0.011518232239263071,-0.0013415745488296604,0.000744706909078463,0.0009657091000678797,0.005544074025897627,0.0009022362140969076
2024-06-28,7.262774,0.934143,83.371789,18.212985,32.86950023,160.616534,0.79064,5.503503036,1.502008,-0.000802217206740452,-0.000840705550902876,-0.0007567574007283362,-0.009170067042786667,-0.000420293316926168,0.0007890278306168508,-0.00027312178196792214,-0.0003656414712777112,-0.0007790156727841557
2024-07-01,7.268218,0.930665,83.441135,18.149372,32.67808283,161.144718,0.789111,5.585481619,1.499209,0.0007495758507698458,-0.003723198696559238,0.0008317681656080378,-0.0034927278532321804,-0.005823556752021841,0.0032884783829292275,-0.0019338763533339742,0.014895709598732765,-0.0018635053874546115
2024-07-02,7.271321,0.932053,83.457638,18.469662,32.68776214,161.53416,0.789962,5.636965234,1.50247,0.0004269272055406059,0.001491406682318619,0.00019778014764537666,0.01764744256715889,0.00029620189318779744,0.002416722092001722,0.0010784287635072776,0.00921739941366373,0.002175147027532409
2024-07-03,7.273378,0.929541,83.506228,18.50251,32.58049823,161.907418,0.787135,5.652816509,1.498699,0.0002828922007431789,-0.002695125706370871,0.0005822115406619588,0.0017784840892054454,-0.0032814699746219755,0.00231070629271235,-0.0035786531504047314,0.0028120228424315385,-0.002509867085532469
2024-07-04,7.269907,0.925926,83.517593,18.321019,32.56814815,160.962963,0.783917,5.494907407,1.485741,-0.0004772198007583217,-0.0038890161918623267,0.00013609763334065939,-0.009808993482505968,-0.00037906357087669207,-0.005833302832363163,-0.004088244075031722,-0.027934588315150166,-0.008646165774448433
2024-07-05,7.266722,0.923873,83.489006,18.234571,32.71082779,160.809313,0.781717,5.489560237,1.484941,-0.00043810739257055253,-0.0022172398226207868,-0.0003422871633764757,-0.004718514838066623,0.004380956489845822,-0.000954567418096075,-0.0028064195571725348,-0.0009731137586028726,-0.0005384518566828866
2024-07-08,7.269589,0.922935,83.498385,18.146931,32.730503,160.932164,0.779049,5.469773881,1.48288,0.0003945382801213704,-0.0010152910627327927,0.00011233814425803956,-0.004806255107400181,0.0006014892110437486,0.0007639545105202483,-0.0034129998452124832,-0.0036043608496429957,-0.0013879339313818129
2024-07-09,7.271962,0.924727,83.494544,18.174588,32.91880895,161.087479,0.781311,5.462825966,1.485297,0.0003264283579167415,0.001941631859231796,-4.600088971773442e-05,0.001524059357474794,0.005753225057372413,0.000965096076133154,0.0029035400854118265,-0.0012702380667206636,0.0016299363400951172
2024-07-10,7.276028,0.923788,83.511778,18.067529,32.8595843,161.468822,0.780767,5.398152425,1.483233,0.000559133834857839,-0.001015434825629491,0.00020640869659693806,-0.005890587451005791,-0.0017991127835139675,0.0023673037927423035,-0.0006962656355791186,-0.011838843375666763,-0.0013896210656858532
2024-07-11,7.265039,0.921234,83.571165,18.081069,32.86900046,161.575311,0.776647,5.416121603,1.480884,-0.0015103020494149355,-0.0027647035900012495,0.000711121250465796,0.0007494107246208692,0.0002865574900168255,0.0006595019315864814,-0.005276862367390001,0.003328764470743817,-0.0015837026279754696
2024-07-12,7.252893,0.918274,83.524793,17.992195,33.02635445,158.741965,0.771616,5.427364555,1.476217,-0.0016718423672604787,-0.0032130815840492044,-0.0005548803824858561,-0.004915306722185542,0.00478730681790851,-0.017535760769787467,-0.006477846434738033,0.0020758307926049824,-0.0031514959983363067
2024-07-15,7.261942,0.916842,83.586687,18.183185,33.05711928,158.008618,0.77056,5.44008435,1.475016,0.0012476400796206377,-0.0015594473980532486,0.000741025482098312,0.010615158406186875,0.0009315236426283846,-0.004619742485863609,-0.0013685563803756962,0.002343641167108057,-0.0008135660272167167
2024-07-16,7.266832,0.917263,83.573198,18.076225,33.09346909,158.365438,0.771033,5.432672904,1.483122,0.0006733735962087817,0.00045918489772511784,-0.00016137737340871094,-0.0058823577937529015,0.001099606099736361,0.0022582312567280827,0.000613839285714235,-0.0013623770374074917,0.005495533607771108
2024-07-17,7.259192,0.914578,83.559722,18.179257,33.09575636,156.584964,0.767468,5.44036949,1.483629,-0.0010513522261145214,-0.002927186641127011,-0.00016124786800686408,0.005699862664909183,6.911544975185535e-05,-0.011242819282323402,-0.00462366721009333,0.0014167217750828964,0.0003418464563265111
2024-07-18,7.257731,0.914913,83.634492,18.202196,33.08746569,156.468435,0.770128,5.498719122,1.485544,-0.00020126206883630537,0.0003662891519367051,0.0008948091043194939,0.0012618227466612009,-0.0002505055303713144,-0.000744190227613517,0.0034659425539567135,0.010725306821026237,0.0012907539553350666
2024-07-19,7.269513,0.918274,83.67034,18.330762,33.04949495,157.58494,0.773921,5.537465565,1.494582,0.0016233723735421535,0.003673573334295188,0.0004286269832307621,0.007063213691358872,-0.001147586834112646,0.00713565646643044,0.004925155298859396,0.0070464488438730655,0.0060839665469349935
2024-07-22,7.273237,0.918442,83.659533,18.272226,32.97795738,156.869949,0.773466,5.601212344,1.50349,0.0005122764069616093,0.00018295192938055926,-0.00012916165991438966,-0.0031933206050026586,-0.002164558644791148,-0.004537178489264271,-0.0005879153040168061,0.011511905266358147,0.005960194890611392
2024-07-23,7.274678,0.92081,83.708564,18.422468,32.92744015,156.206262,0.774153,5.579558011,1.509761,0.00019812361401116974,0.002578279303429021,0.0005860778591724181,0.008222424569398257,-0.0015318483621619139,-0.0042308103255644935,0.0008882096950608709,-0.003866008226450668,0.004170962227883157
2024-07-24,7.276364,0.921829,83.70944,18.313237,32.86403024,154.157448,0.774087,5.600940265,1.514381,0.00023176283541359588,0.0011066343762555775,1.0464879077520806e-05,-0.0059292272891990905,-0.0019257467240435533,-0.013116081095391863,-8.525446520257773e-05,0.003832248711787889,0.0030600869939017006
2024-07-25,7.218782,0.921574,83.763248,18.491291,33.09169662,152.631094,0.776703,5.68039812,1.533315,-0.007913567820411416,-0.00027662397255889815,0.0006427948866938316,0.009722694027276546,0.006927524662599049,-0.009901266658228547,0.0033794650988843156,0.01418652069841353,0.012502798172982832
2024-07-26,7.251381,0.92081,83.747238,18.243186,32.96353591,154.548803,0.776961,5.632596685,1.52477,0.004515858769526426,-0.0008290164436062231,-0.00019113394456726773,-0.013417397411570664,-0.0038728963181218212,0.012564340264769491,0.00033217330176404936,-0.008415155767286242,-0.005572892719369449
2024-07-29,7.258759,0.924471,83.733013,18.400758,33.01248035,153.86891,0.779745,5.654525284,1.52852,0.0010174613635665075,0.003975847351788131,-0.0001698563479788362,0.008637307101950098,0.0014848055176372998,-0.00439921233165419,0.0035831914343191773,0.0038931598029017245,0.0024593873174316716
2024-07-30,7.251386,0.923873,83.724593,18.367979,33.093034,154.850333,0.778455,5.621119734,1.529933,-0.0010157383651944185,-0.0006468564184274328,-0.00010055770953809606,-0.00178139400561661,0.0024400968708189197,0.006378306052860161,-0.001654387011138292,-0.005907754996608561,0.0009244236254677407
2024-07-31,7.221463,0.923532,83.69505,18.230513,33.16263391,150.314001,0.779276,5.621906169,1.536295,-0.004126521467758049,-0.00036909835009790726,-0.0003528592847266143,-0.0074840024588442855,0.0021031589306679255,-0.029294945074480494,0.0010546531270272386,0.00013990717814515996,0.004158352032409329
2024-08-01,7.248401,0.92687,83.741311,18.179071,33.09491148,150.764668,0.781611,5.665029196,1.529428,0.003730269060438385,0.0036143847749725566,0.0005527328079737437,-0.002821752739486705,-0.0020421306155532504,0.002998170476481432,0.0029963709905092006,0.007670534815715557,-0.004469844658740674
2024-08-02,7.205814,0.922935,83.736041,18.186248,33.17203507,148.93401,0.784495,5.774803876,1.534749,-0.005875364787351067,-0.004245471317444793,-6.293190227213419e-05,0.00039479465149772075,0.002330376077500862,-0.01214248685905639,0.0036898150102802063,0.01937760180962722,0.003479078452859552
2024-08-05,7.117089,0.91191,84.147821,18.576783,33.36202809,142.23965,0.78313,5.814244027,1.550976,-0.012312973940209915,-0.01194558663394496,0.004917595757840898,0.021474193027610777,0.005727505701687452,-0.04494849766013809,-0.0017399728487753618,0.0068296953189894705,0.010573064390333453
2024-08-06,7.152634,0.91617,83.914338,18.471461,33.57508016,145.020614,0.787888,5.682821805,1.542556,0.004994317199068288,0.004671513636214097,-0.0027746767203870037,-0.005669549996896506,0.006386064702818661,0.0195512573322556,0.006075619628925111,-0.022603492627709776,-0.005428839646777206
2024-08-07,7.180461,0.915583,83.954404,18.342794,33.49075261,147.060978,0.785644,5.618018678,1.523805,0.003890454900949747,-0.0006407107851162941,0.00047746310052509955,-0.006965718629403539,-0.0025116112783093447,0.014069475667783493,-0.002848120545052124,-0.011403336093168126,-0.012155798557718422
2024-08-08,7.172278,0.914913,83.95151,18.389113,33.49798719,146.148216,0.787676,5.63074108,1.525801,-0.001139620422699883,-0.0007317741810409784,-3.447109218945865e-05,0.002525187820350494,0.00021601724166209202,-0.006206690669499082,0.0025864131845976246,0.002264570968733226,0.0013098788887029311
2024-08-09,7.170468,0.916003,83.956215,18.335532,33.55088394,146.862691,0.785087,5.539708711,1.521389,-0.00025236054709543154,0.0011913701084147466,5.604425697636195e-05,-0.0029137348821554054,0.0015791023412830008,0.004888701480967983,-0.0032868844550297815,-0.016167031605012094,-0.0028915959551736314
2024-08-12,7.179771,0.915332,83.970252,18.219405,33.52796339,147.597254,0.783103,5.49180778,1.515789,0.0012974048555827178,-0.0007325303519748472,0.00016719429288225562,-0.006333440447760297,-0.0006831578578075925,0.005001699172187957,-0.00252710846059101,-0.008646832080698608,-0.0036808469102905805
2024-08-13,7.163206,0.914829,83.945659,18.170433,33.5549355,147.443052,0.781795,5.494556765,1.516055,-0.002307176649505971,-0.0005495273845992354,-0.00029287753000906136,-0.0026879033645719197,0.0008044661015123022,-0.0010447484341409297,-0.0016702783669581,0.0005005610374804181,0.00017548616595042255
2024-08-14,7.135584,0.907523,83.94818,18.083946,33.54796261,147.000635,0.778501,5.447318268,1.510391,-0.0038560946034499333,-0.007986191954999278,3.0031332531210708e-05,-0.004759765493755563,-0.0002078051975393791,-0.0030005957825669505,-0.004213380745591855,-0.00859732623037146,-0.003736012215915574
2024-08-15,7.157933,0.908183,83.951049,18.00781,33.61611116,147.252747,0.777541,5.472890746,1.508401,0.003132049177754892,0.0007272542954834815,3.417584514653349e-05,-0.00421014307386236,0.0020313767125663684,0.001715040210540586,-0.0012331390711122214,0.004694507781971113,-0.0013175396304665465
2024-08-16,7.163726,0.909587,83.934419,17.918228,33.69547026,148.008004,0.774313,5.46770966,1.507822,0.0008093118502225938,0.0015459439342071501,-0.00019809162837247651,-0.0049746193457171906,0.0023607460012931014,0.00512898411328111,-0.004151549564588852,-0.0009466817885569467,-0.00038385018307474095
2024-08-19,7.141382,0.905715,83.876913,17.838149,33.7304592,146.019382,0.772059,5.453763246,1.493162,-0.003119047266743502,-0.004256877022209005,-0.0006851301371372243,-0.004469136122165485,0.0010383870511383453,-0.013435908506677752,-0.0029109675286350667,-0.0025506866434453768,-0.009722633042892226
2024-08-20,7.144713,0.902201,83.764435,17.799982,33.82389029,146.319018,0.768621,5.447131,1.484482,0.00046643632843057503,-0.003879807665766899,-0.0013409887891319139,-0.002139627827977053,0.0027699323464889236,0.0020520289559915472,-0.00445302755359378,-0.001216086159380847,-0.0058131669571017675
2024-08-21,7.134401,0.899604,83.895736,17.835282,33.90329255,145.969773,0.767389,5.473551637,1.483897,-0.0014433050004947212,-0.0028785159847972697,0.001567502962325218,0.0019831480728462747,0.002347520031528605,-0.0023868735915107964,-0.0016028705955211109,0.004850376647816956,-0.00039407685643888524
2024-08-22,7.138841,0.898069,83.949708,17.982667,33.93399192,146.061967,0.762847,5.526537943,1.486304,0.0006223367595961093,-0.0017063063303408565,0.0006433223257020781,0.008263676458830416,0.0009054981888474423,0.0006315965155334613,-0.005918771314157412,0.009680424980706315,0.0016220802387227895
2024-08-23,7.136409,0.8992,83.903426,17.947217,34.00602464,146.003057,0.761919,5.566226059,1.485298,-0.00034067154598349525,0.0012593687122035568,-0.0005513062654131096,-0.0019713427379821624,0.0021227305107462957,-0.00040332196813419596,-0.0012164955751284845,0.007181370400300757,-0.0006768467285293012
2024-08-26,7.122816,0.895817,83.905312,17.765565,34.01746842,144.172713,0.758264,5.494221983,1.477739,-0.0019047394845221888,-0.0037622330960854766,2.247822395240462e-05,-0.010121457828252689,0.000336522134567252,-0.012536340249369005,-0.004797097854233767,-0.0129358878415613,-0.005089214420271326
2024-08-27,7.12659,0.895897,83.922236,17.728275,34.032969,144.454399,0.756477,5.481634116,1.474736,0.0005298466224594733,8.93039538210072e-05,0.0002017035584112037,-0.0020990044504635152,0.0004556653013862988,0.0019538093869400086,-0.0023566989861052434,-0.0022911100132009254,-0.0020321585882214777
2024-08-28,7.128992,0.899523,83.976343,17.797158,34.03697041,144.436449,0.757066,5.531888099,1.475848,0.00033704759218644575,0.0040473402634453315,0.0006447278168326687,0.0038854880127932034,0.00011757452016603054,-0.00012426066720183648,0.0007786092637318553,0.009167701079011437,0.0007540332642588243
2024-08-29,7.093525,0.901876,83.895202,17.708424,34.08585859,144.62482,0.759154,5.581890332,1.467713,-0.004975037144101191,0.002615830834787003,-0.00096623640779403,-0.004985852235508514,0.0014363258366154597,0.0013041791134036362,0.0027580158136806254,0.009038908977395899,-0.005512085255392152
2024-08-30,7.088031,0.901957,83.835573,17.620456,34.06250564,145.386489,0.758726,5.60611527,1.470281,-0.0007745091474266053,8.981279022846067e-05,-0.0007107557831496081,-0.004967579271876521,-0.0006851213660451494,0.005266516494195184,-0.0005637854769914297,0.004339916508413255,0.0017496608669405056
2024-09-02,7.11301,0.904077,83.905162,17.91574,33.97649399,146.96682,0.761396,5.622005244,1.475635,0.0035241098691582984,0.0023504446442568216,0.0008300652993689095,0.01675802260736048,-0.002525112242447336,0.010869861504118283,0.0035190569454583986,0.0028344001567417454,0.0036414807781641745
2024-09-03,7.12406,0.906208,83.977345,17.974173,33.97797916,146.135025,0.761985,5.623561396,1.485637,0.001553491419244546,0.0023571001142601578,0.0008602927195349164,0.003261545434349866,4.371169080696902e-05,-0.005659746873477922,0.0007735790574157075,0.00027679661125556976,0.006778098920126041
2024-09-04,7.117466,0.904977,83.980543,17.918281,34.0479638,145.031674,0.762425,5.658190045,1.488688,-0.000925595797901746,-0.00135840778276064,3.808169929642169e-05,-0.003109572829859797,0.0020597057779818684,-0.007550215973207042,0.0005774391884354468,0.0061577791298998985,0.0020536645223563355
2024-09-05,7.095521,0.901144,83.985492,17.784987,33.99044787,143.462197,0.759827,5.63044066,1.486708,-0.0030832602502071094,-0.004235466757718798,5.893031675197058e-05,-0.007438994845543445,-0.0016892619581556634,-0.010821615421745756,-0.0034075482834377002,-0.004904286490787113,-0.0013300302010899046
2024-09-06,7.083671,0.900657,83.946681,17.731694,33.9897325,143.141493,0.759191,5.571016842,1.486355,-0.0016700676384440172,-0.0005404241719413339,-0.0004621155282390488,-0.002996516106534175,-2.1046206944097534e-05,-0.0022354599797465013,-0.000837032640324864,-0.010554026156808782,-0.0002374373447912026
2024-09-09,7.116635,0.905551,83.954541,17.899031,34.04772254,143.557004,0.763968,5.614416372,1.502852,0.004653519340466206,0.005433811095677976,9.36308607604186e-05,0.009437169398479384,0.0017061046302733196,0.0029027991205876624,0.006292224222889997,0.007790234930329154,0.011098963571959608
2024-09-10,7.119028,0.906536,83.974708,17.900825,34.05928746,143.060466,0.763893,5.57791678,1.500408,0.00033625442361451263,0.0010877355333935856,0.0002402133316410371,0.00010022888948579833,0.0003396679465539343,-0.0034588211383961287,-9.817165116854376e-05,-0.006501048298097278,-0.0016262413065292192
2024-09-11,7.111654,0.905551,83.983519,17.875034,34.00977995,141.809291,0.764059,5.636602373,1.499593,-0.0010358155635854516,-0.0010865536503790185,0.00010492444939491641,-0.0014407715845499158,-0.0014535685767983475,-0.008745777467270344,0.00021730792139740274,0.010521059261841437,-0.0005431855868537339
2024-09-12,7.120643,0.907771,83.959695,17.947803,33.95243282,142.538126,0.766703,5.656227306,1.497549,0.001263981627902755,0.002451546075262545,-0.0002836747052716859,0.004070985263580518,-0.0016861952674881442,0.005139543360385357,0.003460465749372643,0.003481695479178315,-0.00136303650390468
2024-09-13,7.096291,0.902446,83.916614,17.794874,33.94531179,140.934934,0.762341,5.608428842,1.492826,-0.0034199158699572685,-0.005866016869893409,-0.0005131152513119241,-0.00852076435204907,-0.00020973548604752423,-0.011247460907406692,-0.005689295594252242,-0.008450591076722858,-0.0031538200085606816
2024-09-16,7.096261,0.898796,83.859428,17.641291,33.97806939,139.906525,0.757487,5.552040266,1.482294,-4.227560566505417e-06,-0.004044563331213058,-0.0006814621953169508,-0.008630743887256598,0.0009650110213350604,-0.007297048154150443,-0.0063672293632377475,-0.010054255405314572,-0.007055075407314759
2024-09-17,7.096328,0.897747,83.764252,17.63336,34.03689739,140.685878,0.756603,5.497441422,1.478768,9.441591846792718e-06,-0.0011671168986067126,-0.0011349469257051492,-0.0004495702723796846,0.0017313520472506116,0.005570526464008907,-0.001167016727679826,-0.009834014413468206,-0.002378745377097924
2024-09-18,7.083513,0.898957,83.721233,17.5774,34.10904351,141.981302,0.757147,5.478425027,1.47429,-0.0018058635395657996,0.00134781848338128,-0.0005135723052837049,-0.00317353017235511,0.0021196444309636853,0.009207917798259802,0.0007190032289059456,-0.0034591355396528245,-0.0030281964446079446
2024-09-19,7.065884,0.896379,83.654536,17.430441,34.0250986,142.999283,0.752537,5.399784869,1.465758,-0.00248873687392126,-0.0028677678687634156,-0.0007966557300942423,-0.008360679053785125,-0.002461074875212743,0.007169824375888645,-0.00608864593005054,-0.014354519339486727,-0.005787192479091763
2024-09-20,7.054988,0.895576,83.533942,17.524987,34.10863335,144.259359,0.751478,5.424502955,1.46767,-0.0015420575826039506,-0.0008958264305611863,-0.001441571560447108,0.005424188636420579,0.0024550920772350437,0.008811764461784,-0.0014072397769147038,0.004577605700905929,0.0013044445263135085
2024-09-23,7.054411,0.899361,83.546632,17.38043,34.15280151,143.520101,0.751129,5.573882543,1.463621,-8.178610651066176e-05,0.004226330317024907,0.00015191429610750262,-0.008248622381288984,0.0012949261128929468,-0.0051245063413873915,-0.00046441812002473437,0.02753793098449875,-0.0027587945519087498
2024-09-24,7.032246,0.89823,83.671068,17.324082,34.13850714,143.84263,0.747507,5.512440492,1.458457,-0.0031420057606510454,-0.0012575595339358037,0.001489419705153372,-0.003242037164788214,-0.0004185416530417818,0.002247274059540949,-0.004822074503846863,-0.011023205194225505,-0.0035282357932826525
2024-09-25,7.029837,0.893336,83.59389,17.145971,34.13346436,144.264785,0.747302,5.458638556,1.453993,-0.0003425648078864141,-0.0054484931476347365,-0.0009223976918760757,-0.010281121966520423,-0.00014771530516322073,0.0029348392753940633,-0.000274244923458955,-0.009760093751230547,-0.0030607690182157254
2024-09-26,7.011475,0.896459,83.636934,17.246078,34.15705961,144.132676,0.747898,5.412102196,1.453788,-0.0026120093538442024,0.003495885086910233,0.0005149180161372335,0.0058385144824986135,0.0006912644363064047,-0.0009157397628255515,0.000797535668310756,-0.008525268621943916,-0.00014099105016329716
2024-09-27,7.011113,0.896218,83.692418,17.126008,34.17601721,143.063273,0.74689,5.437175121,1.450081,-5.162964996663355e-05,-0.0002688354961019046,0.0006633911281348492,-0.006962162643587844,0.0005550126450126758,-0.007419573615631725,-0.0013477773707107898,0.004632751580066374,-0.002549890355402651
2024-09-30,7.012415,0.893176,83.791533,17.172026,34.18122544,142.74741,0.746186,5.404072883,1.443909,0.00018570517976246315,-0.003394263449294721,0.0011842769317527146,0.0026870243199699217,0.00015239429357727374,-0.002207855261357028,-0.0009425752118786823,-0.006088131660896612,-0.004256313957633928
2024-10-01,7.018492,0.902039,83.82735,17.281707,34.20395093,143.757893,0.750433,5.446238499,1.44687,0.0008666058697324175,0.00992301629242176,0.0004274536903388082,0.006387190422376676,0.0006648529918826807,0.007078818452818103,0.005691610402768221,0.0078025624215103395,0.0020506832494291416
2024-10-02,7.018517,0.903261,83.984283,17.397254,34.22698943,144.756571,0.752308,5.416041911,1.449553,3.562018735747685e-06,0.0013547086101597383,0.0018720978296464796,0.006686087201918101,0.0006735625380576149,0.006946943775810732,0.0024985574994702553,-0.00554448506167049,0.0018543476608126053
2024-10-03,7.01848,0.905879,83.995833,17.485008,34.15572063,146.734306,0.763276,5.462813661,1.46064,-5.271768950598776e-06,0.0028983870664183176,0.00013752573204683927,0.005044129378119155,-0.0020822398109469065,0.013662488592659505,0.014579135141457922,0.00863578066207471,0.007648564764447974
2024-10-04,7.018497,0.906701,83.969082,17.482002,34.25170006,146.604407,0.759226,5.49188503,1.461692,2.422176881511362e-06,0.0009074059559830427,-0.00031848008460144683,-0.00017191870887334204,0.002810054310951937,-0.0008852667351014754,-0.005306075390815401,0.0053216841730379105,0.000720232226969042
2024-10-07,7.018485,0.910581,83.997268,17.390093,34.25368785,148.08778,0.764141,5.437989437,1.471044,-1.7097677750266271e-06,0.004279249719587819,0.00033567117001465085,-0.00525734981611381,5.803478357324643e-05,0.010118201971923035,0.006473698213707024,-0.009813678310013674,0.006398064708570628
2024-10-08,7.052358,0.910581,83.961482,17.463486,34.27253688,147.960299,0.762867,5.511564378,1.48361,0.004826255238844279,0.0,-0.0004260376658917764,0.0042203914608160975,0.0005502773915189163,-0.0008608475324568543,-0.0016672315711366847,0.013529805795391425,0.0085422325912754
2024-10-09,7.067172,0.912659,83.964133,17.640047,34.24632655,148.735968,0.76426,5.543761979,1.486082,0.0021005740207744594,0.002282059476312437,3.1574001992940026e-05,0.010110295275525205,-0.0007647618876819307,0.0052424130340533726,0.001826006368082611,0.005841826166182562,0.001666206078416721
2024-10-10,7.077936,0.914746,83.972283,17.598884,34.21304427,148.966337,0.765514,5.585528723,1.48884,0.001523098631248887,0.002286724833700182,9.706525523234255e-05,-0.002333497183992561,-0.0009718496362349782,0.0015488452665328722,0.0016408028681338394,0.007534007440834323,0.0018558868218576663
2024-10-11,7.06546,0.914244,84.071585,17.465807,34.2818614,148.966904,0.765268,5.566465533,1.484092,-0.0017626607530784044,-0.0005487862204371918,0.001182556868198903,-0.007561672660607366,0.002011429601438408,3.8062290541596155e-06,-0.00032135271203415083,-0.0034129606963620995,-0.0031890599392815355
2024-10-14,7.084929,0.91617,84.039395,17.555474,34.27558406,149.693083,0.766514,5.629225836,1.488594,0.0027555176874540788,0.0021066586162994394,-0.00038288798765950816,0.005133859546255115,-0.00018310966043388888,0.004874767351008336,0.0016281877721269211,0.011274713303789374,0.0030335046614360373
2024-10-15,7.114922,0.917179,84.033752,17.577823,34.25818582,149.362561,0.764514,5.590112813,1.489131,0.004233352232605236,0.0011013239900889982,-6.714708024724292e-05,0.0012730502178408543,-0.0005075986442577562,-0.0022079978137666822,-0.002609215226336392,-0.006948206403421309,0.00036074309045996955
2024-10-16,7.113059,0.917684,84.013949,17.55373,34.21014958,149.18785,0.76723,5.637514912,1.494999,-0.000261844051136495,0.0005506013548064459,-0.00023565531145164353,-0.0013706475483339364,-0.0014021828316418405,-0.0011697107951972319,0.0035525837329335452,0.008479631911857854,0.003940553248841017
2024-10-17,7.121756,0.920302,84.045647,17.725566,34.1588441,149.549052,0.768038,5.682771949,1.493466,0.0012226807060085054,0.00285283387309776,0.0003772944895139574,0.009789144529396276,-0.0014997151614324356,0.0024211220953984647,0.0010531392150985308,0.008027834552360336,-0.0010254187460995157
2024-10-18,7.104729,0.921914,84.076703,17.587259,34.29243109,150.041486,0.76671,5.653913524,1.490274,-0.0023908429325577574,0.0017515989316549962,0.0003695134859273974,-0.0078026845517937815,0.003910758502510214,0.0032927925213461773,-0.0017290811131740469,-0.005078230352896451,-0.0021373101228951974
2024-10-21,7.113056,0.921404,84.072607,17.615037,34.25439971,149.995393,0.767668,5.708375564,1.495439,0.0011720362592295697,-0.0005531969359398037,-4.871741937817475e-05,0.001579438842630454,-0.0011090313165662558,-0.00030720170286757664,0.001249494593783762,0.009632626988159032,0.0034658056169536433
2024-10-22,7.120599,0.924129,84.06894,17.575455,34.24812864,150.836337,0.770169,5.695961556,1.494963,0.0010604443434720778,0.0029574432062373646,-4.361706066768889e-05,-0.002247057443024336,-0.00018307341693613033,0.005606465526577731,0.003257918787809233,-0.0021747006413328496,-0.0003183011811246361
2024-10-23,7.129098,0.928764,84.08749,17.679484,34.29460388,152.93025,0.772249,5.719606204,1.507662,0.0011935793603881084,0.005015533545641437,0.00022065224088718693,0.005918993277840956,0.0013570154588160577,0.013882019688664426,0.0027007059489541074,0.004151124927290306,0.008494524613652743
2024-10-24,7.114897,0.92584,84.062587,17.674289,34.23645959,151.948894,0.770392,5.692713638,1.503009,-0.0019919771056591262,-0.0031482701741238905,-0.0002961558253196106,-0.00029384341760185784,-0.0016954355327574167,-0.006417016908034867,-0.002404664816658908,-0.004701821251468785,-0.0030862355090199856
2024-10-25,7.124527,0.923788,84.089607,17.609885,34.2891455,151.916859,0.770051,5.673903002,1.50679,0.0013534981602685292,-0.002216365678734955,0.0003214271766345256,-0.003643937246924245,0.0015388831272549197,-0.00021082746413414455,-0.000442631803030058,-0.0033043355412144537,0.002515620332280033
2024-10-28,7.126918,0.924385,84.080237,17.736828,34.29552598,152.689961,0.769921,5.689591422,1.513404,0.0003356012265796071,0.0006462521704113655,-0.00011142875242597938,0.007208621748523658,0.0001860787111187534,0.00508898094055521,-0.00016881998724771474,0.0027650137823065357,0.004389463694343565
2024-10-29,7.137089,0.92816,84.063486,17.733711,34.29469092,153.75905,0.770559,5.718674587,1.524318,0.001427124600002383,0.004083796253725458,-0.0001992263651683368,-0.00017573604479892424,-2.4348948620467326e-05,0.007001698035668413,0.000828656446570486,0.005111643849775138,0.007211557521983547
2024-10-30,7.124734,0.924642,84.08969,17.710125,34.29079982,153.407305,0.771382,5.78492834,1.52196,-0.0017310979308229335,-0.003790294776762626,0.0003117167898558648,-0.0013300092687874576,-0.00011346071055373663,-0.002287637703276668,0.0010680557880706765,0.011585508493630936,-0.001546921311694871
2024-10-31,7.115971,0.918949,84.077375,17.631777,34.247381,152.821173,0.769647,5.755835324,1.521687,-0.00122994065462656,-0.00615697751129618,-0.00014645077178898624,-0.0044239100514537055,-0.0012661944378058454,-0.0038207567755657035,-0.002249209859706447,-0.005029105684652091,-0.0001793739651502202
2024-11-01,7.110978,0.918695,84.0565,17.557281,34.33697749,152.080845,0.771686,5.770601746,1.518604,-0.0007016610944591273,-0.0002764027165815808,-0.000248283203418298,-0.004225098808815497,0.002616155962407829,-0.004844407260242489,0.0026492664819066647,0.0025654698525561237,-0.0020260408349417336
2024-11-04,7.094919,0.917095,84.114087,17.539252,34.34776229,151.751651,0.770937,5.809244314,1.514674,-0.0022583391482859927,-0.0017416008577384456,0.0006850987133653064,-0.0010268674289599655,0.00031408705099744694,-0.002164598704064269,-0.0009706020324329323,0.006696453801682933,-0.002587903100479072
2024-11-05,7.103331,0.917684,84.111682,17.461411,34.34816922,152.271267,0.77012,5.784986694,1.509773,0.0011856372144629646,0.0006422453508088122,-2.8592119177273112e-05,-0.0044381026055160255,1.1847351119032012e-05,0.0034241209013270435,-0.0010597493699224803,-0.004175692859317404,-0.003235679756832144
2024-11-06,7.178962,0.935016,84.320711,17.750538,34.25497896,154.324451,0.778149,5.808976157,1.52417,0.010647258307405316,0.018886675587674873,0.0024851363690479022,0.01655805478721062,-0.0027131070480966857,0.0134837257248277,0.010425647950968564,0.004146848431800354,0.009535870624259424
2024-11-07,7.154288,0.927214,84.316643,17.369309,34.24376449,153.648586,0.771303,5.654891052,1.501715,-0.0034369871298942645,-0.008344242237565913,-4.824437497930045e-05,-0.021477039174812473,-0.0003273821891147666,-0.004379506913003817,-0.008797800935296474,-0.02652534643550264,-0.014732608567285865
2024-11-08,7.169792,0.928333,84.37616,17.524786,34.35796509,152.413665,0.772261,5.758819161,1.509376,0.002167091959395462,0.0012068411391543687,0.0007058748769208645,0.008951248434810877,0.0033349312407913168,-0.008037307938518756,0.0012420540306468109,0.018378445852328618,0.005101500617627375
2024-11-11,7.202986,0.938879,84.399117,17.854755,34.33198761,153.807154,0.776265,5.809501455,1.51967,0.00462970194951251,0.011360147705618662,0.00027207922237759696,0.01882870352881927,-0.0007560831944486424,0.009142808815731707,0.005184775613426007,0.0088008136013773,0.006820036889416681
2024-11-12,7.231892,0.941886,84.382406,18.045022,34.38249976,154.196101,0.780211,5.757841198,1.52642,0.004013057917924501,0.00320275562665695,-0.00019799970182154958,0.01065637697072841,0.001471285338146,0.002528796547395906,0.005083315620310058,-0.008892373536723674,0.0044417538018122205
2024-11-13,7.209145,0.940822,84.383761,18.007903,34.36033493,154.962838,0.784768,5.741932449,1.533446,-0.0031453732992693384,-0.0011296483863226792,1.6057849784534284e-05,-0.0020570215985328266,-0.0006446544071756488,0.004972479816464315,0.005840727700583637,-0.002762971129791847,0.004602927110493926
2024-11-14,7.240767,0.949397,84.462641,18.336276,34.36523308,155.928985,0.7895,5.802905155,1.546093,0.004386373141336497,0.009114370199676536,0.0009347770123684374,0.01823493829348166,0.00014255245212191348,0.006234701251405905,0.00602980753547544,0.010618847668718123,0.008247437470898733
2024-11-15,7.227818,0.944912,84.424549,18.175659,34.42256449,155.305679,0.788576,5.79561561,1.544458,-0.0017883464555619177,-0.004724051160894804,-0.0004509922913730202,-0.008759521289928296,0.001668296847180839,-0.0039973709826945925,-0.0011703609879669674,-0.0012561888925101128,-0.001057504302781176
2024-11-18,7.244314,0.947688,84.416698,18.078848,34.54008719,155.174375,0.791888,5.78373768,1.549659,0.0022822932176764787,0.002937839714174384,-9.299427824016604e-05,-0.0053264093477986,0.0034141180862379272,-0.0008454552392768155,0.004199975652315002,-0.002049468218614292,0.0033675244001454274
2024-11-19,7.239365,0.945358,84.414351,18.053507,34.55832861,153.819247,0.790679,5.78672717,1.537531,-0.0006831564727868278,-0.002458615071626924,-2.7802556314182603e-05,-0.0014016932937320759,0.0005281231601892422,-0.008732936736494112,-0.0015267310528761513,0.0005168785594025227,-0.007826237901370492
2024-11-20,7.245597,0.94679,84.36139,18.108881,34.46553683,155.671274,0.789434,5.773054346,1.536167,0.000860848983301743,0.0015147700659432495,-0.0006273933208347238,0.0030672156938815753,-0.002685077193610219,0.012040281278974385,-0.0015745960117823365,-0.0023627905028741347,-0.0008871365845630752
2024-11-21,7.239597,0.950029,84.472544,18.077522,34.48204446,154.408132,0.791117,5.821489645,1.533441,-0.0008280891139819113,0.003421033175255328,0.0013175932734157403,-0.0017316917594191183,0.0004789604781558765,-0.00811416241123597,0.0021319071638667975,0.00838989139839974,-0.0017745466475975746
2024-11-22,7.247215,0.96043,84.449673,18.050519,34.5502305,154.475605,0.799126,5.808970419,1.538417,0.0010522685171563406,0.010948086847875071,-0.0002707506950423433,-0.0014937334884723708,0.001977436114007025,0.0004369782803925748,0.01012366059634684,-0.0021505193281159407,0.003244989536604237
2024-11-25,7.243259,0.952835,84.28728,18.064983,34.58980467,154.016198,0.795283,5.806669843,1.535112,-0.0005458648598115623,-0.00790791624584819,-0.0019229559361350068,0.0008013065995498003,0.0011454097245457984,-0.0029739776711021904,-0.004809003836691583,-0.0003960385118292331,-0.00214831219363798
2024-11-26,7.248147,0.95039,84.299468,18.088861,34.64084775,153.136286,0.793385,5.797852119,1.538776,0.0006748343528790723,-0.002566026646796171,0.00014460070368871314,0.0013217836961152418,0.0014756683504566492,-0.005713113370062528,-0.0023865718241179446,-0.0015185509488936377,0.0023867965334125607
2024-11-27,7.249739,0.949577,84.411737,18.14557,34.65777229,151.600038,0.791948,5.820244991,1.542778,0.00021964234445026598,-0.0008554382937530081,0.0013317877640699471,0.003135023261000125,0.00048857176135364,-0.010031900603884258,-0.0018112265797816107,0.0038622702925825703,0.002600768402938547
2024-11-28,7.247486,0.948587,84.471163,18.152153,34.60576741,151.669512,0.789509,5.965756024,1.539366,-0.00031076980840272217,-0.0010425694809373942,0.0007040016247976677,0.00036278827284008663,-0.001500525756959914,0.0004582716529397679,-0.0030797476601999163,0.02500084330213026,-0.002211594928110183
2024-11-29,7.241432,0.94679,84.571577,18.062583,34.68945276,150.198826,0.787777,6.093637569,1.538061,-0.000835324138604876,-0.0018943966130675616,0.0011887370368039996,-0.004934400894483382,0.0024182486407113846,-0.009696648855835988,-0.0021937685320877476,0.02143593276116862,-0.0008477516068303714
2024-12-02,7.273342,0.951746,84.706386,18.181974,34.71704578,150.128486,0.788979,6.026744075,1.542876,0.004406586984452954,0.0052345293042808105,0.0015940225402204522,0.006609851979642034,0.0007954296711136788,-0.00046831258188384517,0.0015258125078543294,-0.010977596426198,0.0031305650426087794
2024-12-03,7.285864,0.951294,84.681317,18.103501,34.75019026,149.638508,0.790744,6.071156773,1.542998,0.0017216294792681275,-0.0004749166269151228,-0.000295951712542486,-0.0043159780120684,0.0009547033526422499,-0.0032637243807281946,0.002237068413734722,0.007369268953070662,7.907310762500508e-05
2024-12-04,7.270778,0.953107,84.761247,18.173751,34.75667175,151.15326,0.789459,6.049561571,1.561571,-0.0020705849024906797,0.0019058251182075825,0.0009438917913853206,0.003880464889084001,0.00018651667664304483,0.010122741934849966,-0.0016250518499033584,-0.003557016036225491,0.012036956625996797
2024-12-05,7.26537,0.948767,84.681499,18.067078,34.72248577,150.398482,0.785579,5.99800759,1.553795,-0.000743799356822672,-0.004553528617458502,-0.000940854492147758,-0.00586961932074459,-0.0009835803682786137,-0.004993461603143623,-0.004914758081166926,-0.008521936737884594,-0.004979600671375151
2024-12-06,7.263208,0.94509,84.692373,18.058407,34.79812872,150.505623,0.783055,6.005670542,1.559966,-0.0002975760353568502,-0.003875556380017464,0.0001284105752543674,-0.0004799337225421807,0.002178500424798502,0.0007123808603335391,-0.0032129168422273535,0.0012775829114946013,0.0039715663906756404
2024-12-09,7.264383,0.946253,84.868471,17.81936,34.81406132,150.832702,0.783545,6.042013626,1.549962,0.00016177424631091952,0.001230570633484751,0.00207926633487987,-0.01323743561655244,0.0004578579534606497,0.0021732011966091314,0.0006257542573639974,0.006051461488911114,-0.006412960282467628
2024-12-10,7.253159,0.949938,84.879358,17.878218,34.84734492,151.743137,0.784222,6.061650993,1.562838,-0.0015450727198716985,0.003894307336409941,0.0001282808547358183,0.0033030366971653624,0.0009560389893630283,0.00603605841391075,0.0008640218494151419,0.003250136165780182,0.008307300437042864
2024-12-11,7.263539,0.951746,84.847721,17.778053,34.87008661,152.612544,0.784791,6.037022937,1.572761,0.0014311005728675497,0.0019032821089377538,-0.00037272902087681636,-0.00560262773392739,0.000652608973573443,0.005729465049875815,0.0007255598542250663,-0.004062928734834825,0.006349346509363141
2024-12-12,7.270232,0.953198,84.876561,17.693928,34.87703746,152.130397,0.785702,5.907444476,1.564484,0.0009214516504971737,0.001525617128939949,0.0003399030599771091,-0.004731957993375335,0.00019933561042551062,-0.0031592881382019877,0.0011608186128535536,-0.02146396698376496,-0.005262719510466085
2024-12-13,7.274197,0.950751,84.798441,17.886575,34.94808899,153.498764,0.789532,6.035463016,1.567598,0.0005453746180315022,-0.002567147644036205,-0.000920395443448685,0.010887746350047411,0.002037200839706932,0.008994698147011482,0.0048746216759025796,0.02167071404904375,0.0019904326282660367
2024-12-16,7.283578,0.952562,84.895218,17.878834,34.96227853,154.057916,0.790103,6.038959802,1.572681,0.0012896268825273172,0.001904809987052447,0.0011412591889514712,-0.0004327826875742957,0.00040601762242431505,0.003642713370643147,0.0007232132453149909,0.0005793732793542006,0.003242540498265445
2024-12-17,7.284367,0.952653,84.919501,18.128608,34.99114033,153.977327,0.787349,6.152615033,1.576355,0.00010832588049436431,9.553183939736698e-05,0.0002860349566449205,0.013970374130661822,0.0008255125584917256,-0.0005231084652606022,-0.0034856214949190445,0.018820332429164255,0.0023361380979358692
2024-12-18,7.284966,0.952744,84.947599,18.064215,35.01867378,153.887195,0.786204,6.149390244,1.581745,8.223089254011384e-05,9.55227139367576e-05,0.00033087806297871225,-0.003552010170885689,0.0007868691828940566,-0.000585358908068434,-0.0014542471000787982,-0.0005241330690614054,0.0034192805554587036
2024-12-19,7.297547,0.962001,85.118807,18.311688,35.07118807,156.873497,0.793122,6.285233285,1.599904,0.001726981292706098,0.009716146205066556,0.002015454256688365,0.013699626582168056,0.0014996081899021352,0.019405786166938777,0.008799242944579344,0.022090489562366367,0.01148035871774522
2024-12-20,7.29846,0.962464,85.038499,18.39307,35.18229066,156.775746,0.798508,6.080173244,1.604812,0.00012511053371788705,0.0004812884809890505,-0.0009434812684816496,0.004444265323874097,0.003167916347123656,-0.0006231199142580079,0.0067908846306117265,-0.03262568495100815,0.0030676840610435185
2024-12-23,7.29924,0.962186,85.118349,18.478014,35.21908977,157.182719,0.798566,6.149908592,1.603676,0.00010687186063895737,-0.0002888419722711921,0.0009389864701161432,0.004618261116822842,0.00104595548810682,0.0025958926070106525,7.263546514257868e-05,0.011469302798043701,-0.0007078710777336239
2024-12-24,7.296104,0.962001,85.16354,18.594805,35.25483405,157.046657,0.796585,6.193746994,1.604714,-0.00042963377009119785,-0.00019227051734282963,0.0005309196023057794,0.0063205385600422215,0.0010149120898192976,-0.0008656295098189437,-0.0024806966487428417,0.0071283013957355035,0.0006472629134561814
2024-12-27,7.299377,0.958313,85.491136,18.711931,35.21379971,157.786296,0.796339,6.189362722,1.607762,0.0004485955792297158,-0.003833675848569862,0.003846669595932717,0.006298856051461632,-0.0011639351341662385,0.004709676819163233,-0.00030881826798145884,-0.0007078545514123125,0.0018994038813147096
2024-12-30,7.299311,0.957488,85.473478,18.73717,35.3230563,157.573727,0.794236,6.200689391,1.604366,-9.041867545578341e-06,-0.0008608878310113477,-0.00020654772911188335,0.0013488185692860366,0.0031026640379556714,-0.0013471955764776666,-0.0026408351217257486,0.0018300218469566865,-0.0021122529329589135
2024-12-31,7.299355,0.962557,85.603523,18.884204,35.3616325,156.954471,0.798133,6.184714602,1.6144,6.027966201083146e-06,0.005294061126614569,0.001521466109054348,0.007847182899018534,0.0010920968919669871,-0.003929944488778814,0.004906602067899168,-0.0025762924076131455,0.006254183895694654
2025-01-02,7.299486,0.968898,85.754287,18.672512,35.31857378,157.000291,0.805329,6.220327488,1.610115,1.7946791188938604e-05,0.006587661821585655,0.001761189197785784,-0.011210003874137286,-0.0012176677646316136,0.0002919317921181719,0.009016041186117985,0.005758210085956783,-0.0026542368681863326
2025-01-03,7.318283,0.970968,85.769007,18.735508,35.36731722,157.073502,0.805836,6.16351102,1.607535,0.002575112823012482,0.0021364477994587627,0.0001716532259197212,0.0033737292550675146,0.0013801078238215858,0.00046631123760132454,0.0006295563676461668,-0.009133999473437404,-0.0016023700170484378
2025-01-06,7.316708,0.959141,85.61337,18.484941,35.32562824,156.579705,0.797027,6.104834069,1.587857,-0.0002152144157311353,-0.012180627991859705,-0.0018146065279733836,-0.013373910117622678,-0.0011787430678067423,-0.0031437320344458453,-0.010931504673407422,-0.00952005290646818,-0.012241102059986186
2025-01-07,7.326277,0.962186,85.742327,18.590975,35.35379582,157.663812,0.797797,6.07466564,1.593092,0.0013078286026995123,0.0031747157091606137,0.0015062717423692806,0.005736236864375188,0.000797369541700288,0.006923675070150459,0.0009660902328276766,-0.004941727925611206,0.0032968963829864695
2025-01-08,7.331616,0.972195,85.895392,18.895295,35.38323935,158.409489,0.81084,6.13212133,1.613844,0.0007287466744705373,0.010402354638292532,0.001785174316530913,0.016369232920812493,0.0008328251413201038,0.004729538062925975,0.01634877042656213,0.009458247318448354,0.013026240794630883
2025-01-09,7.332169,0.970403,85.85541,18.877632,35.34323144,157.748666,0.813275,6.112663755,1.61378,7.542675448357627e-05,-0.0018432516110451491,-0.00046547316531242444,-0.0009347829711048306,-0.0011307022967641522,-0.004171612472028241,0.00300305855655858,-0.003173057732046014,-3.9656868941473356e-05
2025-01-10,7.331328,0.970497,86.011743,19.037752,35.40848214,158.055124,0.812238,6.055609472,1.616363,-0.00011470002941837976,9.686697176336523e-05,0.0018208870005977928,0.008481996046961982,0.0018462007389101753,0.001942697886269329,-0.0012750914512310585,-0.009333783974839194,0.0016005899193198836
2025-01-13,7.331928,0.980584,86.699843,19.144538,35.49901942,157.109237,0.82526,6.090311826,1.625613,8.184056149174168e-05,0.010393643669171615,0.008000070408990645,0.005609170662586704,0.0025569376185636816,-0.005984538660068983,0.016032246706014774,0.005730612940028079,0.0057227244127711074
2025-01-14,7.331186,0.976086,86.571498,18.950024,35.49380185,157.764763,0.822723,6.080917521,1.6204,-0.00010120121201406818,-0.004587062403628828,-0.001480337167392487,-0.010160286970623211,-0.00014697786263551116,0.0041724217653731355,-0.003074182681821469,-0.001542499837183131,-0.0032067903000283504
2025-01-15,7.331553,0.970874,86.421845,18.865922,35.48320388,157.038835,0.818573,6.056019417,1.613204,5.006011305686009e-05,-0.005339693428652814,-0.0017286636301476754,-0.004438094643046231,-0.0002985864981380759,-0.004601331667452135,-0.005044225091555665,-0.004094465006969195,-0.004440878795359149
2025-01-16,7.331678,0.97352,86.587812,18.890966,35.44304907,156.211059,0.820269,6.034267913,1.613512,1.704959372172965e-05,0.0027253794004165055,0.0019204287989915692,0.0013274728900076749,-0.0011316568294057472,-0.005271154743347384,0.002071898291294838,-0.003591716357272734,0.00019092439641843484
2025-01-17,7.328996,0.971062,86.616819,18.76947,35.56719751,155.593319,0.820091,6.070887551,1.61643,-0.0003658098459861092,-0.002524858246363837,0.0003350009583336089,-0.006431433945728426,0.0035027584606168727,-0.003954521555352808,-0.00021700198349572375,0.006068613215052698,0.0018084774082869348
2025-01-20,7.31204,0.969368,86.538872,18.745735,35.58889104,156.417216,0.819969,6.076773943,1.611768,-0.002313550177950763,-0.0017444818147553942,-0.0008999060563515959,-0.0012645535542558095,0.000609930821620086,0.005295195226216576,-0.0001487639786317274,0.000969609789433612,-0.002884133553571755
2025-01-21,7.284252,0.965531,86.594574,18.603457,35.62885005,155.701458,0.816385,6.052428309,1.606546,-0.003800307438142969,-0.003958249086002397,0.0006436645025833521,-0.007589886446170313,0.001122794468506605,-0.0045759540944648736,-0.00437089694854309,-0.0040063418893580005,-0.003239920385564199
2025-01-22,7.26726,0.957579,86.382266,18.469501,35.65182419,155.817294,0.808829,6.007660634,1.589869,-0.002332703481428222,-0.008235882638672476,-0.002451747149884831,-0.007200597179330526,0.0006448184538025981,0.0007439622049010275,-0.009255437079319195,-0.007396646885255986,-0.010380655144639483
2025-01-23,7.288447,0.961169,86.436467,18.564302,35.65868897,156.26682,0.81188,5.95165321,1.594963,0.002915404155073409,0.0037490379383842143,0.0006274551769687164,0.00513284035123629,0.00019255059610467917,0.002884955761072172,0.003772119941297891,-0.009322667742420188,0.0032040375653590303
2025-01-24,7.24704,0.954927,86.258594,18.384263,35.69222689,156.512605,0.806083,5.907754011,1.58518,-0.005681182836343557,-0.006494175321925755,-0.002057846718792833,-0.00969812923750113,0.0009405258849592979,0.0015728546853388536,-0.007140217766172352,-0.00737596722306344,-0.006133684605849732
2025-01-27,7.246534,0.949668,86.305793,18.664482,35.73266857,154.045584,0.798727,5.923551757,1.585945,-6.98216099263016e-05,-0.00550722725402053,0.0005471802612502241,0.01524232981218776,0.0011330668754470086,-0.015762442903560547,-0.009125611134337297,0.0026740697006994996,0.00048259503652570146
2025-01-28,7.246617,0.959601,86.551675,18.696766,35.76480184,155.320986,0.804798,5.90490356,1.602341,1.1453751545209556e-05,0.01045944477438443,0.002848962873210681,0.0017297024369602454,0.0008992686884565781,0.00827938047221144,0.007600844844358745,-0.003148144519538154,0.010338315641462925
2025-01-29,7.251347,0.961908,86.566468,18.665833,35.77664486,155.348211,0.805339,5.847537514,1.607349,0.0006527183649971402,0.0024041242141263908,0.0001709152364757216,-0.0016544572467773744,0.00033113618392133226,0.00017528217339535246,0.0006722183703240514,-0.00971498440526608,0.00312542710946051
2025-01-30,7.25137,0.961261,86.606748,18.527156,35.7810247,154.109392,0.804431,5.91137172,1.605787,3.1718244899447967e-06,-0.0006726214981057632,0.0004653071903082395,-0.007429456804847523,0.00012242176473353794,-0.007974465827610855,-0.001127475510313114,0.01091642522124392,-0.0009717864633006501
2025-01-31,7.251323,0.962186,86.591456,18.626768,35.85634562,154.902338,0.804465,5.838256519,1.607043,-6.4815338342016915e-06,0.0009622776748459128,-0.00017656822768596925,0.005376540252589157,0.002105052066884827,0.005145345067612661,4.226589974765105e-05,-0.012368567646089512,0.0007821709853175207
2025-02-03,7.251314,0.973331,87.0657,18.828596,35.98578937,154.633054,0.809188,5.851567062,1.62264,-1.2411528214073542e-06,0.011582999544786476,0.005476799004280775,0.010835374123949082,0.0036100653248891668,-0.0017384114628404834,0.005870982578483952,0.0022798832077148834,0.009705403029041548
2025-02-04,7.251379,0.967586,87.093372,18.778133,35.95104015,155.316884,0.804915,5.818867925,1.608999,8.963892613067515e-06,-0.00590241140989034,0.00031782894986198684,-0.0026801254857239387,-0.0009656372865054497,0.004422275718618307,-0.005280602282782265,-0.005588099162760596,-0.008406670610856426
2025-02-05,7.272788,0.959509,87.372385,18.567166,35.91498753,152.801765,0.797208,5.788428325,1.590865,0.0029524039496486854,-0.008347578406467271,0.003203607732629621,-0.011234716465156613,-0.0010028255051752755,-0.016193468058501637,-0.00957492406030458,-0.005231189364037769,-0.011270361261877748
2025-02-06,7.288707,0.965251,87.606178,18.612162,35.89440154,152.46139,0.807799,5.803764479,1.597201,0.0021888442231505767,0.005984310725589914,0.002675822572544062,0.0024234177687645353,-0.0005731866113779516,-0.002227559347890984,0.01328511505152985,0.002649450444736967,0.003982738950193854
2025-02-07,7.288619,0.96367,87.514214,18.427773,35.97802833,152.038161,0.803248,5.768237448,1.592464,-1.2073472016371767e-05,-0.0016379159410350175,-0.0010497433183308535,-0.009906909256431562,0.0023298003703116077,-0.0027759749533963207,-0.005633827226822596,-0.006121377104213788,-0.0029658133196760472
2025-02-10,7.305717,0.968992,87.474806,18.417539,35.99651163,152.054264,0.807006,5.777325581,1.593798,0.0023458490559047362,0.005522637417373133,-0.0004503039929033559,-0.0005553573945151768,0.0005137385470506128,0.00010591419873851038,0.0046785052686095785,0.0015755476576559957,0.000837695546021644
2025-02-11,7.307245,0.968617,86.737699,18.490314,36.05191786,152.344053,0.807391,5.801821,1.5926,0.00020915127153164903,-0.00038700009907199906,-0.008426506255984068,0.003951396546520103,0.001539211092716819,0.0019058261989943759,0.00047707204159563865,0.004239923586885741,-0.0007516636361697415
2025-02-12,7.308968,0.96432,86.88621,18.456895,36.09652845,153.539055,0.803645,5.767791707,1.593539,0.00023579338040535802,-0.004436221953568853,0.0017121851480057515,-0.001807378717311292,0.0012373985254607867,0.007844100090995898,-0.004639635566906164,-0.005865277987721518,0.0005896019088282856
2025-02-13,7.297113,0.962464,86.984697,18.524639,36.10683349,153.792108,0.801858,5.782868142,1.596824,-0.001621980011405122,-0.0019246723079475725,0.0011335170448796283,0.0036703898461794005,0.0002854856254188576,0.0016481344111438645,-0.0022236186375825806,0.0026139007380767687,0.00206144939031927
2025-02-14,7.266749,0.954381,86.667303,18.377076,36.2174079,152.786791,0.794188,5.738404276,1.576064,-0.004161097683426429,-0.008398236193769226,-0.0036488487164586525,-0.007965769265463218,0.003062423350710608,-0.006536856884750031,-0.009565284626455006,-0.007688895009911545,-0.013000806601103254
2025-02-17,7.263057,0.954836,86.88246,18.439034,36.23450778,151.503867,0.793784,5.705719469,1.571279,-0.0005080676379491944,0.0004767488036747647,0.0024825625414925945,0.003371483036800793,0.0004721453298706102,-0.008396825351217552,-0.0005086956740720794,-0.0056958006839460396,-0.003036044221554346
2025-02-18,7.280176,0.957213,86.962764,18.43668,36.27433713,151.766057,0.794726,5.702689767,1.576146,0.002356996509871756,0.002489432740282016,0.0009242832212625895,-0.0001276639546301528,0.0010992104609734987,0.0017305828900062714,0.0011867208207774205,-0.000530993859137463,0.0030974766416402844
2025-02-19,7.285509,0.958405,86.871765,18.525781,36.29921411,151.82097,0.793924,5.728867165,1.573606,0.000732537235363484,0.0012452818756116812,-0.0010464133821690424,0.004832811547415217,0.0006858010915773427,0.00036182662372263863,-0.001009152840098504,0.004590359824846457,-0.0016115258358045947
2025-02-20,7.259121,0.957579,86.59006,18.431485,36.31389447,149.956909,0.793096,5.700086182,1.568706,-0.003621984407678247,-0.0008618485921921826,-0.003242768234304916,-0.005089987839109189,0.0004044263866296305,-0.012278020618627261,-0.0010429209848801246,-0.005023852390195871,-0.003113867130654091
2025-02-21,7.255901,0.955566,86.631438,18.389871,36.40926899,150.46345,0.790827,5.70960344,1.566555,-0.0004435798769576449,-0.0021021764261747178,0.0004778608537747697,-0.0022577670762827795,0.002626391946993989,0.0033779103835755997,-0.002860939911435767,0.001669669141153518,-0.0013711938374686428
2025-02-24,7.250048,0.955475,86.724919,18.348653,36.39795528,149.828015,0.79142,5.719185935,1.570227,-0.000806653784278466,-9.52315172370044e-05,0.0010790655466206278,-0.0022413425303527967,-0.00031073708189832683,-0.004223185099105464,0.0007498479439878025,0.0016783118303569378,0.0023439968593506055
2025-02-25,7.261027,0.952653,87.186625,18.373059,36.46203677,149.747547,0.789826,5.795846432,1.575498,0.0015143348016455338,-0.002953504801276874,0.0053237985728185055,0.0013301248870967175,0.0017605793926345203,-0.0005370691188827381,-0.002014101235753407,0.013404092447992788,0.003356839488812824
2025-02-26,7.258987,0.953562,87.107371,18.390102,36.43806618,149.423095,0.790197,5.752741489,1.58501,-0.00028095199205291355,0.0009541774392145541,-0.0009090155743499695,0.0009276081897955368,-0.0006574122600775389,-0.0021666598652198,0.00046972371129849755,-0.007437212753258926,0.006037456093247906
2025-02-27,7.266107,0.954472,87.153765,18.416245,36.43046674,149.59435,0.78909,5.805574115,1.58805,0.0009808531135266918,0.0009543165520438102,0.0005326070511300074,0.0014215799346843916,-0.0002085577198981392,0.0011461079694541354,-0.001400916480320813,0.009183904074435256,0.0019179689718045179
2025-02-28,7.279032,0.960523,87.379695,18.43406,36.51772164,150.763615,0.793468,5.831524349,1.608011,0.0017788067255271045,0.0063396307068201985,0.0025923148586868283,0.0009673524651740983,0.0023951079359680882,0.007816237712186203,0.005548163073920476,0.004469882476041853,0.012569503479109567
2025-03-03,7.28925,0.955566,87.293837,18.640038,36.45360726,151.294792,0.788629,5.885332059,1.606402,0.001403758082118678,-0.005160730143890402,-0.00098258525621997,0.011173772896475365,-0.00175570591813079,0.0035232439869528065,-0.006098544616796042,0.00922704026936394,-0.001000615045543829
2025-03-04,7.257175,0.947239,87.136781,18.525054,36.45401156,148.242872,0.7842,5.885384105,1.602633,-0.004400315533148125,-0.00871420707727144,-0.0017991648138917515,-0.0061686569523087265,1.1090809123981415e-05,-0.02017200962211574,-0.005616075493039219,8.843341289699325e-06,-0.0023462371187287223
2025-03-05,7.263419,0.935104,87.046288,18.442304,36.43304657,149.700767,0.780812,5.885356275,1.592482,0.0008603898900054752,-0.012810916780242376,-0.0010385166741470053,-0.004466923551208035,-0.000575107899043914,0.009834503206332945,-0.004320326447334932,-4.728663329900407e-06,-0.006333951690748907
2025-03-06,7.247777,0.926269,87.076695,18.30113,36.42395332,147.499074,0.776121,5.751018896,1.578084,-0.0021535312777631876,-0.009448146944083247,0.0003493198928827823,-0.00765490038554828,-0.0002495879663131362,-0.014707292715474218,-0.006007848240037306,-0.022825700386337355,-0.009041232491167839
2025-03-07,7.235977,0.921065,86.988579,18.17316,36.45500599,147.692733,0.774505,5.76743115,1.589574,-0.0016280854115682253,-0.0056182383303338135,-0.0010119355127109486,-0.006992464399739329,0.0008525343124394791,0.001312950615540709,-0.002082149561730695,0.0028537993522184113,0.007280981240542328
2025-03-10,7.25846,0.922084,87.315629,18.241494,36.55398801,146.970954,0.773158,5.798709083,1.582112,0.0031071132481488295,0.001106328000738177,0.0037596889587079296,0.0037601605884722833,0.00271518320493902,-0.004887031239377171,-0.001739175344252164,0.005423200067156353,-0.0046943394896997725
2025-03-11,7.233229,0.916422,87.193457,18.263105,36.58999267,148.020528,0.773222,5.836510264,1.590634,-0.0034760817032815083,-0.00614043839823708,-0.001399199678215779,0.0011847165588521058,0.0009849721455879035,0.007141370260139945,8.277738832163095e-05,0.0065188959230289,0.00538647074290588
2025-03-12,7.243064,0.918611,87.201451,18.395003,36.60903913,149.026272,0.77235,5.841172148,1.588922,0.0013596970315747914,0.0023886375490767,9.16811911702009e-05,0.00722210160868042,0.0005205374095527127,0.0067946251346975295,-0.0011277485638018225,0.0007987451043742766,-0.001076300393428098
2025-03-13,7.247738,0.923361,87.045245,18.428255,36.60747922,148.328717,0.773573,5.820129271,1.59409,0.0006453070137169004,0.005170850338173549,-0.0017913234035522585,0.0018076648315850097,-4.260996838667541e-05,-0.0046807518609872645,0.0015834789926847392,-0.0036025093023847043,0.0032525196328077044
2025-03-14,7.238681,0.918358,86.936817,18.16806,36.67747268,148.663789,0.773101,5.756543301,1.582974,-0.0012496312642648055,-0.005418249200475178,-0.0012456510404443843,-0.014119350964049482,0.0019119988999887205,0.002258982662136866,-0.0006101557319088124,-0.010925181733819955,-0.0069732574697789484
2025-03-17,7.233697,0.917179,86.793543,18.141521,36.66697239,148.821425,0.770669,5.708337155,1.573879,-0.0006885232268143415,-0.001283813066364159,-0.0016480244497565355,-0.0014607503497896523,-0.00028628717391776526,0.00106035236327795,-0.003145772673945557,-0.008374148074526966,-0.005745514455701817
2025-03-18,7.227239,0.915919,86.558436,18.051291,36.65506503,149.752702,0.770956,5.687030592,1.570526,-0.0008927661747513138,-0.0013737776377347188,-0.002708807497350363,-0.00497367337611887,-0.00032474347413646854,0.006257680975706226,0.0003724037167707195,-0.0037325340850508093,-0.0021304051963333404
2025-03-19,7.230063,0.917684,86.317794,18.119666,37.99183261,149.830229,0.77157,5.683123796,1.57915,0.0003907439618366926,0.0019270262981769815,-0.0027801103060595134,0.0037878177245052047,0.036468836677985284,0.0005177001747855847,0.0007964138031224532,-0.0006869658843572379,0.005491153919132907
2025-03-20,7.244623,0.923105,86.357426,18.190898,37.99879996,148.481492,0.772547,5.656050955,1.591618,0.0020138137108900445,0.00590726219482951,0.00045914055681262056,0.003931198290299642,0.000183390732200861,-0.009001768261329923,0.00126624933577002,-0.004763725368617688,0.007895386758699274
2025-03-21,7.248268,0.923617,86.025677,18.179643,38.00942089,148.693082,0.773668,5.718204489,1.592316,0.0005031317709700556,0.0005546497960686736,-0.003841580456555138,-0.0006187160194072172,0.00027950698472545277,0.001425026090120296,0.0014510444024764535,0.010988856800353775,0.0004385474404033918
2025-03-24,7.253603,0.923873,85.568644,18.123429,38.0,149.805987,0.77294,5.757021434,1.591186,0.000736037905883169,0.00027717116510417306,-0.005312750982476966,-0.0030921399281601536,-0.0002478567097158324,0.007484578199811409,-0.0009409720965583013,0.0067883100498893345,-0.0007096581331846874
2025-03-25,7.258291,0.923788,85.702356,18.164619,37.97496536,149.949192,0.771963,5.732193995,1.581801,0.000646299501089187,-9.200398756104011e-05,0.0015626284787215727,0.00227274871659211,-0.0006588063157895174,0.0009559364272939685,-0.00126400496804413,-0.004312549342507799,-0.005898116247880503
2025-03-26,7.265573,0.926956,85.652021,18.258621,38.00899147,150.352243,0.775148,5.725806452,1.582963,0.0010032664714048067,0.0034293582510271925,-0.0005873234103388469,0.005175005322159754,0.0008960142472134169,0.0026879171179527983,0.004125845409689299,-0.001114327778433899,0.0007346056804868883
2025-03-27,7.265739,0.927214,85.732035,18.271766,38.01019935,150.718591,0.772536,5.763004172,1.585628,2.2847475347198554e-05,0.00027833036303781533,0.0009341752718243779,0.0007199338876686667,3.1778796365955486e-05,0.0024365981690077643,-0.003369679080640009,0.006496503210828397,0.0016835516686113383
2025-03-28,7.265444,0.926183,85.529314,18.163657,38.00935445,150.634435,0.772048,5.765675651,1.585626,-4.0601513486837604e-05,-0.0011119331675319977,-0.002364588686131097,-0.005916724196227019,-2.2228244377919815e-05,-0.0005583650924656514,-0.0006316857725724434,0.00046355666597985845,-1.2613298958630281e-06
2025-03-31,7.253074,0.924642,85.432732,18.380213,37.94720296,149.422099,0.772409,5.779657883,1.601294,-0.0017025800487898701,-0.0016638180575545558,-0.0011292268753611001,0.011922488956932042,-0.001635162998670614,-0.008048199603231443,0.00046758750751263456,0.0024250812647732545,0.009881270867152736
2025-04-01,7.270208,0.926956,85.635892,18.329718,37.93112718,149.175009,0.775538,5.717371153,1.599462,0.0023623087259279085,0.002502590191663323,0.0023780112755846794,-0.002747247814810505,-0.00042363543940104886,-0.0016536375921208935,0.004050962637669908,-0.010776888746859337,-0.001144074729562461
2025-04-02,7.269184,0.925669,85.496621,18.609831,37.91289457,149.236323,0.772517,5.666203832,1.587152,-0.00014084879002085327,-0.0013884154156185158,-0.0016263157508769055,0.015281904500658472,-0.0004806767253047184,0.0004110205885758944,-0.0038953603820830462,-0.008949448904178925,-0.007696337893616789
2025-04-03,7.291971,0.901144,85.277552,18.880959,37.93547806,146.138596,0.75843,5.624132648,1.572317,0.0031347397452039516,-0.026494351652696646,-0.002562311790076488,0.014569073733125215,0.0005956677868081961,-0.020757191933762575,-0.018235197413131288,-0.007424933032306735,-0.00934693085476368
2025-04-04,7.282084,0.904404,85.399295,19.063851,38.01193814,145.211178,0.768608,5.734557294,1.636791,-0.0013558748382296315,0.003617623820388438,0.0014276089914024848,0.009686584246064944,0.002015529628467183,-0.006346153756670914,0.013419827802170214,0.019634075671964846,0.04100572594457752
2025-04-07,7.308744,0.911826,85.765478,19.39865,38.01112428,146.421081,0.780414,5.87352968,1.657153,0.0036610398891305795,0.00820650948027657,0.0042878925405649415,0.017561981574446772,-2.141064201999221e-05,0.008332023861138182,0.015360235646779685,0.02423419609834654,0.012440195480058147
2025-04-08,7.338721,0.913242,86.221461,19.34274,38.01050228,146.712329,0.782137,5.864018265,1.650502,0.004101525515191051,0.0015529278612367303,0.005316626347025011,-0.0028821593255201616,-1.636363069446034e-05,0.0019891124830584417,0.0022078025253262634,-0.0016193695304523859,-0.0040135099173100874
2025-04-09,7.349842,0.905387,86.675419,19.716161,38.00995926,144.508828,0.782571,6.054775917,1.665097,0.0015153866729638032,-0.008601225086012243,0.0052650232869517755,0.019305486192752408,-1.4286051681078327e-05,-0.015019194467289942,0.0005548900000895696,0.032530194037518,0.008842764201437037
2025-04-10,7.321512,0.902364,86.161343,19.425194,37.91075618,145.533297,0.773822,5.855170547,1.615683,-0.003854504627446298,-0.0033389036953258566,-0.005931047186515492,-0.014757791843959756,-0.002609923344600862,0.007089317754345181,-0.011179816272261611,-0.032966599051100665,-0.029676349185663087
2025-04-11,7.299401,0.881368,86.096422,19.283272,38.05834655,142.843293,0.763952,5.831041777,1.604178,-0.003020004611069549,-0.023267772207224646,-0.0007534817557335316,-0.0073060788993922765,0.0038931001349391536,-0.01848377007496793,-0.012754871275306279,-0.004120933763810286,-0.007120827538570351
2025-04-14,7.312648,0.878966,85.993496,18.926958,38.05317746,143.245144,0.759277,5.844071372,1.585128,0.0018148064478167303,-0.002725308838078977,-0.0011954736051633663,-0.018477880724806495,-0.00013582014114066343,0.0028132297398102413,-0.006119494418497462,0.002234522663067562,-0.011875240777519669
2025-04-15,7.314995,0.88308,85.884581,18.945691,38.13396326,142.926528,0.755652,5.846608972,1.571353,0.0003209507691330771,0.004680499587014664,-0.0012665492748428209,0.0009897522887725163,0.0021229712048336236,-0.002224270862543287,-0.004774278688805311,0.0004342178317942036,-0.008690149943726966
2025-04-16,7.306121,0.880669,85.653457,18.851079,38.12426244,142.747688,0.754011,5.871510348,1.569,-0.0012131245475901498,-0.002730216967885113,-0.002691100047399586,-0.004993853219711131,-0.00025438793061860476,-0.0012512722620672267,-0.002171634561941249,0.004259114320669388,-0.0014974356494052987
2025-04-17,7.297535,0.880282,85.403609,18.831602,38.08133803,142.588028,0.755924,5.881161972,1.570863,-0.0011751790040159804,-0.0004394386540232942,-0.0029169634098947794,-0.001033203457478371,-0.0011259079455651078,-0.0011184769591504606,0.0025370982651446994,0.0016438060103713958,0.0011873804971318513
2025-04-22,7.313437,0.871384,85.208261,18.623127,38.2597595,140.336354,0.748153,5.796096201,1.563698,0.0021790919810593667,-0.010108124441940203,-0.0022873506434606394,-0.011070486727576379,0.004685273134558576,-0.015791466026867318,-0.010280133981723116,-0.01446410954246713,-0.004561187067236183
2025-04-23,7.288568,0.87604,85.399737,18.600613,38.28961892,141.638195,0.751581,5.705387648,1.560578,-0.00340045316586457,0.005343224112446476,0.002247153007852276,-0.0012089269433646077,0.0007804393020296452,0.009276577044320167,0.004581950483390607,-0.015649939175327976,-0.0019952701864426325
2025-04-24,7.289469,0.879044,85.336937,18.709388,38.31223629,142.54571,0.751582,5.6854782,1.566719,0.00012361824709605784,0.00342906716588276,-0.0007353652623074414,0.005847925549550492,0.0005906919587592707,0.0064072759470001905,1.3305285788689503e-06,-0.0034895872512674675,0.0039350804637767745
2025-04-25,7.28828,0.880514,85.42793,18.808488,38.41586687,143.347715,0.751167,5.685128115,1.567051,-0.00016311201817309495,0.0016722712401198159,0.0010662791892799284,0.005296806074041482,0.002704895094496118,0.005626300503887238,-0.0005521686256455549,-6.157529546058083e-05,0.00021190781499424993
2025-04-28,7.298028,0.880437,85.025973,18.62872,38.44391618,143.335094,0.749604,5.695633034,1.563568,0.0013374897781095463,-8.744892187972919e-05,-0.0047052176027209125,-0.009557812408950594,0.000730149083838727,-8.804465421718977e-05,-0.0020807623338086056,0.0018477893175850024,-0.0022226462316796702
2025-04-29,7.272927,0.879275,85.133826,18.547613,38.43831883,142.688824,0.747208,5.656027433,1.561066,-0.003439422265850478,-0.001319799145197198,0.0012684712234931617,-0.004353868650127435,-0.00014559780990563986,-0.0045088050802128965,-0.0031963543417592444,-0.006953678504843075,-0.001600186240700796
2025-04-30,7.265893,0.879275,84.530027,18.561066,38.47480876,143.040535,0.748967,5.613206718,1.564934,-0.0009671484396859276,0.0,-0.007092351282320997,0.0007253224444569994,0.0009493112891170163,0.0024648812019083532,0.0023540968512114624,-0.0075708110519697724,0.002477794020240065
2025-05-02,7.271357,0.881601,84.300538,18.377678,38.56792736,144.52085,0.75227,5.665520585,1.553381,0.0007520066700679173,0.002645361235108501,-0.0027148814231421348,-0.009880251489865932,0.002420248547065018,0.010348919626174347,0.004410074142118248,0.00931978272459566,-0.007382419961480924
2025-05-05,7.271357,0.881601,84.294719,18.309001,38.58432513,143.868465,0.750683,5.643921361,1.542096,0.0,0.0,-6.902684298415451e-05,-0.003736979176585886,0.0004251659635983174,-0.004514123740622988,-0.0021096148989059316,-0.003812398821246177,-0.007264798526568805
2025-05-06,7.217219,0.883002,84.378366,18.264636,38.6009713,142.728477,0.747815,5.698719647,1.547196,-0.00744537780224519,0.0015891542772750178,0.0009923160192277791,-0.00242312510660736,0.00043142312179655917,-0.007923821248805196,-0.00382052077907713,0.009709257534780802,0.003307187101192266
2025-05-07,7.225264,0.880282,84.764525,18.288292,38.64366197,143.389085,0.749208,5.70096831,1.545158,0.0011146952863700932,-0.00308040072389415,0.00457651668675374,0.0012951804788225996,0.001105948077529284,0.004628424641565987,0.001862760174642153,0.0003945909150284699,-0.0013172216060537423
2025-05-08,7.237674,0.885191,85.502346,18.149951,38.63353103,144.684429,0.750288,5.74621581,1.558378,0.0017175842986498768,0.005576622037029022,0.00870436069806324,-0.007564457085440068,-0.0002621630426190569,0.009033769899570832,0.0014415222474932765,0.007936809597876682,0.00855575934629349
2025-05-09,7.240491,0.888731,85.385265,18.204319,38.74857803,145.183079,0.753377,5.65650551,1.561678,0.00038921344067155417,0.00399913690943543,-0.0013693308485359657,0.0029954901806621415,0.002977905382520074,0.003446466239984902,0.004117085705755752,-0.015612065917169238,0.0021175863622304725
2025-05-12,7.203223,0.900414,84.856834,18.311543,38.77201513,148.082118,0.758959,5.672789483,1.56528,-0.005147164743385391,0.01314571000674003,-0.006188784446590323,0.005890030821806613,0.0006048505826938833,0.019968160339126184,0.007409305035858571,0.002878804408695812,0.002306493400048071
2025-05-13,7.201314,0.899928,85.339273,18.382829,38.77771778,148.137149,0.756479,5.665046796,1.560565,-0.000265020255516224,-0.0005397517142116115,0.005685328773873399,0.0038929542966423814,0.00014708159947018906,0.0003716248845115899,-0.0032676336929926553,-0.0013648817787443868,-0.0030122406214863062
2025-05-14,7.204744,0.891742,85.389513,18.248974,38.75075798,146.254682,0.750401,5.611467808,1.546281,0.00047630196378056766,-0.009096283258216098,0.0005887090226324165,-0.007281523426018954,-0.0006952394711042809,-0.012707595715913178,-0.008034591839297667,-0.009457819137139722,-0.009153095193087046
2025-05-15,7.211533,0.894055,85.513634,18.078587,38.69360751,145.999106,0.753152,5.628430934,1.560751,0.0009422957984350777,0.0025937995518883206,0.0014535859924627026,-0.009336798879761798,-0.0014748219900498905,-0.0017474722621186878,0.003666039890671824,0.0030229391988700893,0.009357936882106177
2025-05-16,7.205557,0.893336,85.599428,18.105056,38.83526889,145.658388,0.752814,5.68608183,1.559585,-0.0008286726275814615,-0.0008042010838259506,0.0010032786116891401,0.0014641077867425523,0.003661105518873997,-0.0023336992214185726,-0.00044878059143449445,0.010242800644802319,-0.0007470762472681081
2025-05-19,7.212307,0.887942,85.435535,18.047239,38.84265672,144.96537,0.747558,5.669774463,1.551323,0.0009367769903145806,-0.00603804167748756,-0.0019146506446281464,-0.0031934173525892673,0.00019023506753423902,-0.004757831042315197,-0.006981804270377645,-0.0028679444804964316,-0.005297563133782379
2025-05-20,7.219464,0.889601,85.565341,17.976426,38.84956854,144.640157,0.748866,5.643981852,1.560181,0.0009923315798954224,0.0018683652761102287,0.0015193443805321394,-0.003923758088425711,0.00017794405902304966,-0.0022433840578617303,0.0017496970134760481,-0.004549142328027167,0.005709964978279913
2025-05-21,7.203427,0.883314,85.564438,17.914142,38.82413214,143.768218,0.746047,5.669993817,1.551895,-0.002221356045268852,-0.00706721327876203,-1.0553338413155089e-05,-0.00346475990277495,-0.0006547408621490058,-0.006028332781746082,-0.0037643583765319955,0.004608796711630614,-0.005310922258379036
2025-05-22,7.204616,0.884251,85.975329,18.026262,38.91237068,143.416748,0.745159,5.661420108,1.55699,0.0001650603247593807,0.0010607779340074952,0.004802123517716694,0.006258742394695815,0.0022727755943598993,-0.002444698869398132,-0.0011902735350454163,-0.0015121196383485191,0.0032830829405341433
2025-05-23,7.184939,0.884877,85.436687,17.9854,39.03017432,142.580303,0.741704,5.727015308,1.554641,-0.0027311656859990707,0.0007079437851922332,-0.006265076345331577,-0.002266803844302334,0.003027408454981284,-0.005832268627371406,-0.004636594337584343,0.0115863509064289,-0.0015086802098922547
2025-05-26,7.186978,0.878657,85.088305,17.848168,38.9020297,142.896055,0.737369,5.648888498,1.536596,0.00028378807391393757,-0.007029225530780003,-0.004077662796077242,-0.007630188931021631,-0.003283219258755299,0.0022145555406767325,-0.005844649617637199,-0.013641802195092145,-0.011607181336398487
2025-05-27,7.195227,0.880592,85.398468,17.914759,38.99894329,144.170483,0.738024,5.664934836,1.551955,0.0011477703145883478,0.0022022245313018107,0.0036451895474940432,0.003730971156255203,0.0024912219425918813,0.008918566716205056,0.0008882933782135005,0.0028406186466030103,0.009995470507537352
2025-05-28,7.192896,0.883626,85.391446,17.912256,39.06909958,144.411063,0.742069,5.65361845,1.553415,-0.0003239647616398722,0.003445409451823256,-8.222629942256088e-05,-0.00013971720188932224,0.0017989279729533347,0.001668718831995708,0.005480851571222578,-0.001997619801040851,0.0009407489263542068
2025-05-29,7.188458,0.886446,85.468753,17.851166,39.11444021,144.907366,0.742576,5.685311586,1.552433,-0.0006169976599134097,0.0031913954546378687,0.0009053248729387064,-0.003410514007839094,0.0011605240583330012,0.0034367380842559303,0.0006832248753148029,0.005605814449682223,-0.0006321556055529642
2025-05-30,7.194285,0.881912,85.567334,17.897434,39.24102655,143.716377,0.741864,5.679954141,1.55631,0.0008106050004048626,-0.005114806767699265,0.0011534156816350727,0.0025918755111011826,0.0032363070855769838,-0.008218967971579838,-0.0009588244166254256,-0.0009423309380602873,0.002497370256880682
2025-06-02,7.199755,0.875733,85.383571,17.929241,39.18950871,142.727034,0.738594,5.693580874,1.541816,0.0007603257307708944,-0.007006367982293038,-0.002147583562671196,0.0017771821368359753,-0.0013128565822394522,-0.0068839962476927585,-0.004407815987836017,0.002399092080979548,-0.009313054597091863
2025-06-03,7.187862,0.878272,85.624012,17.909099,39.13007202,143.158265,0.74091,5.67697172,1.549271,-0.0016518617647405254,0.0028992855128218142,0.002816010119792045,-0.0011234162115395518,-0.001516647999846743,0.0030213687478435336,0.003135687536048204,-0.002917171876111735,0.004835207313972578
2025-06-04,7.188598,0.878426,85.891602,17.847681,39.11981729,144.193605,0.739722,5.622101195,1.541813,0.00010239484286156397,0.00017534431246812865,0.0031251747465419477,-0.0034294299227448644,-0.00026206775174753005,0.007232135706590093,-0.0016034336154188145,-0.009665456815064144,-0.004813876978269072
2025-06-05,7.1792,0.875427,85.826841,17.749715,39.33555108,143.272345,0.737022,5.631182702,1.536374,-0.0013073481087688688,-0.003414061059212825,-0.0007539852382775214,-0.005489004425841215,0.005514693189918152,-0.006389048945686482,-0.00365001987233049,0.0016153225786965653,-0.00352766515783709
2025-06-06,7.182105,0.876347,85.738323,17.766716,39.23608799,144.264306,0.73841,5.581018316,1.54167,0.00040464118564753626,0.0010509157245550682,-0.0010313556804451007,0.0009578181959541965,-0.0025285800572035777,0.006923604133093564,0.0018832545025793124,-0.008908321511604256,0.0034470773392416554
2025-06-09,7.181683,0.876424,85.665206,17.739702,39.22743208,144.50482,0.7383,5.55687993,1.534969,-5.8757147103905005e-05,8.78647385111897e-05,-0.0008527925137979953,-0.0015204835828972474,-0.00022061093354175387,0.0016671760788840029,-0.00014896873010938894,-0.0043250863253393446,-0.0043465851965726054
2025-06-10,7.184793,0.874967,85.577828,17.672937,39.22714148,144.570829,0.740572,5.560328988,1.53373,0.0004330461258177376,-0.0016624373590864439,-0.0010199940451902645,-0.0037635919701469733,-7.408081146076384e-06,0.0004567944515623257,0.0030773398347556657,0.0006206824771179953,-0.0008071824251825177
2025-06-11,7.187265,0.874661,85.538354,17.762617,39.19041371,145.34243,0.741363,5.577888568,1.537479,0.00034406001676035025,-0.0003497274754362678,-0.00046126433589788185,0.0050744253770609316,-0.0009362846390100765,0.005337183201737039,0.0010680933116564706,0.0031580109806264023,0.0024443676527159397
2025-06-12,7.176212,0.862515,85.537174,17.809988,39.32646196,143.729515,0.736415,5.536311885,1.535191,-0.0015378589769544648,-0.01388652289286929,-1.379498137177304e-05,0.002666893059733333,0.003471467563642694,-0.011097344388696473,-0.006674193343881418,-0.007453838938002888,-0.0014881504072576934
2025-06-13,7.182245,0.868659,86.092773,18.012509,39.43485059,144.14524,0.738794,5.560024322,1.544215,0.000840694226982297,0.007123354376445512,0.006495409820296283,0.011371203619003012,0.0027561246193528177,0.0028924121813116432,0.003230515402320666,0.004283074633899542,0.005878095950275775
2025-06-16,7.180059,0.864006,86.036375,17.780888,39.39588733,144.193883,0.736392,5.532486608,1.532055,-0.0003043616585064468,-0.005356532310146878,-0.0006550840219768927,-0.012858897114222168,-0.0009880412735704391,0.00033745824697373195,-0.003251244595922409,-0.004952804593145066,-0.007874551147346698
2025-06-17,7.182832,0.864454,86.252593,17.817514,39.38545989,144.666321,0.736947,5.486687414,1.529478,0.00038620852558457486,0.0005185149177202586,0.0025130998371327706,0.0020598521288699434,-0.00026468346588204295,0.0032764080567828646,0.0007536746732716981,-0.008278229527708958,-0.0016820544954326833
2025-06-18,7.188304,0.868961,86.423358,18.076208,39.53936392,144.829684,0.743135,5.480100799,1.538321,0.0007618165091427542,0.005213695581257172,0.0019798245369850864,0.014519084985705755,0.0039076357221634606,0.001129240025395939,0.00839680465488013,-0.0012004720704872351,0.00578171114589443
2025-06-19,7.187315,0.871232,86.738543,18.089127,39.55863391,145.669977,0.744119,5.49154905,1.545914,-0.00013758460966584174,0.0026134659668271,0.0036469885838041893,0.0007146963566695419,0.0004873621649297277,0.00580193905553239,0.0013241201127653923,0.0020890584717143668,0.004935900894546652
2025-06-20,7.176987,0.868432,86.615284,17.989579,39.67902736,145.610074,0.741381,5.483716891,1.541815,-0.0014369761169504836,-0.003213839712040034,-0.0014210407015945448,-0.00550319537255739,0.0030434177852023403,-0.00041122406437943404,-0.003679519001665077,-0.001426220348518914,-0.002651505840557844
2025-06-23,7.186367,0.871688,86.763424,18.107479,39.72977685,147.550558,0.746775,5.542276848,1.565812,0.0013069551331219564,0.003749286069606006,0.001710321702576234,0.006553794282790237,0.001279000352996551,0.013326577939930084,0.007275611325350928,0.010678880431648441,0.015564124100492016
2025-06-24,7.17343,0.861549,86.027139,17.733781,39.63866632,144.972861,0.734643,5.480572069,1.536487,-0.0018002142111583908,-0.011631455291342796,-0.008486121986149286,-0.02063777072446149,-0.002293255518247439,-0.01746992376674039,-0.016245857185899215,-0.011133471079176949,-0.01872830199283182
2025-06-25,7.174513,0.862218,86.10019,17.795137,39.73754096,145.775134,0.735127,5.532850491,1.539403,0.00015097380193296317,0.0007765083587816246,0.0008491622626203288,0.003459837470644267,0.002494398757056926,0.005533953006556347,0.000658823401298303,0.009538862246827096,0.0018978357773284937
2025-06-26,7.170757,0.855066,85.742625,17.799829,39.77469004,144.437794,0.729799,5.555365541,1.531082,-0.0005235198542395958,-0.008294885980111855,-0.004152894436121435,0.00026366754018236627,0.0009348610684642988,-0.009173992596021252,-0.007247727263452464,0.004069340033066915,-0.005405342200840213
2025-06-27,7.171822,0.854409,85.507519,17.802717,39.88533835,144.600137,0.728725,5.478383459,1.530417,0.00014851988430231167,-0.0007683617404972143,-0.0027419967606543416,0.00016224874969306136,0.0027818773669567864,0.0011239648259928625,-0.0014716380811703456,-0.013857248714212012,-0.0004343333668609395
2025-06-30,7.164676,0.853242,85.802474,17.782509,39.73395904,144.343003,0.729949,5.493515358,1.531399,-0.0009963995202334486,-0.0013658563989845662,0.0034494627308740977,-0.001135107635536814,-0.0037953623126277813,-0.0017782417453724442,0.0016796459569796696,0.0027621102307362477,0.0006416551828685169
2025-07-01,7.162066,0.84674,85.565199,17.583912,39.85469941,142.845047,0.72718,5.428873836,1.518628,-0.00036428723364456683,-0.00762034686525026,-0.0027653631525822453,-0.011168109067173804,0.003038719848642568,-0.010377752775449833,-0.0037934157043847394,-0.011766877452315638,-0.008339433420029518
2025-07-02,7.16929,0.850702,85.6661,17.657933,39.76699277,144.151425,0.732029,5.474691621,1.525649,0.0010086475047841326,0.004679122280747183,0.0011792294201289355,0.004209586581188418,-0.002200659929654236,0.00914542035188659,0.006668225198712907,0.008439648145103673,0.0046232520406577216
2025-07-03,7.161518,0.848752,85.37727,17.52716,39.85859786,143.931421,0.732388,5.431335936,1.521643,-0.0010840682968606963,-0.0022922245392629215,-0.003371578722505264,-0.007405906455755673,0.0023035458207718573,-0.0015262006601737266,0.0004904177293523215,-0.007919292628957297,-0.002625767788003608
2025-07-04,7.162828,0.849834,85.406646,17.621994,39.85246877,144.403841,0.732982,5.416248831,1.525283,0.00018292211232306954,0.0012748129017663423,0.00034407284280701944,0.005410688326003887,-0.0001537708381396108,0.0032822575968314283,0.0008110455113956583,-0.0027777889598026295,0.0023921511156033137
2025-07-07,7.173261,0.85266,85.928121,17.751279,39.99957367,145.55764,0.734226,5.442274898,1.538455,0.0014565476094079433,0.003325355304683031,0.0061057894721683326,0.007336570424436584,0.003691236817698229,0.007990085249879098,0.0016971767383100467,0.004805183035727412,0.008635774475949765
2025-07-08,7.174091,0.853388,85.67119,17.784434,40.02338283,146.526711,0.736644,5.464157706,1.529698,0.00011570748645550744,0.000853798700537256,-0.002990068873960472,0.0018677527405208671,0.0005952353441671665,0.0066576443531236595,0.003293263926910761,0.004020893543624782,-0.005692074191315233
2025-07-09,7.180116,0.854847,85.715507,17.83946,40.04864079,146.717388,0.73628,5.461959309,1.533425,0.0008398276520329429,0.001709656100156165,0.0005172917523383891,0.003094054047488859,0.0006310800890390045,0.0013013122228615615,-0.0004941328511464116,-0.00040233044474280444,0.0024364286283959924
2025-07-10,7.174823,0.854044,85.762661,17.773081,40.01802033,146.323341,0.736784,5.610214365,1.526433,-0.0007371747197398859,-0.0009393493806494346,0.0005501221616759366,-0.0037209085925244967,-0.000764581753487259,-0.002685755283484248,0.0006845221926441436,0.027143200381539057,-0.004559727407600689
2025-07-11,7.167765,0.855945,85.822135,17.961568,40.17427031,147.059831,0.740991,5.56543696,1.521613,-0.0009837176471112485,0.002225880633784705,0.0006934719527884603,0.010605195576388615,0.003904490494820001,0.005033304973538044,0.005709950270364139,-0.00798140714182849,-0.003157688545779469
2025-07-14,7.167237,0.855432,86.001711,17.869204,40.2219846,147.365269,0.741403,5.561420017,1.523182,-7.366312930179308e-05,-0.000599337574260006,0.002092420562597175,-0.005142312742406396,0.0011876828037402642,0.0020769641711340103,0.0005560121512948601,-0.0007217659689385814,0.001031142609848823
2025-07-15,7.172996,0.857265,85.864123,17.81243,40.2155165,147.94685,0.744021,5.60025718,1.524646,0.0008035174503089326,0.002142776982857919,-0.0015998286359674152,-0.0031771980441882564,-0.00016081006604529158,0.003946526911982273,0.0035311429816173856,0.006983317728436855,0.0009611458118596872
2025-07-16,7.180572,0.86192,85.996811,17.912257,40.25780038,148.732977,0.746337,5.563609722,1.533701,0.00105618349710479,0.0054300595498475435,0.0015453252809674023,0.005604344831109609,0.0010514319765109192,0.005313577139357761,0.0031128153640824774,-0.006543888400496689,0.005939083564315828
2025-07-17,7.181708,0.863632,86.080404,17.899041,40.28378962,148.786596,0.746524,5.581138268,1.547888,0.00015820466670346534,0.0019862632262854785,0.000972047672791021,-0.000737818801952228,0.0006455702933265695,0.00036050512187357775,0.0002505570539848012,0.003150570740195535,0.009250173273669393
2025-07-18,7.17794,0.858369,86.138197,17.712532,40.33253219,148.446352,0.743004,5.553562232,1.532361,-0.0005246662771585253,-0.006094030790892324,0.0006713839307725955,-0.010420055465541478,0.0012099797576095028,-0.002286792017205719,-0.004715186651735204,-0.004940934030986166,-0.010031087520544046
2025-07-21,7.176309,0.857118,86.282678,17.71398,40.35810405,147.441502,0.741922,5.587468929,1.532785,-0.00022722396676488898,-0.0014574151676027824,0.001677316278166252,8.175002873667125e-05,0.0006340256515393605,-0.006769112116678855,-0.0014562505720023822,0.006105396065362756,0.00027669720124690045
2025-07-22,7.174972,0.854774,86.425421,17.577913,40.42542098,147.166424,0.741516,5.572527566,1.533806,-0.00018630747366088496,-0.0027347459742999014,0.001654364506396,-0.0076813341778640964,0.0016679903970859833,-0.0018656755138047876,-0.0005472273365664249,-0.002674084310778313,0.0006661077711485053
2025-07-23,7.160242,0.852806,86.421201,17.561402,40.45446017,146.281767,0.738956,5.568650861,1.515947,-0.0020529696840628775,-0.0023023629637776155,-4.882822613039295e-05,-0.0009393037728653297,0.0007183398291477072,-0.006011269255275287,-0.0034523867320462864,-0.0006956816191727722,-0.011643584651513939
2025-07-24,7.157366,0.850629,86.39248,17.596632,40.47745832,146.495407,0.737921,5.522541681,1.511654,-0.00040166240191330527,-0.0025527493943522384,-0.0003323374318761063,0.0020061040684564713,0.0005684947939821328,0.0014604690959194588,-0.001400624665067851,-0.00828013483892942,-0.0028318931994323338
2025-07-25,7.168714,0.852951,86.509724,17.733367,40.55390652,147.654384,0.743347,5.523456158,1.522689,0.001585499470056373,0.002729744694808245,0.0013571088594748204,0.007770521086080562,0.0018886610763855227,0.007911353835140966,0.00735309064249412,0.0001655898774193254,0.007299950914693376
2025-07-28,7.173932,0.858074,86.695984,17.848121,40.5391282,148.146559,0.744723,5.57902866,1.53192,0.0007278850851073493,0.006006206687136695,0.00215305275971045,0.0064710779402465946,-0.00036441174890777805,0.0033332908015788476,0.0018510870427943527,0.010061182783085876,0.006062301625610944
2025-07-29,7.177491,0.867077,86.849042,17.96497,40.57452528,148.773086,0.750022,5.593514263,1.539322,0.0004961017193918504,0.010492102079773913,0.0017654566329161625,0.006546851626566319,0.0008731583921925967,0.00422910261452647,0.007115397268514512,0.0025964381763905475,0.004831845004961144
2025-07-30,7.18166,0.867528,87.488505,17.868136,40.58089702,148.312657,0.747983,5.587056476,1.542032,0.0005808436402079398,0.0005201383498811829,0.007362925200717907,-0.0053901565101417415,0.00015703794329136045,-0.003094840689128464,-0.0027185869214503278,-0.0011545133696569954,0.0017605153437683096
2025-07-31,7.194653,0.873668,87.624498,18.118994,40.59444347,149.851476,0.755635,5.58264896,1.551808,0.001809191746754868,0.007077581357604723,0.0015544099193374183,0.014039405117579173,0.0003338134687689287,0.010375506926559863,0.010230179028132946,-0.0007888798008276465,0.006339686854747617
2025-08-01,7.211768,0.876885,87.504384,18.32322,40.66853736,150.482287,0.759821,5.623377762,1.556998,0.002378849959824292,0.00368217675364102,-0.0013707810343176474,0.011271376324756055,0.0018252224606738476,0.004209574819269868,0.005539711633262057,0.007295605059860266,0.0033444859157834017
2025-08-04,7.176221,0.864678,87.656291,18.02179,40.67652399,147.384349,0.752616,5.536013835,1.543104,-0.0049290271123531015,-0.013920867616620258,0.0017359930217895059,-0.016450711174127663,0.00019638350721340458,-0.02058672858952515,-0.009482496535368257,-0.015535845304642582,-0.008923582432347477
2025-08-05,7.187424,0.866101,87.778884,18.023385,40.66421271,147.600901,0.752901,5.52139269,1.546856,0.0015611280644785008,0.0016456993239102324,0.0013985647647356547,8.850397213611139e-05,-0.00030266302998327443,0.0014693011942537026,0.00037867916706546545,-0.0026410961814369305,0.0024314628178010445
2025-08-06,7.185712,0.861772,87.722768,17.813513,40.66003102,147.552568,0.751206,5.506290934,1.537746,-0.00023819382298861935,-0.004998262327372882,-0.0006392881458825439,-0.011644427503490595,-0.00010283464799443198,-0.00032745735068373527,-0.0022512920025341554,-0.002735135290657942,-0.005889365267355173
2025-08-07,7.179163,0.858885,87.49592,17.724985,40.64158722,147.384695,0.744911,5.461049558,1.533282,-0.000911391940005335,-0.00335007403350307,-0.002585964911640759,-0.004969710354156387,-0.00045361008187450036,-0.0011377165594299576,-0.008379858520831895,-0.008216306864689216,-0.002902950162120388
2025-08-08,7.183808,0.858516,87.620622,17.709907,40.69067651,147.819368,0.74442,5.42814217,1.533053,0.000647011357730598,-0.00042962678356250894,0.0014252321708256854,-0.0008506636253852173,0.0012078585842201228,0.0029492410999663043,-0.0006591391454818796,-0.006025835812420555,-0.00014935282615990975
2025-08-11,7.18465,0.860437,87.738341,17.766563,40.70383755,147.87472,0.744794,5.446308725,1.536569,0.00011720803228598697,0.0022375820602063,0.001343507924424614,0.0031991133550277606,0.0003234411695456352,0.0003744570197323771,0.0005024045565675817,0.0033467352974654307,0.0022934627830870635
2025-08-12,7.187317,0.861623,87.705756,17.715061,40.74090987,148.457694,0.742805,5.43822161,1.541186,0.00037120806163137843,0.0013783693634745742,-0.0003713883762631598,-0.0028988161638242582,0.0009107819368250336,0.0039423506600722025,-0.002670537088107494,-0.0014848800184384947,0.0030047462886468868
2025-08-13,7.174451,0.853898,87.448126,17.515669,40.74442832,147.271796,0.736999,5.390487576,1.526087,-0.0017900977513584104,-0.008965638103903939,-0.0029374354859901253,-0.011255507390011243,8.636159602781746e-05,-0.007988120844716895,-0.007816317876158774,-0.008777508057454919,-0.009797000491828967
2025-08-14,7.170573,0.855432,87.571429,17.577759,40.78742515,146.5355,0.736527,5.397775877,1.532763,-0.0005405291638342913,0.0017964674937755998,0.0014100130630585461,0.0035448260640231766,0.0010552812193684868,-0.004999572355320336,-0.0006404350616485699,0.0013520671177222887,0.004374586769954947
2025-08-15,7.179073,0.855578,87.461499,17.585986,40.89621834,146.99692,0.73768,5.401009582,1.535507,0.0011854003857152406,0.00017067399863468502,-0.0012553181015236836,0.00046803463399380796,0.0026673218424526635,0.0031488615386714436,0.0015654551700072794,0.000599081005526525,0.0017902311055262299
2025-08-18,7.178789,0.856678,87.379851,17.613638,40.86481624,147.579885,0.738542,5.408035638,1.536109,-3.955942501210341e-05,0.001285680557471247,-0.0009335307642052149,0.0015723883778824277,-0.0007678485022484249,0.0039658313929298306,0.0011685283591802431,0.0013008782697618848,0.0003920529180263532
2025-08-19,7.179079,0.856018,87.087656,17.615819,40.85944188,147.808594,0.739599,5.441105975,1.540318,4.039678558598325e-05,-0.0007704178232662562,-0.003343963129440519,0.00012382450462511407,-0.00013151557977020278,0.001549730168173058,0.0014311982256933753,0.006115036810709684,0.002740039932062288
2025-08-20,7.176122,0.858295,87.057334,17.702257,40.90078105,147.429405,0.741996,5.483477813,1.553,-0.00041189127463281405,0.00265999079458612,-0.0003481779323581957,0.004906839699022836,0.001011740936682548,-0.0025654056353447974,0.0032409454312403163,0.007787357606097833,0.008233364798697407
2025-08-21,7.178194,0.85918,87.263511,17.702552,40.93487413,147.856345,0.743535,5.485952401,1.556663,0.0002887353364393608,0.0010311140109169337,0.002368289844483451,1.666454170234921e-05,0.0008335557200807031,0.0028958944791237506,0.0020741351705400035,0.00045128075363631837,0.0023586606567933543
2025-08-22,7.178928,0.861475,87.537043,17.62879,40.88645762,148.690558,0.745434,5.467091661,1.556513,0.00010225413244602244,0.002671151563118146,0.0031345518518044457,-0.004166743868341816,-0.0011827692408735713,0.005642050735124027,0.002554015614598004,-0.0034380064975703117,-9.63599700126716e-05
2025-08-25,7.15645,0.85492,87.559631,17.5551,40.99127982,147.354022,0.740275,5.429084381,1.539284,-0.003131108154309281,-0.00760904263037232,0.00025803933084644903,-0.0041800940393526,0.002563738853931019,-0.00898870794472384,-0.006920800500111346,-0.006952010750273074,-0.011068972761550944
2025-08-26,7.15743,0.857927,87.617536,17.639671,41.02625257,147.366163,0.741421,5.404255319,1.540494,0.0001369394043135852,0.0035172881673137812,0.0006613207403765031,0.00481746045308773,0.0008531753620175664,8.239340762616898e-05,0.0015480733511195055,-0.004573342438163874,0.0007860797617593729
2025-08-27,7.161822,0.862589,87.758992,17.762184,41.03726387,148.046235,0.74407,5.438713016,1.545415,0.0006136280759994062,0.00543402876934751,0.001614471331401024,0.006945310941457006,0.00026839643667697644,0.004614844996676748,0.0035728688558862576,0.006376030547419864,0.003194429838740076
2025-08-28,7.131381,0.856458,87.575797,17.627355,41.04196643,146.865365,0.739723,5.408273381,1.531346,-0.0042504547027278905,-0.007107672367720919,-0.00208747839765544,-0.007590789511019547,0.00011459243518041617,-0.007976359547407608,-0.005842192266856561,-0.005596845229827507,-0.009103703535943364
2025-08-29,7.13287,0.85778,88.182793,17.735289,41.13364213,147.297993,0.743524,5.425716246,1.532424,0.00020879546331897814,0.0015435666430809736,0.006931093073580641,0.006123096743669176,0.0022337063248749622,0.002945745581335535,0.005138409918307163,0.003225218802969554,0.0007039558662771395
2025-09-01,7.134528,0.853606,88.196756,17.579855,41.11463935,147.221511,0.739394,5.427827571,1.526675,0.00023244500460561923,-0.00486604956981973,0.00015834154856020355,-0.008764108664933712,-0.00046197659667346347,-0.0005192331439302089,-0.005554629036856884,0.0003891329557743628,-0.0037515726717931575
2025-09-02,7.144256,0.858664,88.081315,17.726172,41.1548171,148.634724,0.747209,5.474583548,1.536751,0.0013635099616962076,0.005925450383432285,-0.0013089030167956484,0.008322992425136677,0.0009772127552423182,0.009599229014841448,0.010569466346765033,0.008614123493865256,0.006599963973995759
2025-09-03,7.145628,0.858148,88.03055,17.629967,41.1674247,148.605509,0.745473,5.453531279,1.529477,0.00019204239041825666,-0.0006009335432718421,-0.0005763424399374273,-0.005427285710642882,0.00030634566955689557,-0.00019655568506316,-0.00232331248686779,-0.0038454557895442054,-0.0047333627894173835
2025-09-04,7.140723,0.85859,88.113248,17.791706,41.17480896,148.330042,0.743797,5.459345754,1.534301,-0.0006864337186318625,0.0005150626698424698,0.0009394238704629743,0.00917409544782477,0.00017937143393864652,-0.0018536795967639685,-0.002248237025351707,0.0010661853214979367,0.003154019315099177
2025-09-05,7.137642,0.85492,88.245704,17.66641,41.18748397,147.978114,0.7419,5.425322732,1.527742,-0.00043146891428236245,-0.0042744499703001315,0.0015032472755969195,-0.007042382557355786,0.0003078340937128221,-0.002372600959689497,-0.00255042706544939,-0.006232069470059165,-0.004274910855171177
2025-09-08,7.12986,0.85266,88.033339,17.567275,41.26492156,147.842769,0.739171,5.405866303,1.51765,-0.00109027603233669,-0.0026435222009076886,-0.002406519415381503,-0.005611496619856604,0.0018801243129198397,-0.0009146284970221741,-0.0036783933144628467,-0.0035862251816358715,-0.006605827423740385
2025-09-09,7.121509,0.851499,88.169704,17.484588,41.27503406,146.764305,0.737653,5.421066076,1.513198,-0.0011712712451577012,-0.0013616212792906257,0.001549015424713085,-0.004706876849141395,0.00024506286738734673,-0.007294668567794482,-0.002053651996628658,0.002811718260876228,-0.0029334826870489605
2025-09-10,7.122832,0.85419,88.120355,17.570684,41.28495772,147.492953,0.738874,5.431109593,1.513624,0.0001857752338725316,0.0031603090549725543,-0.0005597047257864807,0.0049241080201605225,0.00024042766350174105,0.004964749432772475,0.001655249826137739,0.0018526830072160827,0.00028152297319983255
2025-09-11,7.12469,0.855798,88.430466,17.545828,41.29413778,147.950364,0.740009,5.417115961,1.514506,0.0002608513018418357,0.001882485161380787,0.0035191755639203404,-0.0014146290491593438,0.00022235846920959368,0.003101239691092328,0.001536121178983052,-0.0025765696236430546,0.0005827074623552253
2025-09-12,7.122461,0.853388,88.273426,17.385731,41.37028503,147.917733,0.738437,5.398532173,1.505888,-0.0003128557172311641,-0.002816085104195065,-0.0017758585598768306,-0.009124505267007033,0.001844020824594672,-0.00022055369867157726,-0.0021242984882616778,-0.00343056861506974,-0.005690304297242821
2025-09-15,7.121792,0.849907,88.147629,17.322285,41.27018528,147.356791,0.734404,5.334778174,1.50085,-9.39282082415005e-05,-0.00407903556178435,-0.0014250834673620316,-0.0036493144866902583,-0.002419605036015793,-0.0037922566052307483,-0.005461535648945137,-0.011809506168890982,-0.0033455343292462247
2025-09-16,7.115271,0.846955,88.050733,17.358262,41.29457102,146.989074,0.733124,5.309477429,1.498941,-0.0009156403332195584,-0.0034733211986722745,-0.00109924681014395,0.0020769199906363056,0.000590880313101394,-0.0024954194340456315,-0.001742909897004874,-0.004742604879675705,-0.001271945897324822
2025-09-17,7.104165,0.844809,87.851229,17.385909,41.29348653,146.388443,0.732872,5.298132973,1.497677,-0.0015608681665111312,-0.002533782786570682,-0.0022657846584875907,0.0015927285807761926,-2.6262290010792277e-05,-0.004086228885284315,-0.00034373448420732533,-0.00213664266431135,-0.0008432620096455734
2025-09-18,7.105517,0.846167,88.114317,17.353444,41.3012354,147.436114,0.734473,5.27297343,1.504569,0.00019031089508758647,0.001607463935635156,0.002994699140748569,-0.001867316802359964,0.0001876535660016998,0.007156787643407103,0.002184556102566404,-0.004748756425747791,0.004601793310573754
2025-09-19,7.115712,0.852079,88.160361,17.385651,41.39502386,148.082822,0.74199,5.331203136,1.516871,0.0014348005922721896,0.0069868004779198856,0.000522548452597027,0.0018559428318667415,0.0022708390945613832,0.004386360861355687,0.010234549125699655,0.011043049386273873,0.008176427933846764
2025-09-22,7.11213,0.848824,88.276038,17.303709,41.38816739,147.839742,0.740939,5.342755284,1.516425,-0.0005033930546937126,-0.003820068326997883,0.0013121203076744692,-0.0047131971072005285,-0.00016563512617340237,-0.0016415138279847197,-0.0014164611382903036,0.0021668932331599944,-0.0002940263212891647
2025-09-23,7.111761,0.847961,88.774527,17.318324,41.41202408,147.799542,0.740185,5.339353854,1.513949,-5.188319111137929e-05,-0.0010167007530419436,0.005646934448961138,0.0008446166079190132,0.000576413296467182,-0.0002719160589443881,-0.0010176276319643351,-0.0006366434207059068,-0.0016327876419868215
2025-09-24,7.127084,0.850629,88.707469,17.296614,41.45023818,148.443348,0.742685,5.294317795,1.513355,0.002154599964762527,0.003146371118483149,-0.0007553743429126181,-0.0012535855086207581,0.0009227778851421675,0.004355940426391758,0.0033775339948798333,-0.008434739526817503,-0.00039235139360704885
2025-09-25,7.124116,0.851861,88.68856,17.347815,41.47116449,148.820172,0.745208,5.318766505,1.519039,-0.0004164395985791769,0.001448339993110892,-0.0002131613066314042,0.002960174748652955,0.0005048537938221465,0.002538503779906831,0.00339713337417602,0.004617915083051649,0.0037558933627601654
2025-09-26,7.137423,0.856751,88.716158,17.450308,41.56973955,149.751542,0.748801,5.359150103,1.531957,0.0018678808711143358,0.005740373135992849,0.0003111788036698204,0.005908121570353364,0.0023769542334353133,0.006258358577894807,0.004821472662666082,0.007592662314098053,0.008504060791066026
2025-09-29,7.121215,0.853024,88.750576,17.288237,41.57928858,148.75032,0.744093,5.332679348,1.523416,-0.0022708476154488233,-0.004350155412716217,0.000387956385577537,-0.009287572460039195,0.00022971108559644016,-0.006685887748655084,-0.006287384765778947,-0.004939356892650237,-0.0055752217588351805
2025-09-30,7.119581,0.851716,88.795503,17.274508,41.58308492,147.994208,0.743889,5.317434631,1.512648,-0.00022945522639050697,-0.0015333683460253544,0.0005062164328939467,-0.0007941237732914663,9.130363047682444e-05,-0.005083094947291533,-0.0002741592784772928,-0.0028587349820156094,-0.007068325395033326
2025-10-01,7.119584,0.852951,88.725691,17.183129,41.59211873,147.108495,0.742409,5.310815421,1.513221,4.213731117364006e-07,0.0014500138543833696,-0.0007862109863829847,-0.0052898178055201805,0.00021724722966998122,-0.005984781512530457,-0.0019895441389777835,-0.0012448126698936246,0.00037880590857874985
2025-10-02,7.119534,0.850774,88.718564,17.185554,41.60940956,146.784074,0.74196,5.312404288,1.513187,-7.022882235752093e-06,-0.0025523154319533337,-8.032622704512438e-05,0.000141126799432012,0.0004157237122792701,-0.0022053179185879124,-0.0006047879268705758,0.00029917571484738836,-2.2468628177785277e-05
2025-10-03,7.119567,0.852224,88.787285,17.25669,41.68467701,147.349582,0.743651,5.341060167,1.514488,4.635134827735143e-06,0.0017043304097210665,0.0007745954950306722,0.00413929047617545,0.0018089045433693496,0.0038526522979598354,0.0022790986036982375,0.0053941449947116915,0.0008597747667671296
2025-10-06,7.119541,0.856311,88.780613,17.248501,41.6932694,150.042816,0.744562,5.342267512,1.515499,-3.651907482637995e-06,0.004795687518774461,-7.514589504564739e-05,-0.00047454059845764007,0.0002061282614216342,0.018277853004021294,0.0012250370133302102,0.00022604969093209526,0.0006675523345183176
2025-10-07,7.119578,0.857192,88.755786,17.198268,41.70504029,150.908623,0.746014,5.328304475,1.517915,5.196964242504265e-06,0.0010288318146092212,-0.00027964438587513296,-0.0029123110466238167,0.00028232110768455776,0.005770399563815198,0.0019501398137429238,-0.002613691090653125,0.0015941943874591136
2025-10-08,7.119549,0.860067,88.756773,17.186721,41.71462974,152.68771,0.745764,5.35718586,1.521373,-4.073275129412579e-06,0.003353974372136026,1.112040177297935e-05,-0.000671404818206156,0.00022993503742751997,0.011789167276412105,-0.000335114354422239,0.005420370614237502,0.002278124927943992
2025-10-09,7.122384,0.861252,88.797261,17.102317,41.72457153,152.786151,0.747825,5.329170614,1.515804,0.0003981993803259254,0.0013777996365398337,0.00045616800421544035,-0.004911000766231077,0.00023832861664985217,0.0006447211763145333,0.002763608862857314,-0.005229470608660303,-0.0036605092899638647
2025-10-10,7.122839,0.864454,88.710494,17.213174,41.82538036,152.541494,0.752853,5.366701245,1.525761,6.388310430893718e-05,0.0037178433257629706,-0.0009771359952196468,0.00648198720676274,0.0024160542889581915,-0.0016013035108135565,0.0067234981446193665,0.0070424900455250405,0.006568791215750824
2025-10-13,7.132077,0.864379,88.690466,17.363212,41.80534186,152.113407,0.750022,5.475321981,1.536434,0.0012969547676144888,-8.675996640650219e-05,-0.00022576810360219746,0.008716463332096858,-0.00047909905008691744,-0.00280636428013481,-0.0037603622486727106,0.020239758287495135,0.006995197806209497
2025-10-14,7.139964,0.865576,88.793214,17.463083,41.82826971,152.099022,0.75409,5.499523933,1.5499,0.0011058489693815954,0.0013848092098489584,0.0011585010727084288,0.0057518735588784065,0.0005484430692321851,-9.45676011320229e-05,0.005423840900667054,0.004420187905658235,0.00876445066953746
2025-10-15,7.126398,0.860437,88.058424,17.320943,41.84081914,151.548787,0.74901,5.463775598,1.534934,-0.0019000095798802352,-0.005937086980230544,-0.008275294551225554,-0.008139456246070709,0.00030002269008511107,-0.0036176103749042676,-0.006736596427482255,-0.006500259919861695,-0.009656106845602919
2025-10-16,7.125848,0.858443,87.92729,17.316765,41.85329213,151.283372,0.744785,5.448021289,1.538845,-7.717783935157208e-05,-0.002317427074846945,-0.001489170417131258,-0.00024121088557360615,0.00029810577938893523,-0.0017513502104110623,-0.005640779161826814,-0.0028834106960334838,0.0025479922915252473
2025-10-17,7.122335,0.856091,87.995035,17.378307,41.94931941,150.415204,0.744371,5.432497218,1.540536,-0.0004929939566491459,-0.002739844113121004,0.0007704661431053861,0.0035538970471677978,0.0022943781746422864,-0.005738687527404029,-0.0005558651154360383,-0.0028494879473661694,0.0010988761051307083
2025-10-20,7.123466,0.858001,87.903475,17.320978,41.95838696,150.759331,0.745689,5.406435006,1.541399,0.00015879623746983818,0.0022310712295772195,-0.0010405132516851934,-0.00329888291189695,0.00021615487754100826,0.0022878471780021226,0.0017706224449904884,-0.0047974643988120125,0.0005601946335560548
2025-10-21,7.118635,0.861549,87.970449,17.329887,41.96726114,152.020333,0.747652,5.386921685,1.540881,-0.0006781810989200387,0.004135193315625507,0.000761903895153182,0.0005143474000139925,0.0002114995509350237,0.008364337992452286,0.002632464740662588,-0.003609276903975389,-0.00033605834699512727
2025-10-22,7.126607,0.863036,88.413912,17.460257,42.00863036,151.825321,0.749892,5.386294986,1.541728,0.0011198776169869529,0.0017259610306552542,0.005041045090039109,0.007522841897353416,0.0009857498172680668,-0.0012828020841132437,0.002996046288915144,-0.0001163371284466086,0.0005496855370401565
2025-10-23,7.124385,0.862589,87.821013,17.347969,42.08392996,152.626585,0.749677,5.385491245,1.537566,-0.00031178932695452577,-0.0005179389967510106,-0.0067059469102555,-0.006431062269014687,0.0017924792918670995,0.005277538652462388,-0.0002867079526117644,-0.000149219640233067,-0.0026995682766350892
2025-10-24,7.12246,0.861178,87.803996,17.328195,41.97847055,152.90217,0.751464,5.388391319,1.538236,-0.0002701987610158607,-0.0016357732361530486,-0.00019376911537105634,-0.0011398452464377318,-0.002505930650969157,0.0018056159744386235,0.002383693243890317,0.0005384975795277303,0.00043575365220083206
2025-10-27,7.107474,0.859107,88.244845,17.186684,41.92001718,152.860825,0.749227,5.367439863,1.524656,-0.002104048320383689,-0.002404845455875604,0.0050208307148116305,-0.008166517055007816,-0.0013924606883991553,-0.00027040165617009393,-0.0029768558440591564,-0.003888258064354555,-0.008828294227933742
2025-10-28,7.101376,0.859845,88.315391,17.250559,41.96337059,152.287188,0.753224,5.376956148,1.525795,-0.0008579700748816421,0.0008590315292507089,0.0007994347998458995,0.003716540084172104,0.001034193516997961,-0.0037526750231788863,0.0053348317666075395,0.0017729653695048864,0.0007470537616354189
2025-10-29,7.099433,0.859402,88.231351,17.105792,41.94534204,152.174287,0.756875,5.34719835,1.515211,-0.0002736089456465418,-0.000515209136530359,-0.0009515895139953212,-0.008392017905042848,-0.0004296258795830621,-0.0007413689981589089,0.0048471636591505,-0.005534320381442637,-0.006936711681451269
2025-10-30,7.114286,0.865801,88.717576,17.352468,41.98787879,154.4329,0.761991,5.392900433,1.530043,0.002092138907431096,0.007445875155049686,0.005510796270137508,0.014420612620567264,0.0010140994906999712,0.014842277526163183,0.006759372419488097,0.008546921211553649,0.00978873569423655
2025-10-31,7.11615,0.865501,88.719924,17.349143,42.04881426,154.18037,0.763026,5.380907045,1.529514,0.0002620080216062526,-0.00034649994629254444,2.6466007141623393e-05,-0.00019161539442091868,0.0014512633587602242,-0.0016352085598339006,0.0013582837592569508,-0.002223921644577631,-0.000345741917057274
2025-11-03,7.120636,0.868508,88.774101,17.308755,42.04820219,154.220948,0.761247,5.359041167,1.528313,0.0006303970545871174,0.003474288302382167,0.0006106520109281366,-0.0023279536055469396,-1.455617740409032e-05,0.0002631852550358804,-0.0023315063968986083,-0.004063604484734196,-0.000785216742050121
2025-11-04,7.125315,0.870246,88.70899,17.469759,42.08650248,153.502741,0.765382,5.384474806,1.539553,0.0006571042249596815,0.0020011329774740627,-0.0007334458954419976,0.009301882197766398,0.0009108662916654797,-0.004657000292852653,0.005431876907232569,0.004745930887154914,0.0073545144221112135
2025-11-05,7.127132,0.870171,88.641664,17.443265,42.09162896,153.733032,0.76662,5.400887574,1.54229,0.00025500626989827246,-8.618252769898582e-05,-0.0007589535175633877,-0.0015165635656450016,0.00012180817359297436,0.0015002403116699536,0.0016174929642975844,0.0030481650655531656,0.0017777887477727905
2025-11-06,7.119483,0.867077,88.574092,17.34475,42.12043701,153.602705,0.763635,5.338333478,1.534466,-0.001073222721285294,-0.0035556229752543578,-0.0007623051841627593,-0.005647738539774516,0.0006844128087173385,-0.0008477488429423641,-0.00389371526962512,-0.011582188139063865,-0.005072975899474086
2025-11-07,7.120837,0.864977,88.67572,17.34798,42.2114869,153.092293,0.762131,5.363463368,1.542946,0.0001901823489149912,-0.002421930232263114,0.0011473784004469856,0.00018622349702357432,0.0021616558721453405,-0.003322936272508792,-0.0019695273265368796,0.004707441021353009,0.005526352490051734
2025-11-10,7.119264,0.86423,88.679457,17.186414,42.22444041,154.100769,0.758621,5.313974592,1.530551,-0.00022090099801463925,-0.0008636067779835832,4.214231358945497e-05,-0.009313245692005645,0.0003068716823619866,0.00658737275559651,-0.0046055074521309525,-0.009227018552091626,-0.008033333635784956
2025-11-11,7.118531,0.863931,88.492441,17.16622,42.23473002,154.177106,0.760605,5.286911447,1.532441,-0.0001029600812668674,-0.0003459727155965542,-0.002108898794903502,-0.0011749978791387727,0.00024368848704892088,0.00049537066229699,0.00261527165738884,-0.005092825441947557,0.0012348494104410523
2025-11-12,7.116534,0.863856,88.603576,17.046216,42.24438493,154.794402,0.76218,5.268918452,1.52868,-0.0002805354082183742,-8.681248849740086e-05,0.001255869978770363,-0.0069907061659467695,0.00022860120084655655,0.00400381104572034,0.0020707200189322705,-0.0034033093196991215,-0.0024542543562851016
2025-11-13,7.096136,0.860659,88.688786,17.00284,42.25423875,154.548584,0.759015,5.282984766,1.52526,-0.0028662829405436963,-0.003700848289529768,0.0009616993336700741,-0.002544611660441398,0.0002332575090471245,-0.0015880290037877387,-0.004152562386837699,0.0026696776820791523,-0.002237224271920857
2025-11-14,7.096068,0.858516,88.673163,17.132641,42.33035714,153.863324,0.759444,5.302541209,1.532194,-9.582679926123383e-06,-0.0024899524666563977,-0.00017615530333214835,0.007634077601153644,0.0018014379681612347,-0.004433945509329296,0.0005652062212209152,0.0037017791771538633,0.004546110171380624
2025-11-17,7.107565,0.862589,88.604761,17.077374,42.3282153,154.895195,0.758647,5.304321573,1.535237,0.0016201930421186894,0.004744233071952264,-0.0007713946101145508,-0.003225830740281155,-5.0598202914198254e-05,0.0067064130240679365,-0.0010494519674920655,0.00033575674942021294,0.0019860409321534878
2025-11-18,7.11044,0.862813,88.562554,17.234771,42.33615186,155.25453,0.761087,5.340207075,1.538395,0.00040449858706881336,0.00025968334861681264,-0.0004763513780031703,0.009216698070792395,0.00018750046378657181,0.0023198589213822007,0.003216252090893379,0.0067653330413948165,0.0020570113930291622
2025-11-19,7.110334,0.863334,88.504274,17.156868,42.35672969,156.133989,0.762065,5.335405335,1.541311,-1.4907656910034817e-05,0.0006038388387750171,-0.0006580659360840846,-0.004520106475450092,0.000486058110998,0.005664626983831189,0.0012850042110823523,-0.0008991673791975963,0.00189548197959577
2025-11-20,7.113775,0.868508,88.712871,17.23884,42.37015807,157.608129,0.76559,5.331075213,1.543599,0.0004839435109518231,0.005993045565215738,0.0023569144242685525,0.004777795108058314,0.0003170306135125145,0.009441506038765146,0.0046255896806703944,-0.0008115825749159811,0.0014844505748676795
2025-11-21,7.109809,0.868056,89.637847,17.358507,42.44453125,156.736111,0.764149,5.371440972,1.551476,-0.0005575099015642238,-0.0005204327421277632,0.010426626819461049,0.006941708374809341,0.0017553198616140353,-0.00553282375428743,-0.0018822084927964111,0.007571785688104127,0.0051030092660075965
2025-11-24,7.088791,0.866251,89.149342,17.280146,42.34727997,156.981982,0.762647,5.382623008,1.548683,-0.002956197557487217,-0.0020793589353682584,-0.0054497627547880345,-0.004514270726163283,-0.0022912558375820513,0.0015686940197208177,-0.0019655852458093648,0.0020817572152964647,-0.0018002212087070424
2025-11-25,7.085534,0.865726,89.199463,17.217643,42.42680287,156.194269,0.7608,5.36550948,1.547658,-0.0004594577552081702,-0.0006060599064243721,0.0005622139084322519,-0.0036170411986101714,0.0018778750384047527,-0.0050178561256793985,-0.002421828185254715,-0.0031794030483957014,-0.0006618526838610972
2025-11-26,7.079468,0.863782,89.199706,17.142438,42.4513259,156.422216,0.758055,5.376349659,1.539086,-0.0008561104921661622,-0.0022455141696101633,2.7242316471554062e-06,-0.00436790331870629,0.0005780079652746295,0.0014593813297976155,-0.003608044164037816,0.002020344766961335,-0.0055386913646297
2025-11-27,7.083376,0.863111,89.402296,17.17314,42.44035905,156.31797,0.755567,5.34766097,1.53228,0.0005520188805148152,-0.0007768163726497024,0.00227119582658708,0.0017909937897981898,-0.00025833939853459054,-0.0006664398617136635,-0.003282083753817444,-0.005336090622747203,-0.004422105067553028
2025-11-28,7.075566,0.864603,89.478212,17.115857,42.49602283,156.12139,0.756701,5.339097354,1.532163,-0.0011025815938614514,0.0017286305005961289,0.0008491504513485904,-0.0033356159677264685,0.0013115765569848836,-0.001257564949186607,0.0015008596193322177,-0.001601376012436373,-7.635680162898506e-05
2025-12-01,7.071784,0.858664,89.543448,17.075562,42.45629401,154.799931,0.753735,5.346642624,1.52327,-0.0005345155426434989,-0.0068690485691120795,0.0007290713408534266,-0.0023542496294516324,-0.0009348832515204686,-0.00846430460297598,-0.003919645936770189,0.0014132107919604397,-0.005804212737156589
2025-12-02,7.071035,0.86103,89.952213,17.103668,42.41441364,156.07026,0.757362,5.358188393,1.526003,-0.00010591386840996808,0.002755443339886199,0.004564990617738962,0.001645978035744733,-0.0009864348967938419,0.008206263347753096,0.004812036060419134,0.0021594428152300615,0.0017941664970755333
2025-12-03,7.06385,0.857045,90.167552,17.081248,42.44497772,155.365101,0.751286,5.318563593,1.516969,-0.001016117159651997,-0.0046281778799809326,0.002393926650809508,-0.0013108299342573515,0.0007206059774731433,-0.0045182150654453634,-0.008022583652203319,-0.007395186039327317,-0.005920040786289382
2025-12-04,7.071661,0.857192,89.870564,16.980885,42.44753986,154.765987,0.749614,5.305331733,1.513544,0.0011057709322819242,0.0001715195818188242,-0.0032937347572661313,-0.005875624544529612,6.036379655816049e-05,-0.003856168445447783,-0.002225517312980707,-0.002487863455729933,-0.0022577916885578864
2025-12-05,7.070245,0.858738,89.938171,16.931644,42.51369687,155.225419,0.74942,5.3112924,1.506741,-0.00020023584275319362,0.0018035632623729647,0.0007522707880189827,-0.0028997899697219554,0.001558559346859667,0.002968559235176027,-0.00025879986232912877,0.0011235239001028408,-0.004494748748632316
2025-12-08,7.068039,0.858001,90.0429,16.964221,42.56713857,155.546976,0.750408,5.417074217,1.505706,-0.00031201181854378923,-0.0008582361558472362,0.0011644555235619247,0.0019240305312349104,0.00125704664460069,0.002071548603776119,0.0013183528595446248,0.019916398690458026,-0.0006869130129200096
2025-12-09,7.064278,0.859328,89.842743,17.071496,42.58313998,156.363324,0.750623,5.464294921,1.506574,-0.0005321136456660769,0.001546618244034681,-0.0022229070809580698,0.006323603070250039,0.0003759099281170908,0.005248240891549072,0.00028651080478891977,0.008717012562207582,0.0005764737604818659
2025-12-10,7.062489,0.85955,89.909575,17.02742,42.60099708,156.713082,0.751332,5.457108475,1.505329,-0.000253245979277672,0.0002583414016534835,0.0007438775550296928,-0.0025818475428280863,0.00041934671817034364,0.002236828887060449,0.0009445487281898313,-0.0013151643723293693,-0.0008263782595478997
2025-12-11,7.05805,0.853679,90.319703,16.940925,42.61627113,155.583063,0.747055,5.445535257,1.502561,-0.0006285319524038657,-0.0068303181897505505,0.004561560879361215,-0.005079747842010041,0.0003585373828531857,-0.007210750918675735,-0.005692556685992334,-0.0021207601155481814,-0.001838800687424369
2025-12-12,7.054727,0.852442,90.525531,16.855852,42.57002813,155.988407,0.747336,5.401500298,1.499787,-0.00047080992625436746,-0.0014490224077199354,0.0022788826043858013,-0.005021744680411611,-0.0010851019756970004,0.0026053221487225553,0.0003761436574281074,-0.008086433550016037,-0.001846181286483617
2025-12-15,7.047052,0.850847,90.745342,16.777163,42.69888539,155.126351,0.746958,5.387730792,1.503361,-0.0010879230337332846,-0.0018710950422433648,0.0024281658176630305,-0.004668349010183315,0.003026947964575033,-0.005526410690250838,-0.0005057965894857963,-0.0025492002666552827,0.0023830050533841796
2025-12-16,7.042289,0.849185,90.921365,16.759935,42.71467391,154.611073,0.744226,5.431810462,1.506199,-0.0006758854624600019,-0.001953347664151228,0.0019397469459092598,-0.0010268720641268825,0.00036976421880319243,-0.0033216664781858807,-0.003657501492721038,0.008181490817145365,0.001887770136381084
2025-12-17,7.043934,0.853097,90.366405,16.733322,42.72376728,155.587784,0.749445,5.502303361,1.510322,0.00023358882317947582,0.004606770020666895,-0.006103735904096852,-0.0015878939864621966,0.00021288632611726754,0.006317212480635215,0.007012654758097536,0.012977790645155363,0.002737354094644706
2025-12-18,7.0413,0.853315,90.262394,16.777285,42.73393634,155.772677,0.746309,5.547572318,1.513269,-0.00037393876773983425,0.00025553952246926137,-0.001150991897929332,0.0026272726957623505,0.00023801880422569255,0.001188351651052466,-0.004184429811393775,0.008227273930562218,0.001951239536999383
2025-12-19,7.041069,0.853825,89.697746,16.776383,42.80917008,157.231899,0.747951,5.52954235,1.5146,-3.280644199221694e-05,0.0005976690905467041,-0.006255628451423578,-5.376316847449658e-05,0.0017605150951092163,0.00936763768911808,0.0022001610592932153,-0.003250064526693852,0.0008795528091831706
2025-12-22,7.037037,0.851426,89.646658,16.699276,42.80928054,157.318008,0.744317,5.529416773,1.504215,-0.0005726403192470864,-0.0028097092495533715,-0.0005695572327981679,-0.00459616354729131,2.580288283926535e-06,0.0005476560452912782,-0.004858607047787955,-2.2710197707276336e-05,-0.00685659580087139
2025-12-23,7.028084,0.848464,89.553623,16.634482,42.82988291,156.024096,0.740624,5.587222128,1.493891,-0.0012722684277487462,-0.0034788695670557868,-0.0010377966348729117,-0.0038800484524000867,0.0004812594311354168,-0.008224818102197218,-0.004961595664213059,0.010454150477905877,-0.006863380567272648
2025-12-24,7.014423,0.848392,89.739119,16.636209,42.8499194,155.959956,0.740562,5.520997709,1.492068,-0.0019437730112502605,-8.485922796952483e-05,0.0020713399836431723,0.00010382048566359714,0.00046781566137132913,-0.0004110903485060602,-8.371319319910864e-05,-0.011852834464575857,-0.0012203032215871712
2025-12-29,7.006459,0.849907,89.899711,16.655618,42.9354921,156.357301,0.741628,5.570712222,1.494391,-0.001135374926775845,0.0017857311242914786,0.0017895428636869326,0.0011666720464980074,0.0019970329279079824,0.002547737317904808,0.001439447338642763,0.009004624819705764,0.0015568995514949613
2025-12-30,6.99294,0.850557,89.80182,16.634431,42.92310964,156.060219,0.741005,5.522582291,1.492132,-0.0019295053321514155,0.0007647895593283494,-0.0010888911533875056,-0.0012720632761871187,-0.0002883968342823895,-0.001900020006101344,-0.0008400437955415896,-0.008639816433152703,-0.0015116525728541275
2025-12-31,7.001021,0.851064,89.869362,16.548,42.96493617,156.67234,0.742638,5.477787234,1.496255,0.0011555940705911816,0.0005960799805304617,0.0007521228411628833,-0.005195909616625971,0.0009744524651360553,0.003922338466025188,0.002203763807261838,-0.008111252062825924,0.0027631603638282876
2026-01-02,6.993687,0.85317,90.196229,16.514035,43.02806928,156.932002,0.743879,5.438358502,1.493729,-0.0010475614913880715,0.0024745495050899624,0.0036371349782142737,-0.0020525138989605507,0.0014694100731396098,0.0016573570037954344,0.0016710698886939213,-0.007197930535759123,-0.0016882149098915722
2026-01-05,6.985425,0.857339,90.291495,16.483882,43.0420096,156.83299,0.743827,5.441529492,1.499657,-0.0011813511242353414,0.004886482178229512,0.0010562082368210657,-0.0018259014226382764,0.0003239820013603012,-0.0006309229394780846,-6.990384188820808e-05,0.0005830785151133,0.0039685913576024134
2026-01-06,6.984368,0.85419,90.151619,16.396259,43.04211156,156.43632,0.739985,5.398564961,1.488169,-0.0001513150595705559,-0.0036729928301406645,-0.0015491603057409264,-0.005315677459957646,2.3688485029094153e-06,-0.002529251020464529,-0.005165179537715114,-0.007895671807561677,-0.007660418348995779
2026-01-07,6.991185,0.855871,89.852362,16.454296,43.04270798,156.547415,0.741527,5.391561109,1.486392,0.0009760367724036545,0.0019679462414685656,-0.003319485587940485,0.003539648891859981,1.385666219388959e-05,0.0007101611697335475,0.0020838260235005457,-0.0012973543989183156,-0.0011940848116041014
2026-01-08,6.981842,0.856531,89.925482,16.514861,43.0482227,156.719486,0.744069,5.379957173,1.493191,-0.0013363971916061645,0.0007711442495421661,0.0008137793862337261,0.0036808016581202363,0.0001281220503728253,0.0010991621931284445,0.0034280612843495817,-0.0021522404671682205,0.004574163477736759
2026-01-09,6.982305,0.858959,90.219464,16.574987,43.10608143,157.636145,0.745319,5.388507129,1.49811,6.631487793629098e-05,0.0028346901629947574,0.0032691734696512764,0.0036407209240210126,0.0013440445707415538,0.005849042919908509,0.0016799517249070917,0.0015892238032875206,0.0032942872010346402
2026-01-12,6.973059,0.855286,90.16336,16.388813,43.12931919,157.731782,0.741875,5.376582278,1.488967,-0.0013242045427691584,-0.004276106310080019,-0.000621861375722732,-0.011232226004159185,0.0005390830998575069,0.0006066946130915962,-0.004620840203993226,-0.0022130157230046965,-0.006103023142493003
2026-01-13,6.975631,0.858074,90.224644,16.454007,43.15608375,158.846748,0.743093,5.383216063,1.492535,0.0003688481626211715,0.0032597283247943754,0.0006796996030316027,0.003977957403016319,0.0006205653254598431,0.00706874661442658,0.0016417860151642927,0.0012338293467848427,0.002396292194521532
2026-01-14,6.973393,0.858295,90.302807,16.395159,43.17998455,158.630161,0.74397,5.368122908,1.497726,-0.00032083119075543287,0.00025755354433298905,0.0008663154159966879,-0.00357651482705712,0.0005538222638192813,-0.001363496594843805,0.0011802022088756026,-0.0028037431199795515,0.0034779753908618094
2026-01-15,6.967309,0.860289,90.299983,16.372075,43.18969374,158.559876,0.746215,5.381710255,1.495354,-0.0008724590740833982,0.0023232105511508117,-3.12725605529085e-05,-0.0014079765862594629,0.00022485394798499314,-0.00044307463068127273,0.0030175947954889093,0.0025311169719588467,-0.0015837342744933203
2026-01-16,6.9697,0.860807,90.726521,16.388224,43.28002066,158.104502,0.74632,5.372385297,1.492984,0.00034317410064632625,0.0006021232399811005,0.004723566780737931,0.0009863746653984151,0.0020913998729363836,-0.002871937160193072,0.00014071011705740766,-0.0017327127545255783,-0.001584908991449474
2026-01-19,6.963374,0.859771,90.874817,16.417419,43.27211762,157.93139,0.745508,5.36669246,1.491015,-0.000907643083633336,-0.0012035218115095114,0.0016345385931859635,0.0017814621035201483,-0.00018260250063373284,-0.0010949213830736548,-0.001088005145246096,-0.0010596479376077106,-0.00131883529897181
2026-01-20,6.958902,0.85266,90.959243,16.441081,43.27293656,157.895634,0.74369,5.389580491,1.485334,-0.0006422174078255516,-0.008270806993955326,0.0009290362587470735,0.0014412740516642764,1.8925350665499607e-05,-0.00022640211043534197,-0.0024386056219383168,0.004264829999220732,-0.003810156168784329
2026-01-21,6.963881,0.851861,91.641111,16.310589,43.29823665,157.790272,0.744868,5.347389045,1.477128,0.0007154864373717373,-0.0009370675298477904,0.007496412431664545,-0.007936947698268804,0.0005846631176722461,-0.0006672888751313444,0.0015839933305543674,-0.007828335817686605,-0.0055246833372156745
2026-01-22,6.975739,0.854263,91.590637,16.218606,43.28361524,158.790364,0.745088,5.31505211,1.469076,0.0017027861331921912,0.0028197088492136757,-0.000550779005723645,-0.005639465257815002,-0.0003376906574322769,0.006338109360759736,0.00029535434466243515,-0.006047238143302103,-0.0054511186572863135
2026-01-23,6.964572,0.851644,91.861693,16.145631,43.35581673,158.158746,0.739312,5.281127576,1.456651,-0.0016008339761564017,-0.00306580057897865,0.002959429139028691,-0.00449946191429762,0.0016681021120730222,-0.0039776846912449315,-0.007752104449407327,-0.006382728390597059,-0.00845769721920453
2026-01-26,6.954376,0.84488,91.763687,16.073251,43.37630956,154.207503,0.732933,5.286329841,1.447533,-0.0014639808447669544,-0.007942285743808397,-0.0010668864985974302,-0.004482946501131013,0.0004726662197975795,-0.024982766365636233,-0.008628292250091985,0.0009850670950728446,-0.006259563890046338
2026-01-27,6.954816,0.838293,91.615391,15.987426,43.40355436,153.340599,0.72789,5.255427949,1.439098,6.326951548207838e-05,-0.007796373449483918,-0.0016160640973373885,-0.005339616733416319,0.0006281032267696496,-0.005621671988294885,-0.006880574349906299,-0.005845623131634503,-0.005827155581254462
2026-01-28,6.946384,0.835143,91.943377,15.882579,43.41456489,152.6307,0.725322,5.17362619,1.428679,-0.0012123972798130378,-0.0037576360532654007,0.003580031656471361,-0.006558091340031824,0.00025367807227660855,-0.00462955671641796,-0.003528005605242579,-0.015565194650906666,-0.007239951691962565
2026-01-29,6.94619,0.835561,91.917614,15.673797,43.42488302,153.308824,0.723763,5.181400401,1.415023,-2.7928199765603345e-05,0.0005005130857829165,-0.0002802050657765287,-0.013145346231238642,0.00023766517126566633,0.004442906964326365,-0.0021493902018688837,0.0015026619076241587,-0.009558480246437573
2026-01-30,6.949744,0.838997,91.939341,15.933048,43.4872053,154.031378,0.726739,5.221327293,1.426378,0.0005116473923114651,0.004112207247585653,0.00023637471703730206,0.016540408172952548,0.0014351743900218317,0.004713062047883243,0.004111843241503044,0.007705810960352277,0.008024604547063996
2026-02-02,6.943412,0.844595,91.568412,16.028209,43.49163851,155.059122,0.73125,5.255236486,1.439358,-0.0009111126971007577,0.006672252701737991,-0.004034497049527519,0.00597255465495361,0.00010194285812148429,0.00667230283429654,0.0062071802944385635,0.00649436265860226,0.009099972097158071
2026-02-03,6.938141,0.847386,90.137277,15.949326,43.49173799,155.851199,0.730701,5.227099398,1.42615,-0.000759136862395704,0.003304542413819611,-0.015629134204052764,-0.004921510569272036,2.287336219097824e-06,0.005108225751465412,-0.0007507692307691105,-0.005354105010299315,-0.009176313328581154
2026-02-04,6.941709,0.846024,90.414382,15.937479,43.50972927,156.641286,0.728934,5.220558376,1.422504,0.0005142587906472595,-0.0016072958486450517,0.0030742552828615377,-0.0007427900088066153,0.0004136712127746911,0.005069495807985325,-0.0024182257859234335,-0.001251367441473028,-0.0025565333239842003
2026-02-05,6.939227,0.847601,90.308527,16.179776,43.53992202,156.899474,0.73665,5.260128835,1.434311,-0.0003575488399183424,0.001864013314043067,-0.0011707761271874118,0.015202969051755444,0.000693931001331638,0.0016482755382893899,0.010585320481689697,0.00757973690743774,0.008300152407304306
2026-02-06,6.938952,0.847889,90.661777,16.1243,43.61488893,157.08835,0.735883,5.237154485,1.431236,-3.9629774325034006e-05,0.0003397825155939671,0.003911590762630812,-0.0034287248476121412,0.0017217970662777304,0.001203802633525708,-0.0010412000271500244,-0.004367640170167109,-0.002143886507180115
2026-02-09,6.922514,0.841326,90.726485,15.975349,43.58901228,156.192159,0.732038,5.193084301,1.417045,-0.0023689456275240994,-0.007740399981601365,0.0007137296680164162,-0.009237672333062608,-0.0005932985417326231,-0.005705012497744022,-0.005225015389674681,-0.008414910067332082,-0.009915206157474987
2026-02-10,6.914831,0.84076,90.5396,15.957373,43.63452161,155.128636,0.731041,5.206742896,1.414999,-0.0011098569103651368,-0.0006727475437583452,-0.0020598725939839913,-0.001125233633393452,0.0010440550868109355,-0.006809067797058921,-0.0013619511555409414,0.0026301508329780177,-0.0014438497013151697
2026-02-11,6.911345,0.840336,90.715546,15.881429,43.64319328,153.605042,0.731008,5.189327731,1.406471,-0.0005041337958947567,-0.0005043056282411085,0.0019433043662664407,-0.004759179346124243,0.0001987341600191428,-0.009821487761937142,-4.514110699682661e-05,-0.003344733040953285,-0.0060268593829394534
2026-02-12,6.901129,0.842176,90.588681,15.895233,43.64948627,153.713997,0.73362,5.17609904,1.404581,-0.0014781493327274964,0.0021896003503361072,-0.0013984923818901596,0.0008691913051399602,0.00014419178632563145,0.0007093191641456276,0.003573148310278551,-0.0025492109355463866,-0.0013437888161219602
2026-02-13,6.908616,0.843028,90.609509,16.033553,43.73992581,153.28781,0.734783,5.219693138,1.418311,0.0010848949497974658,0.0010116650201381638,0.00022991834929153576,0.008701980021305955,0.0020719497004060283,-0.0027725972150733913,0.0015852893868759654,0.008422191627925235,0.009775157146508562
2026-02-16,6.908646,0.843526,90.731759,15.950401,43.70873049,153.34458,0.733024,5.2243779,1.411303,4.342403746138146e-06,0.0005907277101115938,0.0013491961423164334,-0.005186124373056988,-0.000713200112307244,0.00037034908385735754,-0.002393904050583595,0.0008975167459355227,-0.0049410883790650395
2026-02-17,6.908676,0.845594,90.695501,16.093354,43.72687299,153.103332,0.738458,5.224759006,1.418569,4.342384889888251e-06,0.002451613821032206,-0.00039961751430395154,0.008962345210004496,0.0004150772579438744,-0.0015732411279225644,0.00741312699174923,7.29476326741807e-05,0.005148433752355075
2026-02-18,6.908653,0.844238,90.692275,16.023132,43.75728155,153.642887,0.736513,5.222878852,1.41393,-3.3291472923968612e-06,-0.001603606458891571,-3.556957031414232e-05,-0.004363416103318252,0.0006954204113098772,0.0035241231719242982,-0.002633866787278283,-0.00035985468379329255,-0.003270196937900094
2026-02-19,6.908619,0.850847,91.19629,16.218838,43.76976091,154.896622,0.74347,5.234323152,1.420744,-4.9213645554324614e-06,0.007828361196724032,0.0055574193061096455,0.0122139666577048,0.00028519504772583915,0.008160058851276464,0.009445861783838216,0.00219118618759806,0.0048191918977602555
2026-02-20,6.908643,0.849834,90.945441,16.097306,43.84567009,155.205235,0.741735,5.214413189,1.418968,3.4739214884726977e-06,-0.0011905783295940164,-0.0027506491766277064,-0.007493261847735466,0.0017342836337643774,0.0019923804406785095,-0.002333651660456959,-0.0038037321009484204,-0.0012500492699599741
2026-02-23,6.90869,0.848608,90.898676,16.011456,43.83893415,154.820095,0.741174,5.181517312,1.414545,6.8030726150247744e-06,-0.0014426346792432154,-0.0005142093928601765,-0.005333190535111942,-0.00015362839674182283,-0.002481488462679593,-0.0007563348096019107,-0.006308644100048388,-0.0031170540843769023
2026-02-24,6.881719,0.849113,90.928505,16.008321,43.85166002,155.83765,0.74136,5.176870171,1.419547,-0.0039039238987419456,0.0005950921980466539,0.0003281565949322385,-0.00019579730912666626,0.00029028693892185764,0.006572499519522879,0.0002509532174630458,-0.0008968687587393998,0.003536119388213077
2026-02-25,6.869484,0.848608,90.942804,15.860319,43.86897488,156.73795,0.739477,5.128733876,1.410132,-0.0017778988069696577,-0.0005947382739399654,0.00015725541731925752,-0.009245316857401709,0.0003948507306703597,0.005777166172616255,-0.0025399266213445015,-0.009298339230072172,-0.006632397518363198
2026-02-26,6.84129,0.846453,90.926866,15.876333,43.88141188,156.060606,0.738023,5.125782969,1.404435,-0.00410423839694507,-0.002539452845129908,-0.00017525300847320846,0.00100968965378323,0.0002835033194648062,-0.004321506055170454,-0.0019662545285384914,-0.0005753675412578652,-0.004040047314719408
2026-02-27,6.858196,0.847099,91.080474,15.940534,43.95984752,155.976281,0.742313,5.155612029,1.4072,0.002471171372650627,0.0007631847249640611,0.0016893576866487958,0.004043817926973281,0.0017874456777846603,-0.000540334951666166,0.005812826971517193,0.0058194153323309905,0.001968763239309723
2026-03-02,6.882544,0.854847,91.739614,16.16131,43.95871089,157.454266,0.747051,5.206702,1.417251,0.00355020474772072,0.009146510620364312,0.007236896900646439,0.013849975163943817,-2.5856095144161095e-05,0.009475703552644488,0.006382752289128657,0.00990958410226006,0.0071425525866970485
2026-03-03,6.907634,0.861623,92.152766,16.393417,43.97802861,157.659831,0.751077,5.243408582,1.424608,0.0036454543552499885,0.007926564636712818,0.00450352886812877,0.014361892693104616,0.0004394514672720895,0.0013055537028130448,0.00538919029624485,0.007049871876669611,0.005191035321195692
2026-03-04,6.89733,0.858443,92.083269,16.318826,43.97407503,157.112198,0.747274,5.219761353,1.416688,-0.0014916829698851108,-0.003690709277723636,-0.0007541499079908309,-0.004550058111740696,-8.989898194533552e-05,-0.0034735100026841437,-0.005063395630541256,-0.004509896306989725,-0.005559424066129193
2026-03-05,6.901102,0.860733,91.648563,16.50284,43.99423309,157.540024,0.748408,5.248407643,1.419349,0.0005468782847855014,0.0026676203312276936,-0.004720792438417942,0.0112761788133533,0.00045840782293304905,0.0027230603698891187,0.0015175156635984788,0.005488045920631235,0.001878324655816943
2026-03-06,6.90468,0.864977,91.838509,16.718017,44.07395554,157.918865,0.749875,5.276533172,1.427299,0.0005184679200509468,0.004930681175230989,0.0020725474986444947,0.013038786051370543,0.0018121113700722002,0.0024047285913832983,0.00196016076792338,0.0053588689966777014,0.005601159404769351
2026-03-09,6.917265,0.865426,92.297707,16.676763,44.08429251,158.502813,0.748853,5.230203375,1.424924,0.00182267679313175,0.0005190889468738025,0.0050000593977412855,-0.002467637160555536,0.00023453692488795141,0.003697772270589761,-0.0013628938156359238,-0.008780347908329156,-0.0016639821088644258
2026-03-10,6.877158,0.859033,91.959454,16.288807,44.04501332,157.778541,0.74345,5.177905678,1.404948,-0.005798100838987796,-0.007387113398488077,-0.0036648039371119934,-0.023263267577766866,-0.0008910019365987454,-0.004569458335102361,-0.007215034192291303,-0.009999170825742532,-0.014018993293677395
2026-03-11,6.866246,0.863483,92.07236,16.401779,44.0955876,158.561437,0.74573,5.171142388,1.398411,-0.0015867019486828227,0.005180243366669224,0.001227780234536846,0.006935560105783223,0.0011482407697906982,0.004961992898641521,0.0030667832402986317,-0.0013061825418597683,-0.004652841243946382
2026-03-12,6.86897,0.866026,92.209665,16.541699,44.10955226,158.855114,0.746887,5.162120031,1.402096,0.0003967233332449194,0.0029450492945430895,0.0014912727337497156,0.008530781935301102,0.0003166906432152672,0.0018521338199020132,0.0015514998726080531,-0.001744751221884222,0.0026351337339307612
2026-03-13,6.896567,0.871384,92.384542,16.79627,44.18978738,159.33252,0.753773,5.243290345,1.419746,0.004017632920219505,0.006186881225274998,0.001896514860996401,0.015389652538109866,0.001818996473304857,0.003005291979457425,0.009219600823149987,0.0157242205745991,0.012588296379135278
2026-03-16,6.896149,0.871232,92.247604,16.767817,44.18513678,159.139223,0.752814,5.270256142,1.417669,-6.060986574907279e-05,-0.00017443515143733546,-0.0014822609609300708,-0.0016940070622821768,-0.00010524151112123459,-0.0012131672806028337,-0.001272266318905091,0.005142915083028887,-0.0014629377367499918
2026-03-17,6.886827,0.867227,92.364496,16.658746,44.20518602,158.954124,0.749545,5.208915098,1.40725,-0.001351768936547093,-0.004596938588114385,0.0012671548629057394,-0.006504782345847393,0.000453755300109826,-0.0011631262017659516,-0.004342374079121747,-0.011639101088684711,-0.007349388326894468
2026-03-18,6.888174,0.869565,92.895652,16.884696,44.22078261,159.556522,0.751243,5.22426087,1.417826,0.00019559079965270065,0.002695949272797149,0.005750651202600654,0.013563445892025738,0.0003528226301987569,0.0037897601197185438,0.0022653743270917293,0.0029460591526806468,0.007515366850239902
2026-03-19,6.900426,0.870398,93.248324,17.068936,44.32065454,158.812777,0.751919,5.298720515,1.427713,0.0017787007122642695,0.0009579502394876371,0.00379643172104549,0.010911656330679476,0.002258484000177141,-0.004661326222691109,0.0008998419951999903,0.014252665946982157,0.006973352160279278
2026-03-20,6.894331,0.865426,93.617482,16.885937,44.30722631,158.771095,0.748057,5.255214193,1.415058,-0.0008832788004682346,-0.005712329302227204,0.003958870081139487,-0.010721172075400687,-0.0003029790543341848,-0.0002624599908608305,-0.005136191531268652,-0.008210722169029294,-0.008863826273207587
2026-03-23,6.891687,0.862366,93.220938,16.810883,44.32123146,158.554674,0.745257,5.25948603,1.424543,-0.0003835034900413481,-0.0035358309087085704,-0.004235790063227607,-0.004444763710772959,0.00031609177929614596,-0.0013631007583591037,-0.003743030277104542,0.0008128759063124047,0.006702905463945585
2026-03-24,6.893363,0.864155,93.844625,17.101884,44.34782233,158.92672,0.747848,5.266937435,1.438991,0.00024319154366692075,0.0020745252015965665,0.006690417554047645,0.01731027454060552,0.0005999578333917288,0.0023464839642632906,0.0034766530203675927,0.0014167553554658152,0.010142199989751077
2026-03-25,6.8995,0.862664,93.944531,16.913475,44.35714286,158.963078,0.746705,5.233005521,1.436077,0.0008902766327552047,-0.0017253849135860921,0.0010645894743572804,-0.011016856388454066,0.0002101688315301331,0.00022877210326877062,-0.0015283854473101544,-0.006442437264303713,-0.002025030038408815
2026-03-26,6.910218,0.866626,94.119508,17.057717,44.36658289,159.623884,0.749762,5.236588959,1.446659,0.0015534459018771152,0.00459274990030889,0.0018625565334930982,0.008528229710334623,0.00021281871174139155,0.00415697788639946,0.00409398624624191,0.000684776269701981,0.007368685662398233
2026-03-27,6.91378,0.868282,94.811583,17.190588,44.45610836,159.902752,0.752974,5.256143093,1.452722,0.000515468542381603,0.0019108588941481042,0.007353151484812193,0.007789494924789864,0.0020178581303402776,0.0017470317913075295,0.004284026130958907,0.003734135742388789,0.004191036035444462
2026-03-30,6.911355,0.870777,94.713166,17.184518,44.45559039,159.456635,0.75586,5.240247301,1.45768,-0.0003507487944365284,0.0028734904097977854,-0.0010380271785990214,-0.0003531001964564018,-1.1651267263657061e-05,-0.002789926967610823,0.0038328016638022877,-0.0030242312126490534,0.003412903501151643
2026-03-31,6.900417,0.869716,93.823969,17.070012,44.48017046,159.497304,0.755201,5.223951992,1.451818,-0.0015826129608449424,-0.0012184520261788734,-0.009388314608762993,-0.006663323347212979,0.0005529129134123068,0.0002550473989371138,-0.0008718545762442798,-0.003109645034670483,-0.0040214587563800475
2026-04-01,6.873847,0.861698,93.428695,16.781129,44.46678156,158.31969,0.750651,5.159758725,1.438087,-0.0038504919340383026,-0.00921910140781601,-0.004212931985429047,-0.01692342102630029,-0.00030100828889667586,-0.007383284672949686,-0.006024886089928461,-0.012288257453036744,-0.009457797051696692
2026-04-02,6.897614,0.867679,93.101952,17.0118,44.49414317,159.600868,0.757076,5.181778742,1.455184,0.0034575980524442773,0.006940946828239092,-0.003497244609913519,0.013745857027855468,0.0006153269708328857,0.008092347831150981,0.008559237248734863,0.004267644704646578,0.01188871048830853
2026-04-07,6.857402,0.865276,93.008134,16.889504,44.60941421,159.84252,0.755023,5.148914078,1.441983,-0.005829842029432153,-0.0027694573684506896,-0.0010076910095290215,-0.007188892415852632,0.002590701422422681,0.0015141020410993633,-0.002711748886505383,-0.006342351851811201,-0.009071705021495569
2026-04-08,6.82966,0.854263,92.220485,16.310439,44.48206048,158.149667,0.742295,5.081838373,1.417137,-0.004045555445050586,-0.012727730804968695,-0.008468603401934782,-0.0342854947072454,-0.002854862191206453,-0.010590755200806434,-0.01685776459789956,-0.0130271556261925,-0.017230438916408852
2026-04-09,6.83466,0.855798,92.660505,16.432092,44.5910997,158.921694,0.744998,5.099186992,1.420026,0.0007321008659291195,0.001796870518798066,0.004771391085180321,0.007458597527632671,0.00245130775920388,0.004881622672022523,0.0036414094126997476,0.0034138470621525308,0.0020386172967044036
2026-04-10,6.828366,0.853898,92.886602,16.428059,44.67142003,159.192212,0.743788,5.054307916,1.414141,-0.0009208943824565718,-0.002220150082145489,0.002440057929751216,-0.00024543436100521454,0.0018012637172075685,0.0017022093912490988,-0.0016241654340012346,-0.008801221855642805,-0.004144290315811094
2026-04-13,6.832164,0.855871,93.330195,16.590979,44.7173913,159.833961,0.745104,5.027387881,1.421602,0.00055620920143995,0.0023105804206122738,0.004775640301708961,0.009917178894962575,0.0010290980221612234,0.004031283892204307,0.0017693213657654638,-0.005326156507952651,0.005275994402255568
2026-04-14,6.815823,0.847961,93.086153,16.352497,44.72500636,158.848469,0.736988,4.981514458,1.404053,-0.002391775138887109,-0.009242046990726505,-0.002614823637730579,-0.014374196965712627,0.0001702930286990867,-0.006165723440964999,-0.010892439176276025,-0.009124703342140994,-0.012344523994760825
2026-04-15,6.821138,0.848896,93.437606,16.414941,44.71103565,159.091681,0.737988,4.998132428,1.401273,0.0007798031140187067,0.0011026450508926366,0.0037755669202486075,0.003818621706519698,-0.0003123691003540374,0.0015310943915991526,0.0013568741960521269,0.0033359272847863775,-0.0019799822371378006
2026-04-16,6.821253,0.848752,93.243507,16.384824,44.76464098,158.9798,0.738355,4.988202343,1.394076,1.685935689899054e-05,-0.00016963208685161213,-0.002077311355772604,-0.0018347309320210226,0.0011989283902889003,-0.0007032485878377681,0.0004972980590469689,-0.0019867590831268434,-0.005136044154136932
2026-04-17,6.822328,0.847673,92.822328,16.384928,44.86496567,159.125201,0.7389,4.976434687,1.393405,0.00015759567926898477,-0.0012712783003751005,-0.004516979396752996,6.347337023537847e-06,0.0022411592677535896,0.0009145878910401528,0.0007381273235773644,-0.0023590975647796997,-0.0004813223956227075
2026-04-20,6.817687,0.85034,93.071854,16.349915,44.87959184,158.911565,0.740179,4.983078231,1.397279,-0.0006802663255122132,0.0031462604093794866,0.0026882109657926367,-0.0021369028902659126,0.0003260042614896541,-0.001342565468307022,0.0017309514142644922,0.0013350007420684928,0.0027802397723561967
2026-04-21,6.815841,0.849834,93.505141,16.369508,44.89453557,159.037988,0.739653,4.963882043,1.395683,-0.00027076631708089494,-0.0005950560952089345,0.004655403125417346,0.0011983548538325728,0.00033297383927366475,0.0007955556916201534,-0.0007106389130197011,-0.003852275061743904,-0.0011422199861301774
2026-04-22,6.824427,0.852297,93.804227,16.468934,44.92474218,159.217591,0.740672,4.971703742,1.398108,0.0012597124844901941,0.00289821306278637,0.003198604876709421,0.0060738538995797065,0.0006728348921865024,0.0011293088038815124,0.0013776730439813978,0.0015757221731387272,0.0017375005642397134
2026-04-23,6.834958,0.855139,94.1098,16.467932,44.92483325,159.483496,0.740337,4.962972465,1.397896,0.0015431332183639679,0.0033345183662503164,0.003257561090504124,-6.0841824977897474e-05,2.027168005458435e-06,0.0016700730009160392,-0.0004522919726950292,-0.0017561941445223272,-0.0001516334932636365
2026-04-24,6.836322,0.853825,94.252476,16.561988,45.02305328,159.417691,0.741146,5.000597678,1.399676,0.00019956230894169202,-0.0015365922966910084,0.0015160589014109327,0.005711463953093743,0.0021863193003615056,-0.00041261322739005735,0.0010927456009897085,0.007581185119470479,0.0012733422228834446
2026-04-27,6.823134,0.851136,94.199081,16.478679,45.00706443,159.21355,0.736914,4.96808239,1.390501,-0.0019291074937664021,-0.0031493573038970935,-0.0005665103163973173,-0.005030132856031488,-0.00035512584854169305,-0.0012805416934560387,-0.005710076017410914,-0.006502280346017408,-0.006555088463330083
2026-04-28,6.838784,0.856164,94.542808,16.634332,45.0547089,159.743151,0.742423,5.001712329,1.39786,0.0022936673968296795,0.005907399052560436,0.003648942180231929,0.009445720740115293,0.0010585998132381924,0.0033263563308525423,0.007475770578385221,0.006769199131578807,0.005292337078506293
2026-04-29,6.833504,0.854263,94.850077,16.598582,45.06962242,159.789851,0.740159,4.985392107,1.396207,-0.0007720670809314711,-0.0022203689947253302,0.0032500515533662178,-0.0021491695608817363,0.00033100913010231103,0.0002923443021352057,-0.0030494744909573823,-0.0032629269591085697,-0.001182521854835361
2026-04-30,6.828747,0.854555,94.914972,16.790292,45.18518202,156.562981,0.740258,4.981370706,1.398992,-0.0006961289552182004,0.00034181510846176266,0.0006841850007144323,0.011549781782564272,0.002564024142982735,-0.02019446153685933,0.0001337550445241753,-0.0008066368529676682,0.0019946898991338724
2026-05-04,6.830256,0.854701,95.092735,16.724786,45.20111111,157.119658,0.738103,4.966068376,1.392222,0.00022097758197814343,0.00017084915540843681,0.001872865747671426,-0.0039014211307343283,0.0003525290656780644,0.0035556106331418036,-0.0029111471946268175,-0.0030719115085268145,-0.004839198508640452
2026-05-05,6.830224,0.855725,95.284956,16.690399,45.21949341,157.812767,0.738858,4.952507274,1.394746,-4.685036695595279e-06,0.0011980797963262457,0.0020214057362004656,-0.002056050223901318,0.00040667805610494767,0.004411344887219837,0.0010228924689372754,-0.002730752171181905,0.0018129292598449975
2026-05-06,6.811172,0.850196,94.615287,16.405288,45.22470668,156.214929,0.734314,4.909199116,1.380548,-0.0027893667908988062,-0.006461187881620867,-0.007028066424252688,-0.017082335778791147,0.00011528811153915797,-0.010124896929283311,-0.006150031535152922,-0.008744693466148368,-0.010179631273364409
2026-05-07,6.801869,0.849618,94.254885,16.257774,45.2324554,156.389125,0.734155,4.916737468,1.377995,-0.001365844233562119,-0.0006798432361478923,-0.003809130759176327,-0.008991856772035844,0.00017133820358039564,0.0011151046901540784,-0.00021652862399468287,0.001535556375261038,-0.0018492656539287333
2026-05-08,6.801207,0.850268,94.488989,16.419437,45.36467987,156.763881,0.734716,4.914037922,1.38245,-9.732619078672844e-05,0.0007650497046909344,0.0024837333364737813,0.009943735224760664,0.0029232211435508137,0.002396304730268195,0.0007641438115930654,-0.000549052296887842,0.0032329580296008853
2026-05-11,6.796515,0.849979,95.315342,16.446069,45.37696558,157.135572,0.73513,4.901912452,1.38113,-0.0006898775467353291,-0.0003398928337888796,0.008745495202620912,0.001621980095907194,0.0002708210448127968,0.0023710244836308014,0.0005634830328997698,-0.0024675165703778035,-0.0009548265760063179
2026-05-12,6.792128,0.851934,95.636821,16.526666,45.39998296,157.590731,0.739504,4.903816664,1.384563,-0.0006454778662300376,0.002300056824933172,0.0033727938572574168,0.004900684777620512,0.0005072481093832959,0.0028966006500426023,0.005949968032865183,0.00038846307816498005,0.0024856458117628044
2026-05-13,6.790952,0.853606,95.671618,16.450021,45.41775501,157.772087,0.740188,4.90388391,1.379257,-0.0001731416133500252,0.001962593346432895,0.00036384521815091553,-0.004637656500107057,0.0003914549927399591,0.0011508037233483037,0.0009249442869814217,1.3712992268599677e-05,-0.003832256098133535
2026-05-14,6.785165,0.854555,95.767817,16.406939,45.43471202,157.947359,0.740198,4.997009058,1.381131,-0.0008521632902132037,0.0011117541348115711,0.001005512418531529,-0.0026189632219921766,0.0003733564108632237,0.00111091894220805,1.3510081222634085e-05,0.0189900800486118,0.0013587025478212222
2026-05-15,6.81063,0.859993,95.970072,16.661421,45.54506364,158.548332,0.748624,5.032421741,1.398779,0.0037530406408685657,0.006363545939114479,0.0021119307752415217,0.015510632422050197,0.002428795409805229,0.0038048942622712634,0.011383440646961951,0.007086775827093383,0.012777933447297718
2026-05-18,6.800223,0.858516,96.350017,16.623626,45.57992788,158.765453,0.747081,5.039234203,1.395604,-0.0015280524709168075,-0.0017174558397569095,0.003958994633243451,-0.0022684139606099496,0.0007654888853723119,0.0013694309947078764,-0.0020611147919382677,0.0013537144441806426,-0.0022698367647783213
2026-05-19,6.80611,0.860585,96.541738,16.647935,45.57358003,159.113597,0.745878,5.0232358,1.405077,0.0008657069040236554,0.0024099725572965802,0.0019898387770913573,0.001462316344220005,-0.00013926853979917553,0.002192819618005881,-0.0016102671597858498,-0.0031747686960998944,0.006787742081564518
2026-05-20,6.802759,0.862069,96.825,16.593534,45.58646552,159.034483,0.746164,5.029913793,1.402672,-0.0004923517251411713,0.001724408396613919,0.002934088466482798,-0.0032677326046745003,0.0002827403506924231,-0.0004972170920125585,0.00038344072354989933,0.0013294205699043715,-0.0017116499665142948
2026-05-21,6.802224,0.862143,96.205276,16.553927,45.61212173,159.14303,0.745176,5.011983792,1.402966,-7.864456171391421e-05,8.583999656641694e-05,-0.006400454428092006,-0.002386893593612882,0.000562803229145814,0.0006825375098054032,-0.0013241056925824557,-0.0035646736182542993,0.00020959996349834142
2026-05-22,6.795257,0.862441,95.695127,16.476498,45.71513583,159.146184,0.745304,5.016386373,1.404312,-0.0010242238420845595,0.0003456503155510049,-0.005302713335597065,-0.004677379572834983,0.0022584807742509483,1.9818649927616505e-05,0.00017177150096081562,0.0008784108613892894,0.0009593960224267839
2026-05-25,6.784334,0.858885,95.2392,16.329211,45.71416302,158.928111,0.740831,5.002576656,1.39483,-0.001607444722105389,-0.004123180600180243,-0.0047643700812477485,-0.008939217544893241,-2.127982302446707e-05,-0.001370268482215109,-0.006001577879630293,-0.0027529213208792314,-0.00675206079560664
2026-05-26,6.785199,0.85955,95.685061,16.357229,45.90596527,159.205776,0.742436,5.020113461,1.395565,0.00012749961897506878,0.0007742596505935229,0.004681486194760165,0.0017158208072636238,0.0041956854797076115,0.0017471106794944014,0.002166486013679192,0.0035055544784041714,0.0005269459360639495
2026-05-27,6.782074,0.859328,95.699063,16.359457,45.90478646,159.422532,0.744333,5.045802183,1.402509,-0.0004605612893594513,-0.000258274678610948,0.00014633423288490377,0.0001362088896597058,-2.567879780046578e-05,0.0013614832667880883,0.0025551023926642102,0.005117159641822688,0.004975762504791925
2026-05-28,6.779892,0.860807,95.696393,16.35009,45.89937161,159.45597,0.746019,5.072566067,1.404666,-0.00032173049129213815,0.0017211123110152382,-2.789995968921488e-05,-0.0005725740163623483,-0.00011795828752436677,0.00020974450462252214,0.0022651152105306327,0.005304188121003195,0.0015379580451890806
2026-05-29,6.766833,0.858811,95.001288,16.224064,45.88603573,159.266575,0.744787,5.045259361,1.394538,-0.0019261368765166598,-0.0023187543781590936,-0.007263648902628983,-0.007707969803224524,-0.0002905460256256154,-0.0011877573476867243,-0.0016514324702185945,-0.005383213474073001,-0.00721025496452532
2026-06-01,6.76507,0.858664,94.993131,16.253563,45.89412674,159.488236,0.742684,5.024471922,1.393955,-0.0002605354676257221,-0.00017116688072227326,-8.586199378679549e-05,0.0018182250760352403,0.0001763283724836029,0.0013917609517251073,-0.0028236260836990157,-0.00412019234544958,-0.00041805960110086193
2026-06-02,6.762641,0.858443,95.273843,16.203623,45.92668899,159.747618,0.742253,5.005579878,1.39248,-0.0003590502389478889,-0.0002573765757036828,0.002955076825502223,-0.0030725570756393594,0.0007095079983649999,0.001626339387188258,-0.0005803275686563358,-0.003760005885848461,-0.001058140327342083
2026-06-03,6.769416,0.86103,95.709919,16.270277,45.95737903,159.858791,0.743671,5.018426038,1.396418,0.001001827540453304,0.003013595544491654,0.004577079986161525,0.0041135244877024135,0.0006682397680939367,0.0006959289997050533,0.001910399823240816,0.002566367995936014,0.0028280477996094344
2026-06-04,6.773883,0.859107,95.785653,16.239433,45.97396907,159.802405,0.743041,5.0645189,1.400086,0.0006598796705654664,-0.002233371659524086,0.0007912868466641854,-0.001895726790637986,0.00036098751386970385,-0.00035272379859296876,-0.0008471488063942489,0.009184724782427933,0.0026267206524122066
2026-06-05,6.765636,0.859107,94.949742,16.270533,46.08462199,159.862543,0.742552,5.059879725,1.40043,-0.0012174700980220887,0.0,-0.00872689148968897,0.0019150914936501007,0.0024068602785092263,0.0003763272523964467,-0.0006581063494477402,-0.0009160149446771904,0.0002456991927639596
2026-06-08,6.781889,0.866551,95.708406,16.463692,46.09948007,159.965338,0.748354,5.143240901,1.413432,0.002402287087274635,0.00866481125168339,0.007990163891124613,0.011871706968665574,0.0003224086334747689,0.0006430211735091174,0.00781359419946348,0.01647493231669661,0.0092842912534008
2026-06-09,6.771537,0.86408,95.350817,16.453469,46.11768772,160.157263,0.746047,5.162965523,1.416314,-0.0015264183769446715,-0.0028515344163240197,-0.0037362339939084332,-0.0006209421313276842,0.000394964324377467,0.0011997911697594343,-0.003082765642997809,0.0038350569960983183,0.002039008597513048
2026-06-10,6.780744,0.866626,95.266054,16.601785,46.13779357,160.49051,0.747274,5.190744432,1.427767,0.0013596617725044613,0.0029464864364410204,-0.0008889593468298651,0.009014269270510855,0.0004359683018384519,0.0020807485952103466,0.0016446684994375627,0.005380417296271034,0.00808648364698783
2026-06-11,6.777412,0.866776,95.76493,16.50273,46.15463292,160.535668,0.748288,5.160440322,1.429054,-0.0004913915051210083,0.00017308504475987974,0.005236660689231565,-0.005966527093321572,0.0003649795253959365,0.0002813748925092341,0.001356931995492916,-0.005838104803076005,0.0009014075826097034
2026-06-12,6.762341,0.864528,95.114982,16.302498,46.26480505,160.197112,0.746131,5.107287974,1.421458,-0.002223710171375126,-0.0025935189714528795,-0.006786910406554991,-0.01213326522339031,0.0023870221260553492,-0.0021089145123810438,-0.0028825799692097087,-0.010299963701430825,-0.005315404456374573
2026-06-15,6.757043,0.861549,94.714827,16.213836,46.27871112,160.187818,0.745093,5.049797536,1.415008,-0.000783456498274715,-0.0034458108933429488,-0.004207065927847142,-0.005438553036473226,0.00030057556678264596,-5.801602715538312e-05,-0.0013911766164386163,-0.01125654912992391,-0.0045375944980435845
2026-06-16,6.756426,0.862515,94.560549,16.189581,46.29955149,160.376057,0.745825,5.060289805,1.415474,-9.131213165292085e-05,0.0011212362848775914,-0.0016288685191813146,-0.0014959445747446676,0.00045032304261805045,0.0011751143273579512,0.0009824276969452317,0.0020777603310233594,0.0003293267599899785
2026-06-17,6.759469,0.862738,94.534121,16.221724,46.31722888,160.314037,0.745949,5.084030713,1.416444,0.0004503860472977461,0.00025854622818144435,-0.00027948230292096365,0.001985412716981161,0.00038180477847227223,-0.0003867160794456259,0.00016625884088083964,0.004691610345427533,0.0006852828098573571
2026-06-18,6.771573,0.872524,94.333392,16.430591,46.44551086,160.928366,0.755938,5.146933077,1.427624,0.0017906732022885397,0.011342956957963946,-0.002123349726814494,0.012875758458225528,0.0027696384931048534,0.0038320349951639354,0.013390995899183578,0.012372538159369784,0.007893005300597888
2026-06-19,6.769338,0.872068,94.32938,16.473969,46.44519055,161.227871,0.755673,5.160286038,1.425656,-0.0003300562513318672,-0.000522621727310657,-4.2530008885988124e-05,0.0026400754543765004,-6.896468443762238e-06,0.0018611075688170775,-0.00035055784998239137,0.0025943529477137073,-0.0013785142306377285
2026-06-22,6.774791,0.872905,94.686627,16.411837,46.46246508,161.775489,0.754784,5.151885475,1.426851,0.0008055440576315576,0.0009597875395039868,0.003787229387069102,-0.0037715258539093854,0.0003719336662297845,0.003396546742219231,-0.0011764347806525466,-0.0016279258432843058,0.0008382106202338147
2026-06-23,6.785727,0.877809,94.740169,16.483936,46.47963483,161.53441,0.756671,5.172489466,1.441626,0.001614219538285333,0.005618022579776616,0.0005654652794844228,0.004393109680531193,0.0003695402293106831,-0.001490207209325689,0.0025000529952938777,0.003999310757194063,0.010354970490962234
2026-06-24,6.810935,0.881834,94.674162,16.61358,46.48906526,161.684303,0.759832,5.199559083,1.449383,0.0037148561974273964,0.004585279941308418,-0.0006967160888218249,0.007864869167169664,0.00020289380573856874,0.0009279323210453772,0.004177509115586453,0.005233382721788971,0.0053807298148063065
2026-06-25,6.798184,0.881679,94.395609,16.561541,46.51472403,161.849762,0.759857,5.201904426,1.450714,-0.0018721364981459931,-0.00017577004288793496,-0.002942228313570938,-0.0031323170562876923,0.0005519312951660638,0.0010233460943949169,3.29020099181232e-05,0.0004510657466454404,0.0009183217962400736
2026-06-26,6.798176,0.877116,94.404438,16.460486,46.6251206,161.652487,0.756539,5.175861767,1.44882,-1.176784859002744e-06,-0.005175352934571387,9.353189299310394e-05,-0.0061017872672596285,0.0023733682678370727,-0.0012188772943638737,-0.004366611086033312,-0.005006370142026095,-0.0013055640188210926
2026-06-29,6.793968,0.876732,94.544976,16.415308,46.64220586,161.862178,0.755874,5.163861126,1.449325,-0.0006189895642596532,-0.00043779842118951695,0.0014886800131155287,-0.002744633420908693,0.000366438944932046,0.001297171505935335,-0.000879002933093842,-0.0023185783431298734,0.00034855951740042634
2026-06-30,6.785501,0.877655,94.660786,16.372126,46.65982096,162.43637,0.756345,5.178427242,1.451992,-0.0012462525581514727,0.00105277325340003,0.0012249196615163882,-0.0026305933461618913,0.0003776643851896022,0.0035474130343162713,0.0006231197263035781,0.0028207799637871567,0.0018401669742811322
2026-07-01,6.794518,0.878503,95.248616,16.433629,46.67187912,162.707546,0.755275,5.187384696,1.451111,0.001328862820888288,0.0009662110966155435,0.006209857585589784,0.0037565677175950274,0.00025842705248146913,0.0016694290816767765,-0.0014146983188888518,0.0017297634168440545,-0.0006067526542845592
2026-07-02,6.789017,0.87727,95.397403,16.377489,46.69479779,161.58435,0.751513,5.200982542,1.451531,-0.0008096232874796883,-0.0014035239492636853,0.001562090938938221,-0.0034161657172617765,0.0004910595080407365,-0.006903158627934891,-0.004980967197378505,0.002621329783095927,0.00028943340654152827
2026-07-03,6.781447,0.873515,95.214885,16.212963,46.80476939,161.146052,0.748777,5.196191474,1.4413,-0.0011150362416237902,-0.004280324187536322,-0.0019132386654173716,-0.010045862341901302,0.002355114599587038,-0.0027125027887910935,-0.0036406555841348442,-0.0009211851724766351,-0.007048419909736592
2026-07-06,6.795707,0.87604,95.403855,16.234604,46.8,162.339028,0.749347,5.180026281,1.442138,0.0021027960551782687,0.002890620080937323,0.0019846686786419987,0.0013347961134557718,-0.00010189965813656165,0.007403073083044109,0.0007612413308635269,-0.003110969463093305,0.0005814195517934717
2026-07-07,6.793493,0.874661,94.972448,16.23782,46.84019942,161.891017,0.747057,5.141345229,1.439255,-0.0003257939166595447,-0.0015741290352039305,-0.0045219032291723416,0.00019809537701065416,0.0008589619658119219,-0.0027597245438725215,-0.0030559940855171552,-0.007467346670012032,-0.0019991152025672365
2026-07-08,6.800246,0.876885,95.559891,16.382936,46.85741845,162.486847,0.749167,5.156260961,1.444318,0.0009940394433320954,0.0025426994001105374,0.006185404423817653,0.008936913945345015,0.00036761222653214354,0.003680438921450424,0.0028244163430635183,0.002901134107055725,0.003517792191098934
2026-07-09,6.795977,0.874508,95.388282,16.371928,46.8220376,162.413642,0.746506,5.145343244,1.441014,-0.0006277714070932472,-0.0027107317379132523,-0.0017958266612085882,-0.0006719186353411066,-0.0007550746748404835,-0.00045052877418438886,-0.0035519450269433372,-0.0021173709171388166,-0.002287584867044501
2026-07-10,6.774541,0.874891,95.333771,16.321697,46.98503937,161.872266,0.745013,5.118547682,1.438933,-0.0031542190328188724,0.0004379605446720447,-0.0005714643230496641,-0.0030681175729577737,0.0034813044958128536,-0.0033333160523548733,-0.0019999839251123586,-0.005207730705088842,-0.0014441219863234878
2026-07-13,6.777574,0.87535,95.621061,16.36362,46.9929972,162.141106,0.746936,5.115458683,1.440301,0.0004477056083946884,0.0005246367833249277,0.0030135176337460212,0.0025685441899823136,0.00016936944411871657,0.0016608156952593323,0.0025811630132628327,-0.0006034913010311005,0.0009507044455856484
2026-07-14,6.780096,0.876808,96.204735,16.461903,47.03761508,162.218325,0.747172,5.123279263,1.440421,0.00037210954834288046,0.0016656194664992352,0.0061040318303935415,0.006006189339522683,0.0009494580609556991,0.00047624567208748303,0.0003159574582023428,0.0015288130516994958,8.331591799204396e-05
2026-07-15,6.774329,0.876732,96.259863,16.382606,47.03138699,162.388217,0.746037,5.081009995,1.432141,-0.0008505779269203373,-8.667804125883638e-05,0.0005730279284070772,-0.004817000804827942,-0.00013240658544033668,0.0010473046124721552,-0.0015190612067903508,-0.008250432160758048,-0.005748319414948688
2026-07-16,6.766896,0.872068,96.354321,16.371065,47.05476585,162.195866,0.74015,5.085724252,1.426877,-0.0010972304415683976,-0.005319755637982926,0.0009812812636145196,-0.0007044666764248753,0.0004970905919694513,-0.0011845132827587035,-0.007891029533387717,0.0009278188794432651,-0.003675615738953142
2026-07-17,6.777525,0.874508,96.28509,16.507914,47.14210756,162.352427,0.744189,5.115784871,1.433669,0.0015707349425793105,0.002797946949091079,-0.0007185043626637411,0.008359199600025846,0.001856171387153882,0.0009652588802726569,0.005457001959062291,0.0059107842876415795,0.004760045890430664
2026-07-20,6.766935,0.875197,96.445388,16.48976,47.1809032,162.384036,0.742937,5.104323473,1.427184,-0.0015625172906038598,0.0007878715803628644,0.0016648268179424441,-0.0010997149609575096,0.0008229509033008675,0.00019469373254277222,-0.001682368323100758,-0.0022403987440854367,-0.004523359297020524
2026-07-21,6.766071,0.87581,96.235768,16.444474,47.18488352,162.743037,0.746234,5.079435978,1.425469,-0.00012767966590487845,0.0007004137354218454,-0.0021734579988418323,-0.0027463104375079483,8.43629462352613e-05,0.0022108146148058783,0.004437792168111132,-0.00487576759812447,-0.001201667059047673
2026-07-22,6.772966,0.876578,96.569951,16.475456,47.21756662,163.069776,0.748072,5.079680926,1.429874,0.001019055224221077,0.0008769025245201068,0.003472544636418551,0.001884037154365803,0.0006926603937922327,0.0020076987994270823,0.0024630343833167423,4.822346438859704e-05,0.0030902110112531744
2026-07-23,6.770277,0.877809,96.581373,16.439782,47.23516503,163.474368,0.748929,5.071541433,1.430039,-0.00039701956277360395,0.0014043245438510876,0.00011827695760135981,-0.0021652814950918753,0.00037270895685126426,0.0024810974168505417,0.0011456116523542725,-0.0016023630457453475,0.00011539478303679296
2026-07-24,6.772172,0.878966,96.567636,16.850136,47.34534587,163.821746,0.750532,5.082710732,1.431045,0.00027989992137689157,0.0013180543831290414,-0.0001422323950603932,0.024961036587954677,0.0023326019911231732,0.002124969218415984,0.0021403898099821017,0.002202347973994989,0.0007034773177514442
2026-07-27,6.76609,0.87804,95.919308,16.741066,47.35516727,163.640355,0.750935,5.08253578,1.428659,-0.0008980870539023744,-0.0010535106022303564,-0.006713719283756636,-0.0064729447881013424,0.00020744172039566244,-0.0011072461649871412,0.0005369524550586924,-3.4421002733542316e-05,-0.0016673130474583742
2026-07-28,6.771268,0.87974,95.857306,16.785168,47.37960764,163.913082,0.752617,5.116389549,1.435031,0.0007652868939076463,0.001936130472415698,-0.0006463974906908421,0.0026343603209018074,0.0005161077746944631,0.0016666243482543752,0.002239874290051791,0.006660802887648476,0.004460126594239888
2026-07-29,6.766257,0.878735,95.648067,16.749912,47.39771529,163.681898,0.752504,5.120210896,1.440861,-0.0007400386456420938,-0.0011423829767884808,-0.0021828174474254336,-0.0021004258044959867,0.0003821823544336578,-0.0014104060345837555,-0.00015014276849978359,0.0007468835129542661,0.004062630005902346
2026-07-30,6.755054,0.871384,95.684908,16.582433,47.41260021,162.940049,0.746907,5.100644824,1.432468,-0.0016557160036930751,-0.008365434402863192,0.0003851724468200146,-0.009998798799659148,0.0003140429851720139,-0.00453226049468225,-0.007437834217492445,-0.003821341034074499,-0.005824989363998223
2026-07-31,6.751328,0.870701,95.38485,16.575011,47.52538093,160.235089,0.745085,5.058336961,1.424902,-0.0005515870043378834,-0.0007838105817872254,-0.003135896833385554,-0.00044758208882866857,0.002378707759128851,-0.016600952415326664,-0.0024393933916806443,-0.00829461067371895,-0.005281793380375821
2026-08-03,6.752579,0.866927,95.338101,16.469788,47.53645427,156.679671,0.742375,5.067533593,1.427222,0.00018529687788837457,-0.004334438573057708,-0.0004901092783603511,-0.006348291412898499,0.00023299844805690917,-0.02218876041564144,-0.003637168913613875,0.0018181137537705006,0.0016281821486672232
2026-08-04,6.753539,0.868432,95.378637,16.440816,47.55588363,157.412071,0.743717,5.080590534,1.422232,0.00014216790355203734,0.0017360169887430388,0.000425181533666219,-0.0017590997528322827,0.00040872547812753623,0.004674505603218915,0.0018077117359824868,0.002576586964916361,-0.003496302607443047
2026-08-05,6.749957,0.865501,95.122468,16.346633,47.5758179,157.590445,0.741908,5.11528475,1.418124,-0.0005303885858954915,-0.0033750483630267114,-0.002685811079476852,-0.005728608604341878,0.0004191756829732274,0.0011331659565039232,-0.002432376831509764,0.006828776255008551,-0.00288841764212866
2026-08-06,6.74909,0.866401,95.224831,16.309478,47.59495755,157.832265,0.742549,5.123722059,1.420031,-0.00012844526268840362,0.001039860150363836,0.0010761179997977877,-0.0022729451379989163,0.00040229786569789816,0.0015344838958988305,0.0008639885268793002,0.0016494309529886397,0.0013447343109629362
2026-08-07,6.747638,0.866927,95.212397,16.22332,47.70585176,158.335501,0.74352,5.099783268,1.420373,-0.0002151401151858634,0.0006071091792367866,-0.0001305751857937354,-0.00528269512978885,0.0023299571153836407,0.0031884228487755184,0.0013076578111341775,-0.004672148630300965,0.00024083981265210497
2026-08-10,6.744353,0.865426,95.303159,16.177239,47.6950238,158.641281,0.740502,5.085590653,1.415751,-0.0004868370235628916,-0.0017314029901017713,0.0009532582190951988,-0.002840417374495585,-0.00022697341312494235,0.0019312156659041513,-0.004059070367979256,-0.002782983953270368,-0.003254074809926788
2026-08-11,6.745321,0.866551,95.439775,16.179029,47.72668977,159.202773,0.740754,5.104852686,1.415598,0.00014352748143520166,0.0012999378340838863,0.0014334886842524153,0.00011064928941206809,0.0006639260760783472,0.0035393814047681715,0.00034030968181042454,0.0037875704739700478,-0.0001080698512662126
2026-08-12,6.743179,0.866176,95.339108,16.134257,47.75773062,159.090515,0.73935,5.155738415,1.414205,-0.0003175534566850491,-0.00043275006318155285,-0.0010547698797488403,-0.002767285972476996,0.0006503876583434653,-0.0007051259088307615,-0.0018953660729473798,0.009968109195306107,-0.0009840364284210423
2026-08-13,6.743021,0.867002,95.44087,16.118779,47.7748396,159.328941,0.7412,5.181116698,1.418068,-2.3431084952618697e-05,0.0009536168169057557,0.001067368912241129,-0.0009593252419372034,0.0003582452469557129,0.0014986814267334836,0.002502197876513179,0.004922337201236804,0.002731570034047559
2026-08-14,6.741333,0.864528,95.428201,16.164779,47.88441255,159.012709,0.73874,5.176190888,1.412034,-0.0002503328997491838,-0.002853511295245137,-0.0001327418746287501,0.002853814175378888,0.002293528370108877,-0.0019847743794392247,-0.003318942255801427,-0.0009507236156062193,-0.004255085087598087
2026-08-17,6.739412,0.862589,95.607263,16.176658,47.90183732,159.225395,0.737514,5.21021306,1.403519,-0.0002849584792800064,-0.0022428423370901562,0.001876405487304611,0.0007348693106166149,0.00036389232052913556,0.0013375408880054174,-0.0016595825324200453,0.006572820194648221,-0.006030308052072386
2026-08-18,6.742312,0.863856,95.687025,16.219592,47.91197305,159.701106,0.739331,5.207411887,1.406185,0.00043030460224136036,0.0014688339406134787,0.0008342671623180475,0.0026540710695619474,0.00021159376272539276,0.002987657841891478,0.002463682045357629,-0.0005376311808638068,0.0018995111573125723
2026-08-19,6.738216,0.861698,95.757432,16.244291,47.93459716,159.086601,0.737682,5.204136148,1.41327,-0.0006075067424942127,-0.002498101535441055,0.0007358050895613921,0.0015227879961470236,0.0004722015930420653,-0.0038478443599507806,-0.0022303947758176568,-0.0006290531786390385,0.005038455110814022
2026-08-20,6.723568,0.856091,95.7097,16.174043,47.95351425,158.762092,0.733884,5.193562195,1.407243,-0.00217386916655693,-0.0065069200578391495,-0.0004984678369402973,-0.00432447313336104,0.00039464376714914984,-0.002039826094467956,-0.0051485599485956435,-0.002031836350796401,-0.004264577893820731
2026-08-21,6.720574,0.854774,95.70006,16.004445,48.06547568,158.697325,0.732285,5.172920762,1.395077,-0.00044529928157199805,-0.001538387858300072,-0.00010072124351034883,-0.010485813596513904,0.0023347909272364298,-0.00040795002877636044,-0.0021788184508724218,-0.003974426843269874,-0.008645273062292791
2026-08-24,6.722737,0.857339,95.754029,16.002915,48.08136145,159.122085,0.733453,5.149862826,1.396348,0.00032184750885866364,0.003000793192118545,0.000563939040372663,-9.55984415579314e-05,0.00033050271063084224,0.0026765416493315097,0.0015950074083179722,-0.004457430736110046,0.0009110608231659434
2026-08-25,6.719774,0.857486,95.417596,15.987824,48.09938261,159.235123,0.733579,5.158034642,1.397959,-0.0004407431080526436,0.000171460764061937,-0.0035135127316678894,-0.0009430156943283086,0.0003748055266432626,0.0007103853622831835,0.00017179014878920817,0.0015868026539935798,0.001153723856803568
2026-08-26,6.720542,0.856971,95.42163,15.916017,48.11731939,159.071043,0.733679,5.14654212,1.391807,0.00011428955795245166,-0.0006005928959772477,4.227731748751573e-05,-0.004491355421475718,0.0003729108156218519,-0.0010304259318466569,0.00013631796984370226,-0.002228081584877306,-0.004400701308121313
2026-08-27,6.720309,0.858738,95.541005,15.985831,48.13078574,159.390296,0.736282,5.142035208,1.390812,-3.46698227612352e-05,0.0020619134136394823,0.0012510266278202842,0.00438639893385373,0.000279864925368134,0.0020069837600800167,0.0035478731161719956,-0.0008757165286737978,-0.000714897970767514
2026-08-28,6.720862,0.858885,95.386498,16.001804,48.24512583,159.68393,0.736236,5.164132955,1.389934,8.228788289343925e-05,0.00017118143135630426,-0.001617179974190086,0.0009991973517047281,0.0023756123703788656,0.0018422326036711123,-6.247606216092105e-05,0.004297470963563255,-0.0006312858962964629
2026-08-31,6.719731,0.862366,95.171611,16.116333,48.26215937,159.727492,0.7386,5.171783374,1.396257,-0.0001682819852572015,0.004052929088294688,-0.0022528031168520535,0.007157255519440353,0.0003530624017857864,0.0002728014021198266,0.003210926931038527,0.001481452756283641,0.004549136865491521
2026-09-01,6.722261,0.862813,94.951251,16.155824,48.2742019,160.163934,0.739042,5.198878343,1.400345,0.00037650316657011906,0.00051834140028717,-0.0023153963422979373,0.0024503713096519775,0.0002495232322217156,0.0027324162831030563,0.0005984294611425245,0.0052389992079353576,0.002927827756637802
2026-09-02,6.721541,0.863707,94.974952,16.094403,48.29374676,159.595785,0.741665,5.150716877,1.399119,-0.00010710682016057405,0.0010361457233489801,0.00024961229842035415,-0.0038017868974060676,0.00040487173750647365,-0.0035472967341074746,0.0035491893559500554,-0.009263818620577347,-0.0008754985378602864
2026-09-03,6.71907,0.860956,94.489884,16.037279,48.31485149,156.013775,0.740895,5.074042187,1.390185,-0.0003676240314535173,-0.003185107912752727,-0.005107325560954168,-0.0035493084148569,0.00043700750958275414,-0.022444264427158855,-0.0010382045802350692,-0.014886217167630167,-0.006385446841905562
2026-09-04,6.710893,0.860437,94.490191,15.967217,48.44217863,156.246773,0.739098,5.111426605,1.388229,-0.001216983898069235,-0.0006028182624896461,3.249025049001375e-06,-0.004368696210872325,0.0026353623383557068,0.0014934450499641816,-0.002425444901099305,0.0073677783160299715,-0.0014070069810853125
2026-09-07,6.710979,0.860437,94.494063,15.99174,48.43314404,154.749613,0.739064,5.126140079,1.386078,1.2814986023457209e-05,0.0,4.097779842560101e-05,0.0015358343285496456,-0.0001865025532605813,-0.00958202189558166,-4.600201867677178e-05,0.0028785454897477525,-0.0015494561776191462
2026-09-08,6.710522,0.86103,94.826502,16.024023,48.45996211,154.296539,0.738247,5.111072843,1.386086,-6.809736701607338e-05,0.0006891846817371761,0.0035180940415273643,0.002018729669191588,0.0005537131757924474,-0.0029277876126256874,-0.0011054523018305673,-0.002939294628667155,5.771680958721603e-06
2026-09-09,6.707775,0.858222,95.110281,16.039821,48.47725712,153.269825,0.737195,5.088911775,1.38414,-0.0004093571260179729,-0.0032612104107869744,0.002992612761356428,0.0009858947406653495,0.0003568927676984579,-0.006654160920615326,-0.0014249973247435488,-0.004335893594306972,-0.001403953290055604
2026-09-10,6.706267,0.860882,95.441202,16.146608,48.49483471,154.175275,0.739626,5.124655647,1.391787,-0.00022481374226168693,0.003099431149516052,0.0034793399464354557,0.006657617937257498,0.0003625945658700669,0.005907555515249019,0.0032976349541165018,0.007023873389905733,0.0055247301573542185
2026-09-11,6.708247,0.862664,95.555124,16.15873,48.59635956,154.037267,0.740295,5.110766046,1.394151,0.0002952462226748498,0.0020699701004318616,0.001193635428019979,0.0007507459151789853,0.0020935188377715352,-0.0008951370445098306,0.000904511198903224,-0.002710348159320919,0.001698535767326259
2026-09-14,6.708424,0.865726,95.55493,16.249242,48.62228378,154.54939,0.741044,5.156609817,1.402649,2.6385432736697467e-05,0.0035494700138176682,-2.030241727402071e-06,0.005601430310426592,0.0005334601240651882,0.003324669477549058,0.0010117588258735655,0.008970039048427969,0.006095465986109216
2026-09-15,6.7115,0.866626,95.960222,16.273247,48.63983014,155.004766,0.741659,5.151226276,1.403415,0.0004585279642432827,0.0010395898933381886,0.004241455673715588,0.0014772996795791027,0.00036087074970381217,0.002946475557101813,0.0008299102347497644,-0.0010440078251123808,0.0005461095398777704
