Day,CNY_vol30,EUR_vol30,INR_vol30,ZAR_vol30,TRY_vol30,JPY_vol30,GBP_vol30,BRL_vol30,AUD_vol30
2015-01-02,,,,,,,,,
2015-01-05,,,,,,,,,
2015-01-06,,,,,,,,,
2015-01-07,,,,,,,,,
2015-01-08,,,,,,,,,
2015-01-09,,,,,,,,,
2015-01-12,,,,,,,,,
2015-01-13,,,,,,,,,
2015-01-14,,,,,,,,,
2015-01-15,,,,,,,,,
2015-01-16,,,,,,,,,
2015-01-19,,,,,,,,,
2015-01-20,,,,,,,,,
2015-01-21,,,,,,,,,
2015-01-22,,,,,,,,,
2015-01-23,,,,,,,,,
2015-01-26,,,,,,,,,
2015-01-27,,,,,,,,,
2015-01-28,,,,,,,,,
2015-01-29,,,,,,,,,
2015-01-30,,,,,,,,,
2015-02-02,,,,,,,,,
2015-02-03,,,,,,,,,
2015-02-04,,,,,,,,,
2015-02-05,,,,,,,,,
2015-02-06,,,,,,,,,
2015-02-09,,,,,,,,,
2015-02-10,,,,,,,,,
2015-02-11,,,,,,,,,
2015-02-12,,,,,,,,,
2015-02-13,0.0013581433719776614,0.008470373147925427,0.0035162022092810954,0.007437349399412394,0.00781232170988183,0.005699911557165508,0.005661360242892015,0.00930510922327545,0.00949075482038831
2015-02-16,0.0013415923929528918,0.008336647427201771,0.003498722753936689,0.007502045358463924,0.007937730285438531,0.005681303601836204,0.004998202015468319,0.009303118373652592,0.009517687705382728
2015-02-17,0.0013267331112237948,0.00834166181088472,0.003470168347633918,0.00752015908298716,0.007852825848937263,0.005452204071165568,0.0049868965834249735,0.009213922811943857,0.009461293014704643
2015-02-18,0.0013271945918816488,0.008288135751548579,0.0033373418892208013,0.00767125791904843,0.007858741217864175,0.005477801822903132,0.004955828440862554,0.009065607097029565,0.009383733888151915
2015-02-19,0.0013270526169269858,0.008266555209065884,0.0028655158664755323,0.007598516920529942,0.007696729610510999,0.005440272879531153,0.004884376314062037,0.00902876205711284,0.009324118457396904
2015-02-20,0.0012930703593156596,0.00830105863425998,0.002779611029982787,0.0075218696727160726,0.007618833081895653,0.005410543049623025,0.004871034196435789,0.00843117121946979,0.009424925627063324
2015-02-23,0.0012739479469893228,0.00830462173730765,0.0027480701372683066,0.007528140936260746,0.007632475640503597,0.005471695353482399,0.004874552578665292,0.00849436730223315,0.009494693055100664
2015-02-24,0.0012747795147655546,0.008338479502253245,0.002744602439984598,0.007705930755433076,0.007488053103529407,0.005419238525008683,0.004909545595899905,0.008660577593078358,0.00948124564432766
2015-02-25,0.0012769053519688296,0.008354723403796113,0.002798099917635084,0.007979473371489139,0.007584861411570835,0.004774974250073064,0.0049434627034899365,0.008604723616057571,0.010056329131687905
2015-02-26,0.0012683785133773284,0.008316492205934386,0.0026073557488851934,0.007972065270648311,0.007519994606311627,0.004759843071798803,0.004882176080792644,0.008469228178465503,0.009446800494415018
2015-02-27,0.001254168395240574,0.008206846198421712,0.002604115122896345,0.008361237847143852,0.007392288564894793,0.004778960527251477,0.0048047658116140675,0.008828168947106226,0.009418880266651969
2015-03-02,0.0012086190538556716,0.008193104516850472,0.0025891353745500474,0.00835022387879477,0.007366670995751343,0.0046587376232867395,0.004835015692364498,0.009296877492228838,0.009452951179260233
2015-03-03,0.0011928573373350044,0.008225980315270073,0.002590077533732871,0.008434555450878104,0.007372672093141362,0.004287277800337141,0.004870559529804497,0.009642179037111396,0.009530933356557064
2015-03-04,0.0011971800088305304,0.008227071285319056,0.00273394056687098,0.008320861590912814,0.0073794650550098664,0.0037583936974821906,0.004837597495865493,0.009698043231046184,0.009544648954043255
2015-03-05,0.0011925538340679194,0.00822350028540656,0.002733130337983421,0.008248957779146719,0.007756029227399484,0.0038132015547891447,0.0047962074208026595,0.00939866008476686,0.009417129691907352
2015-03-06,0.001093769878739364,0.004960843230483,0.0027423050113452516,0.00824370500662306,0.007836885359254423,0.0038411875082343242,0.004094978467382756,0.009410145454680711,0.00803906148636336
2015-03-09,0.0008067894884055489,0.00512339986644723,0.002820456848964468,0.009453621841639663,0.007988329224306366,0.004069089411958431,0.004190970417263379,0.010415441889929409,0.008380990216391973
2015-03-10,0.0007568351789775655,0.005289270082415185,0.002813954493423534,0.009689347539160368,0.008172026804136012,0.003944628492661434,0.003984057815536243,0.01038928182239087,0.008497218787500023
2015-03-11,0.0007546451038833113,0.005733918824540444,0.0028172107741541393,0.009656638064439295,0.008459171671334328,0.0039499295460281685,0.003909265189736691,0.010404856685013114,0.00848360156573138
2015-03-12,0.0007531950899652625,0.005825462481901196,0.0026726580624936475,0.00976560414256701,0.008578527562790114,0.004037222591142344,0.003925259788338026,0.0106287559727283,0.007764403476431994
2015-03-13,0.0007564937756637487,0.00582860507739131,0.003126519756959999,0.010309051732230946,0.008830397502592737,0.004070420994625663,0.004430433073157785,0.011006653616185148,0.007831904148745761
2015-03-16,0.0007172309222069047,0.005808788193768757,0.0031276748013418956,0.010384320638427503,0.008748650858612348,0.004100323637107558,0.0044445690543630356,0.011009229236928531,0.007825290581026594
2015-03-17,0.0008075485354281051,0.005888903480672072,0.003120291490240382,0.010116356751508952,0.008705363801313273,0.004047091534146561,0.004370536796503606,0.011017089335075496,0.007463915250566897
2015-03-18,0.0009781979215008115,0.005678891755536184,0.0031101272260850134,0.010095157160976581,0.008634209372634089,0.004053646605665365,0.004163992415830094,0.011305669933220847,0.007155363805397814
2015-03-19,0.001398120074737118,0.005995490680136965,0.003148028977424331,0.010284305225389711,0.0088306424748424,0.004080665327439584,0.005040487769096438,0.011219505859172706,0.007139535387526041
2015-03-20,0.0014424511437671503,0.006274765259624061,0.0032493902301960215,0.010452619070430142,0.008869066669650353,0.004072503691078168,0.004940478182889285,0.01122175588509161,0.007190652617292811
2015-03-23,0.001477492089407801,0.006301610725255543,0.003021632481515788,0.009994001976448307,0.00828583399509893,0.003966026286953094,0.004869779582326549,0.012076309996720104,0.00774630369122968
2015-03-24,0.0014812298986101808,0.00633314550281723,0.003019246479859155,0.01021521998737404,0.008285787494454508,0.0039000757964350566,0.004857503039577574,0.013251492043061128,0.007917062416021583
2015-03-25,0.0014880885245899475,0.006364026100166046,0.0029848321842676044,0.009791053921371263,0.008295787195759815,0.0038114814351684722,0.004752842590810648,0.012826892701897866,0.00788961184609958
2015-03-26,0.0014873507967886385,0.006349944741330329,0.003147818847897104,0.00984457268894114,0.008559791972654397,0.0038334236389695638,0.004668730728533324,0.013102103331496426,0.00775962456254172
2015-03-27,0.0014879680892794557,0.006492651510026848,0.0031954255870783503,0.010021797486697646,0.008405192515633278,0.0036431752177014214,0.004648351594045449,0.012893195519726303,0.007703559888589601
2015-03-30,0.0014660844327719941,0.006450719648898769,0.003206440816778302,0.009969001833659358,0.00816623118993158,0.003716975833877097,0.004702545615183221,0.013248227454848794,0.008256349644068071
2015-03-31,0.0014596167578659796,0.006534711644611783,0.00322138834067294,0.009981312528834,0.008157992248424005,0.003706481738342219,0.0047050627774808985,0.01353830445856403,0.00826738733929061
2015-04-01,0.0014586984007572497,0.006532220500263783,0.0032086952765675194,0.010117991776591506,0.00818736483377952,0.0036629185143615393,0.004574927149755142,0.014690109817435626,0.008246815258746057
2015-04-02,0.001457336006432713,0.006704867823516655,0.0033334517160419188,0.010200416342697749,0.008209873940792894,0.003735920997008045,0.004626789094109028,0.014682529282772966,0.00830881112034896
2015-04-07,0.0014639022827862144,0.006625821885696634,0.0033575230890628945,0.010559429772278426,0.008245009307326513,0.0037126570747354486,0.004780391802165706,0.014907604453300966,0.00848689110750014
2015-04-08,0.0014642447680278752,0.006640518916151973,0.003356457815731378,0.010562864235592006,0.008178524343582523,0.0036942868622150704,0.004883719601754132,0.015053630373771276,0.008588622778873532
2015-04-09,0.0014704259235323101,0.006710085816803013,0.003342843031736679,0.01042230902821127,0.008168994763645746,0.0036421413367402054,0.005002324646410914,0.015548658511650116,0.008560834064881383
2015-04-10,0.001457713104506269,0.007405500349796422,0.0032952317226851305,0.010954331214140405,0.008734089278656999,0.003594865203526006,0.00557022584447746,0.01575281246897932,0.008124674242518493
2015-04-13,0.0014658823024523988,0.007406466831456634,0.0032227394099090144,0.010954660522142409,0.008725337833908163,0.0035928824579401185,0.005596985464555168,0.015732852126482573,0.008252079758533724
2015-04-14,0.0014089797852282887,0.007383062000303511,0.0032242383662062497,0.010612207164931109,0.0085270363224778,0.003703917667582926,0.005610118008018577,0.015518167249838375,0.00818928960505171
2015-04-15,0.001404582562772528,0.007409273850864169,0.0032094495733633937,0.01056253604060994,0.008744903639459616,0.0036538006223101275,0.005889430593835864,0.015373608124697537,0.00813420253703828
2015-04-16,0.001414066439399187,0.00782664541714945,0.0032291136589029674,0.010644400648983667,0.008808560431064223,0.0037104981798800514,0.006205351009214052,0.015775836739091505,0.009208854255467136
2015-04-17,0.001415531710357441,0.008059764051947287,0.00309278354639141,0.010780806848987537,0.008883479950752103,0.0037527552275646316,0.006424672067841587,0.015454329255928339,0.009258378134397685
2015-04-20,0.0014524951054880112,0.008145030876611174,0.0035175788911602376,0.01099944418088965,0.008457084545763107,0.0036768813662547174,0.006538479291967625,0.015615624667365912,0.009285377898026465
2015-04-21,0.0014487416279413904,0.007986113774251798,0.0035083571235180635,0.01099874926320666,0.008513918239498448,0.0036903949416712163,0.0064825220920303964,0.01562621664649942,0.00922513160192697
2015-04-22,0.0014509950370999274,0.007861375623124535,0.0034161308086436823,0.009913783949106287,0.008436075014384467,0.003356598461626777,0.006834487307913212,0.014593757498732781,0.008962411869921536
2015-04-23,0.0014620714744221308,0.007599453895991881,0.003570051898017234,0.009642350387413786,0.008203719663780867,0.003394650758044676,0.006832130893696151,0.014382371171775574,0.008846065203046352
2015-04-24,0.0014592075199390628,0.007077815157855395,0.0036257199879616577,0.00969725211978184,0.008010871266003628,0.003490710459656702,0.006922022129706824,0.014453245101334902,0.008904756016826252
2015-04-27,0.0016652617711757657,0.0070630020334249465,0.0034620750605531855,0.009685948465555613,0.007779337867518127,0.0034416965679503224,0.006866283773565632,0.014447802201566282,0.008626499026426974
2015-04-28,0.001708738071695345,0.0071944926881057246,0.0033016295536258144,0.009306647431681981,0.007986523704629515,0.003327469294675548,0.006702597358046928,0.01340801316617344,0.009102284572867455
2015-04-29,0.0017049832220059063,0.00725288515945993,0.0033612512702318647,0.009282287907029268,0.007887548260443779,0.003342346862837312,0.006745966467471325,0.013650096351409909,0.009133981287273682
2015-04-30,0.0016818790846291382,0.007870598730889094,0.00332988605191026,0.00931848798339502,0.007962742127055852,0.0033866803946758293,0.006739506218756721,0.013398306301814565,0.009338476458441946
2015-05-04,0.0015946192731076509,0.007916170092082935,0.00335280812375608,0.010164150504723529,0.008791832918448603,0.0040761460107919196,0.0077136630345298616,0.015306811586206727,0.009536950476282401
2015-05-05,0.0012332065769746988,0.007872208442881442,0.00338471744543757,0.010024428510903693,0.008604653743153664,0.004082860818118677,0.0072867193761302525,0.01528101169550528,0.009547482503246354
2015-05-06,0.0011959109182111296,0.007903916985986123,0.003284634299646888,0.009842952768099496,0.008538091336489037,0.004183208838801634,0.007363502942245304,0.015276486961876523,0.009882604443853835
2015-05-07,0.0011635027652032806,0.007689906477988776,0.0036607326287403917,0.009588194807495695,0.008446105305867205,0.004029562687448222,0.007341327188121155,0.015027214947583531,0.009527061249272623
2015-05-08,0.0011534709289424871,0.007834732125851115,0.003718643390917601,0.009381368800718937,0.008505811330253923,0.004319112138539856,0.007634049300866865,0.014381006126916257,0.00944433996692827
2015-05-11,0.0011531639851444812,0.007949936072713912,0.0037632917393315424,0.009416970706840857,0.008516752580791698,0.004334540886667047,0.00765835421709035,0.01464199601118555,0.009442694065166589
2015-05-12,0.001155166579991484,0.008082286235167114,0.00382765831118424,0.009589850994670676,0.008269350700089105,0.004306959753898391,0.007929441232626764,0.015229176741034215,0.009622845233983202
2015-05-13,0.001174197298667002,0.007799031500443462,0.003870394676289432,0.009575214462948817,0.00872418106654045,0.004332399257148632,0.007964017357688171,0.015589965534213827,0.00958445513136743
2015-05-14,0.0011556999801149055,0.008331436978896451,0.00401447434848153,0.009698266723390653,0.009276858396353681,0.004259355107189989,0.00798401633347465,0.014991849523691286,0.009041227427601162
2015-05-15,0.0011372232515859883,0.008333062429236609,0.003997812390339036,0.009612035022743872,0.009287162828166313,0.0043842954075055925,0.008085023697314876,0.014924028384527492,0.009292570227253947
2015-05-18,0.0011351187934151104,0.008349959796957058,0.003993716423194413,0.00946938197974243,0.009343065371915465,0.004353430854247292,0.008099139732802182,0.014177881031946548,0.00928784403820662
2015-05-19,0.0011339257721848664,0.009092558704435816,0.003847602312807615,0.009382087265367654,0.009324318144245782,0.004330627267580782,0.008459203581259685,0.014192419681449138,0.009232369776222335
2015-05-20,0.001133790136126979,0.00917093359115104,0.0038408250816298604,0.009049544722698791,0.009321147433285198,0.004407151488205406,0.008427572579191286,0.014196668535973447,0.009209433526302211
2015-05-21,0.0011513007817508661,0.009170860533881357,0.0038817749339382242,0.009214048151716153,0.00948170540629377,0.004362759344484559,0.008539340308074315,0.014152977733703902,0.00908463412634688
2015-05-22,0.001149207988764447,0.009019075634140174,0.003910389740208054,0.009214072875394184,0.009625986812565317,0.004366619231230346,0.008358356459091337,0.013705203969634096,0.009088769709145211
2015-05-25,0.001157130810292433,0.008843385844118212,0.003897173622122663,0.008510847560603153,0.009007964507417952,0.004380909228798853,0.008070648626795619,0.014167567758599802,0.00897947690929437
2015-05-26,0.001151993718845745,0.008895675081338603,0.004006681549201947,0.008463720965296503,0.00909663651403073,0.0047175711053862495,0.008146214995650396,0.014157056143992588,0.008847651916764043
2015-05-27,0.0011605529459070836,0.00898497355867368,0.004003677604314588,0.008611293408189592,0.009084144346054195,0.004770966280324522,0.00817460889587399,0.014306798689246475,0.00909973023206739
2015-05-28,0.0011415764532583088,0.008993040580982518,0.004081369024260619,0.008601150718562458,0.00870400940166023,0.004755677117833774,0.008151084447111656,0.014236019240344084,0.009284034526404125
2015-05-29,0.0011197400831562943,0.00880537719861393,0.004058817839010835,0.00848286742227474,0.008651000367113866,0.004719268166119229,0.008022914739458901,0.013534807706926302,0.008204782003056786
2015-06-01,0.001121963123889164,0.00866375056334579,0.004073961358438064,0.008409196190324564,0.008690436814399268,0.004640408470865127,0.0079226574210535,0.013853780503646284,0.008124237510478312
2015-06-02,0.0010920776626880309,0.00859763671983021,0.0037525197485908744,0.008100602407740277,0.008590245802776352,0.004680656860937085,0.007762419785289207,0.014109452578733157,0.008176392941351394
2015-06-03,0.0010873651125735322,0.008715092229787969,0.0037428392908300462,0.00810084027689846,0.008518397978697018,0.004737148385233089,0.007795894182289307,0.014052300157157093,0.008419860751144379
2015-06-04,0.0010635254000726443,0.009119592848308121,0.0037477445413559357,0.008170458069054313,0.008336303324552907,0.004774259194709181,0.007560967544851373,0.014034737707128644,0.008384999692384196
2015-06-05,0.0010610845834665625,0.009316390584887124,0.0036691934488485823,0.00803056269144849,0.008336511944699887,0.004796165682974402,0.007573992319438251,0.013953672615249055,0.008290466933929723
2015-06-08,0.0010585653795546323,0.009361814022257017,0.0037020923240388623,0.008345302975144183,0.010876473034806971,0.004680019710668909,0.0075671008774169796,0.013806103174380352,0.008339504498856823
2015-06-09,0.0007473562815020193,0.009439099696282715,0.003721296822895538,0.008583514039001268,0.011041884217060332,0.005100855806548426,0.007579715825573846,0.013940392012459639,0.00849777549810317
2015-06-10,0.0006153403199581527,0.009311166893242072,0.0035073825778893014,0.008011247486724075,0.010489478007832542,0.00537609436388814,0.007625076518641321,0.013604093143205515,0.007844232171347556
2015-06-11,0.0005925925657648543,0.009291392937118097,0.003430661362073525,0.008005585251006565,0.01049744471949638,0.005451847270810726,0.007577537476200593,0.014060712623472313,0.007732503588013438
2015-06-12,0.0005879750183575265,0.008623468581148385,0.003434789894197354,0.007897427985127131,0.010530672705397684,0.005382594591937222,0.0075411067121042225,0.014652475453990106,0.007581519267323796
2015-06-15,0.0005604645700324462,0.008557946992919516,0.0034148689320022637,0.007038763776533632,0.009918043700705904,0.005032236110441687,0.006389853143543019,0.013080251085192705,0.00748404664026786
2015-06-16,0.0005199547950479032,0.008535666163806256,0.003349486784561395,0.0070364872339748015,0.00991896345455548,0.0050349673992399705,0.006485630432861606,0.013070705686174173,0.007432334718456873
2015-06-17,0.0005276011422653508,0.008398369653342697,0.003386920205622637,0.007037649773440886,0.009908457161662245,0.004940634264285638,0.006509812000624479,0.013161165658523861,0.0068598664753364205
2015-06-18,0.0005207774904815327,0.008550023348948117,0.0031118241596040457,0.008051843334930784,0.009869673727220214,0.005189820124569084,0.006771714468627267,0.013315375147993072,0.00780493604891878
2015-06-19,0.0005187351254599647,0.008612575173139644,0.0031140672541852647,0.008114035284626956,0.009788599790359512,0.005007415006364276,0.006544522994461796,0.013348556740362059,0.00793565141809972
2015-06-22,0.0005045791079278287,0.008527419176528626,0.003090627453970841,0.008233620062688705,0.010020470227529592,0.004973445589220627,0.006514693601097713,0.013044396040765486,0.007947752998367207
2015-06-23,0.0005059801535577499,0.008713230602871349,0.002801007904449902,0.007966012093406504,0.010015378169113291,0.005021220868983202,0.006113055805203345,0.012008554290450368,0.00767089970608093
2015-06-24,0.0004533073195640426,0.008710370978265599,0.0026977258201105136,0.007681307575155881,0.009626675452285658,0.004979088741423098,0.006093151387975576,0.01130614651395744,0.007601965080415354
2015-06-25,0.00044054504202372725,0.008066616864271358,0.0025313834425878317,0.007306520410629405,0.009108123760548354,0.004924828161741533,0.005841530836216917,0.01128893188749361,0.007426470363204135
2015-06-26,0.00043452577190029515,0.007945481691718381,0.0025317290957155344,0.007363325225607186,0.00906170979475313,0.004857912676997516,0.00576195553850357,0.011474561141088488,0.007318436850868768
2015-06-29,0.00043470091500606044,0.007936682900498886,0.0026221321525636923,0.00742242949366278,0.009056143603228551,0.005042215117122442,0.005740190472391956,0.011428027900236956,0.00732388506252449
2015-06-30,0.0005106807070806775,0.007242042851002575,0.0026950128835016534,0.0075067870155933825,0.009097491857214712,0.005070465410521537,0.00530908758724409,0.011701756292543422,0.007355483116164321
2015-07-01,0.0005113217780801211,0.007320183313394561,0.002679588371443604,0.0074918556829330196,0.009085653255802224,0.005040280628836859,0.005369595931748194,0.011611413783620317,0.007221131666879213
2015-07-02,0.00046049329635158343,0.0073349286085466975,0.0026421548668138016,0.007527297693727253,0.008970282261456155,0.00508812027807525,0.005154850958274544,0.011753368898772482,0.0074512513704931005
2015-07-03,0.00045817243373121616,0.007333907735429126,0.0026188051284960472,0.00762890003794182,0.008934527889142172,0.00522073271752996,0.005162702730674884,0.011856550299296914,0.007588571037682258
2015-07-06,0.0004385216539817925,0.0067926233107397024,0.0026052539660923997,0.007520870694464349,0.008871486161248183,0.005170964158808611,0.004781271142371118,0.010983810208901261,0.007536540237343824
2015-07-07,0.00045702308437711004,0.0068610907379646644,0.002369176940597072,0.007487342169168811,0.008807186627645814,0.004863208299954983,0.004877136126249328,0.011001228387971832,0.007654922639889848
2015-07-08,0.00044095279926988106,0.006938509384979595,0.0023626633830030656,0.007365646481324072,0.008659326454098018,0.004847655794894595,0.0049505650571689975,0.011081930728410813,0.007459226789632401
2015-07-09,0.00043707248802503737,0.0069347421957354875,0.00234750675121179,0.007440912438318148,0.008712036677655686,0.004762771795589142,0.004889967838850772,0.01113293858942851,0.007409653359843308
2015-07-10,0.0004257522421117382,0.0071460922559361175,0.002348412525799298,0.007464241014656738,0.008726926473577019,0.004968637205620866,0.005028131950182451,0.011408379893005013,0.007402276512247481
2015-07-13,0.00041959873139844444,0.00751054521689319,0.0023745445969193878,0.0074204675141854755,0.008655333633753393,0.005195570488900275,0.0049899755641680445,0.010918774482334038,0.007444724372723985
2015-07-14,0.000417120130574889,0.007385066302277885,0.002401158963112765,0.007551345246926261,0.008791649518948367,0.005104967363413293,0.005004228261450852,0.010805627615907601,0.007283472819828188
2015-07-15,0.0004167861882194309,0.0071724360071637175,0.002405622417563629,0.007592592977173886,0.008813522704682398,0.005096606156899,0.004966209676254595,0.010819091846483636,0.00697220731580414
2015-07-16,0.00041808428081327865,0.0068207179076337264,0.002400889957028532,0.007562737235821074,0.008832675558436904,0.005181738402167971,0.004947694752420821,0.010822669355730351,0.007144237489404413
2015-07-17,0.00041418909286934473,0.006698603016357532,0.0023288712225337984,0.007631797950043706,0.008743848884107846,0.00509074551080449,0.004891239733807173,0.010856192262297665,0.007169864865481628
2015-07-20,0.0004080343793232029,0.006671838307434783,0.0022195347942578587,0.007238256747874322,0.00589073957628709,0.005045449878172507,0.004791643092863137,0.010985505815795877,0.006963218119714352
2015-07-21,0.00040774879109933593,0.006484525230593722,0.002201923131441601,0.0069117412391076945,0.005562569604243559,0.004722885423672384,0.00478177970842688,0.010787456940813855,0.006727697608466024
2015-07-22,0.00040682169534679737,0.00649649565675783,0.002189789038397699,0.006846360946643929,0.005965659196605037,0.004502462090226026,0.004305122243580051,0.010672975780244159,0.006646621193521171
2015-07-23,0.00040588388159458114,0.006717370245312959,0.0021993567414357188,0.006831172784533942,0.005967835983893694,0.004366119159037454,0.004289369684509786,0.010527032673035399,0.006711875658572542
2015-07-24,0.00040252507044690237,0.006773391644342992,0.002412367272558801,0.00745322921791214,0.006025644114368341,0.004383198214153755,0.004606444140650751,0.01028180798268183,0.007517154667022416
2015-07-27,0.00040269473399791506,0.0070984364919502675,0.002403438564569716,0.007482541004857884,0.006031599033818549,0.004558132943094283,0.00462598712915155,0.010323419449216891,0.007404186649225261
2015-07-28,0.00040037730132663275,0.007112733729672677,0.0024719233201075923,0.007722047775708112,0.006266088763895272,0.004638487563354708,0.004519870367651738,0.010525589931786808,0.0074689308624019835
2015-07-29,0.00038722018180124243,0.0070172863257535805,0.0024289211273549735,0.007725633628911246,0.006292439471138881,0.004576904290441063,0.004352017409502662,0.010230524144751695,0.007358228135042063
2015-07-30,0.0003875446954590919,0.006738535981168053,0.0021566938477552335,0.006908808161382867,0.006258396301647056,0.004273734055798978,0.003762590698875429,0.00971672303865849,0.006210196506752186
2015-07-31,0.00038175609388558764,0.006581996997813133,0.0021013308015491576,0.0068128174901671305,0.006255585102145369,0.00422680974700344,0.0037212274752273554,0.009711310071272922,0.006018318603305657
2015-08-03,0.00038176102236886576,0.006512169186379275,0.0021196438219813333,0.00653347500074686,0.00579311467919879,0.004229561225167464,0.0037248574925860777,0.010430356044474643,0.0060397369953162795
2015-08-04,0.0003721284571271774,0.0061683559658765545,0.0022824142799057296,0.006634954896098979,0.005813233636684305,0.004162493118405431,0.0037241873535132784,0.01052682180691419,0.006990186001250753
2015-08-05,0.0003671326934660075,0.006312184078456256,0.002280533431711874,0.006676131210538904,0.005776257554191434,0.004176801574740503,0.003724417954014167,0.010368875607511001,0.006881664607871304
2015-08-06,0.0003669640751963438,0.006315635514868855,0.00228027962188267,0.006659042972084825,0.005711316123703824,0.0042458816696994235,0.0039230542538547675,0.010520861825596653,0.006928967205080376
2015-08-07,0.00036691782695758745,0.006412874437040045,0.0022834739370825373,0.0067116550915410095,0.005708026998576383,0.0042587477639854775,0.003922344529906771,0.010367370136751115,0.006922026097352494
2015-08-10,0.00036676869939451643,0.00634608780116266,0.002186322648839295,0.006648157499229732,0.005571588665640929,0.004053784771967581,0.003923532349221533,0.010411276933960063,0.006919086846810563
2015-08-11,0.0033890765611655827,0.006486539179823463,0.0022884317005853025,0.006545854883383626,0.005789012960619428,0.003981597997469296,0.004102485866488642,0.010475147166535208,0.006895350421733033
2015-08-12,0.0037604449453702746,0.0065415754241935405,0.002681493230312326,0.006540505796938473,0.005798975883718162,0.004045645754710164,0.004018755878655757,0.010535677198263324,0.007057776445806009
2015-08-13,0.003763091113096695,0.006562562037093942,0.0029638737264231813,0.006179069933613925,0.005656640236271068,0.003991977334948875,0.00393306049651266,0.010385263286423732,0.006833852871158923
2015-08-14,0.0037801582893972666,0.006621689570225832,0.0030443654984115844,0.006068404564907898,0.006146984570831103,0.0038497245497238824,0.003898965511969173,0.010056591794319763,0.006760837899431436
2015-08-17,0.0037793329112468035,0.006559647665521101,0.003122939187988408,0.005996930481388602,0.006261665350214143,0.003862963433817448,0.0037919807432326333,0.01000996570030428,0.006773997657644316
2015-08-18,0.003784417380722846,0.006457152499327607,0.003127452378061901,0.005966424179894566,0.006388300750911864,0.0038612003965724194,0.0036800760808841995,0.010099996760614696,0.006574500776209881
2015-08-19,0.003776351390159975,0.006283664644408082,0.0031366410354752433,0.0059710597669815025,0.006551749612250254,0.0034736211383437987,0.003582961207869914,0.009939876118736472,0.00657637430391047
2015-08-20,0.003789802996856491,0.006682350638632756,0.003095002384674122,0.005884309753912114,0.006671848816581706,0.0035886504701213378,0.003569577710997955,0.00994824059682564,0.00650372296241552
2015-08-21,0.003792049302226099,0.00652624209286951,0.0031848017899903207,0.005822050674329185,0.007072321682606263,0.0038113465793302237,0.003334361923746004,0.009765140161495168,0.0065201849139770235
2015-08-24,0.0037978967787538434,0.0069181842394257075,0.0038535889665513487,0.007223830783651531,0.007089675775937187,0.005449787897106047,0.0034245790213397855,0.010540020138841704,0.006933024060188174
2015-08-25,0.0037917919082429722,0.006896903873934962,0.004333201461290035,0.007777191037240076,0.007267958161728168,0.00544958359764664,0.003417959153498319,0.010210030140941436,0.006918546259097847
2015-08-26,0.003800514626003648,0.007135700955408619,0.004333143824365423,0.007705156034588344,0.007271880942778544,0.005430230528244448,0.004097698658785438,0.010495569001231643,0.0070953287118175066
2015-08-27,0.0038100007647695034,0.006970545228389685,0.004385367575562498,0.007687703484402289,0.007337427917352897,0.005393159965692202,0.004445949787706201,0.010559068425154394,0.006902982822879426
2015-08-28,0.0038579288773944605,0.006985386815089545,0.00437128569721011,0.007585447139831228,0.007310951125473316,0.005520759516894694,0.0044489067257446864,0.010699367624689156,0.00687631091108673
2015-08-31,0.0038720233849427383,0.007018850732290708,0.0043822985563164345,0.007592586798860323,0.0070180013580237195,0.0055687279933357235,0.004456932182685292,0.010925260698060909,0.006873809870158419
2015-09-01,0.0039284786553422475,0.0070201592682338524,0.004395439241882061,0.007563833631580237,0.006998783713327836,0.00583956951014087,0.00454972889078485,0.010896959871781985,0.007101582062065693
2015-09-02,0.003946196567194784,0.007009789022335852,0.004430187284308854,0.007539876993165351,0.006839266152235388,0.005813415034181027,0.004512291332910511,0.011262556379255351,0.00709573809202064
2015-09-03,0.00394653489639537,0.006877114666441154,0.004429585383019704,0.007705207419956649,0.006936490686503649,0.005819207331767329,0.004520918736434079,0.011050599950070027,0.0070289499223726605
2015-09-04,0.003945576862531324,0.006976721870192734,0.004384015402792697,0.007288253495654391,0.006834305610157264,0.005924524898031172,0.0042891259078018116,0.010843728820051374,0.006149933177824112
2015-09-07,0.003946240209302733,0.006706963677012864,0.004449800834875365,0.008058144597885938,0.00716636850026348,0.005846058362252951,0.004280503622639116,0.010957072810721889,0.006174356424069625
2015-09-08,0.003944124507622257,0.006681988220701874,0.004511069642331464,0.007923574462519347,0.006936955070564768,0.005825545429632291,0.004578054902326166,0.011104248717373436,0.006301993356278877
2015-09-09,0.003943074477267541,0.006696965421024641,0.004530302794678542,0.008266911944977823,0.006938962467590062,0.006068525210994086,0.0045442968739170045,0.011105319474961926,0.006418057473135107
2015-09-10,0.00394517286452221,0.006591432757178699,0.004530693619745023,0.00834960781971946,0.006955912957294661,0.005984105140060817,0.004571374074323431,0.011488167551538038,0.006523058879069811
2015-09-11,0.003948657074866254,0.0067038273840299535,0.004532252570167545,0.009408682906024882,0.0069532101764001,0.005992206040979215,0.0045588719242638616,0.011914913473572417,0.006500641644101823
2015-09-14,0.003957892309806517,0.006702523788123218,0.00453563459595876,0.00941129995619134,0.006982681991558745,0.006004451500158396,0.004556925081145269,0.01130429470642497,0.006678472755273235
2015-09-15,0.003958007383864365,0.006700290089412052,0.004411033011664718,0.009497631708877009,0.007521334012857097,0.006063108651683531,0.004533529753682247,0.011329473625105222,0.0056924491463479845
2015-09-16,0.003956574946507394,0.006696733552452614,0.004404117318179446,0.009607458990128154,0.007843751650297857,0.006279621662048474,0.004563351688207504,0.011315392485442647,0.005793947693354343
2015-09-17,0.003963894457943158,0.006795440150805239,0.004477301479604357,0.009597890343771742,0.007858378291789718,0.006205596070301338,0.004470484442354604,0.011133311517275687,0.005721834843320689
2015-09-18,0.003966569478151283,0.006921892892630965,0.004834292315369212,0.009867991044828685,0.00801624332213692,0.006555456337355287,0.0046917741020645045,0.0111439960491824,0.006104120516097991
2015-09-21,0.003963719376730859,0.00754239523978429,0.004834661645669849,0.009965999624657265,0.008097667992969671,0.006823119674508081,0.004890394066634062,0.011434883245392604,0.006563878557653694
2015-09-22,0.0021305923735683153,0.007582862282605603,0.004780116980874135,0.010838943571196039,0.00824109972230559,0.006838035212905864,0.004858287532602602,0.011102676502787545,0.00677628024207965
2015-09-23,0.001207570227732266,0.007403413870981701,0.004588245769458235,0.010859604775552013,0.008343869532243966,0.006822340467274102,0.005209525303087236,0.011040279964172645,0.00666290659804708
2015-09-24,0.0011495532951603664,0.007506117060916987,0.004426932252753388,0.011610842440716489,0.008457778011483674,0.006820298567753428,0.005221834739108077,0.01347954915711573,0.006969367578709369
2015-09-25,0.0011532713766657433,0.00759320663340475,0.004378492841910649,0.012255925925807213,0.008425111371264692,0.007197397928233694,0.0052279806494376965,0.02012420575553441,0.0070587991968505326
2015-09-28,0.0011727917870162081,0.00750462113287799,0.004314038699912895,0.01268070624712491,0.008439403103034308,0.0072625656344605565,0.005241859842546244,0.020696163151790164,0.007040506950704133
2015-09-29,0.00117313403496616,0.007486755627266444,0.0043300482984755225,0.012852486976322231,0.008414013546222269,0.00726073946613251,0.005112202429821235,0.020819509711239928,0.007050916830709299
2015-09-30,0.0011944916069695436,0.007476707386914356,0.004487265099998181,0.012914325571792944,0.008288548436214726,0.0072816228948554985,0.0051154527067715635,0.021390323944789024,0.007119666305030446
2015-10-01,0.0011863068356406067,0.007158066394724566,0.00442672057161887,0.012914135727834869,0.007947154288831143,0.007278872138779004,0.005112141620516045,0.021633322672200108,0.007216307498072719
2015-10-02,0.0011866631446059586,0.006964992065566232,0.0043078940014735475,0.012905026834717058,0.0076594808674992,0.007172528813138121,0.005134589380976794,0.021551326122554254,0.007221378099268822
2015-10-05,0.0010645213070812117,0.006118318792553015,0.003521272026249875,0.012925215374303871,0.007796349142326836,0.005792405865694028,0.005034804789793382,0.021675038307644872,0.00698599112973249
2015-10-06,0.0010306227821804661,0.0061113162017629955,0.0030577719637333075,0.012567303571223945,0.00747037890153771,0.005793779468700738,0.004988827334157345,0.02155848592882322,0.007025590977248649
2015-10-07,0.0010302501963861354,0.005959736629259559,0.003295175828012413,0.013328045366564612,0.00845208699066891,0.00580411650338967,0.004894249511213137,0.02205324086336296,0.007373723742999469
2015-10-08,0.0010297848792038898,0.0056528945757324395,0.003348302393195498,0.013362460311840402,0.008447316656339236,0.0057608064688510815,0.004561117712267891,0.022063944466716817,0.0074669026557261115
2015-10-09,0.0009640559238326353,0.005911213256764748,0.003400210063855964,0.013589786973408714,0.008676439979077024,0.005702168867107432,0.00460626370755792,0.022907449918761386,0.008270970739806975
2015-10-12,0.0011164801653212341,0.00583654694613677,0.0033015183167733383,0.013521395847895452,0.008730078919527654,0.00564943462271971,0.004609340466770029,0.022730044717287012,0.008292175812391408
2015-10-13,0.0011530285762201685,0.0058306646578357825,0.0035721777426939616,0.01374428551313994,0.00902749275717992,0.005336920679321004,0.004903661383219659,0.022760802157642902,0.008245005196447856
2015-10-14,0.0011512610395417685,0.005848053093072585,0.0035957548042811877,0.013720355281787692,0.009017995330464629,0.005335740900338561,0.005296546569556811,0.022689320824820468,0.008264395032415809
2015-10-15,0.0011542813946952063,0.005836312435752591,0.003601615709039173,0.014156522341012352,0.009429741171379602,0.005733252836700112,0.005378006230854517,0.022781610024723075,0.008395666969952845
2015-10-16,0.0011724999327515691,0.005777250215312198,0.0035094668156413393,0.014171460409550052,0.009516331975420471,0.005720455230413249,0.005324024893500812,0.02291462150516389,0.008608561785991628
2015-10-19,0.0011614137994820817,0.0058035032230689875,0.0033045068996530175,0.013555775087651567,0.008980853887576624,0.005736982875281206,0.0053329120470961685,0.022809465078359032,0.008487121824944585
2015-10-20,0.0012073909358036848,0.005827019286420663,0.0033214654643855678,0.013521261687926854,0.008970823251804998,0.005712827790128725,0.005055723775722964,0.022773994361043916,0.00842911532534309
2015-10-21,0.0011612197427056307,0.0058212715123629015,0.003334786274966231,0.013822385641921798,0.00902345624614419,0.00552058068197723,0.005027964401439321,0.022968439143726527,0.008556617144426354
2015-10-22,0.0011957261733182849,0.0058326080173203435,0.0033319195524483636,0.01364763694389235,0.008856087590410709,0.0055262382814316785,0.00501817016205715,0.022649465003290875,0.008527021343972915
2015-10-23,0.0012110565435594946,0.0068311600330001,0.0033987514202222023,0.013155098436492488,0.008870408597348998,0.0057077583878267285,0.005066713508939297,0.022741396136638625,0.008631555452334677
2015-10-26,0.0012053228595576787,0.006878097178636312,0.003415111576009655,0.013273030172239374,0.008732559438955935,0.00569430935456221,0.0051469334858573815,0.022791088114786317,0.008532663498408968
2015-10-27,0.0012053845025672796,0.006938263879170037,0.003425192801605735,0.01338340487774281,0.008687788740917569,0.005704770903086946,0.005147915714280995,0.0229517938078726,0.008559659875155029
2015-10-28,0.0012195588195193943,0.006813966792822127,0.0034098792678968664,0.013470985316211334,0.008615490802618506,0.005497593015263904,0.005135355679565592,0.023029400728367816,0.008879860653535859
2015-10-29,0.0012172813217227155,0.0070891687396213605,0.00356568133613331,0.013882066953600593,0.009093458172552535,0.005593868733241588,0.005063728046867563,0.02312889358912367,0.008992592607652398
2015-10-30,0.0014552551239924087,0.007018351171729639,0.0032069810490386614,0.013656006052356036,0.00911481871553307,0.005108374854015276,0.0049618178625866725,0.023281760701905165,0.008604525016823496
2015-11-02,0.001487485285290295,0.006527443871185002,0.003266815267224988,0.013614825101615909,0.011350175878443948,0.004841645914945748,0.005056963764661876,0.023019868083167153,0.008349912176479696
2015-11-03,0.001462351242752742,0.006414777028080082,0.0032515534895298445,0.012952379986424706,0.011209588433248882,0.004779966372954859,0.005031889559502618,0.02300815785583795,0.008143200754212224
2015-11-04,0.001446983551146248,0.00644106892479718,0.0033052418175764497,0.013002883979911065,0.011204082415839717,0.0047752734389264586,0.004624822127349096,0.023135162575315015,0.00807087586342515
2015-11-05,0.001481243924755732,0.00626341094646451,0.0034281075835430057,0.012197258837483382,0.011178282999986232,0.004800443134246623,0.004884324763628417,0.02137718478823842,0.007776876849127334
2015-11-06,0.001492656421336259,0.006125556499639992,0.003422349891564539,0.011712864073400907,0.011142654225175012,0.004351593397662576,0.00512935548474971,0.016445535796636594,0.007669643947393729
2015-11-09,0.0014930579679677154,0.006245505552399539,0.0037210581320972123,0.011740685629042593,0.011297633607394426,0.004709824285130512,0.005154451029750953,0.015350779200144833,0.007990836519058775
2015-11-10,0.0014957812502618695,0.0062529839542940484,0.003733657876948697,0.011655410969664359,0.011262895567020693,0.004730479836218121,0.005155106339995019,0.01478253464763118,0.00799524817393724
2015-11-11,0.0014871014152461823,0.006258198102582483,0.0035435431922010885,0.011831245060400045,0.011362108048408868,0.004735300084673298,0.005203742879292802,0.014519195170155144,0.00795962675123035
2015-11-12,0.0014887331146313917,0.006247313144151226,0.0035349782320218594,0.011856353681374403,0.011350934286876549,0.004660767937208869,0.0051897089531767705,0.014844343714709078,0.008031299724588607
2015-11-13,0.0014907804724306503,0.00630076738872368,0.0035749294769568916,0.011890921328674243,0.011353017739550362,0.004653618036652797,0.005200557404168437,0.014556246351062627,0.007982443443000116
2015-11-16,0.0014912559604385626,0.006132161068163657,0.003548058352045663,0.01104819358182412,0.011253221887546653,0.004677060516386015,0.005213411805768884,0.014285689948487211,0.007942808239364609
2015-11-17,0.001496354147034002,0.006162248687953224,0.003543919587925862,0.01123554147856738,0.011283495869224652,0.00467695547645837,0.005214047082721946,0.01428807304288153,0.007970739446997636
2015-11-18,0.0014978138762357107,0.0060824554652010995,0.003263328654937749,0.010308569080419716,0.010661963259318168,0.0046479357854223545,0.004920762603052932,0.013517285321225012,0.007421856929424053
2015-11-19,0.0014978823337288983,0.006120890949203078,0.0032333375484115486,0.010276491759423982,0.010693184822552326,0.0046610583355906916,0.004952945435341581,0.013571895009237729,0.0075420380904799265
2015-11-20,0.001471003327443718,0.00575475091861123,0.003093703375535315,0.010543708808817087,0.010642162117145892,0.004681037421103459,0.004901656570735249,0.01248178659631069,0.006686219236419701
2015-11-23,0.0013039167588666607,0.005756064312376615,0.0031042054224553416,0.01058124099362594,0.010731458414030772,0.004678054333468498,0.005062333687639999,0.012496559899082141,0.0065960503014961015
2015-11-24,0.0012221532640309706,0.005790488383072818,0.0029103008917640005,0.010339774369620181,0.01068646966762565,0.004734345020608355,0.004728437471477368,0.012351734570749381,0.00641712189447616
2015-11-25,0.0012141452354561292,0.0057421239686979795,0.0028363288512104597,0.0103054210001128,0.010638938246008998,0.004727052452968401,0.004183305480824339,0.01218602979267947,0.006410006610856575
2015-11-26,0.0012074178645994527,0.005739575797104099,0.0028366580383681747,0.009282621324635944,0.010291390933512072,0.004123106786808626,0.004039761450850743,0.011639779095338797,0.006172937424586431
2015-11-27,0.0012008342040382865,0.005679408000176655,0.0028644825534768037,0.00930859056002496,0.010229887082929644,0.003970670924907183,0.00406171132158562,0.011423731590410307,0.0059518299100544975
2015-11-30,0.0011863429481250528,0.0056948499682057795,0.002880727334604164,0.009382979371367154,0.010236928429393324,0.003990328867256195,0.004011511444248632,0.012961876009214088,0.005938376765128616
2015-12-01,0.0011236406253609112,0.005647317175168933,0.0028805267253986556,0.00937861532607403,0.010317366632665689,0.0039751123646003085,0.0041031893029614235,0.01300201324564365,0.006274656324729306
2015-12-02,0.0011232905360374253,0.0056822543560144465,0.0028807667736429937,0.00924561654967951,0.010280062865890074,0.003965891525212935,0.0041089795189033634,0.01273713724130987,0.00615215493249394
2015-12-03,0.0011037150758233956,0.005850327265340337,0.002883406326958692,0.009219333899364185,0.010227731588276105,0.003919656418926194,0.0041127942644658836,0.012901405618067322,0.006126307873890957
2015-12-04,0.001075673831563884,0.006216862573963329,0.002704461873230729,0.009155345807695617,0.010343944548909943,0.003743047215862799,0.0045645219978855695,0.012602261678427174,0.005977293129688658
2015-12-07,0.0010809412126716312,0.006293162227719364,0.0027210298749537017,0.009064783705528434,0.010357774287432849,0.0037632338142719397,0.004572152110236734,0.012614085419799415,0.006045029584840356
2015-12-08,0.0011028049928610345,0.006343063917159238,0.002723537256434754,0.009058058944577172,0.010344458595986455,0.0036693595266097108,0.0047120712876988075,0.012562922093159649,0.006333341563292025
2015-12-09,0.0011183677035176462,0.006439451491006341,0.002728079112082921,0.008810459597734648,0.010272923536784325,0.0037329532842357896,0.005013891909155108,0.012518875256265077,0.005810630634872332
2015-12-10,0.00111271486668336,0.005894723253597558,0.002612594424925015,0.01175884710705823,0.009847893866500123,0.003920065539253396,0.0050191386080010985,0.012230054953009543,0.005973021401189125
2015-12-11,0.0008417089355882706,0.005706337168718498,0.0026725886805405914,0.01348945952320741,0.01009923887583696,0.003859028947000851,0.004908826664592211,0.012802930831533131,0.0063821756387191534
2015-12-14,0.000829769420178887,0.005729888671132732,0.0026417961896265294,0.015424796906686942,0.00715648898488773,0.004056235107860483,0.004629831930344033,0.01303483207956706,0.006268589123242444
2015-12-15,0.0008148118656715058,0.005654653193972245,0.002753215643674721,0.016145710636429094,0.00706212718713423,0.004062368655861209,0.004578740193299849,0.012731281393095765,0.0062218265321982115
2015-12-16,0.0008112104026820127,0.005694551748445476,0.0027078700729750065,0.016097655436769092,0.007040692052911595,0.0042293097205433295,0.004843746557487474,0.012655485782988689,0.006263873594596758
2015-12-17,0.000890330849108519,0.005839757044850849,0.0028104359967095543,0.016149052329576228,0.007431379933562591,0.004203761552675768,0.004685504106001588,0.01283695094937616,0.006170457371942327
2015-12-18,0.0009041367632679868,0.0058322941544669046,0.002831014098833725,0.016145646078406642,0.007419626648549468,0.004507742796514039,0.0044313931209277214,0.01286089616391358,0.006334125168835045
2015-12-21,0.0009208331655472306,0.005655677513254815,0.0024441436859832452,0.01573628941867622,0.007019477222458377,0.0037332565142223183,0.004405258761218116,0.01328970631487781,0.005996129486570242
2015-12-22,0.000933767177113724,0.005672945957624844,0.002416171158512251,0.01570985089198853,0.007378209184126098,0.003767913801291519,0.004383153780839717,0.01328328504399789,0.006304707009833186
2015-12-23,0.000930639650014817,0.005720308319275957,0.002415838177231683,0.015543046404284565,0.007196091261770111,0.0037670217006452954,0.004315594542424396,0.012923841360626754,0.006360301811403747
2015-12-24,0.000947987357063071,0.005734601979333014,0.002405345480709587,0.015594811697219466,0.007235367501183823,0.003804257410771004,0.004324984310635038,0.012635782209776241,0.006271871365843072
2015-12-28,0.0009811291279090484,0.005710876996742514,0.0023788526931416993,0.015578864227154609,0.00724627950694735,0.0037905602504689647,0.004282826017490243,0.0126551034722809,0.006252600493052978
2015-12-29,0.0009715361835280674,0.005657766952298882,0.0024182012095812317,0.01558046815078202,0.007236578498863444,0.0037075003712704474,0.004444248005443732,0.01302002556641147,0.0061283679334416565
2015-12-30,0.000973812221897453,0.005587879174634965,0.00242128528023179,0.01545031009485009,0.0071461506697648855,0.003703036513988454,0.004438765905180127,0.013131906461830444,0.006081732070276689
2015-12-31,0.001001341445943254,0.005641070191254467,0.0024448261135349585,0.015444884744478917,0.007140931347827459,0.003676775939887423,0.004458489359024419,0.013401254379662072,0.005996608855202545
2016-01-04,0.001614726654159962,0.005636182806234057,0.0027832072422951217,0.015450237704524573,0.0073481229585270974,0.004100782555543782,0.004430267659233924,0.013565345301321433,0.006574301506152304
2016-01-05,0.0016847793690264433,0.006249531150201824,0.0027849656402859054,0.014848536346969582,0.007199981957418375,0.004092545880803302,0.004527115525391839,0.013447216704824714,0.006469937559214814
2016-01-06,0.001847351844567018,0.006163291397332882,0.002838440693436844,0.014970433589325354,0.0072420749144540865,0.004094906161407691,0.00438863674302683,0.013469313940946567,0.006931597008643162
2016-01-07,0.002100777448409799,0.0064939003584979765,0.0028338741151749587,0.015156730418588225,0.007010750581791545,0.004190148142460737,0.0043868957158921555,0.01340125704345388,0.007184269771320936
2016-01-08,0.002109967302560414,0.006372068942296598,0.0029015369351406994,0.01526725116383507,0.0072411372649370176,0.004409778086700137,0.004382621317664095,0.013318315278835827,0.007135833522600149
2016-01-11,0.0022218966720007997,0.006372333554108828,0.0028312530617366476,0.016266435897391733,0.00718508233319093,0.004436326399348205,0.004370057088687937,0.013309280126188955,0.00713577327593225
2016-01-12,0.0022215665353321067,0.006417470292170977,0.0027800711504986936,0.016285177470072562,0.007195305892560516,0.0044353964727869505,0.004636148024297716,0.013053751178215011,0.007122757968389439
2016-01-13,0.0022333223983500936,0.006433653408181991,0.0027633832725056672,0.01638286330855994,0.007249808626904902,0.0043659964486707226,0.0046291094659201785,0.011782397134026044,0.007123430989370591
2016-01-14,0.002241667627451871,0.006534339351308376,0.0031188581174964466,0.0163697841973212,0.007098959355543648,0.004358078009023373,0.004531142417056614,0.01164826763436377,0.006995122450941202
2016-01-15,0.002262880132288039,0.006536964984165998,0.0032433938495704338,0.0161695860378785,0.007077726680508355,0.00441029846320444,0.004551769111944971,0.011505112087226018,0.007082684089730268
2016-01-18,0.0022889393052083337,0.006498385340366052,0.0032585048458693335,0.016118227883158434,0.007089245963926412,0.004427553460754814,0.00455396456470904,0.011078482490633456,0.0071261491299495685
2016-01-19,0.0022958534529198622,0.0052303202009949595,0.0032625091460570183,0.016281569293009165,0.006924220095037613,0.004579992905411028,0.0039929232436053,0.011039362895863217,0.007296277412611714
2016-01-20,0.00229931880162222,0.005017247833289371,0.0033900236947317763,0.016282607377514004,0.006870158090285477,0.004749159148936103,0.003955994198255915,0.011023225615802842,0.007501417055614572
2016-01-21,0.00230342668218742,0.004903452246386091,0.003387030202757683,0.01635344897382396,0.00687678681152565,0.0047898073370194515,0.003859929538054647,0.01106302136980708,0.007573282846817632
2016-01-22,0.002304949847793951,0.004974097108738505,0.003557354990187152,0.016467867569641668,0.007077385536684163,0.0052703481238992305,0.00451458694205186,0.011064696358353951,0.008217275484811047
2016-01-25,0.00230745816732065,0.004976760660503603,0.0035544057033137857,0.014264437836242282,0.007075530442810042,0.005124968677409362,0.004484010262771527,0.011175836891619497,0.007905056981277865
2016-01-26,0.0022442288881697964,0.004993266823238287,0.0035066675377915003,0.01239849583104543,0.006635269342114966,0.005123786601224624,0.004423013501433284,0.01044325888671782,0.007683421192598244
2016-01-27,0.002249250816101971,0.00504147200265095,0.00350980349078061,0.010370525327739702,0.006618422634679288,0.005013920225596328,0.004686044597894726,0.010723626883631742,0.00796777601973749
2016-01-28,0.0022542373645971347,0.00504800923844278,0.0034380966674631567,0.009207497441228703,0.006452758190687306,0.0050551559378978605,0.004637898139940428,0.010964097255014066,0.007993360315630318
2016-01-29,0.0022554943544033546,0.004970457548052724,0.003557740122582175,0.009880696890963896,0.00652849659653983,0.006027242554698614,0.00441475962452874,0.010937656706478378,0.008002844205204286
2016-02-01,0.0022136272716424548,0.004752580279888761,0.0032853203295111883,0.009807665144265522,0.00591714959640866,0.005930313767478555,0.0043524085014592625,0.01089885875529871,0.008002971463879146
2016-02-02,0.0022092445961832364,0.004784127952856679,0.003277611676452185,0.009809489853904027,0.005955186092016999,0.005767718082299775,0.004576422143095032,0.010871352550192654,0.007905019622377265
2016-02-03,0.0022062339682921662,0.004757525809761759,0.003253142359283132,0.009821840287624202,0.0060129309308430655,0.0060868321033686335,0.004890576567326808,0.010393449391612904,0.007827348505555855
2016-02-04,0.0021981403056613724,0.00637401012400614,0.003412907546859312,0.01066453224082851,0.006064763614794381,0.006817537046661911,0.005149866036570717,0.010984813848090403,0.008455115698694015
2016-02-05,0.0022057212330719124,0.006332187308326008,0.003414847768189832,0.010587924151039986,0.00601072057714043,0.006868104171293664,0.005211567876242261,0.01097055483219364,0.008443324083275772
2016-02-08,0.002199066700025832,0.006572963882535129,0.003526071802293875,0.011175346286986137,0.006673472667834016,0.006865197806882955,0.005621430061038518,0.010945430478420401,0.008993696459338408
2016-02-09,0.0021829072768282695,0.006903702385575629,0.003496794068396701,0.011181207607385056,0.006636366062438083,0.007154714071519176,0.0056718858872227915,0.010925337025223953,0.009151729869588286
2016-02-10,0.0021938299332734793,0.006898569901333837,0.0035293803811894653,0.011974647529085426,0.006819304454031565,0.007165087256451849,0.005883671452364909,0.010353173837302058,0.00970421607234843
2016-02-11,0.0021955300262459063,0.006986254124328092,0.0038065210082700684,0.01186392163074241,0.006817268207318685,0.008256508229199665,0.006135578465684404,0.010560402059648982,0.009694646218492978
2016-02-12,0.002187441399790654,0.0070711613777129775,0.003780988918896611,0.011800729049906943,0.006814721550972344,0.008349447481666938,0.006262761782783347,0.010382526141951745,0.009677734529667525
2016-02-15,0.0028299801950846257,0.007287025983653964,0.003644947744610879,0.011927454635230834,0.006472657844315576,0.0086082607281171,0.006222212013461329,0.009713356047895657,0.009412341874922216
2016-02-16,0.0028714329783103526,0.006732857057333066,0.003720962390650119,0.011924104470185506,0.006342828462799886,0.008614259732860285,0.006220311294689074,0.009673024701429455,0.009400616772816396
2016-02-17,0.002746633527369686,0.006765483293089813,0.0036708627438134258,0.011649008357304081,0.006051164808376121,0.00863018068962525,0.006280448720867527,0.00959358144308469,0.009063415571277735
2016-02-18,0.002458892131613261,0.006550874216258595,0.003671587319052705,0.011522825632051483,0.006039868085081889,0.008557638744066209,0.006326189556512051,0.009581720900321515,0.008783665978046773
2016-02-19,0.0024676580545907596,0.006546826831360012,0.0036053329385060916,0.011522341032627115,0.005849613284374666,0.008500940266360234,0.006414490924337682,0.009575204942089882,0.008856668046747031
2016-02-22,0.0024235420933595283,0.006661104799814286,0.0036010728869509626,0.009349472471690753,0.00564248920251273,0.008510976803087333,0.006804364384084079,0.010155209642875723,0.009100608206807583
2016-02-23,0.002422938161472281,0.00660760657300174,0.003607616547671794,0.009426280648089778,0.005609799945157352,0.008710694880941255,0.006612848373625255,0.010139883488812312,0.009135138583581729
2016-02-24,0.0024471861145909995,0.0066083904698742025,0.003604777510757213,0.010931086340529363,0.0056142675759568925,0.00869514165145921,0.007047352296306194,0.010090275511436077,0.009339505095271108
2016-02-25,0.002395622977394815,0.00652955222908796,0.003384791865925529,0.01088084264823887,0.0056082191537078765,0.00878193043412107,0.0071184216422133535,0.010215387558154062,0.00911452674954418
2016-02-26,0.0024034767983669328,0.006535909861453364,0.0033228606749868598,0.010853074849311986,0.005654250257499931,0.008831140578237787,0.007099832173834063,0.010107745641626389,0.00883816931368535
2016-02-29,0.0024427758135034563,0.006833420139923425,0.003477655846979728,0.011692710591833268,0.005923092554596364,0.008818285805949757,0.0072294344728644,0.010355187336314221,0.009071725076290565
2016-03-01,0.0024428028854970633,0.0068266577647348725,0.0037042699250185427,0.011836321044397509,0.0059532648169414665,0.008746673464112353,0.007391800553551932,0.010386871203690504,0.009021197935802684
2016-03-02,0.002442054887178242,0.006797362550992252,0.0036568734644234183,0.011828642785321067,0.005882398521011948,0.008851644537954976,0.007410960777381033,0.01069945894193209,0.008852956138380844
2016-03-03,0.0024587075187277236,0.006838707453547506,0.0037138685939162993,0.011829391505445644,0.005857232020584199,0.00884013382975885,0.0074218043782924275,0.010555434395238232,0.009072067849267776
2016-03-04,0.002542757732944516,0.00676515075305225,0.0036227244526562266,0.01174555193010294,0.0057202614807677745,0.008575580011274076,0.0069746933813898265,0.011890284071545978,0.008704534897377285
2016-03-07,0.002543242105424322,0.00677511432555598,0.003595332003256093,0.01198817939666599,0.0057057170960144715,0.00855767399853553,0.006920389203844922,0.012160658352187307,0.0085642582266081
2016-03-08,0.002554650158534129,0.006870011240204957,0.003634394331869617,0.01198933986613048,0.005706497021112992,0.00859222193089904,0.006977136451458316,0.012196131360820777,0.008563793545998044
2016-03-09,0.0025692065662049784,0.0068972784892188865,0.003620322386541911,0.011894513234146418,0.0055366017592736695,0.008585391751276128,0.006873880782504799,0.012274996254254246,0.008439473730768757
2016-03-10,0.0025820440105555815,0.007174454966940652,0.003610732608907525,0.012338010588435559,0.005693664000959976,0.008916480022503129,0.00692925766841247,0.011900024703003102,0.008458927794204726
2016-03-11,0.002615612871641179,0.008148554824407092,0.00351374434246238,0.012245834982990783,0.005645253437917984,0.008075174780697185,0.007180154643997251,0.011803580030966742,0.008467962830091142
2016-03-14,0.0026140354566960866,0.008125220309493555,0.003514202918301707,0.012406696731867586,0.005675115667071234,0.008052154566202103,0.007231993375112827,0.011634296854976666,0.008429836121167574
2016-03-15,0.0026615620060773545,0.008115785940350681,0.0036141749803730444,0.013616131440520866,0.0056927674152475825,0.008092303800746277,0.007509245320156595,0.012654200104108922,0.008627576193847285
2016-03-16,0.0026930209995219157,0.008157640796436012,0.00361796977137534,0.014221839918602064,0.0060552712111541975,0.008079814765660494,0.007467612403893706,0.013855651007345152,0.008755454344020492
2016-03-17,0.002918277795930703,0.00791080179222414,0.003842214998813124,0.016576523034490757,0.006826190346541557,0.008053219377319398,0.009058388662167889,0.015225501339985235,0.009331738702142656
2016-03-18,0.0029197811720414607,0.007930621285074881,0.003942993772146289,0.016647879818070532,0.006828941824023253,0.008018958253199553,0.009019128082782544,0.015352524503554775,0.009310073096787145
2016-03-21,0.0029210995970787527,0.0077370850127628146,0.00385580172841118,0.01608167892859879,0.006145651052492268,0.008034765600452349,0.00879627044376356,0.015338988069008602,0.008524527913086975
2016-03-22,0.0029505885015279417,0.007487625413439739,0.0038885147707920648,0.01609831577970104,0.006182354492752714,0.0077607734760553135,0.009022607178180602,0.015338753048072062,0.008196620816182812
2016-03-23,0.0029754782164686197,0.00750573697992611,0.003891526106297476,0.015660797279920827,0.0060255016488995235,0.008043493293449727,0.008866614640039166,0.015405338824873533,0.007913107724688968
2016-03-24,0.00299928294634159,0.007345706925639567,0.003508634926747078,0.015777103921750284,0.006035637578167881,0.006727714251224519,0.00869548149107804,0.015524322523153227,0.008032389882514682
2016-03-29,0.0029997347026984554,0.007300011068242443,0.0035727048494241125,0.015766783315950317,0.00605610719170181,0.006927041147378448,0.008808142282625008,0.015496526948052411,0.008033657906088898
2016-03-30,0.002214633619189484,0.0074332879276232024,0.003568234242108298,0.016874058937811562,0.00622257982277752,0.006742659307168817,0.009008315880766922,0.015506950301397588,0.008629771962125977
2016-03-31,0.0022078810642904008,0.007480425396493481,0.0033911743589244716,0.01699601252292974,0.00617870613457501,0.006723200071790326,0.00894415650238441,0.015412043624749417,0.008618890166632621
2016-04-01,0.0021857594307383072,0.007479640246123004,0.003399224667200325,0.016996052092972554,0.0061822540676395,0.006699134255452921,0.008926007536887196,0.015364950866281197,0.008554468113367058
2016-04-04,0.0022071240618767403,0.007476580520745373,0.003422987403515869,0.016803766684691402,0.0061841981989798605,0.0067188137515787165,0.008900935020454748,0.015552423538216665,0.0087142663940475
2016-04-05,0.0021988523399327563,0.007485247466592571,0.003625107498246283,0.01730418754790699,0.006426966822397153,0.0067480976907947875,0.00890368420221152,0.016352237415466278,0.008996173168138425
2016-04-06,0.0022409822302551607,0.007395164003769971,0.003681036360277526,0.017541807612705206,0.006621162702285513,0.006739236497646122,0.00879601457706949,0.016523678578064367,0.008795912385074782
2016-04-07,0.002277378950465141,0.0073770770501774986,0.003679611206443166,0.01743440221654862,0.006593121378990066,0.00719396108059973,0.008818224233532488,0.016612617950730317,0.008779425389213528
2016-04-08,0.0022545401180396247,0.007359295935427814,0.0036731120765334567,0.01677705681908722,0.006551619287533773,0.007211236231190117,0.008412519971408846,0.016517114735895014,0.008539875747944257
2016-04-11,0.0022516435476596765,0.007340803655387149,0.003525441487846892,0.017179688814391417,0.006580412146142037,0.007125552298191662,0.008592233823311927,0.0169248551126894,0.008517971745685582
2016-04-12,0.002251019999417333,0.0073203775183934795,0.0035141482230103115,0.017105279948702937,0.00648878820811416,0.007031891356104276,0.008606211139682091,0.017072713250136012,0.008728102459393218
2016-04-13,0.0022512882991892994,0.00720814059241008,0.003497281012700927,0.01647975801552262,0.0064724757995872195,0.007274604057936563,0.008452561756165563,0.016840883397361377,0.008459073327188229
2016-04-14,0.002272657797060225,0.007257329292280315,0.003313584114146004,0.016428810511081596,0.006478410733185633,0.007282899659289934,0.008422923630537073,0.016799186377986976,0.00849642127972432
2016-04-15,0.002280508270815591,0.007246876913225443,0.0032314371952211272,0.016379828873191907,0.00645506936611966,0.006955071669300949,0.00841280527498305,0.016497329392568226,0.008355302758754759
2016-04-18,0.0022704804998193956,0.007228045484024862,0.003169868390929333,0.01637338065169616,0.0064356655592092875,0.00701557026065449,0.008388625873279713,0.016335730738709545,0.008022480341354325
2016-04-19,0.002188281740942383,0.007175319801110778,0.0031346197210137187,0.016735268980332476,0.006517230508863985,0.007402550062660666,0.00867239960992363,0.015725129225172475,0.008240458987305835
2016-04-20,0.002187028001250717,0.007167115722814019,0.0032668308697391436,0.01657394179000889,0.006596072549667354,0.007405050428517371,0.008670594819307285,0.015552012033541852,0.008230866059245591
2016-04-21,0.002188390862180463,0.00711346400030133,0.0032079682577452434,0.01656871145028974,0.0066040001540834045,0.0074336837591719215,0.008649662309850899,0.015522982443602113,0.008198962082684027
2016-04-22,0.0022594105332030185,0.007227116065813968,0.003287551815818937,0.016817624200377773,0.006705361636838854,0.007741709343642276,0.00868012741278295,0.015457418026690723,0.00861359368854791
2016-04-25,0.0022487811137774996,0.006894546667917487,0.0032449047196585635,0.016568128799154612,0.006646111934818749,0.007337860379886742,0.008750724725297532,0.015248066118289582,0.008605847041932848
2016-04-26,0.00220453500096812,0.005797929572224706,0.0032342598180297158,0.016405136701408335,0.006712509969822152,0.00734669295003633,0.008603067044530321,0.015287489114975947,0.008580240511033344
2016-04-27,0.0021977271868758525,0.005787551604325956,0.003238093524506741,0.016246837873890044,0.006701318495828096,0.007355728798742909,0.00856940637199209,0.015270457598885002,0.009238195958148647
2016-04-28,0.002207673433964566,0.005833372338850245,0.0031177744548430055,0.015139209042221984,0.006671160047645851,0.008848563935719282,0.00818764033446723,0.014534926908277054,0.009081876286795028
2016-04-29,0.002188807106307262,0.0057898324508347246,0.0031163777805469453,0.01446669719915879,0.0062890653275778745,0.008795072211290158,0.007977537817699524,0.013345220588632828,0.00898537872958529
2016-05-02,0.0018651653020237732,0.004463543775960141,0.0026837460889652053,0.011587155592197557,0.005009073787247985,0.008365764025358331,0.006205160013409759,0.011415672202137841,0.007491997225069849
2016-05-03,0.001873220315015607,0.004548998405060855,0.0024941896696195186,0.01219840862494757,0.005618379804739275,0.008406425371481277,0.006260301670567078,0.012275022794343565,0.0077979940082631176
2016-05-04,0.0019267677307027956,0.004689935037868434,0.0024536034415221972,0.012928282012387694,0.005935461049010244,0.008508900617598358,0.006317165545003562,0.012341008784625903,0.008017724744706814
2016-05-05,0.0018969164566190182,0.004712937495411664,0.0024313481319681446,0.013066473174605298,0.006455181364595122,0.008588970824953438,0.005916598166245909,0.012575354655098294,0.008027776697623234
2016-05-06,0.001873443407177591,0.004653903924032694,0.0024361016437998667,0.013075083365291455,0.006565140028539578,0.008281690852548589,0.00578564130727444,0.012685066830501636,0.008495694354626248
2016-05-09,0.0018684773159772983,0.004681333528988503,0.0024280785818152316,0.013077305540877389,0.006620814994128118,0.008662944569577379,0.005864558973073816,0.01233711504424455,0.008469167872192282
2016-05-10,0.0018686239424272008,0.004669760642180299,0.0022567298853463907,0.013174622155249933,0.006574333151645564,0.008565156027078228,0.005611636381917125,0.012069917302725575,0.008480400186269188
2016-05-11,0.0016745326112439759,0.004218070335150698,0.002226779278566039,0.011560860252866742,0.006316884421002232,0.008429549100805695,0.005320456542743947,0.012097817002189462,0.00753521037244086
2016-05-12,0.001578551316282882,0.004119297275675696,0.002194637886915045,0.011456993599241015,0.006281438367775972,0.008503842241795234,0.0053102883133452775,0.012042331846560844,0.007545687369390919
2016-05-13,0.0015705972709462452,0.004095047050318638,0.00219897568323983,0.011639031874400492,0.006327812358435061,0.008515680416352278,0.005233160118802987,0.012143667457237318,0.007587934592621178
2016-05-16,0.0015460645150624877,0.00402991873891604,0.0020728345634626784,0.012422089804266429,0.006209870848226321,0.008495575332230101,0.005233099114403113,0.012047640376263626,0.0075477071376413565
2016-05-17,0.0015444747283866408,0.004026373576637305,0.0018500937513813264,0.011870769192305945,0.006236368418626467,0.008467143106458736,0.00525056532713038,0.011272459668240531,0.0073206284134785474
2016-05-18,0.0015195094805084204,0.004044508713095753,0.0018093167130439805,0.011873016136972071,0.006164636517092465,0.008456501601408203,0.00483302086675566,0.011125104485827614,0.0074086737492472235
2016-05-19,0.001445220742667991,0.0042153744183504776,0.0022184222001021647,0.011887937186171295,0.006166235057667556,0.0078037562258943555,0.004850690858199379,0.011293938861449884,0.007580250983849158
2016-05-20,0.001447447918744642,0.004238841339034737,0.0022140177743611325,0.01174498970582752,0.006229515459401168,0.007816123148848914,0.004924083977003565,0.01144018672670324,0.007663873932626969
2016-05-23,0.0014431435506790091,0.004205742753404977,0.0021662311352798327,0.011081665449994367,0.005980470745635889,0.007970044798466795,0.004750326687698446,0.010571242965717311,0.007585145019381711
2016-05-24,0.001393203981717295,0.004253490122036641,0.0021676885238726784,0.011031804890179393,0.006329773411532187,0.00798479222809194,0.004910690450321069,0.01016004581449781,0.0071892978655603455
2016-05-25,0.0013483201729746798,0.00398701328570827,0.0022999248958212775,0.011034231930338865,0.006240271118465282,0.007852345173033824,0.004941312299277581,0.010171118482871168,0.00733837436601005
2016-05-26,0.0013503684460134157,0.003950118969354016,0.0024503224339259854,0.010871412893716076,0.006376249107769575,0.007853823771807558,0.0047458641544137125,0.010222476477387414,0.00718809607590261
2016-05-27,0.0013065134853780093,0.003907253960308251,0.0024533458884337645,0.01086374400342521,0.006401393685588533,0.007844924670150041,0.004820861726862515,0.01016962312665762,0.007184046581749112
2016-05-30,0.0013907312111320987,0.003903286016690126,0.0024632502376619137,0.010936534717971033,0.00639838189932273,0.008115841500482328,0.004826258143233641,0.010169526397494182,0.007183933498104562
2016-05-31,0.0013581034283274757,0.0038549245716660296,0.002461942849972403,0.009961170565501392,0.006239946269217639,0.007888520705938078,0.004234063752141814,0.009859106263143486,0.0070234580159716
2016-06-01,0.0013505202515698709,0.003817034761216953,0.0023030829504273455,0.009926438250108216,0.006060458111460883,0.008432828063676567,0.004959181390583734,0.009905108816661788,0.007001111555478719
2016-06-02,0.001341775762517573,0.0038208734175356196,0.0023620544306098253,0.0100497550767954,0.006066450189262361,0.008398892256276056,0.004936314376493787,0.009835909871432019,0.007025898827158222
2016-06-03,0.0012493665265379478,0.003572837726832318,0.0022824368656651386,0.009884764277182562,0.006014598185974447,0.008126444707314263,0.004910764559731472,0.00960157767636392,0.006861212845517636
2016-06-06,0.0014046854229682513,0.004795635573892171,0.0024276015429940154,0.012333124153953677,0.006561355958312288,0.008613602620260757,0.004620656056142953,0.010165808326927027,0.007615294395276053
2016-06-07,0.0014065913009675037,0.004783839714932929,0.002508588340781305,0.01244563115381576,0.006492205690724407,0.008665565347508123,0.00496946754365186,0.010092975037952968,0.007897619418860167
2016-06-08,0.001409900554769345,0.004799995909119256,0.0025505463912995963,0.012573200045233636,0.006566662375539698,0.00869714766486848,0.004962127670237299,0.011257416359608252,0.007304877408525888
2016-06-09,0.0013146151946281362,0.004754149558308792,0.0025955627656897786,0.012550209501779545,0.006563026841581679,0.00712104652710022,0.0051752377665360795,0.011314562474377223,0.007299257646722876
2016-06-10,0.001309113536301465,0.0047312106748521945,0.0025780098329388564,0.012548266078201658,0.0065836773092262805,0.007022872426144491,0.005205150452659411,0.011443448019947214,0.007328661569807025
2016-06-13,0.0014301705597055236,0.004500319471866366,0.002690176427192549,0.012562295897537875,0.00652367183626213,0.0070454473929673815,0.005854297390436528,0.011410178471034949,0.007296484120630508
2016-06-14,0.001426636875261262,0.004320481265861939,0.00273334107418506,0.012273177697746721,0.006146026075121973,0.00695639582198438,0.005840007764637454,0.01083718412877259,0.00710576004778948
2016-06-15,0.0014451222548924369,0.004240979264603942,0.0027603589789376754,0.011806815229902146,0.005865441717796236,0.0068685812905977025,0.0057872808330140186,0.010841754344686814,0.006986344150690581
2016-06-16,0.0014458279099473577,0.00421261499359919,0.002782140693287706,0.011876534411247025,0.005309498539175521,0.007476736578206448,0.005806905792464376,0.010601804193739016,0.0070645859092748195
2016-06-17,0.0014377141194529348,0.004451841024553877,0.0028417245815442727,0.01215048806692372,0.005172386708651976,0.007476732240372618,0.006161406718290168,0.010482176163178678,0.0064932174926747
2016-06-20,0.0014715343804501382,0.004628058618420916,0.002922178456221292,0.012947035563460753,0.005523312455505358,0.007106521419546124,0.007607084902276081,0.011032342216547735,0.006642519729587704
2016-06-21,0.0014698504664779496,0.004626211387249807,0.0029646084488352104,0.012945380889732454,0.0055103392217272775,0.006914658170587868,0.0076837045896104485,0.010996788945997182,0.006712019518251841
2016-06-22,0.0014185193352914832,0.004609030068291329,0.002966368132606412,0.01292199905172526,0.005317470383761264,0.006907525375146941,0.0077165862594820635,0.011117527900619628,0.0066883607409639
2016-06-23,0.0013783295169547969,0.0049268306108903705,0.003025261600249586,0.013115174376247405,0.005592529507504459,0.007151779879716599,0.007982605509337461,0.011388549840660777,0.00668262186576399
2016-06-24,0.0018113613116194003,0.007240835361600577,0.0035392086961309973,0.015524153196487329,0.006869580426898424,0.00909780984605328,0.01761701761112872,0.01235275461650136,0.007514926556604211
2016-06-27,0.0018918687807590292,0.007302860264657168,0.0035470370222907294,0.014935944563708638,0.00682384393811496,0.009127445481201356,0.018894374124411483,0.01221053960602381,0.007536175614908543
2016-06-28,0.0018954472170127578,0.007439485011375038,0.0035487978912966795,0.014953052093388715,0.0071271157001565975,0.009179413156242397,0.019078933936852956,0.012215658816199678,0.007517426055774307
2016-06-29,0.001900873097791768,0.007432799208229246,0.003656432409962018,0.01484578036097015,0.007026817187226845,0.009215962207380326,0.019059584860323504,0.012745696837297558,0.007445081487656389
2016-06-30,0.001886222274330826,0.007327896871684998,0.0034204059633069694,0.01492807679006597,0.007001193164375374,0.009117643963818985,0.019018404754017795,0.012427070838317194,0.007164037037373815
2016-07-01,0.001899135605382381,0.007340899184042029,0.0034602090361987277,0.015128850063953005,0.0069919738447965915,0.009063571245741803,0.019078299225297943,0.012354120005734923,0.007188431530130192
2016-07-04,0.0019022554907403748,0.007341553108676135,0.0034618972100593534,0.015103685057995905,0.0071106035336981985,0.008993274340137445,0.019076816782695235,0.012496028528715513,0.007230053361194159
2016-07-05,0.0019066874597411566,0.007305100734546963,0.003490233023636715,0.015545661047511452,0.007081893756455869,0.008993589905414436,0.019033362152254804,0.012859474511633301,0.007186670553900108
2016-07-06,0.0019256754082089633,0.007405317976230546,0.0033989322257612494,0.015652516941514993,0.007287939600944923,0.009042136710891383,0.018985915294182164,0.013043191663155897,0.007148436993544839
2016-07-07,0.0019268013996845666,0.0073973215117348265,0.003293575685208792,0.015843175966888293,0.00727855536792079,0.0090949510362293,0.019011845162176664,0.012972225591678214,0.007202976279982982
2016-07-08,0.001927056997977029,0.007397938009694447,0.0033074226327757727,0.015847875783489302,0.007203024054415361,0.00910771955918664,0.019013420846917647,0.012865172411651788,0.007205890475490407
2016-07-11,0.001872044715488594,0.007391558649310702,0.0033306965148140917,0.015941049074212163,0.007382712273244483,0.009586073389214318,0.01901886449832666,0.012878647804077572,0.007179620801531424
2016-07-12,0.0018771208597607276,0.007425305164006305,0.003329277407548082,0.015980702874968625,0.007404623290092857,0.01007111999081924,0.01927459737937457,0.012907150397985038,0.007157108175451029
2016-07-13,0.0018755216311950023,0.007420898629708371,0.0032481870245651702,0.016005825158202796,0.00742467905946097,0.009837547162926692,0.01930949844181133,0.01284610074158624,0.007170751299533943
2016-07-14,0.0018949546329840577,0.007557544581388542,0.003253692572984454,0.016024465192114253,0.0074298651305400925,0.010054470913517473,0.01941038201070359,0.013238108759938663,0.006929160902905348
2016-07-15,0.0019014887207333753,0.007552076663325918,0.003288692818353052,0.016184526810433447,0.007424348026975074,0.010058062167951257,0.01941056707314987,0.013400868368998248,0.006912764791109447
2016-07-18,0.0018379841777128219,0.0068998546923964245,0.003229577978424718,0.014745851723402436,0.008296488665328604,0.009631364652759097,0.019430781903362986,0.013101106061708685,0.006607714225907057
2016-07-19,0.0018716223471924745,0.00689931618799427,0.003171288645844358,0.014730760282485808,0.008359343287895876,0.009631936944541503,0.01928408561421652,0.01316764991973519,0.006875657261114168
2016-07-20,0.0019774854435004948,0.006867910273841897,0.0031199812706682577,0.014660396347201054,0.008941137242655947,0.009596688023828742,0.019298373844575455,0.012294726673883405,0.006825671541442092
2016-07-21,0.001953390092739565,0.006861403357397016,0.0030875508127986046,0.0145995430224781,0.009088970372992269,0.00955342729568985,0.019291169524706483,0.012251357208955085,0.006770789633893244
2016-07-22,0.0019522548342462988,0.006847451519498866,0.0031104435238195043,0.014152462976000547,0.009205535043385544,0.009526293798922267,0.019298337926732308,0.012204423215872506,0.0067005728314429355
2016-07-25,0.001835691117425479,0.006844388841733019,0.0030936362447918633,0.014100464762118311,0.009294243045914639,0.009429194890445055,0.019163421378136116,0.012182240952631455,0.006699933900116216
2016-07-26,0.0018602166790392726,0.006832851966740006,0.003043890972322125,0.014067441422454264,0.009326485323139863,0.010005483989658361,0.0191742721109427,0.011792286202841628,0.006622046144631684
2016-07-27,0.001810706049130209,0.006829484116905191,0.003012499279125404,0.014087703921587197,0.009344471029345838,0.010349220620660305,0.019127969500923856,0.011727988907134449,0.0067496369079211825
2016-07-28,0.0018553948065686734,0.00700080264121319,0.0029993800829777885,0.01383000879633053,0.009461065142060644,0.01000474844387674,0.01917854565515307,0.01165862166151216,0.006745176150797923
2016-07-29,0.0018738654433815892,0.006876882169066804,0.002952969990866481,0.013708613144173952,0.009457484657790947,0.010301757209206015,0.01902927306943765,0.011647506709703825,0.00668927823132431
2016-08-01,0.0018686558884388196,0.006804464888055756,0.0029245000972467597,0.013325733622817297,0.009282776578609058,0.010406338029180227,0.018355436585971337,0.010957881320821667,0.006558928413569191
2016-08-02,0.0018912065122351424,0.006824562953011668,0.0028510844770576107,0.01331246154301917,0.009284633550260499,0.010478642143931509,0.018335223937468195,0.010970942969987033,0.0065298409271051525
2016-08-03,0.0018932418019727633,0.006812006458178003,0.0029041848983990034,0.013310173550059097,0.009331335522544757,0.010504650786687471,0.018409059102528373,0.01079883246519131,0.006539870662863949
2016-08-04,0.001921244972566482,0.0066344864062800836,0.002863522595631436,0.013359658988458398,0.00904075217843363,0.010279076426842067,0.018277588574340736,0.010787859589148519,0.006441898096279449
2016-08-05,0.0014886178565217047,0.0039103145955832995,0.0020479918369294805,0.009908455186621406,0.008360157988797834,0.008510439424337707,0.010062273434601364,0.009649184060281337,0.00536129766710138
2016-08-08,0.0014266986379092347,0.00391260794244896,0.0020668700599220068,0.009386462901911523,0.008413644663463445,0.008813698584285608,0.007235713002892389,0.009531952243234169,0.005370379667744126
2016-08-09,0.0014266753949294714,0.003717545833004398,0.002081539326104441,0.009404105202810235,0.008061368983038414,0.008717950039714878,0.006704277496250484,0.009313280392710208,0.005357958403606033
2016-08-10,0.001650848949126539,0.004093872891051299,0.0020201439182812365,0.009503143461538705,0.008235423551265704,0.008932339580483837,0.0068491391216924736,0.008270705502412058,0.005537383737546466
2016-08-11,0.0016603825121230722,0.004128163354921104,0.002117854295168494,0.00961846689395773,0.008200183787276901,0.008945754729924094,0.006988463709965829,0.008362448474587038,0.005600747669730512
2016-08-12,0.0016469836204585505,0.004094322378433284,0.00206614395351736,0.009624903289500728,0.008194733495118659,0.009019209204290625,0.006728588482791223,0.008362180059091272,0.005627450086156063
2016-08-15,0.0016489814706992921,0.004109031200916259,0.0020615385537242313,0.009732659555141708,0.008145954817769965,0.009161409645184793,0.006777837791444638,0.008237364305165407,0.005534385854342675
2016-08-16,0.0016847619253256257,0.004501284256989317,0.0019769342341040314,0.008984542444605266,0.008224914891199994,0.009321124253435014,0.00653776015325256,0.007772661037854248,0.005537555013349692
2016-08-17,0.0017013028324244497,0.00430135472956115,0.002005283193469174,0.009408535416382095,0.008056757818975222,0.009260259725769455,0.006276135214024149,0.008084889856738322,0.006172016821676587
2016-08-18,0.0017024357694590236,0.004344778531740985,0.002007581036228324,0.009159219827037168,0.007983177887611227,0.00926537064910592,0.006532063409947595,0.008097628839079442,0.006141328348319601
2016-08-19,0.0018136349235338574,0.0043345113000618045,0.002254076655725193,0.009484480637570169,0.007982865656660964,0.0092100321773318,0.006579520104615219,0.008136864773884027,0.006298373720311436
2016-08-22,0.0018053574870350393,0.004331799159706485,0.002208998927677133,0.009195858900573044,0.007767936292716761,0.008393924084609157,0.006584106099949208,0.00815969043747476,0.0062149405340259116
2016-08-23,0.0018170007480733507,0.004311360624508308,0.002241311077699576,0.009162158878095655,0.007761119378690087,0.007946459635422993,0.00618844473263878,0.008085462411583021,0.006028971255896456
2016-08-24,0.0018722532967253766,0.004477273347606715,0.0022374081031196805,0.013141787227891449,0.00786158085896967,0.007834683202548237,0.006018793958753836,0.008548767147219126,0.006062720780217994
2016-08-25,0.0018668231304823837,0.00428523804688699,0.0021928473225260358,0.013053902302274776,0.007893369268125353,0.007571724917900808,0.005808696380758827,0.007721318009856568,0.006048887986061801
2016-08-26,0.001917887602097518,0.004248746175598461,0.0021495424150397642,0.012959848302090396,0.007903478463695017,0.007562061235805761,0.005810141487624714,0.007585537533008519,0.006111059298212396
2016-08-29,0.0018352957431587863,0.00453368875746127,0.0021468067845906787,0.014387208832382451,0.0066734560530151,0.008441169412323361,0.00597412780079561,0.0082995557703186,0.006328271479155218
2016-08-30,0.0018234417873377298,0.004519631446295682,0.0021705688978824154,0.01451823292520821,0.006522737060910376,0.008371842065335068,0.005813727042683727,0.009000422480888847,0.0058222159913698685
2016-08-31,0.0017343443601421668,0.004547710388283806,0.0021668518162659143,0.014627930461070637,0.005328218461242066,0.008574442261364845,0.005802940958238268,0.008951906020570041,0.005883608003329793
2016-09-01,0.001737915132081584,0.004550580885170272,0.0021663468910551003,0.014721407788786778,0.004839965361187378,0.008612363755594845,0.0060999526499023226,0.008950851422995424,0.00588962881466029
2016-09-02,0.0017382275602132993,0.004602246800590493,0.002180607600949767,0.014838891255243255,0.004656878357452939,0.008614870843445477,0.005982795739141726,0.00898295820838767,0.005920541849858472
2016-09-05,0.0017297455809424645,0.004613189327988393,0.0022087941493458465,0.015012392269735737,0.004621259710744854,0.00860968671064892,0.006009340731456635,0.008913601321417271,0.005967587492004086
2016-09-06,0.0017111409974549952,0.004610560087567942,0.0022154547615745156,0.01499554461374722,0.004457451323331925,0.007966129987643898,0.006012021672867741,0.00884625318026643,0.005943223386934108
2016-09-07,0.0017621552429759268,0.004753735734148713,0.002220916009966923,0.015068114362496377,0.0044731441465316515,0.00804874488244806,0.005987914562542336,0.009603932428173517,0.005785039027458939
2016-09-08,0.001730590710044088,0.0045782751147963,0.0021920833374555427,0.01513667985217806,0.004378518990619,0.00789159178048039,0.005951207873713902,0.009621252115710695,0.005715991177275482
2016-09-09,0.0017865602560419168,0.004603423619671937,0.002420386121448154,0.016108860009848163,0.004838500849727039,0.00786069696652467,0.0059745544364659805,0.010227968443879765,0.006525561966637275
2016-09-12,0.001759652778976901,0.004597137154187843,0.0023611570929014634,0.015810156089845324,0.004745209757392643,0.007847168386550444,0.005981312001248171,0.010459671682107085,0.006679827865763541
2016-09-13,0.0017375456644790114,0.004585915834134204,0.0023616668484936153,0.01599783548036554,0.004747263995453984,0.0077459434762745085,0.005909726184994573,0.010499282254243474,0.006616920053997123
2016-09-14,0.0017385845123032125,0.004611820673761526,0.002310244330216436,0.016000044971913742,0.00460455967633598,0.007749083702743316,0.005926186124654838,0.01066618550475375,0.0067684818447079536
2016-09-15,0.0017084665163377246,0.0045126155512713075,0.002309636585402807,0.01572372882840701,0.00457020995086982,0.007858667651863558,0.005347433181946064,0.010361670296697356,0.006729388895069162
2016-09-16,0.001708682434833842,0.004532895989361175,0.0023058111116767083,0.01573742178990278,0.004375229997111272,0.00787798008905768,0.005367937391872253,0.010227384833745927,0.006707437721392378
2016-09-19,0.0016449461056615114,0.0044977968183130615,0.002304303845389762,0.015807604976545483,0.0042710788534969495,0.00744789058322061,0.005423476044174592,0.010407981898950387,0.006773588366477539
2016-09-20,0.0016449078084340898,0.004501215459526306,0.0023031537986484066,0.015896445485258415,0.004267533074078524,0.007441736706070384,0.0054469127014615685,0.010359418221107034,0.006742726063802704
2016-09-21,0.0014033925528429167,0.0041915584954628545,0.00219657453415128,0.015585687816034692,0.003916791271028543,0.007373712455201399,0.005275800684157524,0.010099193051486365,0.006577853387419154
2016-09-22,0.0013995016561438535,0.004400923940281767,0.00233872434034904,0.015870929154706472,0.004165624690503195,0.007364129893182138,0.005112817921783302,0.010304082423683398,0.006706172049615284
2016-09-23,0.0013774459978596917,0.00442208916983267,0.0023378902857883383,0.01581568709284908,0.004152035653618881,0.007275780201557172,0.005336441522211917,0.010294456805340342,0.006672064280911151
2016-09-26,0.0013418978084977367,0.004473981640432303,0.0023383739580406155,0.015705323011818456,0.004599180242012964,0.007118313769816434,0.005279578714722018,0.010503525178604598,0.006670686311751003
2016-09-27,0.001237961033984665,0.0041142159119446926,0.002365356530271732,0.01570514920532051,0.004249834862903697,0.006754043825312013,0.005223456211149072,0.01053563031383388,0.006488121613906547
2016-09-28,0.001173395997045345,0.004106617707467847,0.002343668142814344,0.015438017705455557,0.00422847677865638,0.006587121617317119,0.005216950243978795,0.010181198937938351,0.005975677857600743
2016-09-29,0.0011760959711897814,0.00403171836983562,0.0026176855452431985,0.015595083145749422,0.004387737382014699,0.006744521360609276,0.004828283669145129,0.010179718900974003,0.00590894884205671
2016-09-30,0.0010310987062629405,0.004133267463337035,0.002480852737634398,0.015540197522674644,0.004403303870136902,0.006749275320925561,0.004828955491340839,0.010162450594663378,0.005882778311401444
2016-10-03,0.0010300838890545754,0.0043267033170390524,0.0024831774115469524,0.01613300506038605,0.004402249529420134,0.006723038932727046,0.004978085544079392,0.010077668769416999,0.006059282475257692
2016-10-04,0.000984650492479637,0.004442467372864068,0.002461523812431811,0.016055316722303415,0.004483001144660869,0.006972803353601692,0.005069257227314944,0.010124050866704565,0.005997754567751696
2016-10-05,0.0008864366055949737,0.0043952035922543075,0.0024727768140553187,0.013256370491232915,0.004408263403205133,0.007024314470836644,0.004987172732041805,0.009943559509361155,0.006077155907722614
2016-10-06,0.000896175911946495,0.004393152960335323,0.002517309312269543,0.01330719365769662,0.0043093654664131745,0.007065101690271845,0.005003867741560449,0.009914135634899204,0.006136368387027803
2016-10-07,0.0007934368944359927,0.004444567869550006,0.002516112690575313,0.013303161248434978,0.004285558962800848,0.0070626424930920395,0.006831948097626262,0.009908383527344678,0.006070546703532651
2016-10-10,0.001235772800695701,0.004012331250572082,0.002509605404814074,0.011599183994599097,0.004248530539859662,0.006233347572538784,0.006750716073344021,0.009389243313905367,0.005663294142412214
2016-10-11,0.0012673408522353145,0.004226623709868719,0.002502454060028485,0.012802031935584225,0.004223310317864982,0.006252129340918635,0.006805499701686922,0.008697762556611715,0.0057954911832439815
2016-10-12,0.0012674875611821822,0.004294934091238445,0.002569457816904345,0.01276065617801279,0.004226506098727136,0.0060104919464058215,0.0067776798121298104,0.008716316078583433,0.005762205560641929
2016-10-13,0.0012870424668091926,0.004300303160384872,0.00258456616281256,0.012671673425097566,0.004234295326163355,0.005981507944636752,0.006353858206707726,0.008717302171474279,0.005768434332358999
2016-10-14,0.001288305180540639,0.004244764368597627,0.002574704698453416,0.012597271636450778,0.00431355424460025,0.006052779889451964,0.006374647839174863,0.008553246857685165,0.005977670381046706
2016-10-17,0.0013146673300846574,0.004213467666711203,0.0023991104129628496,0.012428196457119034,0.004174763028956884,0.006053921092585711,0.00628973079948286,0.008588347169382483,0.00593744481769668
2016-10-18,0.0013164388287541736,0.00421172530059952,0.0024192858710852813,0.012530180072414594,0.004123408088642257,0.00605472479119071,0.006688446195677722,0.00853092252971943,0.006007039370204297
2016-10-19,0.0012270754606097689,0.003970801802187505,0.0023912696383688067,0.012458868513230182,0.004488184778780106,0.005284026582829313,0.006676427555380392,0.007665491363410799,0.005904043811724603
2016-10-20,0.0012234361761381226,0.0038104833942400815,0.00241561356626369,0.012352773203790643,0.00458460090487941,0.005290680620468892,0.006673776476733833,0.007964083817299569,0.005811424843479599
2016-10-21,0.0013045444047343677,0.004053396661292043,0.0022217788418054775,0.011103840159857586,0.00436292365812161,0.0048713486829316515,0.006694801303492041,0.007144366141074256,0.005046386711935616
2016-10-24,0.0013190324485023422,0.0040336036541861065,0.0021793529653407,0.011032437411452206,0.004334442882564371,0.004554772039948587,0.006811539699669527,0.0065786783590537235,0.004664750273713191
2016-10-25,0.0013165805697632823,0.003998283812207803,0.0021806073902333164,0.010833609123129605,0.004336871788034539,0.004595073384575214,0.0068114142267710395,0.006648080474430223,0.004670314926426338
2016-10-26,0.0013367349206726343,0.004133739768666948,0.002181322263704052,0.01085151628228512,0.004368316639306317,0.004512988164948095,0.0067915877842500815,0.006268189701921878,0.00445493700468596
2016-10-27,0.0013399641971304664,0.004067011183945843,0.00218206131852968,0.010899599361429174,0.004335922411774161,0.004341495136151294,0.006840030575924694,0.00625026564411182,0.00474714734864927
2016-10-28,0.0013390935993461558,0.004058051535437112,0.0021618313077527906,0.01086747573902278,0.00443042077910612,0.004406456267434808,0.006936618483332937,0.007014862906869559,0.004882455819379075
2016-10-31,0.001347707259137186,0.0040030380794685615,0.0021602825192265735,0.011542034510976905,0.004587113956083419,0.004469852441793065,0.006859287232042823,0.006834328502636694,0.004850648223548776
2016-11-01,0.0013675754792026797,0.004232407246740099,0.002162144322674035,0.011409793720162457,0.004582707469945806,0.004504055799347922,0.006970802560776027,0.006898409030262173,0.005236122210290738
2016-11-02,0.001419625137825281,0.004379256040929231,0.002160617715415715,0.011331361056198268,0.004615664140238037,0.004961089561365301,0.007129692487152809,0.0073259903329624225,0.005141000733693108
2016-11-03,0.00141419593042473,0.004132367556814714,0.0019413624162898013,0.011004293660842757,0.004270552691018328,0.004945202421055086,0.007517939477278466,0.006934250065585504,0.004969697707174739
2016-11-04,0.0014373567699941538,0.004159518212442156,0.0019413450502779419,0.010960345477175783,0.004617890982579755,0.004987382247164741,0.007428950167407571,0.006983432529143014,0.004955815279874833
2016-11-07,0.0014863080011636638,0.004087631403259031,0.00194045513631703,0.010939101979021024,0.004405120555742122,0.005397351789220917,0.007458936628061359,0.0070138485992175,0.004955311740984154
2016-11-08,0.0015031193170523198,0.004056001853225017,0.0019264456255825982,0.010916467448932725,0.0043972141909594245,0.005400792047096794,0.007391357852884016,0.00696631721737964,0.004954846332981356
2016-11-09,0.001516620519217321,0.004054682572012393,0.0019268670448677892,0.011016159994725298,0.004498780062445493,0.005672436543528415,0.007346394740263604,0.00704760937808442,0.004953796142330345
2016-11-10,0.001518389943738782,0.004527080153916928,0.0016045988081567208,0.0120598942331285,0.0048726643439383375,0.0074049277569981095,0.007376388189715796,0.00783281270084607,0.005396824622993508
2016-11-11,0.0015194636704814266,0.004461146381914011,0.002024128321485993,0.012850352279953577,0.004886466790593574,0.00747163556133137,0.008302768279748926,0.010400381811726004,0.00527374031729932
2016-11-14,0.0017789592399672866,0.004664837647599615,0.0024741312288135585,0.012155819483217324,0.005172439489024366,0.007825723684396957,0.008390233549369156,0.010499419846791603,0.005214171164390936
2016-11-15,0.0017812368327540069,0.004555441188604349,0.0024735044796132194,0.012513089478765494,0.0052418834373509126,0.007605164147075364,0.008371515564277655,0.01030709432783067,0.00522237070196449
2016-11-16,0.0018272510246536595,0.0045023701082456125,0.0025764898363682654,0.012520630481414956,0.005520330645275191,0.0077997237320573095,0.008368096154548052,0.01018175447158612,0.005567475372320163
2016-11-17,0.0018542217873559978,0.0045318028775108215,0.00264024550043763,0.01254177524532046,0.005486940057216088,0.007816443872299628,0.008357674603901254,0.010314676947746952,0.005505824171793612
2016-11-18,0.0018560486843484368,0.0046794989850361705,0.0026348165243530036,0.01257959699555588,0.005623102471908427,0.007853388642618753,0.0069597082777318724,0.010400174188706647,0.005738865620749138
2016-11-21,0.0016789010400400496,0.004648731993965316,0.0025866485674572197,0.012755634669456903,0.005651634445797855,0.007832735140935077,0.006986172877191417,0.010519983190094017,0.005724011165658529
2016-11-22,0.001718705104760079,0.004523234598690054,0.0025976709869213006,0.011710359276050774,0.005674731943637779,0.007831691040654036,0.006778308624865462,0.010556404794286984,0.0056879345680868375
2016-11-23,0.001725577547968206,0.0044621995706832914,0.0027656386197076506,0.011632788211940907,0.005741524733025154,0.007837356505231576,0.006760044408604638,0.010641636881995285,0.005673678782770096
2016-11-24,0.0017572354197765365,0.0044795103929438545,0.0027665884763992447,0.011635012693408112,0.0058965381472549485,0.008235683973514103,0.0067282280054104275,0.01067124940529096,0.00569665911202712
2016-11-25,0.001751258619182595,0.004583558525185989,0.002813807965437476,0.01164110157156159,0.005780860298528195,0.008261414456322107,0.006720641919147553,0.010622594947188568,0.005581586464201696
2016-11-28,0.001804601869982747,0.004585451831774979,0.0028332808647066683,0.012064079197087968,0.006054156473411858,0.008300978377049305,0.006580689620642542,0.010983121172517516,0.005604893840153371
2016-11-29,0.001838928894546024,0.004580194193547831,0.0028038454541784268,0.01191118632158756,0.006068088193143056,0.008276962926459413,0.0063841617233016765,0.010961217499093045,0.005411902957328796
2016-11-30,0.0019230020251350282,0.004747818955504149,0.0028714136242383543,0.011758035687682048,0.0057130375097400495,0.008092261829588972,0.006382569883981902,0.010993812823993837,0.005399986734848731
2016-12-01,0.0019211446165565346,0.004743183995600629,0.002921633926893651,0.011793821857123203,0.00619312652285654,0.00814623717262333,0.006736065424874382,0.010845553959646183,0.005502284080470857
2016-12-02,0.001832054557605999,0.004543321730115911,0.0029445384045105076,0.01169040160582468,0.0066614733978172126,0.008221000649078807,0.006624130288802096,0.010857664670801898,0.0055431237642419515
2016-12-05,0.0018411732338248804,0.004686115020974139,0.002954911690105654,0.011946161906554151,0.006781879283670809,0.008220357411442057,0.006698720889240571,0.010804455355788339,0.005561646689548415
2016-12-06,0.0018472837112896339,0.004725356785597621,0.003146125443834065,0.01230675833258674,0.007945735978400054,0.008296996822700999,0.006680736844624756,0.010829852836155578,0.005576089861531392
2016-12-07,0.001820909541474165,0.0046188341201528855,0.0031872870213246764,0.012276872470638748,0.008573469341741274,0.008249004296670139,0.0070426616816679916,0.011089611856438303,0.005447469786038397
2016-12-08,0.001815875140539122,0.004663247288038968,0.003286904616604383,0.012285898158849477,0.008657270958409848,0.008288082416983492,0.007049994313212642,0.01108392985367789,0.005326624303720723
2016-12-09,0.0019197695728010885,0.005780034404982923,0.0033179918318104935,0.0123621592196975,0.009171566871941468,0.008358087397760883,0.0069493814415839995,0.010771076713477828,0.005216240053638406
2016-12-12,0.0019010056823524496,0.005810689306148764,0.0033441058063030755,0.011626793580665427,0.009138598474104488,0.008294744620063445,0.006966683205314889,0.010744048601362046,0.0051558041604886
2016-12-13,0.0019131876946061209,0.00561874685290546,0.003341322863731909,0.011596687858241566,0.00945695034590065,0.008370004672832854,0.006976443439101293,0.011393420134237846,0.0047138007259061076
2016-12-14,0.0018652149526394715,0.005500972056760362,0.0033456254188832385,0.011469294826812344,0.00946565768882887,0.007753929117624734,0.006905667409020306,0.011197565028981912,0.004712708444538321
2016-12-15,0.0019827922343881718,0.006622147841777817,0.0034381749898619515,0.012399770256268934,0.009579662313797567,0.008801816800414928,0.007282928393042372,0.011878666737035715,0.005538401158344787
2016-12-16,0.001998905714815183,0.00660648458569501,0.003438293529496251,0.01242814108020047,0.009741980881628958,0.00872383513412995,0.007285423317265008,0.011990154027406746,0.005601088877653316
2016-12-19,0.001996632923664182,0.0066053321216827015,0.003438078391109826,0.012406207962747095,0.00974855979310842,0.00887291818380612,0.007266786189772202,0.011717411430495728,0.005774497051661367
2016-12-20,0.0019881339840964827,0.006637731792989571,0.0034226550446102484,0.012278334425600087,0.009728027935667577,0.008897430034349741,0.007280443121559549,0.011790012962860018,0.005724033080113109
2016-12-21,0.0020317691563469125,0.006780612099523379,0.0034777224828845504,0.012358378385841435,0.009739872596146048,0.0088173566657393,0.007293748192989946,0.011857629959315023,0.005829058691530968
2016-12-22,0.0020171505151872324,0.006560993477550891,0.0034651716671212814,0.011146541693323093,0.009559012883440325,0.007567115722230842,0.007291733904289848,0.011385682760435627,0.005609168823172905
2016-12-23,0.0020245424233769427,0.006554507626255218,0.003243092803073544,0.010090248789241543,0.00956955357698167,0.007496344691692356,0.0063616817290718265,0.009434442754909156,0.005653820597544283
2016-12-27,0.001781559745959318,0.006259943578467232,0.0029200301609351824,0.00983926050654265,0.009404343168694203,0.0072109164877205995,0.006134667844806005,0.009220337294377611,0.005608156890841855
2016-12-28,0.001765245279837125,0.006286627968942517,0.0029671466775627077,0.009540141487720527,0.00937363936798862,0.007210110346870689,0.005957331911706268,0.009219007510833748,0.005578510165134163
2016-12-29,0.001697682971690571,0.006318060142013674,0.002911681540223157,0.009698273836255348,0.009252137452561692,0.0072498555543713565,0.0059908782136619855,0.009214127104335057,0.005293715783544929
2016-12-30,0.0017050840367784713,0.0065255714480289585,0.0028718732358491354,0.009717776418745914,0.009324342835666747,0.007196741079482127,0.006047618671099995,0.009142612203934534,0.0053268915693632755
2017-01-02,0.0016799295978625621,0.006486675861644518,0.0029257014886315286,0.00959189820718272,0.009239076966987246,0.00714972558895284,0.005765301704592098,0.009212472172161427,0.005166162410721863
2017-01-03,0.00169294322837089,0.006614926315929813,0.002938094102846942,0.00944676312628036,0.00942438813864404,0.007167400580665422,0.005653044446301222,0.009036067751140409,0.005270544973341197
2017-01-04,0.0018193377552983539,0.006697442125915658,0.0030260243322547706,0.0093351068607518,0.009443493701911767,0.007318088156916609,0.0056351018687875705,0.00914274941306828,0.005351426753157072
2017-01-05,0.002218901175948178,0.006805104355961539,0.002774412710645671,0.00924627380599309,0.009519430009174172,0.007536798376712136,0.005635063032545353,0.008887353754946325,0.005390656883667732
2017-01-06,0.0023217309035122157,0.006920690594595858,0.002780184471342481,0.009139350945827272,0.00940518331948913,0.007029613876639115,0.005737008676992094,0.00875726608532681,0.005491174299114261
2017-01-09,0.0023810834433919664,0.006993045988947399,0.0027791662043112303,0.009198845142383462,0.010760348042819999,0.007064756018061924,0.0066691391045577315,0.008555024239828598,0.005310427797916491
2017-01-10,0.0023876752315462337,0.007054405148481602,0.0027314064027441384,0.008641027122165914,0.010784837496453776,0.007058796882913472,0.0066812055653476055,0.008344063202361494,0.0053053232343544116
2017-01-11,0.0023826737349108692,0.007137346753615188,0.0027783857173580596,0.008592757379602623,0.011613428349310756,0.007049821817044803,0.006623760468723889,0.00845130533827012,0.005390511013331091
2017-01-12,0.0025781042160134063,0.0077007845449783684,0.002942562295855089,0.009690959599556648,0.012873049473357224,0.008020666236274366,0.0072479956519631355,0.008979044185068235,0.00643902867626205
2017-01-13,0.0025823493452033957,0.00770628689841106,0.0029641612113073972,0.009705662422476937,0.012534787258447736,0.007900614916163874,0.006990200059026951,0.008913059033466383,0.006330728963035676
2017-01-16,0.002581522792482082,0.007789143705139128,0.0029557322906752113,0.009826265786556545,0.012234989607481914,0.007889076231123055,0.007142796680453436,0.00892029672786745,0.006305300736918202
2017-01-17,0.002857989951053321,0.007877819950096964,0.0029682883399064965,0.00951221353051457,0.012175456220893471,0.007960369421444066,0.0080047469011942,0.008921432571262263,0.006509037715866334
2017-01-18,0.0028847948427862145,0.007862495113476173,0.002817598755610444,0.009128278001920336,0.011558007051667978,0.007944762942236807,0.00797860833185502,0.008913182911503191,0.006495257975618279
2017-01-19,0.0029791980584497582,0.00786326910057532,0.0027791322719028554,0.009114634123861563,0.011167733982204765,0.008126744003616702,0.007812819738282387,0.008802320844817513,0.006490210053242174
2017-01-20,0.0029984770192387476,0.007859849721150178,0.002658972944978167,0.008994389442398826,0.011101281815768029,0.008174914131691736,0.007774939406497,0.008793110756652076,0.006510421049176737
2017-01-23,0.002969146781414184,0.007146619754909466,0.002619886725319128,0.00892338300513248,0.010946389376156482,0.008372131267335485,0.008104160642604467,0.008937040744695897,0.006560919510342035
2017-01-24,0.002972041535530409,0.007140867553224621,0.0025951990926415484,0.00925252916598836,0.010924927733137337,0.008276201210867168,0.008066475046976055,0.008940503450703461,0.006559571338661542
2017-01-25,0.0030376695871468383,0.007140810635863704,0.0025853868185525286,0.00931196671224556,0.01094211453534568,0.008240976888260558,0.008270106001835356,0.00841172659096388,0.006554290464382117
2017-01-26,0.0030360962693097124,0.007164523199871943,0.0025856435733263993,0.009443906681429212,0.011024875633074464,0.008415464570397335,0.008265649992517833,0.008463493047621574,0.0065831249904597195
2017-01-27,0.002944628007686921,0.005890778799084166,0.0024709473348171586,0.008210259928965487,0.010853187835086323,0.006835235882326532,0.0076420004896677425,0.00712395065596176,0.005769704860470061
2017-01-30,0.0029063458278126494,0.005974280461927211,0.002493937693044962,0.008260744172258973,0.011211592164452644,0.006877580678762065,0.007646041343118038,0.007207724353853363,0.005577484879051803
2017-01-31,0.0029070917184698293,0.006286502692650447,0.0025886104461778467,0.00835968076976723,0.01144036933727481,0.006962969112227833,0.007604368846697569,0.007099516305156258,0.0052741692169848454
2017-02-01,0.0029100337556349277,0.006171414313668984,0.002606227779457439,0.008359506739558603,0.011508926014000307,0.006769102486763185,0.007821545474923685,0.007341066236429642,0.005195304018326607
2017-02-02,0.002896925203989995,0.006122179435389055,0.0026101117609577842,0.008258211546791603,0.011596934526012303,0.00683619417199612,0.00790851537957945,0.0073922516496100635,0.005604532692611366
2017-02-03,0.002907782422231727,0.006266573175403397,0.0026061740519413333,0.008115868129984544,0.011599150864251047,0.006976881799412084,0.007967343426605373,0.007531697057735756,0.005570004505839344
2017-02-06,0.00291022071224732,0.006300366405101539,0.0025981127564878924,0.008248230611140116,0.012014071452154102,0.007060582778013919,0.007849488928738338,0.006927204075816552,0.005348271804292142
2017-02-07,0.0029778088382540996,0.006347113962920448,0.0026340599417541345,0.008538522446727334,0.012196505711373873,0.007064657497971146,0.007998924627604988,0.006910341372729703,0.005465351805361147
2017-02-08,0.002977146862292066,0.006286999317983192,0.0026397322879936186,0.00851716774194917,0.012168447512164893,0.007037176681549298,0.008209729987483483,0.00691060868945646,0.0054302040730415495
2017-02-09,0.002978493266762219,0.006246905652698116,0.0027829329183938277,0.008035095241350381,0.012261349999421146,0.006984486154397804,0.00823998830148197,0.006912355831699513,0.005416921114062163
2017-02-10,0.002999981888384791,0.006190378013085708,0.0028506071626881254,0.008037075125420021,0.012228959889201117,0.00730678682079479,0.008369300791851568,0.006906636632815236,0.005456650104570067
2017-02-13,0.002999529568826175,0.006025972616766143,0.002771464021902588,0.008029940472079304,0.012179541428083526,0.007284350646682252,0.00839660394088535,0.006805484060425475,0.005264458121229083
2017-02-14,0.002972202009885818,0.005828564346035084,0.0026882367285455838,0.008609150105956576,0.012151157613907773,0.007160271065345892,0.008418361563057279,0.006898617701735882,0.005237703784579214
2017-02-15,0.0029244644388484913,0.005914316209073622,0.002616351345250828,0.008537232500007399,0.012153285683848256,0.007395793973412734,0.008484060402657855,0.0067982806108229515,0.005254936707054227
2017-02-16,0.002658696072125017,0.006039247944758492,0.0026341294959315448,0.00861962403474682,0.01200803611564104,0.007398713274262086,0.008593309507041675,0.006996583082516924,0.005286684845384452
2017-02-17,0.002527754641291181,0.005854712613781903,0.0026498286107343133,0.008937217943641254,0.012009552857109772,0.007452621140557494,0.00865044569978539,0.007736114735801009,0.005425260966769832
2017-02-20,0.0024811870557232127,0.005736575681295235,0.0026071604057034247,0.008835493647318697,0.010822357399624213,0.007399563651492541,0.007889721909542324,0.007713501556470955,0.005395071484119378
2017-02-21,0.002474958738557528,0.005841533918546995,0.002597810986433542,0.00888568623032302,0.010505685212535846,0.007455165502372769,0.007940566733724229,0.0076620864281823015,0.005436986959652093
2017-02-22,0.0024626873746148243,0.0057476198786546445,0.002542356496355331,0.008794613259075037,0.009064087765883954,0.007511655798740705,0.007905507302400734,0.0075119890577088596,0.00540347976739161
2017-02-23,0.0022356132077802223,0.004965525285660646,0.002416788907230514,0.008163264670011496,0.007913318509810774,0.006584381885687458,0.007455615727235476,0.0068497128598244885,0.004344672167757865
2017-02-24,0.002232431060133528,0.005004612993099711,0.002341339311469595,0.008085314909689955,0.007900574447483709,0.006611588148501395,0.007233325016847527,0.006538418922409433,0.004451901571045361
2017-02-27,0.0022349621631213216,0.004883244825150883,0.0023725050581324732,0.007965975076529741,0.0079973422128027,0.0066105821741531,0.007338758553042896,0.0065061686412507215,0.0044150595181668174
2017-02-28,0.0018655611673091053,0.004620386621960343,0.0023595249124278256,0.007876992244168532,0.00807579061828576,0.006503600690053076,0.006402426592710288,0.006517357976451861,0.004131114282169028
2017-03-01,0.0018375055375026627,0.004732614507191937,0.0023958470935584266,0.007838042049596306,0.008230257985397144,0.007050418527687654,0.006606608332866029,0.006548829914458273,0.004159024375705207
2017-03-02,0.0017067749188472944,0.004736702362577883,0.0023897429153603832,0.007827533490683188,0.008603185261752369,0.006899649461025526,0.0065820522098330985,0.006517453625995322,0.004445949335353357
2017-03-03,0.0017027222616490397,0.0048007983614710365,0.0023930310440208043,0.007805291797295109,0.0086821879111385,0.0068241701466420475,0.00659402211330093,0.006660779414753662,0.004445521211009911
2017-03-06,0.0015603928377347582,0.004592597310459847,0.0024143630119554662,0.007839930625660586,0.008533336684590182,0.006390361620025831,0.006157907285370806,0.006536897625164086,0.004416487960468981
2017-03-07,0.0015574476842270262,0.0045493801655987764,0.0024155946546011867,0.007467952961005859,0.00863931129885335,0.006387181409987943,0.00624320505046529,0.006584182173303318,0.004417133931087172
2017-03-08,0.001463268039688972,0.004555970907823905,0.002475241011598066,0.007567583126691319,0.00864488282058739,0.006397466128339342,0.005812398405836347,0.006719405773426819,0.004520000005363228
2017-03-09,0.0014633688533625658,0.004509886153088434,0.002441452646305765,0.00798341432760818,0.008432803755471185,0.006203807861843013,0.005820081238762698,0.006867486539762674,0.004606215374652568
2017-03-10,0.001421402218117819,0.004618483247183104,0.0024371140122711396,0.007677347344418749,0.008399441850204912,0.006208817215760735,0.005818003934338129,0.006798155382964877,0.004613823258483433
2017-03-13,0.0013202503132667032,0.004644952158445349,0.0026986389812746147,0.007763204499840374,0.007916935269443674,0.006224808851595515,0.005926996858046594,0.006670192662993455,0.004767750772134032
2017-03-14,0.0013201808803947452,0.004132477051166429,0.002804110346195294,0.007492363910830961,0.007721836553326866,0.005918568848652125,0.006014906362676397,0.006602873233148942,0.00468944714526794
2017-03-15,0.0013161763356577718,0.00407537241104421,0.0027523589418496615,0.007615631926859014,0.00775930075369261,0.005933472690765414,0.005670902161384932,0.006442318896550221,0.004771918988625271
2017-03-16,0.0013756091022581148,0.004469320506559795,0.0028034698926081973,0.00895384140409191,0.008599866538049693,0.00610508148231507,0.006132815227310796,0.00712406240973045,0.004750735745580814
2017-03-17,0.0013294130055038769,0.004329072557237793,0.00279117058745053,0.008989469562027223,0.00862452606121379,0.005980810031687205,0.006060121316391749,0.007050360980974731,0.004616996103617502
2017-03-20,0.0013093523032214054,0.004306048901036332,0.002778633169722493,0.008910656408411955,0.008224332246101704,0.0058682604203642895,0.00607049636060445,0.00701236799054074,0.004636891702592113
2017-03-21,0.0012761997841499596,0.004327490755474567,0.00263132492931565,0.008679925393370038,0.007897903381670885,0.005874384734025273,0.005965913240581926,0.007309231690750478,0.004565776637542007
2017-03-22,0.0012365836677568803,0.0043202698357276545,0.0026439789554659567,0.00870637663106423,0.007957186881330763,0.0063020630878777555,0.005618944844671697,0.007508883343635543,0.004789742298403062
2017-03-23,0.0012242720344916602,0.004322704444423284,0.002471976857344777,0.008744853686484954,0.007838917017841661,0.006309182210394145,0.005585787035238807,0.007571759602705227,0.004870580960525104
2017-03-24,0.0011752210519742645,0.004166961665611089,0.002382186788679172,0.008733267559577807,0.007846307792322399,0.0059992241345687295,0.005385763025555817,0.007622606207161118,0.004872450683757781
2017-03-27,0.0011871278450616355,0.004365806263557957,0.0025103578493270258,0.009152804326554288,0.00793452949758596,0.006163747319308298,0.005624544643195105,0.007642352988288197,0.004862428610486024
2017-03-28,0.0011592625651713083,0.004407659495798284,0.0025055852159014194,0.009754134042479434,0.00786361576346689,0.006172959288520664,0.0056318042183775684,0.007501585040387817,0.004870619522957063
2017-03-29,0.0011494277822231777,0.004674514782087267,0.00248921262898278,0.010137151862771913,0.007966527671937102,0.005924000428390534,0.005823750374430701,0.007435800225755307,0.004959101135607265
2017-03-30,0.0010680803553915275,0.0043959754715623784,0.002448237961525828,0.010732106966069407,0.007975261438932152,0.005803267288955742,0.005643948452156908,0.007055252315303956,0.0049017087861224565
2017-03-31,0.0010325927542843708,0.004473781694245218,0.002408754748164516,0.012365968386715328,0.007965232272905338,0.005787545586281525,0.005504085612633889,0.006739593807534893,0.004817659966869189
2017-04-03,0.000998373223553825,0.004464388059631578,0.002429557914169228,0.012747052708705622,0.00759062293286254,0.005801615684992222,0.005468574208767434,0.007102757566953472,0.004894046090569938
2017-04-04,0.0009804226153435655,0.00423245256752215,0.0025331006478191962,0.012998549604150264,0.007611225819391668,0.005882026252513657,0.005500513866528043,0.007122572266168073,0.005076386169195183
2017-04-05,0.0009820256269128863,0.004220400780298427,0.002593350281207166,0.012999648437389915,0.007687583845606101,0.005917933727717726,0.005525708387304633,0.007633777655610999,0.005109414543698612
2017-04-06,0.000977917848246054,0.004114747165859978,0.0026844942931070048,0.01254269084697923,0.007505279491755383,0.005916651961500037,0.005498744940615711,0.00771215954485534,0.004993571915640077
2017-04-07,0.000959588756166414,0.004124250141872456,0.0027042988199903117,0.012546100239655739,0.007596716760597924,0.0058453293061389595,0.005444325748789546,0.0076912785426698745,0.004965222602499639
2017-04-10,0.0009668404668680967,0.004206619129522423,0.0028090627508228394,0.012558472177476647,0.007579353269057243,0.005946247446880804,0.005053235237523643,0.007608429872057777,0.005019222386674433
2017-04-11,0.0009615103359391543,0.004255050913723033,0.00280821485187589,0.012600970338300278,0.007624417397495848,0.006056403736513913,0.00509698603505551,0.007570694755573299,0.005050434157468899
2017-04-12,0.000940903506741508,0.004101523465859803,0.002820237388899861,0.012795961166899312,0.007762119270051487,0.005526741534027283,0.004870610721351446,0.007551807977966564,0.00505993465515317
2017-04-13,0.0009351143396077186,0.004100949808811132,0.002862433861497903,0.013028350397625012,0.0071959057662507545,0.005416063190137457,0.004873799187553526,0.007590767383142791,0.005364986854308945
2017-04-18,0.0008926203525518756,0.0041025184905191855,0.00292679287822563,0.01318988764019163,0.007206817199460507,0.005411520154992618,0.005028524205303994,0.007598871114825764,0.00538183993646402
2017-04-19,0.0008972798396209192,0.004137894147117731,0.0029163267339340384,0.013190419149752506,0.0072891982080346175,0.005406571955536842,0.005636440501403113,0.007455003112109811,0.005351803491971403
2017-04-20,0.0008925478496712025,0.004129754675444831,0.0029359086124636853,0.013356461311813124,0.007212959448520626,0.005377737658569415,0.0055426118736575155,0.007650854931884115,0.005352925655064302
2017-04-21,0.0008401777271367367,0.004204653060211227,0.002874587690984821,0.013278363232606023,0.006568509524916055,0.00534747026269954,0.005533328114104429,0.007543279720876918,0.005268418101035267
2017-04-24,0.0008401606101377768,0.004857814176865289,0.0028854500276850412,0.013186306846446292,0.006946830334004095,0.005772714772342703,0.005532914466078047,0.007467206781285246,0.00527364429038239
2017-04-25,0.0008290567836245633,0.004825470979488452,0.0028962028458142937,0.013245940961215768,0.006948890292287438,0.00559284733774276,0.0055014352613956975,0.007629978809504937,0.00534197775420632
2017-04-26,0.0008528096134077457,0.004751905654503524,0.002686916684382049,0.01341228542500043,0.006960809013378586,0.005793870917067933,0.00546600715954692,0.0075570396531124285,0.005348245920572253
2017-04-27,0.0008610670838825345,0.004713147329101232,0.0025255068256610945,0.013511092505714776,0.006974301469994062,0.005785658544436993,0.005269447615706844,0.007563664791518321,0.005343205273370821
2017-04-28,0.0008615187097093373,0.004750641651657015,0.002597200541083676,0.013500613863046643,0.006960778630793498,0.005782569847298337,0.005255702355155494,0.0076195232111916965,0.005254510090553309
2017-05-02,0.0007765449250697138,0.004468767339275884,0.0025023164061593775,0.012477854063602715,0.00586975866796154,0.005643461181213763,0.004890682297467803,0.006746101757400106,0.0047738155900529464
2017-05-03,0.0007615195962096962,0.0044680884847751925,0.002489044653150972,0.012488040120684576,0.0058316040474807925,0.005640465207642995,0.004886357283474618,0.006823430485017024,0.004860061422907165
2017-05-04,0.0007625019122442797,0.004465408865232525,0.002496044520633564,0.012614981062945362,0.005975304005216177,0.005715700766493311,0.004955284972439162,0.007077812314982782,0.005077157625958953
2017-05-05,0.0006117165763754701,0.004425535762033493,0.002572340380594757,0.012462871053951753,0.005854957356986002,0.005741917084972801,0.0049260592874390795,0.006668215950818791,0.00505253316875831
2017-05-08,0.0006092494363421105,0.0044505377063369074,0.002514156730302538,0.012476122576349525,0.005790815032772472,0.0052019665864957544,0.004921454168232786,0.006512326989245448,0.004919719296620258
2017-05-09,0.0006089669800671977,0.004524046905797606,0.0027283269581752953,0.012369275049049479,0.006034001378150452,0.00555896830445841,0.004944118596171015,0.0064552436190956075,0.004937498442905289
2017-05-10,0.0006215792021787799,0.004518083265288965,0.0027352604461067724,0.012665869891454122,0.0060287452835162125,0.0055337847041041655,0.004923051210659982,0.006582899395043499,0.005032303616373786
2017-05-11,0.000574600898898507,0.004306509204761649,0.002608460845028201,0.012694464589724539,0.005899381209015399,0.005212747652315135,0.004917641138620121,0.006538042854063257,0.0049961471166287295
2017-05-12,0.0005508260412065729,0.004285486622134614,0.0026081578369413034,0.012036022972485289,0.0057710436784851596,0.005217520805808312,0.004859832412851132,0.006620451018042902,0.004994045963067285
2017-05-15,0.0005699144415939896,0.004105107543351513,0.0026698512704537818,0.012293669567353581,0.005794010850099,0.005240984451334757,0.0045046981920006,0.007064875227808061,0.005138041000300889
2017-05-16,0.0005787523941250817,0.0042944730771208315,0.0026717684552811697,0.011692497059459024,0.005790379512547878,0.00523022815468026,0.004574288361538351,0.007055013411657962,0.005082112523331445
2017-05-17,0.0005829425461278975,0.004242442696009271,0.0026763335802451834,0.009742876536373738,0.005791064974166717,0.005631567786023371,0.004673823739299458,0.0066923713579066105,0.005056592541167541
2017-05-18,0.0006016664807757156,0.004171442526174106,0.0038478787141460343,0.01109322146039355,0.007342949983397507,0.00623775953098469,0.00473770717899214,0.00673165975626503,0.005114807006770999
2017-05-19,0.0006042523275664767,0.004182788333325875,0.004015396963997348,0.0112613853353308,0.007494809823420253,0.0061463349533888946,0.004615992837307009,0.013195610064109681,0.004935310377658836
2017-05-22,0.0005676133313838645,0.0042463302495109115,0.003940776089259133,0.01128548343910945,0.007512313339892243,0.0060702930672713,0.00459724632198087,0.013030802915307373,0.00494470853749036
2017-05-23,0.0005655234578834393,0.0042851024118008025,0.003929104622824986,0.011185430944683954,0.007439950269554501,0.0060788481394710644,0.004651779081016334,0.013049055168238689,0.005024440252919279
2017-05-24,0.0005652277428780638,0.0042349410086513824,0.0039155336977402455,0.011627522338056943,0.007249914216366926,0.006170433609270479,0.00458791344002334,0.013077023673867384,0.005002458506448416
2017-05-25,0.000783667377077732,0.004045864189100129,0.0038812937357504272,0.01154660251451556,0.0072503942422559985,0.006091646053293755,0.0045514902976776725,0.013082793532906829,0.004938481769564814
2017-05-26,0.000817742810498195,0.004083894542975704,0.003885533627983997,0.011544167757136604,0.007216522843210022,0.006068057889482978,0.0049337991066866335,0.013072350631703632,0.004936117427220052
2017-05-29,0.0007944780828887731,0.004076701893289282,0.00384608026814937,0.011530961039977191,0.007057391339999073,0.005841154656181585,0.004885794733986742,0.013074916933024832,0.004915205570975858
2017-05-30,0.0007923112170767929,0.004114281161389667,0.0037956301452733983,0.011782643970070067,0.007112738818620544,0.005823724127529019,0.004871128832081949,0.013037829504283931,0.004375267815404252
2017-05-31,0.0013555576996132342,0.004099746634818723,0.0038064913238779613,0.011644169741189021,0.007028626673129626,0.005796968079637147,0.004624148268329988,0.012988552821391006,0.004322119545959807
2017-06-01,0.0013483796119215798,0.004087271519311082,0.0038050869561318977,0.011637872579374996,0.006950147754300401,0.005795439044937909,0.003707528526357921,0.013143261756590552,0.004556658565464968
2017-06-02,0.0014017499886304272,0.004097862047315126,0.003800850948190285,0.01172916037735259,0.006850167290258911,0.005829827691940103,0.0036320087845700456,0.013055492039675352,0.00455781915581644
2017-06-05,0.001439755950336664,0.003954096475391202,0.0038066222674433938,0.011855289135963025,0.006833695431056777,0.0060740532134675425,0.0036913451286199363,0.013097397668871278,0.005072626920348594
2017-06-06,0.001455529557369628,0.003219481348399782,0.0037935589096102667,0.011734443201209229,0.006391636579697838,0.006034926521157022,0.0036925331513257427,0.013126824134546808,0.0049344372778360466
2017-06-07,0.0014655265855295998,0.0032965429965545663,0.003781761891458244,0.011675739622746059,0.0064435592844434356,0.006028368828495624,0.0036624206436096885,0.013178269326588325,0.005173408034927274
2017-06-08,0.001444696070459353,0.0032931477492291646,0.003764517421723425,0.011326390186698315,0.00642764766882101,0.005972805397556726,0.003693351206853557,0.013160969320533636,0.0050153132015173406
2017-06-09,0.0014322381029606016,0.0034374800734234385,0.0037644049791226387,0.011172113706415389,0.006476431569505422,0.005987413146176717,0.004537180955226833,0.013199110344699918,0.004997793913970436
2017-06-12,0.001434358418810191,0.0034214927256569576,0.003775624717319979,0.011138706857540088,0.0064327549988471245,0.006052790869870965,0.004589812384302357,0.0132085181496827,0.005001345536194501
2017-06-13,0.001432966085230985,0.0034034854656460954,0.003779206380652669,0.011134001217648343,0.006434297984109174,0.00585874569010019,0.004697204941931423,0.013217419196137508,0.004877110006691627
2017-06-14,0.0014349349677085874,0.003424998597009637,0.003778062196855318,0.011065795466798952,0.006450786007047753,0.005885762925811193,0.004686323463652119,0.01316165453665697,0.0048240578781244044
2017-06-15,0.0014586258004507784,0.003508437307286803,0.0038751501479104638,0.010876147309868045,0.006302020886571243,0.005752878270164488,0.004662651682369915,0.013192994963763824,0.004394193584219871
2017-06-16,0.0014711650414671012,0.003480786995886503,0.003875031078011892,0.010849993008869997,0.006300569725099871,0.006128704595409167,0.0046239933485395755,0.013196680415919312,0.0043954023521302725
2017-06-19,0.0014753968810222089,0.0034650473774476566,0.0038701781419019296,0.010983515280637913,0.006299594407596391,0.006151966690443164,0.0046425446204402905,0.01321241732019911,0.004395708589474553
2017-06-20,0.001506795917111479,0.0034280612430135425,0.0037502753474624832,0.011070014497802629,0.006249822855626231,0.005727360518559,0.005018779356378612,0.013210036708585702,0.004238929078562737
2017-06-21,0.0015073189858694225,0.003431847659598058,0.003737659774281621,0.01088685260679474,0.006258651678022776,0.005731307004282562,0.005013216303285195,0.013121764947642346,0.004349431591629198
2017-06-22,0.0015296203790352,0.0033959226678112325,0.00371176217596652,0.010782879909150382,0.006270399766233337,0.005725950413834282,0.004829518931832627,0.013116811645807643,0.004380357081413486
2017-06-23,0.001544039663640478,0.003395885291247409,0.0037122307692718714,0.01071250959309202,0.00625878143016479,0.005729374423764175,0.004912892306341489,0.013048044141185683,0.004406714313191899
2017-06-26,0.0015423979226938634,0.003056598329180936,0.003639845915606797,0.01019474003791235,0.0060506202108231875,0.0057475333092019175,0.004824469134519057,0.012745467461376801,0.004187974351750563
2017-06-27,0.0016894187320998432,0.0030732611692489056,0.0036424018158848145,0.010180824779105572,0.006050736333655372,0.005745315674979225,0.004818195061157499,0.012912081590457043,0.004159032211678439
2017-06-28,0.0017204357686444983,0.003294373342580936,0.003643137558170153,0.010296741123666266,0.006138850303624733,0.005341005176178464,0.004825493890723558,0.012894487029397456,0.0041945120665597855
2017-06-29,0.001744639049777845,0.003327365674248744,0.002402648179181457,0.008114673580566615,0.004102373622567721,0.004576039846089947,0.005031209904836668,0.012884476456233054,0.004547812396201837
2017-06-30,0.0017450561997182242,0.0032588745001988907,0.0020285156333913522,0.007457956894048574,0.003819384203544685,0.004634989879176469,0.005022492732070456,0.005942012501375118,0.00453919875212361
2017-07-03,0.0018063050359632912,0.0032153861085271896,0.0021285282559308414,0.007556135800875431,0.003591451320250676,0.004925825890004877,0.005024723684039234,0.00575305915956754,0.0045687633013471824
2017-07-04,0.0018220688590293531,0.003187985386960315,0.0018977387169780756,0.007571309270600498,0.0036240245324597907,0.004912879959524365,0.004999265973350582,0.005714862923067657,0.004686443433001984
2017-07-05,0.0018230364804644706,0.0031920110660704965,0.0018505603548957205,0.006837677348376033,0.003905336005032806,0.004815376465030207,0.005003555841166332,0.005627972937507987,0.004628605123232789
2017-07-06,0.0017485112441540556,0.0032875137485610297,0.0018119757817984937,0.006928907187946276,0.004604546393146353,0.004835577603851214,0.005015522652731004,0.005614469858690802,0.004623210541682085
2017-07-07,0.0017355131793109755,0.003279733262999439,0.0018683620691030453,0.007107781704972421,0.004603143487052763,0.004712307939360345,0.004742731155890741,0.005665014118648028,0.004596169012666475
2017-07-10,0.0017473138537552244,0.003311642168506079,0.001880876615813891,0.007067193584966386,0.0047507793570186,0.004732842301154784,0.004753984006465551,0.005762415103303425,0.004604954606963195
2017-07-11,0.0017474130423296885,0.003296001302424324,0.0018692397943681012,0.007012321257758761,0.004713193660673444,0.004662386373034613,0.004769770419460426,0.0057810817697508355,0.004606434219314428
2017-07-12,0.0013884544347715485,0.0032805184641384443,0.0017909460175800232,0.007388402105556219,0.004963890326440136,0.004847345034658377,0.004783883880257943,0.006048427381643639,0.00468144618786798
2017-07-13,0.0013899703487940678,0.003338266557664243,0.0018081319665345151,0.007691671344846748,0.005171930520586218,0.0049174915914508305,0.004870228389037059,0.005849406719646577,0.004632450739208459
2017-07-14,0.0013454409342581039,0.0033382377175679265,0.0018165481833026715,0.007266087406870557,0.005164218063184082,0.004876475318243941,0.004884805099239404,0.0058041109835914,0.00464806098650231
2017-07-17,0.0013280702214950382,0.0033753061096210065,0.0018057392894577488,0.007721589604610902,0.0053237400425256275,0.004728641325722053,0.0049672972468460955,0.005830169063542022,0.0044799488598834605
2017-07-18,0.0013892645595098036,0.003637898816134147,0.0017766528710010203,0.007576336365348195,0.005300529106393613,0.004334358180800165,0.005017179397032356,0.005342901106024313,0.004936679727054876
2017-07-19,0.0013881365821017356,0.003576550956896999,0.0017440564422678746,0.007583742327808354,0.0052634604966084715,0.00435347143082324,0.005021363302476367,0.005216780037898117,0.004738828853869047
2017-07-20,0.0014751170628260423,0.0036953794433463253,0.0017648156159489612,0.007635657819638977,0.005375027474297386,0.004221584290478366,0.005161995636908197,0.0051617250022181396,0.004751552342148676
2017-07-21,0.0014754998774007759,0.004222952979573615,0.0017909022270877358,0.00765835836912116,0.0052732105567203,0.004454593588027466,0.004355914369084576,0.0054603122536018905,0.004731865731943773
2017-07-24,0.0015483802428651167,0.004195189950151462,0.0017086606964529945,0.007582046673562989,0.00531050358772528,0.0044644382656117,0.004182202556567285,0.005585871593833701,0.0047389243094189334
2017-07-25,0.0015504750696882545,0.00421212650653743,0.0016936707464390787,0.007588457065694121,0.005318462657198679,0.004551655919778589,0.0041407778049680505,0.0054469214445595215,0.004717040819632631
2017-07-26,0.0015549077010651672,0.004313095528984024,0.0016863157834013662,0.007571490068993325,0.005298672480738605,0.0045876828664248815,0.004197359595772889,0.005593884077608012,0.0048638023044235
2017-07-27,0.0015725921990906195,0.004256739147923567,0.0015271900873059085,0.007470387843826174,0.0054564881684451925,0.004636719659991022,0.004375753370987004,0.005407208640695055,0.005166876711156457
2017-07-28,0.0015516840881301835,0.004255751624160651,0.0014533280877693847,0.007519729417249483,0.005452302717298195,0.004198880064988602,0.0044502607178031625,0.005373056129544191,0.005301947384039755
2017-07-31,0.0015814971319143736,0.004261447714607856,0.001456333751310039,0.007472733788957276,0.0054881994303297215,0.00425104305259354,0.004445437586550048,0.005335049983576511,0.00530236805645895
2017-08-01,0.0015464220042531568,0.004257928632329577,0.0014433739325138953,0.0076751846272020575,0.0052964475026382,0.004189141761434745,0.003983964116387392,0.005330303756583789,0.005271228237212897
2017-08-02,0.001567320769808878,0.0042284589064987745,0.00184905462313852,0.007595437824319566,0.005302226482979814,0.0042075269170800626,0.003973258563606467,0.005178130916830228,0.0051379078557875265
2017-08-03,0.0015391769853126298,0.004230100538476282,0.0018142031160710659,0.007574529691318575,0.005288184633305603,0.004235821275857494,0.004237684660869444,0.00513104661935067,0.005165203063548968
2017-08-04,0.0015184263864545806,0.004226283404902923,0.00181296635581749,0.0075090940123997045,0.005308861515982519,0.004253672275553212,0.004192033255991646,0.005040136000465588,0.005176614804478947
2017-08-07,0.0015109442804281748,0.00447200238710769,0.0019319557351500057,0.0074428150907643025,0.00530388007570241,0.004405590376349988,0.004490968518393414,0.0052210443452637275,0.005438734074147299
2017-08-08,0.0014363390140950346,0.004310282846820765,0.001974057309052988,0.008003510367880828,0.005303111160531793,0.004474435995951511,0.00450006493267949,0.005052447307801081,0.005412030924115941
2017-08-09,0.0015212018648380068,0.004378585377158223,0.0020874950086177757,0.008968174395171863,0.00524168273734975,0.004520805316844959,0.004403607289167399,0.0050893919158879865,0.005573340002986983
2017-08-10,0.0015589028972889689,0.004359540501402696,0.002220315158162491,0.009142759581606987,0.005238175136180676,0.004396290449598932,0.004062229335610917,0.005172240137244783,0.00525494615620419
2017-08-11,0.0016112059842346106,0.0043687101194402975,0.002228072106520348,0.009236632545676315,0.005296354121233091,0.004358711158128093,0.004065170343967271,0.005310754137431062,0.00528337599688572
2017-08-14,0.0015650395304244117,0.0042833703851816955,0.002103746720647818,0.009652767351537795,0.005247173308377026,0.004025216094722087,0.004060198145699699,0.005074395030594004,0.0052197344923754895
2017-08-15,0.001592532556373653,0.004385425012200362,0.002086480151980508,0.009664657809494033,0.005231488238417767,0.004280572757426554,0.004225454830192674,0.00516878952932076,0.005125078234086411
2017-08-16,0.0016425015053818754,0.004407680676952829,0.0020906760884763557,0.009593311681458633,0.004999249318638502,0.00431862631835391,0.004224636236894608,0.005254678941130699,0.005104100705059099
2017-08-17,0.001677509932735347,0.004364485971237734,0.00209032834825251,0.009418231903319753,0.00423137999910826,0.004435630265088419,0.004209674727115367,0.0052570098798708845,0.00526918667353222
2017-08-18,0.0016777446424013033,0.004385953777203269,0.0020337764332402784,0.009331040580469067,0.004238732404094308,0.0046256241589356425,0.004176591587373133,0.005269713249703557,0.005289337464860482
2017-08-21,0.0016581862120753662,0.004348065166545084,0.002024257872131917,0.009332111772042271,0.004197748069664966,0.0045323498077341805,0.0041659063167283775,0.005268404598668788,0.005258117220287742
2017-08-22,0.0016608517786180787,0.004347147456138245,0.002001610612899542,0.008895773961534827,0.003998973609609912,0.004596858435527658,0.004173182184334355,0.005276351604255962,0.005314689360674335
2017-08-23,0.0016410414526019288,0.004322731812031987,0.001998498499354452,0.008703056370559044,0.003688382540173627,0.004505274307746398,0.004157139793002348,0.005010343120932088,0.005272698058170324
2017-08-24,0.0016478497888718997,0.004263942389460735,0.001990347092426016,0.008410923672351548,0.003653567066861011,0.00452406361103129,0.004054509431989847,0.005059608571007439,0.004977722241476967
2017-08-25,0.0016458460472206996,0.004260831893823598,0.0019846210131108082,0.008395043109697412,0.003645296637917151,0.004616528308590183,0.004021682445440308,0.005039495280948819,0.004951117270335197
2017-08-28,0.0018162734218908764,0.004518421517561053,0.0020061062670930843,0.007961043116402234,0.0038267927367296407,0.004559480450574124,0.0040526575191913205,0.004892531631205426,0.004734771326334056
2017-08-29,0.0018810980896670976,0.004644977863221842,0.002041238476397648,0.008026545944775025,0.003819235578293616,0.004641567181901072,0.004063680589843978,0.004924942742381287,0.004155073304353945
2017-08-30,0.0018675021541187482,0.00514384333605042,0.002039898829169523,0.008090799887907577,0.003967014097322726,0.005398073252147268,0.004090974415996155,0.004900682949063184,0.004249015363971196
2017-08-31,0.0018044286838843975,0.00530521949736436,0.0020016215376572853,0.008045853765566482,0.003845434304441853,0.005425373160100432,0.003991984496059101,0.004876463615184567,0.004451883841636331
2017-09-01,0.002063322957398657,0.004939046785592381,0.0020135139761936287,0.008259437205633937,0.004203092479934673,0.005319732400324946,0.004143171609660124,0.004566352705913777,0.004674210233624309
2017-09-04,0.0021418390600871605,0.004952875537170525,0.002004345052988855,0.008254314475072749,0.004043696999330125,0.005281164973052062,0.004096566639306985,0.004312384520970334,0.004667925419339683
2017-09-05,0.0022599796014344774,0.004927233755171498,0.0020242229534859963,0.008214605381810567,0.004116078085147792,0.0052020914960014,0.004039097154287906,0.0044841849443359744,0.004681461117441074
2017-09-06,0.002291698595903832,0.00486736582154591,0.002023520139015341,0.008205183205438239,0.004115409316842081,0.005157061444573601,0.0042101993223779685,0.004344715746247274,0.004544159431352422
2017-09-07,0.002407190681881665,0.004847315768333549,0.0019608862116226276,0.008215188859455182,0.004128961849110985,0.005128690291748356,0.004021770975566686,0.0043763818730052405,0.004197069643931078
2017-09-08,0.0024527855397768177,0.004981207194718334,0.0020632688074127747,0.008195468148997357,0.004116624700571138,0.005646588833165418,0.004283305018158886,0.0043774653192692504,0.00449064304755398
2017-09-11,0.0032654356288657313,0.005104285842836239,0.0020989726263642636,0.008175908911957698,0.0041510603302241265,0.0060882308217799505,0.004277420496826901,0.004233336060502415,0.0047274393354914575
2017-09-12,0.003295269357527748,0.005071948120340881,0.0021312122334508367,0.007776768719053683,0.0045880879472848775,0.006364392833959342,0.0041681949061239875,0.004389382027993473,0.004731370973245297
2017-09-13,0.0032770399306678226,0.005108915964873631,0.0017500775119817728,0.008064752764806133,0.004590699351358516,0.006374066257808284,0.00415977884239418,0.0045684793676285616,0.004728060966068106
2017-09-14,0.003383203167739876,0.005309527260168081,0.00177814992728453,0.008118094611359091,0.004702888300187986,0.006448681609098682,0.003989852664742057,0.0045621769042327835,0.00479763391491831
2017-09-15,0.003384915540759794,0.005438682773444482,0.0017725052192136186,0.008089175194179244,0.004801082163720139,0.006463632957984394,0.005176320848194694,0.004605981775294494,0.004794638929784406
2017-09-18,0.003501208138003649,0.005317513807235586,0.0016800262834980144,0.008100108860166844,0.004965234769331069,0.006360038899175203,0.00498556577986594,0.004538422863826708,0.004634358237803569
2017-09-19,0.003509655419483943,0.005322289015119713,0.0016521113125747872,0.0077451435010484895,0.005223939865496273,0.006283729443651127,0.0050041775229905175,0.004600823579262177,0.004601798517086062
2017-09-20,0.003464336267951102,0.005146165985495134,0.0015551729166619988,0.006396290648446562,0.005275690786297834,0.00621089558980682,0.004934512707392261,0.0045542799497261454,0.00461650145150124
2017-09-21,0.0034685616711931434,0.005420536858127674,0.0020020279255442107,0.0063547390409427725,0.005742593213956186,0.006463160230054736,0.005014478633191325,0.0044276366924068875,0.0055442932992644575
2017-09-22,0.003449698220841478,0.005459074600364014,0.0020002475290995542,0.006229459760857274,0.005712104321411992,0.006406753429936895,0.005058802855209144,0.004238847396983804,0.005569225356527043
2017-09-25,0.003593401074773466,0.005654637297967849,0.00214925979860056,0.005491885744894844,0.005757104999913462,0.006381494617195573,0.00520361560619797,0.0042306472410302415,0.00557983045290582
2017-09-26,0.0035915381384918005,0.005734392790355843,0.0023587885437361513,0.005531264219809986,0.005827745086225897,0.006275605202558468,0.005111501542338305,0.004656044581040058,0.0057609572979985075
2017-09-27,0.003584795961527087,0.005755710630460714,0.002408526930449425,0.006004347722656507,0.005993936276064724,0.00642007373326152,0.005116740803525897,0.004534101111957968,0.005811555184590272
2017-09-28,0.0035965163683994166,0.00577787422548032,0.0025336695970353987,0.006002587432036512,0.005984644027163205,0.006328358138445812,0.005112910589180722,0.004501580325285874,0.005598688094944982
2017-09-29,0.0035990222686217333,0.00575608102647064,0.0026134772467207184,0.006006978969141147,0.0059996770703760185,0.0060148264367859035,0.005199566516039304,0.00450101622083708,0.005602053932426452
2017-10-02,0.0035994440940994316,0.005831773766332362,0.002611049482640915,0.006209279679630324,0.006016668094359874,0.006014919988177025,0.00546921532776639,0.004450124074259833,0.005602921966547481
2017-10-03,0.003603797892167594,0.005831336446007199,0.0026356468398723246,0.0062643316707950356,0.0059839274831961255,0.0059987195985501,0.005469209329260237,0.0045762212186694,0.005587536993731327
2017-10-04,0.003615883914105843,0.00583947463666775,0.0030183305059794606,0.006637682177029528,0.006083537645063478,0.006071602866750617,0.005448327877542728,0.004722642158237787,0.005722428167966649
2017-10-05,0.003664481901543264,0.005878445840711576,0.003020321316666375,0.006611310222960693,0.005921099671799474,0.006068252682173116,0.005707174982574015,0.004599778030616047,0.005813570528059264
2017-10-06,0.0036618566926625543,0.005899890527670041,0.003066652685159787,0.006656846795777219,0.006350756589054078,0.006075835471457258,0.005892332736083854,0.00488767424258591,0.005880413450168332
2017-10-09,0.0036460676815496798,0.005628968779661029,0.0030377283278004014,0.0063624482675050005,0.00755013495270146,0.0060340490644353335,0.005889588341323832,0.00483558374101908,0.005823180114440656
2017-10-10,0.0037706865585161358,0.005337161672131127,0.0030602343345044036,0.006454070913134493,0.007879052523975732,0.005924001536809376,0.005872102822185967,0.004787498841406512,0.005824500617625199
2017-10-11,0.003790509908740683,0.0049985083267511275,0.0030851544648652493,0.006675419174496731,0.007933750808128309,0.005411127560707578,0.005831767606079995,0.004774596715686916,0.005783504796658243
2017-10-12,0.003784389258020287,0.0048134672326481075,0.0030924771475042637,0.0067708005537908825,0.007936460767812872,0.005366357857560095,0.005800997274302026,0.004768269777068076,0.005659828636822802
2017-10-13,0.0035918982271351246,0.00462629010279978,0.003101835800234369,0.006687435329362107,0.007639066112228441,0.005295334102116996,0.0059457100354365165,0.004537202223826223,0.005485011613231732
2017-10-16,0.0034783777995014203,0.004623215755793496,0.003176702754492921,0.006780092571726714,0.007710154037685131,0.00527270977912692,0.005949156421365949,0.004646655562547567,0.005543648390851073
2017-10-17,0.0035307882466047665,0.004663052064849795,0.00325896877342206,0.006929163897959354,0.007724680873951177,0.005237445457517306,0.0061737010885505456,0.004523214882714376,0.005543961847223786
2017-10-18,0.0034510342144197788,0.004607433730400597,0.003256365217552932,0.006966566161226488,0.0077156795833172595,0.005235639743644058,0.006079754465684289,0.004568743671109439,0.005548713214976637
2017-10-19,0.003297665892659196,0.00476902288801517,0.003238780966584061,0.006766077438018443,0.007636749857145228,0.00528680420726362,0.0060501612335479345,0.004474185838951054,0.005545682217454927
2017-10-20,0.0031551515056848587,0.0045390729002851805,0.003148377471075073,0.006931091548170318,0.007630032773844157,0.004535854197440207,0.005827055768436695,0.0044131533347849085,0.005151626157718479
2017-10-23,0.0026272992526757384,0.00459413866664064,0.0031390570926560697,0.006910148478923398,0.007596357530463274,0.004161442159538358,0.005827746357707496,0.004501964014895133,0.005041048147486333
2017-10-24,0.002636078039375813,0.004530636881402897,0.003126661595342655,0.00690691306644187,0.007525830223550375,0.003873402196068511,0.005760515784486604,0.004832688234258347,0.005089068106347032
2017-10-25,0.0026308730872868814,0.004482868406663496,0.0031791903177880504,0.006785343072213385,0.007525682038057641,0.003863848270978326,0.005901356169042254,0.0047112367266561135,0.005279157009269453
2017-10-26,0.0025864600945807725,0.004285064596239004,0.003178471312603466,0.008501981134724815,0.007665609089410276,0.00379936740330083,0.005879709256815407,0.004713291346370026,0.005216185857597208
2017-10-27,0.002587088664974832,0.004644411892140796,0.00320981242100872,0.008540938821505941,0.007684967153567586,0.0037898550864289,0.0048659690896907136,0.005689606286085853,0.0053130775318121
2017-10-30,0.002521745866355486,0.004653605362087619,0.003256591060824688,0.008825738641846114,0.008179184917854082,0.003968994564843263,0.005123683494086662,0.006310462531615836,0.005388675339713856
2017-10-31,0.002541850043271729,0.00465883064468536,0.0032518845146392197,0.008766512708173246,0.008127397791787502,0.003979590344281353,0.005182921268525915,0.006323917689355192,0.005376545992962021
2017-11-01,0.002596318110402129,0.004605995720700109,0.0032819935765535735,0.00866961103210924,0.007999713362256817,0.0041153527136166155,0.0052014839396851515,0.00634865871846431,0.005126567716411196
2017-11-02,0.002556643797854077,0.004438130330653139,0.002933847746034659,0.008846083429848876,0.007855170932992575,0.0037148649328087023,0.005583401927915867,0.006478861036480463,0.004449037102877038
2017-11-03,0.0025643489821083765,0.004332936261040582,0.0029410815148763884,0.008782273727465206,0.007799739677372983,0.00365812019931725,0.005444729950799962,0.00648044591341803,0.004363002409774511
2017-11-06,0.002396631443290667,0.004229127925194665,0.002828464786245888,0.008800224132064372,0.0077511838880579215,0.0036582742692268244,0.005389360243467783,0.0066539132722500515,0.004362826883861402
2017-11-07,0.002382855712136715,0.004088668534506626,0.002766173748294889,0.008814549967205456,0.007772363465511756,0.0036186236203896607,0.005355586308662571,0.006571215311756227,0.004138596883656543
2017-11-08,0.002381986611459768,0.004077640287806192,0.0026797773985753307,0.008469701399808134,0.007739629430885939,0.003504207502487287,0.005356854756656334,0.006666182408897944,0.004165423879809321
2017-11-09,0.002339329729783964,0.004087054011129194,0.002607809849945338,0.00843745759891293,0.007856750046372896,0.0034593530192201277,0.005334073399271334,0.006671455172598041,0.0041348681081720155
2017-11-10,0.0023365303937745567,0.004080061101878162,0.0026196722569681924,0.008615755261837551,0.007815629676289274,0.003457437640630422,0.005406212026831249,0.006752369456650083,0.004125952128069378
2017-11-13,0.002336179367708709,0.003977183473288051,0.002745254264305441,0.008710150846332101,0.007792384195440456,0.003423044886552641,0.0053674427113446005,0.0067723244416381,0.004147177236289462
2017-11-14,0.002321070799472588,0.004224427280129138,0.002691827877217057,0.009056190536018263,0.007882357746031875,0.003427150645210724,0.005346251729077791,0.006731015051031454,0.0041492788959336235
2017-11-15,0.002335868362405257,0.004445116579175693,0.0023766389530300133,0.008730286936808596,0.0077402150119688035,0.003529928908041962,0.005379518813236047,0.006761893171990551,0.004040282502341607
2017-11-16,0.0022782308150226505,0.0045223559463916175,0.0023692914225776868,0.008858347517643077,0.007881594808976947,0.003579214877564115,0.00518557738063401,0.006870047539447346,0.003945111126949043
2017-11-17,0.002278169663069523,0.00449801124599848,0.0024317457498974934,0.009511679732492055,0.0076459737977749576,0.0035802508497564303,0.004997518284091172,0.006719653907449386,0.003945717834914238
2017-11-20,0.0021106853861404427,0.004466749359602063,0.0024479216926870896,0.009491996953523553,0.006222855153102445,0.003637629039092787,0.004877064793185189,0.0068414514769464165,0.003963204852264631
2017-11-21,0.0016948621711472885,0.004500654750548566,0.0024838805008701496,0.009368830974010978,0.005879945362494715,0.003663228243162205,0.004866853581695161,0.006841518956915169,0.003938027253327966
2017-11-22,0.0017196995543981178,0.004497264871190941,0.0024698070559563173,0.009610604992116667,0.005758119991622583,0.00375144987040564,0.004868721014249309,0.006847010089714121,0.003931846450782355
2017-11-23,0.002127471373267317,0.004746046748845266,0.002608331271582555,0.009553462110435645,0.006279148215912257,0.0039555032121704504,0.004938264243723805,0.006941792028644663,0.004103363438663215
2017-11-24,0.002306461100616585,0.00470913364023545,0.0026227548727951098,0.009460553857276746,0.006293124674307701,0.003960713153601339,0.004594162427102398,0.006975534708467905,0.0040587305920558115
2017-11-27,0.002308579154884096,0.004835595848332328,0.0026025406236891207,0.010113804966718303,0.006417557691644072,0.003953651972246559,0.0046222062685721665,0.006905032398485479,0.00393783836478573
2017-11-28,0.002148476877628172,0.004893104884318002,0.002462382031799365,0.010004955570701354,0.006396845113569569,0.0039180900805546055,0.004563333393048677,0.0068668810075450505,0.003925773388784217
2017-11-29,0.002146061021016285,0.004991815021349754,0.0024707052865001384,0.00997344621596785,0.006450602489500849,0.0038737785558439525,0.0047966906361498396,0.006880546725761378,0.004015133577714876
2017-11-30,0.00215109517122252,0.004827250102046831,0.0025227889191269583,0.010019792901047913,0.006461620876293211,0.003935225791472863,0.004873776928124748,0.007539770295875651,0.0038148467126893353
2017-12-01,0.0021557697095626977,0.004850154070258211,0.002526481638336514,0.009924987115928652,0.006489348835367432,0.003800539843349789,0.004876178132282804,0.00753854572005056,0.003824382702725953
2017-12-04,0.0020819578775359755,0.004691579227673343,0.0025353565926904656,0.009979401626875672,0.00664004724421922,0.0037088187938897604,0.00488210952088407,0.007559336105351762,0.003954561559347012
2017-12-05,0.0020791718557447527,0.00469532879852624,0.002516427183545847,0.010086894272167737,0.006808628921469519,0.00372418687387926,0.005070768200547891,0.007382800945323207,0.003950786554833098
2017-12-06,0.0020508465329419196,0.004708957213666466,0.00249892210275933,0.00997406635536178,0.006890283702520604,0.003760983422865109,0.005013266486581105,0.007396559636231903,0.003774360225048703
2017-12-07,0.002043874154590187,0.004707077445328911,0.002502099410434368,0.008370908358700802,0.006651408145236827,0.003897457965478974,0.00494260459593061,0.008185768939166515,0.004164366671915853
2017-12-08,0.0019779586221458124,0.004109493879807481,0.0024470259895508334,0.008375189687859573,0.006294043308470988,0.00404317714665804,0.004658414249009969,0.007436667122650077,0.003849149501706992
2017-12-11,0.001964856024521827,0.004180311312352665,0.0024115743304083588,0.008233655559326076,0.005986774334054329,0.003912660296270334,0.004523563014492502,0.0069901567445721235,0.003777380327008081
2017-12-12,0.0019303466644843199,0.004203680428188491,0.0023821840475667434,0.008184929788115804,0.005931752092803329,0.003921004146280769,0.004483706090182151,0.007315972590865144,0.003954576875383799
2017-12-13,0.0018442281617733853,0.004210807275241579,0.0023504070622845604,0.008191388165893527,0.005915314518116545,0.0037153880055677403,0.00445465600935708,0.007279817966271578,0.003914376943678555
2017-12-14,0.001871402197510742,0.004491742370959,0.002355603321339322,0.008270691323651347,0.005958099403142891,0.0038721912927930173,0.003952661557982771,0.007281351354997749,0.0045035411531382415
2017-12-15,0.0018514981987361322,0.004545395464914825,0.002518428476993538,0.00806879551264278,0.005794655711663445,0.003914299297164819,0.004039291475916163,0.007363225606512922,0.004468499182516886
2017-12-18,0.0018402243640030552,0.004401491197095574,0.0025449966196496427,0.010320696211956944,0.0058929304289243424,0.0039317518889503585,0.00404353356712515,0.007396334591968661,0.0044689973238452
2017-12-19,0.0018751059844748137,0.004375860560088893,0.002401679958521828,0.01038283623892903,0.005896477647711304,0.003952845141421446,0.0040496338222971605,0.007287023059941416,0.004462495539375741
2017-12-20,0.0019722626746528082,0.00436965230250317,0.0024250537546830933,0.010350129411369039,0.005776472549570426,0.003927658323422831,0.004069577360520244,0.007172226888584363,0.0044139830390705756
2017-12-21,0.001967254934672369,0.004340459650291681,0.002431572500543302,0.01038998973869368,0.005713711460293161,0.003930452744868996,0.0041543169822764615,0.0072275308868473805,0.004414372838095161
2017-12-22,0.0019674346302222343,0.004336813726675163,0.0023478578866665757,0.009991738000589771,0.005708967115880943,0.003935774364525611,0.004075638117954096,0.007172355661037824,0.004519176833569295
2017-12-27,0.0020330122332603015,0.0043698144595468655,0.0021972361353921497,0.009898332276778339,0.00563733426623249,0.003940663456776785,0.0038387909555852085,0.007203505687071539,0.004587382557762689
2017-12-28,0.002083640908133023,0.004202428211081311,0.002199135157190843,0.009835700293173806,0.00562763931439663,0.003964671303145659,0.003838963055833594,0.007195667787494793,0.004599346278896366
2017-12-29,0.0021787027937996933,0.004046750997408192,0.002211492319037941,0.009844261282655585,0.005641042429673639,0.003798737915667562,0.003875361378020838,0.007021933887366765,0.004449494061264715
2018-01-02,0.002161723108804428,0.003989534610789141,0.0023706741497853913,0.009885831740126479,0.005764376621153344,0.003792359139831153,0.0038947397961951796,0.007216190990031881,0.004435780885761696
2018-01-03,0.0021873912250719345,0.004058282424989995,0.0022661876361960514,0.009621419706426524,0.0056437761955072906,0.0037183538176713913,0.003892417595856912,0.007241396926702612,0.004232740932809255
2018-01-04,0.0021824881656625403,0.004075643889393742,0.0022317243823966903,0.009533163786873486,0.005307814837872597,0.0036904074209105128,0.003881701648549368,0.007309813306965393,0.004242848244482966
2018-01-05,0.0021824254140239193,0.003935954547566579,0.002201167177038445,0.009604364336019876,0.0050537309595798255,0.0037693549746728393,0.0038760923003308993,0.007315549254437583,0.0042334230716932035
2018-01-08,0.0022066969156826813,0.004117708475233189,0.0022657089845476413,0.009606005513219714,0.0050016644237598955,0.0036870320975746686,0.0038735469645720406,0.00731529954779171,0.004253979206695576
2018-01-09,0.0020453125330970033,0.003911527287829013,0.002229985301155947,0.00960783933640747,0.004728664150823988,0.003527686905077215,0.003762083299666897,0.0072711637593662,0.004135384922584408
2018-01-10,0.0018861075547330463,0.003988702000045982,0.0022101312835983928,0.009573165678235556,0.0050293043595388545,0.004013299999846212,0.003760093563739274,0.007301523506496275,0.004125304619946666
2018-01-11,0.0018861978192426956,0.0038434156132577247,0.00219998242773309,0.0091812556577874,0.004879992758745509,0.003992525953387563,0.0037550752759641856,0.0073458616762164365,0.0041339318329773
2018-01-12,0.002154743320570359,0.004085595731558648,0.002200871047482095,0.009154937703402451,0.005135722179682438,0.004079279737529669,0.0039589909681281826,0.007462728672203614,0.004064740968898436
2018-01-15,0.002191370604007926,0.004377678676171056,0.002195337823900726,0.0091877920837509,0.005112719253245868,0.004040232669019904,0.004104306843873583,0.0074682757142953415,0.004189943117546538
2018-01-16,0.002158642940832755,0.004472398733645217,0.0026732300142686834,0.00918394484506423,0.005149245514392652,0.003943252358981136,0.004047441603922865,0.006793203359143458,0.00419115745902366
2018-01-17,0.0021587001954373876,0.004494568063594621,0.0026867300772280586,0.009138155635506766,0.005356166597465437,0.003931230708938394,0.004044976302137704,0.006931497264836739,0.004189040493090117
2018-01-18,0.0021206262253735337,0.004478826350563567,0.002682283322604029,0.009140225728628402,0.005380488424102426,0.0039476013326757466,0.004174699192589142,0.0069856318159523525,0.004142114410968695
2018-01-19,0.002148366014341099,0.004454253908549718,0.002681444084032001,0.009092087452658389,0.005241401893206159,0.0040379973663461554,0.00392800691965856,0.0068426566307716865,0.004133334881062439
2018-01-22,0.0021446978963532586,0.004425005168380162,0.0026663770303001406,0.009098601238637986,0.005190165561004372,0.004020066820243642,0.0037991355578391186,0.006868317196064639,0.003900417143219846
2018-01-23,0.0021377695844746257,0.004367583733612443,0.002676830790231096,0.008844487738806393,0.005230427105553603,0.0038986494916081163,0.003821375000795646,0.006053157021837196,0.003395005439320606
2018-01-24,0.00224872779699689,0.004445129431593483,0.0026660957393007754,0.008965215562782625,0.00539782980963803,0.004003828545538202,0.0046250760271245705,0.006145981300872703,0.003829700156507824
2018-01-25,0.0024390458221301287,0.004441916087591085,0.002682172264471089,0.008965525094094881,0.00529838238204325,0.004048407461658911,0.004569566023480112,0.006578316402884742,0.0038279237719073965
2018-01-26,0.002429007359204069,0.004370742509215018,0.0026901632700400547,0.008962739905514347,0.00531491788147578,0.004120894126320301,0.004582477740578378,0.006018048987008719,0.003774636843179179
2018-01-29,0.002441087733128859,0.004456904244212525,0.002684328290349542,0.009163919607959245,0.005321837875019436,0.004157470798688006,0.005200014855548985,0.006187788667434479,0.0037637541149995895
2018-01-30,0.002441810610847719,0.004243657072622011,0.002696365127568981,0.009071034370837361,0.005243559473512888,0.004054623155508756,0.005140460524023708,0.005993965341787563,0.003235156546917735
2018-01-31,0.0025469118807298773,0.004147810957187689,0.0025531153269142135,0.009046351621348614,0.005293800582280412,0.0040569314064074265,0.005019880359140328,0.005948645501022618,0.0032338040188196067
2018-02-01,0.0025429092310566446,0.0041279166054638055,0.002840299329302784,0.006422536814902364,0.005180708595238724,0.0042911407786620495,0.0050232975429131375,0.005771947239779977,0.004244235951690003
2018-02-02,0.0025411996670263383,0.004129485479344652,0.002781898232133279,0.006478311733981132,0.005180393338956576,0.004287285247900677,0.00502721127163985,0.0061199781106178715,0.004275639696121626
2018-02-05,0.002534789084019958,0.0042725295962256155,0.002773330144708725,0.006564511459120262,0.005243839633227352,0.004143101102059067,0.005661881291862173,0.006362540140449683,0.004500112119847121
2018-02-06,0.0024929514091630483,0.004692792834939954,0.0028006816687648354,0.006539143446346255,0.005378901381193986,0.0041274788639310365,0.006154087835440035,0.006830326195633442,0.005194276390314617
2018-02-07,0.0024940947854317705,0.004681943899726985,0.0028024586751293863,0.006636301300232334,0.005378089299985677,0.004128459296883828,0.0061629791671124435,0.006937927204832761,0.005142961592870152
2018-02-08,0.0031040942028869945,0.004901618270841376,0.0027871122946761294,0.006039948920965777,0.005553813367883739,0.0042015850553725025,0.006218232362645921,0.006926978577642947,0.005244082352506963
2018-02-09,0.003134745856388417,0.004884704220026406,0.0027847120331894906,0.005916988629689682,0.005561729536438476,0.004329753499157539,0.006699983958924578,0.006909430827131293,0.005227660449772123
2018-02-12,0.0032116981304423664,0.0048348213066640305,0.00271632757961674,0.0063274848996466545,0.0056042977262625426,0.004319669971234101,0.006645826891815518,0.006975401765972049,0.005231285906414509
2018-02-13,0.0032621040088221896,0.004824182584137712,0.0024566697932855534,0.006339331475392932,0.005358504386419659,0.004518645634239691,0.0066311814741242805,0.006632037733755465,0.005227719220849604
2018-02-14,0.003242124617981148,0.004758513835796607,0.002543039044543546,0.0067099782626840535,0.005341096022292571,0.004534566676246926,0.006631183478074749,0.006647846092614582,0.005231520162723989
2018-02-15,0.0032455057161697486,0.005128700645256562,0.002572429558861108,0.007036472890447381,0.005599116289623212,0.004512353667326554,0.0071612118004329,0.007313240652373852,0.005448991771317612
2018-02-16,0.0032472510084239478,0.0051427302417367884,0.0026946256096073568,0.00695186710442454,0.005590806851931981,0.004296922058163831,0.00722480973839883,0.0073426881984334025,0.005453326939851145
2018-02-19,0.0032177946491225083,0.00507158454530493,0.002674972971735503,0.006783856943325853,0.005589822114755914,0.00442285492943082,0.00723934440969578,0.0073428329816271325,0.005483386884379041
2018-02-20,0.0030887785425565513,0.0051575481355912375,0.003067188851295246,0.0069472236395768956,0.005661490956878356,0.00461747433229313,0.007228391128100877,0.0073846349809693675,0.005536370179073039
2018-02-21,0.0030593872570004827,0.005139098889834324,0.0030508916560523782,0.0068231512626470035,0.005361230696802278,0.004418515656187659,0.0073327183930911085,0.007337349999043179,0.005594643507582481
2018-02-22,0.0031215907837868775,0.005179545848379459,0.0031492098852948245,0.006962345224894933,0.005388344587896743,0.004405009068848992,0.007320070180156508,0.007330166371528577,0.005616576606213654
2018-02-23,0.003013836166712845,0.004887714284630326,0.0032895167726123237,0.007225289678391313,0.005002373275639077,0.004373590486469192,0.007153720389106435,0.007383906738755751,0.005613199800375651
2018-02-26,0.003035739827186414,0.004436801362541128,0.0032709001628950783,0.007198221164965656,0.004841596288001288,0.0043448230466186484,0.006919917643691135,0.007346437304958783,0.005275814268754621
2018-02-27,0.003039628957598396,0.004385806380984946,0.0029389021000855073,0.007317845983328541,0.00481608844705104,0.004391967629023882,0.0070900347538506645,0.007283955810895144,0.0052759023998335
2018-02-28,0.0030831354375181353,0.004566245339574305,0.0030126398353480656,0.0074588409155593016,0.004679688497477989,0.004377600574805439,0.0072235056428434224,0.00717315684285888,0.005275927537912069
2018-03-01,0.0031624318591611175,0.004583645331041748,0.0029969888173307694,0.007941106131200176,0.00443540957486349,0.004282416648239274,0.007163442610143332,0.007139754667326476,0.005527736519166896
2018-03-02,0.0031273099730688646,0.005045246994858771,0.0029933816376439873,0.007914482897498604,0.004418520889845549,0.004732681829361836,0.007182139671040521,0.007149593062111385,0.00553905781814724
2018-03-05,0.0031280331753912576,0.005038994903588359,0.003033184678280221,0.007835247112337308,0.004417877955031221,0.004736604107440168,0.0071880906580504425,0.007085793134060958,0.0055381845867963795
2018-03-06,0.003138552145908041,0.005256830381491475,0.0030529820746095474,0.008149189531098536,0.0044429812213970556,0.00489943143849507,0.0072856394633073985,0.00731902248377269,0.005947369186395217
2018-03-07,0.0030130334337697953,0.00504017666722581,0.00304023638339389,0.008373385868882083,0.004113839986047549,0.0046460831432809,0.0066714477235174045,0.007158142173603151,0.005484777611635327
2018-03-08,0.002802460773081932,0.0049755746189580705,0.003046699333280535,0.008310781970113063,0.00413336623947221,0.004654542210000664,0.00655451599996564,0.0066527952505643,0.0054709800436681935
2018-03-09,0.0028010166286648063,0.005315761183683836,0.0030468168527948342,0.008311751311604361,0.004130501163983862,0.004777038982025819,0.006580781792153714,0.006724935854817386,0.005457736192975826
2018-03-12,0.002805268346056828,0.005260446422798402,0.003110016137559815,0.008237370385364293,0.0040252718927771885,0.004749710076600043,0.006335605976424981,0.00667293412197463,0.00577517580204927
2018-03-13,0.002808864603288658,0.005348945758249794,0.0031598694302391954,0.0082536705173966,0.0041538242690322465,0.004806867774837549,0.006388203605107867,0.006740243226350512,0.005825562159017236
2018-03-14,0.0026092593294283796,0.005319241427902634,0.0031437090062918166,0.00822769438899227,0.0040176555254078095,0.004814470586198093,0.0063534497911898625,0.0067478760451130495,0.00581976868902208
2018-03-15,0.0026028955214985215,0.00533124922300407,0.0028979654479089003,0.00834836428440903,0.004083470344590038,0.00460807655254352,0.0062793390342366796,0.006966514544124033,0.0054888391235733995
2018-03-16,0.0025949858430945353,0.0053264974209289015,0.0029019480148645134,0.0083728650181303,0.004109059946769373,0.0045794162846476034,0.006278841052526647,0.006763105089684324,0.0058158532730131956
2018-03-19,0.002599789320290353,0.005285093841864435,0.00297673667275944,0.008673656310707151,0.0042834774234647936,0.004629908133451613,0.006074087230583394,0.006604634673468828,0.005866782429108524
2018-03-20,0.0025831067966867512,0.005049783867079384,0.0029515362414688395,0.008922819950419793,0.004330202005194828,0.004673273269486148,0.005648001629337389,0.006097907804198105,0.005415662150624205
2018-03-21,0.002573880253913937,0.005050315390858081,0.002947159482719438,0.008814282469616103,0.0043237347003311786,0.004680196748791028,0.005674678585199689,0.005890915094361212,0.005374807049385804
2018-03-22,0.0020231028645443694,0.0048998566109064836,0.0029718072662167777,0.008938479878357405,0.004205099392022163,0.004796904152529963,0.005629784442172665,0.005796625002048946,0.0052741086010378805
2018-03-23,0.001950686746900525,0.004909449276980133,0.002988593440388395,0.008956471523125377,0.00436532742133659,0.0046792775405421864,0.005107038897282177,0.0057700628636648136,0.005295224432797672
2018-03-26,0.0020971556139141863,0.004990576145935739,0.003016458428179785,0.008748920502244444,0.004258614588622576,0.004685268889218343,0.005185567610526142,0.005696996228679914,0.005236353422534035
2018-03-27,0.0020340050687371455,0.004920907543632186,0.003017455720863425,0.008741775860158944,0.004230743008761955,0.004692003966966425,0.005601293948190774,0.00579119591562501,0.005269736538843465
2018-03-28,0.002055526437865953,0.004926323597706688,0.002978560555996196,0.008402423455494966,0.004223710863961804,0.004666695727998955,0.005677143435791695,0.00575980297897621,0.005256571443889031
2018-03-29,0.0020548183418549345,0.004555685261826032,0.0029260375018504304,0.00841807607476459,0.003952839796747211,0.0045594145584141035,0.004988215127562944,0.004579082737655384,0.004961420069342144
2018-04-03,0.0020542205938613436,0.004543735117544105,0.0028722147794646145,0.00845502366419046,0.003840644434116899,0.004527640449664917,0.0049411625588629765,0.00462812712046117,0.00496048437475289
2018-04-04,0.0021606709162476064,0.004502801943292041,0.0028842797805464695,0.008567366009678348,0.004007369547044883,0.004477458694856331,0.00496349469223045,0.005460221744580872,0.004946264754690343
2018-04-05,0.002160460827673087,0.004394814691905835,0.0024617578599418215,0.008465260361779296,0.004059715347496996,0.004576869165081692,0.004962225732058826,0.006612403586699616,0.004929940024607136
2018-04-06,0.0021604729783604127,0.0043924948510142255,0.0024530786459632517,0.008570426250771897,0.00406105230910881,0.004555898975495454,0.004849626294350853,0.007379137003005441,0.004882844283379352
2018-04-09,0.0021174215439169653,0.00448992858412665,0.002277425113090285,0.008534129088677941,0.004060426058821594,0.00452645328289956,0.0050412681046881356,0.00736253541873229,0.00484949405695716
2018-04-10,0.0021083191437308514,0.004555319870874515,0.0020894402707376507,0.00821175290223528,0.004018597072599528,0.004483478137713672,0.004951585873493349,0.007266258211678045,0.005171321111986349
2018-04-11,0.0019800178390558536,0.004557183858812371,0.0022576593736637228,0.008212105081169797,0.005276287729464863,0.004497960774062698,0.004927685192039796,0.0072496039868614765,0.00515972503859415
2018-04-12,0.0019737656528321977,0.004642774552698583,0.002251595581067938,0.00832960515889179,0.006955250717913333,0.00450823003686046,0.00466714306546295,0.007894666704733648,0.005161964438977827
2018-04-13,0.001925069779651826,0.004443040409062888,0.0020782470080988364,0.00821580077681597,0.0069805660657350785,0.004595827552063113,0.004441857454601242,0.008153132212675844,0.005233715991149581
2018-04-16,0.0017884971529234317,0.004441569680238583,0.002227178206743894,0.00783017817239797,0.006983090448187788,0.004621233526290846,0.004326798711804085,0.008104740779127493,0.004902141076909242
2018-04-17,0.0017869347387242053,0.0039397676008443225,0.0022528738135458525,0.007902552813666558,0.00699655135735657,0.003920031515170198,0.0043209366966487925,0.008099798046357139,0.004877872659988069
2018-04-18,0.001785482983641146,0.003962243687219866,0.002214247203871078,0.007878286822441549,0.007041760545264448,0.003906738998146349,0.004571702962146618,0.008190062199528135,0.0048768540319579215
2018-04-19,0.0017633115813723164,0.003650307495623841,0.0021567761283672444,0.007465577079332943,0.007690196321253834,0.0037924344490321113,0.004410843353205836,0.00779380879694227,0.004440727834138019
2018-04-20,0.001823094913959763,0.003800667142797934,0.0023078542162728744,0.007018781331721954,0.007711742950741652,0.0037288364681704244,0.005049652605897794,0.007810739312443377,0.004872375976922646
2018-04-23,0.0018378515747639692,0.003928474937745639,0.002351011639449115,0.007610364871722668,0.007891991495131959,0.0038183603815671622,0.005189381418094078,0.007883419346895978,0.005037006093752223
2018-04-24,0.0018371123894245927,0.0034542754179214524,0.002359659726113735,0.00775655155918046,0.007902651266468039,0.0037946860601652393,0.0051261070667695165,0.007851368212341815,0.0050658086138448775
2018-04-25,0.0019054155605686665,0.0034679653676545556,0.0027157454768540735,0.00801999260826148,0.007888206264822081,0.0037593278690746437,0.005077564084760631,0.008301287776047788,0.004835548591136163
2018-04-26,0.0018910872124900198,0.0032496538649753113,0.0027632964253115123,0.008169005151518024,0.008064701656894206,0.003726822196391128,0.004988077765019728,0.00840095082389465,0.004782933772979854
2018-04-27,0.0019123606848989447,0.003529666481014535,0.002784413170889488,0.008151612067687249,0.008157844887732269,0.003646852355986736,0.005697288665580603,0.00840781223928564,0.004747161352314173
2018-04-30,0.0019096602596663911,0.0035299580229788104,0.002945247466826765,0.008069136141087093,0.008122602269972619,0.0035124564894973833,0.005706117258943109,0.008293619964182273,0.004582360026531541
2018-05-02,0.001975989388003528,0.003631929793671265,0.0030144649240421814,0.00833014863783083,0.009183164918241452,0.0034999563357774113,0.0058237990875974616,0.008610556327284285,0.004228198231690772
2018-05-03,0.0019946933926925105,0.0036220968690554405,0.002964088244398299,0.008055285430443074,0.00930142451763822,0.0036606512041831517,0.005587511720881598,0.008611051132525588,0.004081718236005797
2018-05-04,0.002014511528559858,0.00361156872196703,0.0030055888344305633,0.007672802839378038,0.009457868207947289,0.0037092286624680394,0.005566284552165446,0.008588283748033734,0.004068158251142467
2018-05-07,0.0020200987421045966,0.0036996512247067614,0.0030598721622389713,0.007738340688335697,0.009455321675798099,0.003700223071584546,0.005481283108984443,0.008613537140670329,0.0040803848027845405
2018-05-08,0.00201767648509926,0.0036504660526788585,0.0030385081211934304,0.007260146829905554,0.009414798105835879,0.003352404901060105,0.00536079958757556,0.008612164621981685,0.004080508005863376
2018-05-09,0.0019311301595301823,0.0036050238276605882,0.0030138063476722343,0.007106410715344154,0.009412712273219551,0.0033626895670458064,0.005522562752453122,0.008592899270358096,0.00405550895269862
2018-05-10,0.001646259228235336,0.003397612568439109,0.0029616065625523115,0.007625725106738187,0.009564467654077896,0.0033682647128711685,0.005382851850516191,0.008586618680495704,0.004131193606048861
2018-05-11,0.0017378888804479749,0.0035671785606878788,0.0029606363779144745,0.007848156988141668,0.009606483821004598,0.0032766416969773745,0.0051516362596364836,0.008657183256212718,0.004455455436797761
2018-05-14,0.0017294405285742664,0.0036792034766203454,0.002957041435288079,0.007872300018236265,0.009693085025037228,0.0032689281200451296,0.005023413059975235,0.008678201562616845,0.0044540739535624575
2018-05-15,0.0018535295975423086,0.003830528920696635,0.0031831530943063776,0.008158745322224298,0.010590460926137656,0.003333327740126942,0.005023938513916271,0.009262155951582331,0.004687376265880471
2018-05-16,0.0018730006633275811,0.004048605087118287,0.0032493489054608985,0.008096332193180724,0.010629058354644045,0.003283647413636359,0.005031364427737232,0.00917268385848717,0.004665273045555166
2018-05-17,0.001818412801356827,0.004084737625655611,0.0032745608548489904,0.008010936115030187,0.010587896069681947,0.0033329894460970397,0.005071105348894497,0.008874486195189673,0.0048117275763375445
2018-05-18,0.0018330320435857605,0.0040868701561502414,0.0031963308313027925,0.008209417314964365,0.01057936084601902,0.0031194519935172213,0.005058208311265128,0.00804123648938972,0.004802232035977718
2018-05-21,0.0018374219666607086,0.0040854465425408555,0.003192759763931498,0.00831059201325204,0.01138883000470671,0.003127209306811115,0.005114449265463789,0.00760825886053916,0.004817449106788345
2018-05-22,0.0019177510436701063,0.003952271329769021,0.003248970620425968,0.009666937041066354,0.011424370812655269,0.0031751367035230374,0.004849918259842645,0.008344595996939624,0.0050559532286916144
2018-05-23,0.001813879232874778,0.003925889278131543,0.0033392985613821353,0.009652088347764032,0.01425991312013099,0.003654344253615891,0.005000645219517462,0.008265771001001931,0.004880056076641164
2018-05-24,0.0018100168902483124,0.003921116475042381,0.003313219836591228,0.010133498882346747,0.014937749532763587,0.003681094103252854,0.005269004584601409,0.008454735957745116,0.004920063435841926
2018-05-25,0.0018121313326489705,0.003910544016384641,0.0037709134220810002,0.010017319655405199,0.014303307825930136,0.003670831628371852,0.005248802553464919,0.007817425554209802,0.004934529362778148
2018-05-28,0.0018017176514798273,0.0039053332424696142,0.003938311587550346,0.01004395667978333,0.015468305446137443,0.0035825501277529995,0.005141513343571018,0.007800039721665054,0.004799144342415661
2018-05-29,0.0018492793925149488,0.0038532954169668648,0.00398909140108707,0.010492422531099147,0.01546890727951743,0.003611493708151301,0.0050271372575845345,0.008304663755719166,0.004817826809745835
2018-05-30,0.0018450021888022532,0.0041599114028069905,0.004227557037152409,0.010575924605472286,0.016997447936496407,0.0035777452904917732,0.005061756517137324,0.008783079353097962,0.004888724238773762
2018-05-31,0.0019069224229323741,0.004319514647097982,0.0042341472744382835,0.01051515146624451,0.01700638594888712,0.0035921689170791064,0.0051085023437078166,0.00867231357767633,0.0050239775123823525
2018-06-01,0.0018916899999943829,0.004312419122646202,0.0043075752275772514,0.010634224317662318,0.01717667747582015,0.0037196742917879836,0.005074078923014912,0.008608089656874743,0.005118994491412291
2018-06-04,0.001928469270450497,0.004471107151211867,0.004232311599379111,0.010996078747242408,0.01722204782757713,0.00370983407574741,0.004841738273039363,0.008637371096788448,0.005781121965342259
2018-06-05,0.001890239750687297,0.004456082273899323,0.004167345066529657,0.010855612371441663,0.01720043279291221,0.0036080247172910747,0.004766253026561217,0.008608538803080924,0.005755300075221015
2018-06-06,0.0019188052868615454,0.00476223232115039,0.004222318287617282,0.010809167758853083,0.01724381816572005,0.0035086884294924514,0.004877515683204388,0.008871141527618701,0.005808938255512415
2018-06-07,0.0018734531059105607,0.004937426157631839,0.003933521534986431,0.010540174179542628,0.01817777992067576,0.003475610824100215,0.004896372637828866,0.008768425936954498,0.005635690103694785
2018-06-08,0.0019181619719998615,0.005057254507510515,0.00401121831434316,0.011123060949607383,0.018056950905285158,0.003634539545245573,0.004866348336157746,0.008828094749334997,0.005913654862871377
2018-06-11,0.0018946870900513322,0.004937632863709294,0.004008302584793845,0.011131149143854541,0.01799116121869997,0.0037207310498926175,0.0041313680605235825,0.010781251469796792,0.005918309008911854
2018-06-12,0.0018955794760342072,0.004930620761116909,0.0039045580323343143,0.011131316944128852,0.01799556396802236,0.0037643457800886756,0.00412738146865289,0.010872828549382027,0.005909763879952951
2018-06-13,0.001830388754610275,0.004839574108084731,0.0038521415640842094,0.010932553311182544,0.017757456137886457,0.003719043406726907,0.00398103461956124,0.010614380886008684,0.0058623714344603175
2018-06-14,0.0018101646719819392,0.004855451218034403,0.0038485391921439347,0.01118329352666365,0.017735880991037394,0.0036752602029402697,0.0040209104331364615,0.010652926072298358,0.005884993891280153
2018-06-15,0.0019341111847532499,0.005239144888863857,0.003948672725715646,0.011941072223457059,0.01787554574931057,0.0037152908915915753,0.004195737107915817,0.011288805943176704,0.0062733372143259905
2018-06-18,0.0019799397147771017,0.00518603778072913,0.003892799339527509,0.011890262102355234,0.017880111168149804,0.0036811001308605885,0.004184182840428369,0.011428219681608962,0.0062921102035334775
2018-06-19,0.0022857686936837945,0.005291856269146995,0.003971187987075488,0.012908770894085595,0.017914578493623916,0.003762287868338061,0.0043508664410782955,0.011480361947084832,0.006599738971590903
2018-06-20,0.002307537492681758,0.0053549218056251615,0.004036334302747408,0.013259931999788753,0.017941099333466326,0.003642027316821916,0.004168221945439748,0.011671293093931183,0.006650276489562957
2018-06-21,0.0022966078955858273,0.00537338734294792,0.004064128446754133,0.012835599656503627,0.017828531468323378,0.003750599330139262,0.004165846742512915,0.011776366792160023,0.006613555063171347
2018-06-22,0.002208870675655293,0.005611165630983945,0.004077608986631786,0.012972156079796755,0.0180354809061517,0.0037822108373917547,0.004313897110724075,0.01187349463638951,0.00659740790608866
2018-06-25,0.002385588299218461,0.005609205698358001,0.004088129225925226,0.012939253444272134,0.018069931468268005,0.0038952264534879186,0.004291807757374602,0.011867178620563348,0.006596431374182636
2018-06-26,0.002503899227440167,0.0054119243128596395,0.003876715803859774,0.012604359556857563,0.017513128844595813,0.003781939258690255,0.0042570991096359066,0.011306997417917122,0.006470766802347471
2018-06-27,0.0025357674959912663,0.005271906698722308,0.0038875207588618533,0.012661000465718395,0.017511740636316695,0.003930447112711747,0.004310794412084836,0.011338301853725268,0.006472509827748291
2018-06-28,0.0025403336990211323,0.005270868609334902,0.0039019094990090657,0.012794789385957758,0.017538560504037477,0.0038358653835831556,0.0043988911758502175,0.011728898617191534,0.006451122412253556
2018-06-29,0.002565975044236138,0.00541860680480744,0.003966245033602352,0.012842635793887005,0.017549199213717472,0.003907005480023994,0.004556441245835325,0.011541645026613992,0.006564966305467612
2018-07-02,0.0027752883796179012,0.005416492868258686,0.00404282141345223,0.012643460116920543,0.016937013597717328,0.003863972226023359,0.004479302673914417,0.011632118013267584,0.006580467213686457
2018-07-03,0.0028211955637362997,0.005402539788270532,0.004098539679253786,0.0117323132534546,0.016956871728101154,0.003794800867561531,0.004592915477802771,0.011184660316114264,0.00651603683798366
2018-07-04,0.0028526403344729906,0.005250663957330308,0.0039919257611514564,0.011700932891010023,0.014048410183012736,0.0034338708931551903,0.0042111202532391,0.011182496723169915,0.006402890504427152
2018-07-05,0.002833849092910948,0.005351215071691989,0.004022348913478989,0.011512855563319088,0.013755607824972699,0.003388059589939791,0.004038426504327714,0.011067203951621089,0.006380136408551908
2018-07-06,0.0028377320448975713,0.00528862808369048,0.003675251276525254,0.01151155057537654,0.013705181164444488,0.003377577491480134,0.003943399277639334,0.01130443385398256,0.006385969571850888
2018-07-09,0.0030724431888466144,0.00535029640924101,0.003572714101144209,0.012253204345332603,0.013235586008106278,0.003387268138296302,0.0042301206774770644,0.011947461296666967,0.006618053338511493
2018-07-10,0.003097624935479662,0.00530477531707131,0.003447455505703008,0.011976130370205488,0.015192076841041758,0.003505181770719302,0.004339889300001493,0.011552931798686463,0.006639894887724566
2018-07-11,0.0032037294000660486,0.0051938263933936895,0.0031898237681972836,0.011814221778494501,0.013909668302368484,0.0035083709335337514,0.004318349494534729,0.011621672178568992,0.006683756435424447
2018-07-12,0.0031680176943781565,0.005235757655282438,0.0032819061577992986,0.011872909711157972,0.013939123506131471,0.003978896859841549,0.004318273046546986,0.011685931565067984,0.0065833090140375835
2018-07-13,0.003212283242793898,0.005220364702044512,0.003192723679123682,0.011863371137994417,0.013045808936163437,0.003879389008355792,0.0043469536291726426,0.011752098882622273,0.006454834894606592
2018-07-16,0.003264669930265423,0.005252356342138218,0.003182394632787036,0.011728137781343639,0.013027751470475813,0.003908449498993181,0.004536880943680331,0.012028541205373484,0.005622871896248726
2018-07-17,0.0032545843871422627,0.005162824082172394,0.0032068643086035817,0.01156529139081402,0.01305891624996363,0.003906207890734052,0.004657197579472972,0.012018891139656672,0.005534435436910936
2018-07-18,0.003253318171002562,0.005175785574378863,0.003129239128635176,0.011553028341998499,0.01302840620870333,0.003866364503923471,0.005079681035585167,0.011740141498446773,0.005503100973888647
2018-07-19,0.0034624265929764867,0.00503601487162569,0.0032561028075760215,0.011611266159252063,0.011820699541410167,0.0038670566685335816,0.005094052805033653,0.01143281000927223,0.005500915437139836
2018-07-20,0.003462300798018109,0.005084717083360821,0.0032120766270955685,0.010872466976236957,0.01198217704423062,0.003981503349218529,0.005224440794933546,0.01180954369026481,0.005453133179944849
2018-07-23,0.0034524447308896815,0.005106710795031879,0.003195490428902104,0.01086096183396794,0.012110076367036567,0.0043566817703567014,0.005413064980230619,0.010380308448559989,0.005479478265892177
2018-07-24,0.003431682130341304,0.00510799524241909,0.003195977463323638,0.011147853672029145,0.012878093491738981,0.004320823774427315,0.005412628956310774,0.010308552238879158,0.005486552220320921
2018-07-25,0.0036394839064234933,0.005101320005509668,0.00324707897303031,0.011213356663335608,0.012651941073045715,0.004310172751633267,0.005426237607664001,0.010617006496741474,0.005488233465455585
2018-07-26,0.0036086189143523188,0.005094317366887836,0.003260238147835076,0.011019423545664243,0.012660261357479836,0.004252777458140497,0.005407825327502215,0.010608104465369554,0.005470448516400715
2018-07-27,0.003737643522870436,0.0048433497047847916,0.003080999812280783,0.010075807029403078,0.012391200917236516,0.004185361017756441,0.005409644172228209,0.009864146164248785,0.005158837322573208
2018-07-30,0.0038019929158182525,0.004922497378263312,0.0030866043216111277,0.010091534189419354,0.012391234742393741,0.004174316704368677,0.0054208887947758905,0.009868268634046785,0.005142493306506829
2018-07-31,0.0036969922386393,0.004795308344571779,0.002970149546631317,0.008285247835780494,0.012291337542735228,0.004107267641305696,0.0052858693918659255,0.009823392599005975,0.004651959392235312
2018-08-01,0.003850674984666395,0.004808624252687382,0.0029161711369492752,0.00842126962622464,0.01234361080116849,0.004136207731873056,0.005281554362421005,0.009773930392925786,0.004598959210938537
2018-08-02,0.0039460952999033055,0.004936129448755039,0.0029892868410830694,0.008839886873584788,0.013097640820884437,0.004121044689448841,0.00545014792089054,0.009618479720820933,0.004805062767870414
2018-08-03,0.003979690258519377,0.0046389348032227435,0.002976274053246669,0.008636867532284053,0.012858833410101942,0.004049284877004565,0.005308344187494727,0.00964626072804165,0.004584615460685613
2018-08-06,0.003905377578874397,0.004601930821259343,0.0029875861440170925,0.008665934597062549,0.012945693765960536,0.00391982870198332,0.005408752482930884,0.009767668221934098,0.004582401759893498
2018-08-07,0.003926981939043313,0.004695179055604769,0.0029882060377310754,0.008840943476435265,0.0133824537304281,0.003991359986799434,0.005423461929674608,0.009754829856626204,0.004684798201670585
2018-08-08,0.00390574128975458,0.004617853943750853,0.0028730581374714365,0.008884241916559956,0.013386577808245193,0.0038598866595149907,0.005526307235497144,0.009940019201737801,0.004744222529694114
2018-08-09,0.003930592746033025,0.004588744134235752,0.0028284613182094345,0.00855572192726958,0.013647955498582526,0.003856327261543293,0.005429448439084552,0.009487692421123297,0.00459928743570197
2018-08-10,0.003967663637751011,0.004918959213730234,0.002723529283663396,0.01017256846834154,0.024796759120941363,0.003791105462391931,0.005519814996193734,0.009684197517659084,0.005277319142998337
2018-08-13,0.0038997902618361606,0.004971426595502644,0.004064673662733379,0.01181722463688291,0.03437608816676608,0.0038307014278795215,0.005515688369421045,0.010187691252567814,0.005284395642627338
2018-08-14,0.0038185956846428994,0.004944435467626188,0.003995990646537971,0.0119507833062561,0.036663189851734154,0.003851065149931214,0.00538462704773706,0.0103313522799912,0.005135850541282402
2018-08-15,0.003845676865145037,0.0050922482885314944,0.003968136495260103,0.013170203908914596,0.03887594542764906,0.0038482570223651144,0.00543269178657369,0.010504685142147741,0.005215464442406662
2018-08-16,0.003926943830752855,0.005034697127625336,0.003986923219732274,0.012965476965916977,0.0399483047480347,0.0038556227981165095,0.005366239142080966,0.010543141761008089,0.0053244609335344984
2018-08-17,0.003957114245670653,0.005044502401840995,0.00397925338968256,0.013495150736482286,0.04086432664661241,0.003925669824249054,0.005383378566803921,0.010555771645566434,0.005304436347401643
2018-08-20,0.0038744523855978085,0.004940762083277524,0.004050937331674516,0.013595199907587476,0.04062630626786758,0.003928232542177414,0.0051560787581051565,0.009878216673682692,0.005105745680396385
2018-08-21,0.0038865960588337248,0.00505035282573508,0.00404018812537065,0.01373966530485904,0.04025237154701456,0.003693103782603807,0.0051722562777631025,0.010015029573793348,0.005152272391945612
2018-08-22,0.003795559808493574,0.005382563374881151,0.004034571673451371,0.013984883026488648,0.040540843513538864,0.003699824369022373,0.005416826538808818,0.010059141225127613,0.005041988394769115
2018-08-23,0.003871184854691631,0.005281060347091505,0.003979195247675254,0.013971709172915438,0.04053980315212424,0.0031673631499616315,0.005393251767577073,0.009971335983163382,0.005335813442573846
2018-08-24,0.003959633749070819,0.005280380034449401,0.004027763224757971,0.013866788789370865,0.04057132888686582,0.0032844823087133314,0.005376664341571317,0.009953962269752956,0.005355416750345709
2018-08-27,0.003951019868708889,0.0051836129487723434,0.004063198845416144,0.013638558939861696,0.04063228742675075,0.003293065542385431,0.005079702144475671,0.009576854636863303,0.005253201875429189
2018-08-28,0.004020218239161359,0.0053280966613904095,0.004051459096068509,0.01381260051997855,0.040561347954040955,0.0032548432591982374,0.005035413590218507,0.009565994986934102,0.005290395514191606
2018-08-29,0.004002514030857094,0.005162265212102816,0.004210645659428403,0.014097289892861062,0.04069648016266583,0.0032665364058444505,0.0045106400794169286,0.00984930772571475,0.00534622240662866
2018-08-30,0.0037060544014036615,0.005167605007122424,0.004099088756907108,0.014105567044084645,0.041019051289804806,0.0032489675185283194,0.004902730357875587,0.010013650571442084,0.005333394089422878
2018-08-31,0.0037022064658262014,0.005050506109663413,0.004056587371191862,0.014220398179371308,0.04138916314873159,0.003176062274420764,0.00483686030091117,0.009363124593973215,0.005527605018417379
2018-09-03,0.0037241332049376226,0.005032659174249197,0.00407029228224796,0.014269540869370052,0.041220396245955235,0.002727289804517163,0.004861059670610859,0.009633020519272924,0.005470056004942869
2018-09-04,0.003736235391477702,0.005078369751049993,0.00413741755065202,0.014417466854832247,0.04114526724976818,0.0027302597301605207,0.004878533958642022,0.009808312842197782,0.005473633370937032
2018-09-05,0.00360924838233199,0.005089964549073379,0.00406480856919761,0.014424422062004106,0.04106429382753575,0.002769397769986216,0.004845887770580562,0.009343033378984244,0.00546552862210139
2018-09-06,0.003575234848881714,0.005144995254137969,0.00404239417258726,0.014799520137120827,0.04129569061785056,0.0027727408362518066,0.005214078209835645,0.009812899769829027,0.005515271665747296
2018-09-07,0.003305089472547175,0.004950948508075957,0.004126748419390356,0.015186539370010875,0.041638297842397386,0.0028609688857161764,0.0051306440289101566,0.010319989660341464,0.005484891729077377
2018-09-10,0.00332868837897234,0.0049006478538992865,0.004390614237361493,0.015085576488411872,0.04162141542402985,0.002888132184896117,0.005167236906985666,0.010108899784228919,0.005505574687604373
2018-09-11,0.003323338740362202,0.004819254569039023,0.00435281895837911,0.015050343931678733,0.04160232773233401,0.0028306917839013537,0.005179895836897759,0.010464905668835752,0.005425613675865005
2018-09-12,0.0031858237726656766,0.00479313735936618,0.004520880742147419,0.015030271746143787,0.04188985453321259,0.002779440731441417,0.005186851804485264,0.010517823273137083,0.005503231032924889
2018-09-13,0.003022025492964117,0.004669527209123928,0.004563215727299849,0.015511540189417689,0.04226605779722934,0.0026987224558662607,0.005019162056000289,0.010519085985564296,0.005695578390510232
2018-09-14,0.003016131917436359,0.004765481453014546,0.004615952287826906,0.015410850501127189,0.04245260195871311,0.0027173986917144967,0.005046439705136996,0.010298719221922468,0.005645121365648652
2018-09-17,0.003005464118758761,0.0047134201596642,0.0048428206021057804,0.01544798934990683,0.0425945793795066,0.00272910912249857,0.004898415993867142,0.009967816056532732,0.005643445765164761
2018-09-18,0.00291646164376482,0.0046428305862526754,0.004840089631056956,0.01527950628669265,0.04254161807190324,0.0026401400144272754,0.004881065074302623,0.010364861662449876,0.005496468695557881
2018-09-19,0.002916956179408006,0.004665202277641185,0.005160595883079188,0.015739213416760635,0.042840451790701825,0.002638941704534826,0.004631218957675269,0.01023966111372334,0.005602146143529936
2018-09-20,0.0028895240501124343,0.00491405499538123,0.005308975605417418,0.015994844195921454,0.04273886494617538,0.00264668287398901,0.00500753902850418,0.01059192339577568,0.0057076594377410495
2018-09-21,0.002771040758521527,0.004327040495678197,0.005307883930732595,0.01519513393365548,0.03697546197875814,0.002710502547369829,0.005080839096790028,0.010676145213023031,0.005008164787117562
2018-09-24,0.0025869724915821794,0.00420018145843115,0.004531333967762235,0.01402926875474358,0.026260530881540838,0.0026360818836529925,0.00507093251150318,0.010193438154530828,0.004947923490184823
2018-09-25,0.002626875137713183,0.004199704855511538,0.004503454893481801,0.013952165950059303,0.024369448782370105,0.002622657705424895,0.005070670627615014,0.010256004170384816,0.004963603802842935
2018-09-26,0.0024442708118098365,0.003971880802515947,0.004523702341794564,0.012690171484028245,0.02183759585518826,0.002632333279512263,0.004917176461200555,0.01029677783455897,0.004853518458926176
2018-09-27,0.00239043244258272,0.003984196737715528,0.004505776966192442,0.012892784059234498,0.02019330240260245,0.0026174065521740696,0.004936387469228829,0.010522521308592735,0.004754465978303637
2018-09-28,0.0023744766371638372,0.004566111139194913,0.004520387189193183,0.012173960259366063,0.01722290920711955,0.0025508664102118057,0.0052454902956638495,0.010222662022435668,0.0047623613200913455
2018-10-01,0.002313652569226096,0.004566815782479452,0.0044581455863403775,0.011521375816499039,0.01726308740671607,0.002666888919724474,0.005232814968124201,0.010153558445962949,0.0046663242928724905
2018-10-02,0.002278182099799425,0.004517402333553236,0.00453647921211158,0.011790655980282989,0.01736172756771954,0.0026522168809937543,0.005290028047752824,0.01030024374224079,0.004644397601078618
2018-10-03,0.002272716413111647,0.004130583921182541,0.004548920149693608,0.011579443589149899,0.01711987580481584,0.0026235495092626097,0.005116242075459617,0.010946322212133588,0.004647260874502671
2018-10-04,0.0020456117150875314,0.004153222908481179,0.004547376779631906,0.01214225812029835,0.017193747660653583,0.0025389340119014053,0.005090230512467828,0.011187067279334547,0.004629946580124146
2018-10-05,0.001842146522745754,0.0041503780225377145,0.004470644315561782,0.012165001604051016,0.017215744929516427,0.002533392300142092,0.005129049523768131,0.011590584474335513,0.004597891768836417
2018-10-08,0.002296213133784383,0.00409416779599824,0.004474580444126879,0.012207655465376966,0.016729895826444546,0.0026569867006035327,0.005125052739079331,0.012190725551637234,0.004541847332623051
2018-10-09,0.002173952129888635,0.003913020760911561,0.004475359897571504,0.01213503787483386,0.016609757372162286,0.0026808953857027766,0.005100106464124811,0.012249786291816106,0.004426025737546756
2018-10-10,0.0020747625431261876,0.004026671016239364,0.004430888892962409,0.012802612467653705,0.015608051176107012,0.0026696304593102076,0.005276010760056818,0.011830094638380294,0.004392520269334532
2018-10-11,0.002121740321670284,0.004184280537716352,0.004476144439966246,0.012718843381002647,0.01343016212043392,0.0031060514805012454,0.005016974647431729,0.011851486919313916,0.004378415217366876
2018-10-12,0.0021226027528547446,0.004141192617674799,0.004726512786738911,0.012649774264855649,0.013218815743069852,0.002852944023209602,0.004984648972857349,0.011883586056647766,0.004093624480502397
2018-10-15,0.0020749303642287075,0.004093512547708138,0.004730145881185303,0.012502820310784417,0.013076472621900505,0.002914731787507917,0.00477969905744739,0.011804575973783588,0.004084324410933259
2018-10-16,0.0020624605927237545,0.0040249638503352635,0.004784855890993886,0.011749466290519834,0.013019403628839145,0.002943157501403264,0.0048110558093115065,0.01142097662579694,0.004054630870435048
2018-10-17,0.002073927161006521,0.004113257095642344,0.004783915305151814,0.011055144308035888,0.013105644493710735,0.0029126215047670266,0.005131167367956994,0.011576568874259941,0.004055821995604732
2018-10-18,0.0020756822344965304,0.004033558935707904,0.00477273044359911,0.010868323042325486,0.013325511757277876,0.002915778883406766,0.004828379820073397,0.011547901289578843,0.004029877879164763
2018-10-19,0.0020839089632348536,0.004056994152931324,0.00478715067991603,0.010744506270900636,0.01332762828190239,0.0027617193138974026,0.004861991192115915,0.011390374704830683,0.00392922188092147
2018-10-22,0.002044327451125333,0.004030446170102539,0.004477530049389772,0.01069876765473078,0.013392188419237033,0.002765201378982487,0.004809943054037788,0.011386449926618011,0.0038898346708961464
2018-10-23,0.0020572037044586234,0.004034822660078563,0.004456344026834428,0.010743911303380637,0.014002778191772654,0.0029480978524824997,0.004789653227037196,0.010645893996711195,0.003957371524995915
2018-10-24,0.002062982397907577,0.004253630281172338,0.004433162759158714,0.01074499015693078,0.013862967146953644,0.0030540040424983993,0.005077432926168189,0.01071189754363397,0.003944772513425215
2018-10-25,0.001925682210100902,0.004236389281336297,0.004398109037645299,0.010375264135034742,0.013269135114480711,0.003115529675232451,0.005032797932471306,0.010649131535886881,0.00353192433264277
2018-10-26,0.0019195667046717636,0.004174133021491457,0.004358686153240684,0.01079924785141295,0.013105677653242415,0.003134250123283532,0.005160362738132379,0.010428462513320974,0.003872849618070374
2018-10-29,0.0019205655876696915,0.004241130274389663,0.004017250721273395,0.011034526837543595,0.012022988243390919,0.0031647519474753234,0.005150946399802852,0.01100423816377177,0.004198246845619871
2018-10-30,0.0019202802919806234,0.004201383160910201,0.0038879911144685006,0.011212257917490991,0.011040387431949725,0.0032256075418317692,0.005186934761318849,0.012296597671337063,0.004161472615046827
2018-10-31,0.0018859416075455758,0.004249593946917968,0.0036306549663795307,0.011057252178530461,0.010600938010819967,0.003290341062740289,0.005188205031637431,0.01219904592689255,0.003992474541466978
2018-11-01,0.0021291539144184875,0.004100195444652334,0.0037607651330091073,0.011308676429948924,0.010724361206886654,0.0033661655504090855,0.005477724569371381,0.012085866285516654,0.004656049153999478
2018-11-02,0.0024623434967905797,0.004141394397619985,0.0045640025814673016,0.011615337406315915,0.010849872195088612,0.0032768233167355856,0.00532358181555285,0.012067881341314392,0.004703000939361258
2018-11-05,0.00260138621363659,0.004158672054333806,0.004679097809011802,0.011490028278042106,0.010765035252167368,0.003334869689894607,0.005320537066147066,0.012166021255259094,0.004709616170086331
2018-11-06,0.0026061870770333916,0.004305211394115235,0.004691116486105623,0.011509209292956697,0.010836725051417058,0.0033378686024621235,0.005517365916891294,0.011919711334136055,0.004828282747498137
2018-11-07,0.00260615612923831,0.0044223281994204685,0.004831847731461439,0.011935606858007113,0.010837492290876844,0.003316835871045465,0.005572877780896438,0.011898282018847519,0.00501909407967464
2018-11-08,0.002638911224753552,0.004496787521214756,0.004836869932368215,0.011698944148574966,0.011120607491805018,0.0034114953907234485,0.005589541069535967,0.0117794510710668,0.004995186439929062
2018-11-09,0.0026719649470199045,0.004203047138793627,0.004836913767654994,0.012284592654068487,0.011469373115253121,0.0033418975240795874,0.005460931575633737,0.01184983318344089,0.005136617006144763
2018-11-12,0.0026560566760091445,0.004318691582449384,0.004817562814025501,0.012326257899732245,0.011426780678103932,0.003211749264293874,0.005955909451535772,0.011785321871559737,0.005203971172333375
2018-11-13,0.0026653238303681382,0.004236901340709958,0.004690622434440681,0.012013067467869456,0.011401212500595108,0.0032192210298003215,0.006027947740700304,0.011716072797182807,0.005077924754041774
2018-11-14,0.0026721931335591566,0.004291984128095388,0.004771610472419123,0.01206653922781586,0.01118945044733504,0.003220600027833058,0.006025868272272314,0.010715381767372323,0.0050323628945865536
2018-11-15,0.0027076936557802007,0.004255743658557423,0.0047817495396999705,0.011442512152310121,0.01096190642145127,0.0032800123795511922,0.006569629751254331,0.010437375077051007,0.0048147491724767205
2018-11-16,0.002716515769072423,0.004321664747726301,0.004738926077708282,0.01139587366933812,0.01082026828899227,0.00326946497373673,0.006538428220177794,0.009844466506030141,0.004791948011035798
2018-11-19,0.0022666177000773232,0.004518060461963786,0.004672122202296132,0.011492834323962874,0.010831824955438451,0.003209981156031294,0.006539290613322915,0.00889860805811457,0.004832818816279105
2018-11-20,0.00226607105526585,0.004467452374792076,0.004548172812710574,0.01128969854511921,0.011055007800801701,0.003269990364998727,0.006548905588470263,0.008865390138193534,0.004896791929976797
2018-11-21,0.0022778200162079792,0.0043381564663730575,0.004549800735500617,0.010415237630239106,0.011007788144738581,0.003494261932574095,0.006350118858895367,0.008781690283327091,0.004847724499734629
2018-11-22,0.002246915237867556,0.004146425621676657,0.004743010407901963,0.010585506792741043,0.010904746745221353,0.0031456937504815013,0.006321662265125917,0.0087874241867989,0.0048485827464798325
2018-11-23,0.002273398607196719,0.004208576374541142,0.004628321105315818,0.010557565341635539,0.01050169020655516,0.0031558919791035327,0.006332854197952384,0.008522215136666065,0.004852596762507784
2018-11-26,0.002280600870652489,0.00421284256445057,0.004626323503065115,0.010555287579425428,0.010231859027667769,0.0031215511026385615,0.006320859163313096,0.008711251489789268,0.004889917182894496
2018-11-27,0.002276649445437082,0.0042300395861359546,0.004584305787181019,0.01033687596301733,0.010199010367938566,0.003128523013337198,0.006284738982293681,0.008467462802659876,0.004895911934980853
2018-11-28,0.002243314840113101,0.004198630203506259,0.004542578417814275,0.010528995904804701,0.010064335173688252,0.003146996522226084,0.0061312266702293694,0.008518307390661442,0.004894748235821576
2018-11-29,0.002245715824465258,0.004550392896483537,0.004821421392104071,0.011242703104814279,0.009767873276715243,0.0032834240884595987,0.006131181360710528,0.008145908890883492,0.0054330518182160795
2018-11-30,0.0022325183121389793,0.0045396384234933085,0.004817389527380726,0.011349206961201468,0.009591371722398455,0.003308238886538433,0.00608184508699615,0.00814557865521102,0.005539886298093995
2018-12-03,0.0026564274336098818,0.004530748675560289,0.00531933175734006,0.01136342946697782,0.009963062561507747,0.003284828829003166,0.006091637288359052,0.008338575505179108,0.005735407074319586
2018-12-04,0.0029973948125763717,0.004714511457197974,0.00534306323284962,0.011330806754334448,0.01001357284340291,0.0033879300833811374,0.006266803048665441,0.008311721962295624,0.005615655210035276
2018-12-05,0.0030524845103256683,0.004578587733912117,0.005288870761467485,0.011594239589120134,0.009894329114746385,0.0032946635642063403,0.006065197617569755,0.00835388882852025,0.006155252761102688
2018-12-06,0.0032254461788191195,0.0045546380328879005,0.005413102761073257,0.012233049569630542,0.009947250038418292,0.0032589747889760316,0.006064411871271108,0.008762895195349629,0.006565091741310254
2018-12-07,0.00323484357862564,0.004420162971791216,0.005371246286220587,0.011824675534656274,0.009997885478827398,0.0032164531604932755,0.005893427387333989,0.008788757305637333,0.006303780337920367
2018-12-10,0.003329722189473864,0.00446684586975747,0.00692456783580816,0.011726652896812134,0.009665120590058323,0.0031857884712963823,0.006062618623585267,0.007317857676374547,0.0061513856052213
2018-12-11,0.003336934083612154,0.0045286872021540235,0.006996026035985643,0.011563020129423215,0.010188095200026647,0.003190523017196787,0.006040266925251924,0.005768507732449749,0.006149861615756991
2018-12-12,0.0033278266321354246,0.004473320264916785,0.0069288254916983006,0.011224777365837432,0.010202654351346596,0.0031435889053951322,0.00604185624505158,0.006037072290194495,0.0061395142246079976
2018-12-13,0.0032064039917301074,0.004322390422869985,0.006880383878112831,0.010790783991599995,0.010026922864526276,0.0030640088660845717,0.0054769592233881205,0.00596955297037631,0.00562868362453444
2018-12-14,0.0030445827482634283,0.0045139168852537685,0.0065144960654817535,0.010715355162355594,0.00981340486338983,0.0030623279967586445,0.005480966608375939,0.006103773765872438,0.0058493038307490305
2018-12-17,0.0028977618628068065,0.0045586724270330675,0.006344925007014326,0.01071590341002677,0.009718154649127146,0.003035295116365668,0.005569882369624856,0.00607743854809769,0.005854051063404783
2018-12-18,0.0028741028414227122,0.004496895315740534,0.006860210262729412,0.0105362429521743,0.009450298007584203,0.0033373514978046396,0.005454766013805634,0.005991931173366782,0.005765696512375534
2018-12-19,0.00287565189678326,0.0044138826012430086,0.006814927121860499,0.010006304737701985,0.009432730570269967,0.003336097514167625,0.0053942437270576545,0.005988439712130366,0.00558016176557698
2018-12-20,0.00284703970408982,0.004364485245133736,0.006877412324956559,0.010043163259276426,0.009286163598722207,0.0033321494959225244,0.005468468765694964,0.006515617888949717,0.005692685825238863
2018-12-21,0.002853741961463422,0.004212920841173929,0.006938329023373328,0.009733339916197962,0.009073545661249474,0.003364259924278103,0.005405414249541927,0.006495045332670192,0.005649675802937087
2018-12-24,0.0028235889843883063,0.003979575046334743,0.0068382176197798765,0.009951134678311288,0.008960718407387703,0.003400181027108252,0.004913704375067879,0.00671172936802349,0.00572519823552774
2018-12-27,0.002960550276869286,0.004018646485682599,0.006852485882713322,0.010028006945407765,0.008752305323665725,0.0033810833574716647,0.004739830123497558,0.006766284052604,0.005725624478506939
2018-12-28,0.0029877327819279975,0.004156713804999974,0.006823121836528501,0.010173146819915511,0.008720571423769941,0.003449556787315965,0.004815264418747946,0.007295974436510128,0.005765477661482462
2018-12-31,0.002972056538321354,0.004158727791815469,0.006850443138271398,0.010115735910246183,0.008521973542553391,0.0034326898422581235,0.004391826284803095,0.007245799395491828,0.005591356714621541
2019-01-02,0.0029845535308877153,0.004213026277222323,0.007042683069465904,0.010167439932034188,0.008776265438642905,0.00365151782403424,0.004898284872957013,0.007273575084374162,0.005731056297134934
2019-01-03,0.0030286978272591777,0.004076887478759305,0.0070264120788685455,0.009811154649546237,0.009573273031294302,0.004175208629062853,0.004996535200687528,0.008308402405866937,0.005660867709830624
2019-01-04,0.0030357859665506998,0.004179635422986254,0.007116302716664752,0.010724438175498893,0.0098319516788541,0.004241795141412785,0.005253916430375384,0.008328775835618203,0.006073892510625882
2019-01-07,0.0030446528851551945,0.004229629091197633,0.007108808880017552,0.011186406019676205,0.00997668401430136,0.0040297001839763895,0.005380889719071302,0.008748300787867726,0.006579530552003646
2019-01-08,0.00304681910257208,0.004229209810838569,0.007098862683955168,0.01114497868200985,0.010835201157395983,0.0041963357974734005,0.005286038108279503,0.008867080916879792,0.006579278598625307
2019-01-09,0.0030634424214872648,0.004143778150988278,0.007132267882104253,0.01108530370292373,0.010879820707995945,0.004210031401666912,0.005259498553984779,0.009014788955804338,0.006630780708309443
2019-01-10,0.003287536485019312,0.004316890507934834,0.007105166757042676,0.011220434974203294,0.011255403472840935,0.004221825210580452,0.005258276521032302,0.008619828791357717,0.006633450935684551
2019-01-11,0.0033068704208063424,0.004265999647501025,0.007111010090336196,0.011203232041980735,0.011276402202806514,0.004192588787026452,0.005182418107713346,0.008692950255964286,0.006670329701505559
2019-01-14,0.0033230119662306617,0.004346047667905815,0.007135851587154516,0.01106132573905799,0.011361423814754898,0.00412500131254834,0.005194316962438972,0.008689667704984192,0.006706469657752377
2019-01-15,0.003321243054270662,0.004102622000368193,0.006882509421996502,0.010277790321634204,0.01104471917450923,0.004226980442393752,0.005195376191515248,0.008713612406499247,0.006187364172953107
2019-01-16,0.003320727366957228,0.004117200948217823,0.006843636727606096,0.010257948661324304,0.011459319803699465,0.004218388663160464,0.005192161168053062,0.008701527200908377,0.006141949832836883
2019-01-17,0.003051536585101711,0.004091662252754124,0.006546543863323011,0.010249866107953304,0.01118843056973818,0.004213766807488126,0.005198977255099962,0.009007248244232043,0.005724199729805042
2019-01-18,0.0027346688284637577,0.003900387483674222,0.006541995316630635,0.010194212423315219,0.010627967762785774,0.004303229310236773,0.005025337131325739,0.009039006362116247,0.005773467488368003
2019-01-21,0.00272514907727636,0.0038512112398024073,0.006545571433082306,0.010022863060450487,0.010610255175881546,0.004306074105923657,0.005106519555445854,0.009069063450536057,0.005432928753759687
2019-01-22,0.0025394499526958316,0.0038531543776962494,0.006479025276873609,0.009135586771550859,0.010501866645649102,0.004308153456646356,0.005122827620480518,0.0085464636757447,0.005049168455209383
2019-01-23,0.0025769501934536972,0.0038450966158280436,0.006474573071383701,0.009103629138149272,0.01051982513570449,0.004343851626663628,0.005421079048712652,0.008958062877637552,0.005049317700273143
2019-01-24,0.0024195699759650023,0.0037589888881819768,0.004907461734413038,0.00880810672925845,0.010489494237822592,0.004347249848169798,0.0051635059537754316,0.009016329135681964,0.0051010251913400665
2019-01-25,0.002533860348681541,0.0036916544681653497,0.004757816920173476,0.008937802314774682,0.009971124465349798,0.004292368235316029,0.005169956225270797,0.009014003432598896,0.005124380910290991
2019-01-28,0.002550601973017843,0.0038309274257437684,0.004755175253530187,0.008903090088890167,0.010022601660323706,0.004295993122968224,0.005142146683474619,0.008894876296897575,0.005347729788034473
2019-01-29,0.002551920694013895,0.003812553565562183,0.004662166158077727,0.008893676652627925,0.010029634920384844,0.004289448493620976,0.005089807138058617,0.008884015005664707,0.005337515683926105
2019-01-30,0.002481814092548489,0.003519546158064444,0.004553902675132702,0.008436653786385903,0.010051114182425632,0.004283551306072116,0.0050275904315400695,0.008785869108015307,0.005151415693123617
2019-01-31,0.0024887947307572524,0.003528433908159124,0.00446828316703388,0.009416806052806457,0.010385494341314251,0.0044195755619019835,0.005000701745650735,0.009029943311046784,0.0055324388825570125
2019-02-01,0.0026960950455765026,0.003505868109029406,0.003521666913659521,0.009500423713574613,0.010394584628646321,0.004302985366928629,0.0050754425484305105,0.009080037863025558,0.00552929865342031
2019-02-04,0.0027163616154169973,0.0035103996201044894,0.0036418205125225544,0.009599788738058475,0.010394294480875565,0.004690023692059079,0.004982998467832599,0.00911165621387033,0.00564573764698559
2019-02-05,0.0027129436710722015,0.003449528330038961,0.003459188262828999,0.00959241680936474,0.010143774495079218,0.004612199305445663,0.005019439475595818,0.008831632101680245,0.0055184789854950305
2019-02-06,0.0026639945094733457,0.003429847834661341,0.003409043586281696,0.009087142557738539,0.01005893224995687,0.004564042058103492,0.005052427214099089,0.008844092660218742,0.006130064020847928
2019-02-07,0.002667861190846538,0.0035162987690318987,0.00343057908602973,0.009053115453633059,0.010217714311799478,0.004528389920983896,0.005096784267652162,0.008765069164441495,0.006017694070176722
2019-02-08,0.002536118308688442,0.00348376165763268,0.0034791733066600458,0.009004128715655898,0.010212869477305053,0.004536576979306454,0.005063495299007477,0.008563789597236122,0.006045288015046787
2019-02-11,0.00282727010116917,0.003281094727559241,0.0034386713702359755,0.009078019425683257,0.01025343706792535,0.004518335229958307,0.005113891815975337,0.008378908580407842,0.006025523816402329
2019-02-12,0.0028590357671958947,0.003283680740938451,0.0035115730210887887,0.009094087292858804,0.0102430315808064,0.004465458704471011,0.004895605067926198,0.008398502570666377,0.006039441407759489
2019-02-13,0.0028266328659249497,0.0031931131376124293,0.0032496631736798408,0.009103030304721068,0.00990515224783895,0.004228272589848544,0.004266579528170527,0.00836557952554447,0.005855256643066282
2019-02-14,0.002801392403656551,0.0031532906526302107,0.003356644885491381,0.00999420601723023,0.009215299472216566,0.003466298077943083,0.004376008371849312,0.008037609969998997,0.005757917885919417
2019-02-15,0.002795393987871736,0.0030051818545554884,0.0030618174506015145,0.009093710877649356,0.009045582151749493,0.0035896332437329545,0.004127762963172465,0.008771056300783195,0.005429444748865697
2019-02-18,0.0027833429732478346,0.003141886646331814,0.0030536046201181657,0.008337882314775743,0.008982389011384533,0.003583274122857945,0.004314613528690851,0.008154649604427943,0.005042057237197846
2019-02-19,0.0027826720124784353,0.0031793418816847517,0.0027903557891002834,0.008129574327211656,0.00757614426746007,0.003500483647535487,0.004317917753605968,0.008031066045675914,0.005185870309027073
2019-02-20,0.002942935271365764,0.0032778130052377916,0.002865302866329533,0.008121241370559324,0.007406034876649983,0.0035027798620303596,0.004468714848057898,0.007871884764689713,0.00524445268300233
2019-02-21,0.0026684719915843875,0.0029913929298063385,0.002869626295938124,0.008259566621392253,0.006768016947297973,0.003209610990461755,0.004481147775096401,0.008051122492921147,0.005330634813817906
2019-02-22,0.0025993671471516698,0.003013197600824191,0.0028528890636103595,0.008272095015716088,0.006690549497507775,0.0032057908093910664,0.004698755152847167,0.007870967429797109,0.005278070122810959
2019-02-25,0.0027050260995258174,0.0029069765328571177,0.0028126351688534763,0.008431767751396393,0.006432747698010066,0.0031794218428040514,0.004864567524922671,0.00789422515734189,0.005473713537510889
2019-02-26,0.0027163100140604854,0.002837006242826414,0.0027927230001621095,0.008387194414314727,0.0061354455981465356,0.0031029889854656354,0.005112478509740989,0.007896833547444351,0.00551142203831546
2019-02-27,0.0027360598432138866,0.002815241121115987,0.002806620644522853,0.008234757804304944,0.005548163149341724,0.0031410644450366853,0.005299219724309885,0.007959319381812472,0.005503204575934175
2019-02-28,0.0027219845777607166,0.0028544373603076,0.0030077036377581232,0.008305024426844599,0.005616855510136135,0.0031432384140235407,0.005281730930907916,0.007558093642840316,0.005517301254276242
2019-03-01,0.0027892224451899787,0.0029029891965627534,0.0030044314266577366,0.008724600521604979,0.00603129512395711,0.0034516903056190738,0.005368697508653694,0.0077799629155087735,0.005512053452531772
2019-03-04,0.0027234185588223595,0.0029266316041375506,0.002986933439754637,0.008699263847586156,0.005993413074961481,0.0034425693207203022,0.005259546966345549,0.007681368842610314,0.0054416603573822836
2019-03-05,0.0027005649636143558,0.002926636904752944,0.0030624636479975936,0.008768474661962485,0.005984831491420063,0.003406177762091759,0.00546367165560891,0.007628893853763241,0.005435009246647088
2019-03-06,0.0026692326347733937,0.0029403754036542557,0.003139017308567617,0.00876592490228251,0.005862167345330819,0.003405473385237764,0.0051733975784969384,0.00720926741257762,0.005517284350750246
2019-03-07,0.0026587432958080524,0.0029612029302486234,0.0031775342947001693,0.008782945665594335,0.005760707204161193,0.003409495922321401,0.005186021432841867,0.0076911102970367825,0.005471069667152113
2019-03-08,0.0025575459708478427,0.0030533724973425868,0.0032231769506391723,0.008807600584078151,0.005814934911879457,0.0035832741683414315,0.00513314851401433,0.007977356952856292,0.005452528356460018
2019-03-11,0.0025219158902705027,0.002819735452207588,0.0032865283737016004,0.009128259023594066,0.00581599198854315,0.003465015537134198,0.005113706870325514,0.00817506560772127,0.005282967087467276
2019-03-12,0.002546808130167186,0.0028785426780926103,0.0033103036345697723,0.009178184497532651,0.005827873023949435,0.003465645989762998,0.005151380541606609,0.008299131168746338,0.005319805727384326
2019-03-13,0.002500427762115044,0.002921769743574054,0.0033079669575361527,0.009164342201974488,0.0056412703253421485,0.0034809649830514744,0.0051198910756954106,0.008113965408019013,0.0052354925590880185
2019-03-14,0.0025283635756384887,0.002730367260089114,0.0033121514241442533,0.00786181087871774,0.004737511664037063,0.003158191094621696,0.005250412938009702,0.0076423966243383944,0.00473321933386358
2019-03-15,0.0023976512116262736,0.0027422361497702885,0.0033966366894596176,0.007897310938754792,0.004726524517001899,0.003158739750595986,0.0051598409386950875,0.007656232308099752,0.0048137868919715925
2019-03-18,0.0023810149851358204,0.0028191127183377733,0.003190107738647568,0.008084691574896516,0.004742544944968537,0.002743852109514056,0.005159703694285413,0.007910794778535265,0.0047858437951958255
2019-03-19,0.0023694292296391065,0.002808196791533722,0.0035093979722661374,0.008036462764723494,0.004690817018506711,0.002748609792077254,0.0051157336739867925,0.008193987663046843,0.004737821726662078
2019-03-20,0.0023929716309197446,0.002773213111707538,0.003514982652811636,0.008007861201282029,0.004704335867640756,0.002716439830724901,0.005362077179104229,0.008183262009045606,0.0038818226439073264
2019-03-21,0.0023928738697010133,0.0027087632285036885,0.003542613085900997,0.008422025603253279,0.004538848959657782,0.0031714730903153413,0.005335097610840456,0.008117174137487368,0.0038968410896936027
2019-03-22,0.0024728377352124086,0.003046958511660066,0.0037810416550857514,0.008647724150684844,0.005679610889895195,0.00322334601649122,0.005316210230376447,0.009438488467415792,0.003910262954556486
2019-03-25,0.0021186974719582833,0.0030122949195984833,0.0037779336034396253,0.008533312580204198,0.0056810103355893335,0.0031646554756948834,0.005284413483177816,0.009385824033652837,0.003903065184219155
2019-03-26,0.0020722556263346585,0.003056536171230717,0.003612783985173052,0.008554189421546229,0.006273237872917975,0.0032179482702725535,0.0052547869043621355,0.009458382681672138,0.003921870643788771
2019-03-27,0.0020937348064552224,0.003089825385939241,0.0036704191338318213,0.008846313120471926,0.0062601213796235336,0.0031646456042242403,0.005248834249829017,0.009885997026298374,0.004065255738284559
2019-03-28,0.0021083281424894803,0.0031106369751720095,0.0035697460537317213,0.008144340322454353,0.006968819549605242,0.0031396297208214664,0.005321213281381417,0.009740150411923198,0.004072294826314323
2019-03-29,0.002226787149800113,0.003123346614195238,0.0035137055606750986,0.008661931705563628,0.006667877394454915,0.003023266489083386,0.005334339752992723,0.009636741451660909,0.0041221526507764505
2019-04-01,0.002225891322041566,0.0029052949304046722,0.0035500656780452964,0.009564880005924153,0.007831203027763876,0.0030387594765726874,0.005073318462969691,0.00976255793248282,0.003965914815753081
2019-04-02,0.0022427872371777098,0.0029121352848509715,0.0037686847947728686,0.009540292348010768,0.00783819318564241,0.0030891998764366662,0.005253894594235893,0.009807951885233143,0.003930219913604772
2019-04-03,0.0019300566342741713,0.0028912483016942437,0.003786082731092282,0.009537322721284432,0.007986301035128802,0.003090268912229723,0.00547303389168969,0.009845382203210712,0.0038613424899622004
2019-04-04,0.0019404964127595348,0.00289854651366937,0.004380406543368631,0.009244028196931073,0.008012229184227759,0.003089410445426818,0.0054765827876084175,0.009774303843498873,0.0036609507381322424
2019-04-05,0.0019393369201263207,0.0028841295121447997,0.004393876392906607,0.009295060294833624,0.008182977661835903,0.003102557041022072,0.005351366599745692,0.009802212436258898,0.0036639878249412074
2019-04-08,0.00172562775744571,0.002844772798199379,0.004536205460187875,0.009131662617201853,0.008400874863149577,0.0031149811111041105,0.005175114938126753,0.009784298915133093,0.003306572718378641
2019-04-09,0.001729667527424633,0.0028961685476902783,0.004522090275990432,0.00918339192685692,0.008370529720351244,0.0031287826843016103,0.004860027270596439,0.009813535320735282,0.003402968764156756
2019-04-10,0.001676393767958438,0.002860612611817253,0.0045094582906773754,0.009244365744820546,0.008331141743901952,0.0031019779419041086,0.00460742998615676,0.009793548583006302,0.003391906044176786
2019-04-11,0.001675515743038934,0.0028108891669989967,0.004425405520107559,0.009159719594645057,0.008450958749044824,0.0030912563710713565,0.0046171996266475505,0.009790386017174446,0.0033650769308447466
2019-04-12,0.001601061786157528,0.0029427580674051892,0.004468381075023953,0.008765169899681614,0.008274014965688995,0.0027444103232425825,0.0046195164512806775,0.00976037579698353,0.0033801736176618793
2019-04-15,0.0015988329694645838,0.002852958046588179,0.00454894980349889,0.00876480565117067,0.008281781718642264,0.002742443057501445,0.0046123434135375485,0.009756201066024992,0.003307465782476729
2019-04-16,0.0016005410705670702,0.0028529725591434655,0.00451274250527161,0.008768199632702896,0.008276179472795195,0.0027423750612649922,0.004416381404167523,0.009760428100719556,0.003277781466606589
2019-04-17,0.001678866282452512,0.0028273399536477566,0.00446808140402477,0.008802014571532882,0.008617481538670412,0.002735772290595318,0.004415800873400407,0.00976640352495593,0.003107936422923396
2019-04-18,0.001747505773582334,0.002895598451810468,0.004418661449437775,0.008787058523421654,0.008829396666733089,0.0027373890459811505,0.004435833000965239,0.009455276877888132,0.003278830697403763
2019-04-23,0.0017408617913334244,0.002781025484946722,0.004447480185512796,0.00852550632455205,0.008818810521454794,0.0025219698175944034,0.004358774677672303,0.009173144783985813,0.0035099919600877646
2019-04-24,0.0017406200970265721,0.0028195706885515105,0.004416349021607715,0.008550904900548663,0.008884292341466767,0.00252380944196838,0.004413637799800837,0.008990611344204102,0.003932120753344555
2019-04-25,0.0018546424749643579,0.003089772333162621,0.004517183693042014,0.00877677310909256,0.0090996601803726,0.0025245576527997866,0.004485357437885915,0.00938309212732842,0.004057840107766393
2019-04-26,0.0018838132239820803,0.003051283574127563,0.0045776875009240015,0.008905829809998813,0.009125371742404957,0.00249687912785209,0.00436354117319188,0.009536213153520766,0.004204730432631195
2019-04-29,0.0018132426618013607,0.0030734179419248235,0.004594177170500609,0.008664570275561218,0.009168280089241275,0.002462922364742888,0.004146674901239805,0.00967916875195634,0.004194537475706752
2019-04-30,0.0017739085447729282,0.0032844251164515525,0.004489714789207679,0.008693738687812253,0.009147516511278007,0.0025568489551966644,0.004395449494702768,0.009663368339432793,0.004136014422168211
2019-05-02,0.0017732899425450537,0.0032015245794930394,0.004302583715073599,0.008914213505036477,0.009124331484028731,0.002564297180271534,0.0044425175621692235,0.00947487476692305,0.0041253777384822115
2019-05-03,0.0017728803221127697,0.0033047606750861384,0.004158402180925766,0.008937629837695648,0.009127245738661619,0.0025634156528164015,0.004444488025016511,0.009258594429842096,0.0041581033071837565
2019-05-06,0.0018826040264528358,0.0034069701557712393,0.0041460223604703784,0.008940390474248144,0.009147946497923509,0.00279158819540394,0.004414384622580441,0.009252941060953226,0.004157111096473658
2019-05-07,0.0018759808356251496,0.003349502939943266,0.004076648055503563,0.00851776760797142,0.009620890940229773,0.0023420022116946975,0.0044466501753359705,0.009181249527518557,0.004149808641744714
2019-05-08,0.0018183882564628718,0.003103149156132259,0.003999826842181677,0.008250835479622406,0.00909602448756212,0.0024483138274912376,0.004481914268184198,0.007870775792236613,0.004110825607413489
2019-05-09,0.002125313797819205,0.0030727053273274193,0.004051789749147283,0.008248529209258199,0.009119112725432537,0.00247079774142204,0.0043677926135387585,0.007851444487238879,0.00415835074927798
2019-05-10,0.0021273971671428487,0.0031031504426001764,0.004045979688297068,0.0083527346167911,0.009312456335261942,0.0023735123463264115,0.004384357629729016,0.007721259446278479,0.004136950158354044
2019-05-13,0.0025113923181139808,0.003078762908497768,0.004224993445509642,0.007907403892208578,0.009394991910364976,0.002420572927082657,0.004385844180122401,0.007374486578614767,0.004048709352809387
2019-05-14,0.00249928966132035,0.003012235859152186,0.004237017060433556,0.0077775912494206815,0.009167390092845482,0.002406950518747155,0.004218931966749158,0.007034274174103962,0.004068793711763732
2019-05-15,0.0023383858900811903,0.0030787418654170877,0.004211555197850542,0.007318166365381708,0.009157330716147848,0.002424294551870939,0.0042942241274517455,0.006172189349104396,0.004044693520458031
2019-05-16,0.0023386758032985454,0.0030989556498122986,0.004298366369302507,0.006357821560750257,0.008225380203079221,0.0024671202541890935,0.004360699511392441,0.005997424017975531,0.003977841255046651
2019-05-17,0.0024643021892101417,0.0030847391937959363,0.003995916521703765,0.006984306271428965,0.008237825097384443,0.0023493598720691904,0.004243173924093774,0.006356370266986789,0.00392354596155828
2019-05-20,0.002416144674033448,0.0029951885780724187,0.00417380560595674,0.0069898248510629835,0.008234334183163333,0.0024349634008246396,0.003635005677762815,0.006304985415099923,0.003941298809467403
2019-05-21,0.0024545774114094554,0.002974184246729021,0.003706219663299278,0.007013485013066471,0.008214353972816184,0.002663451622643008,0.0036274863999842576,0.00624011153975916,0.004032073620067025
2019-05-22,0.002465282028146092,0.0029690733401143837,0.0037015814518280917,0.006959765773461144,0.00808004474000294,0.0026236483951522626,0.003712457546364422,0.006714659654882016,0.0040347323445472745
2019-05-23,0.002473079551076723,0.0029971444515985005,0.0036122158890738876,0.007013237894545669,0.007847645165966522,0.0026517532507882437,0.003710955298145624,0.006682191322785587,0.004035447734940232
2019-05-24,0.0025213901727056663,0.0030641231599010696,0.0036771658226606033,0.006933468958739779,0.008127248169494715,0.0027190503202279576,0.003729982665986366,0.006632166566240794,0.00396182098325011
2019-05-27,0.002532294799375666,0.0030717005787473167,0.003640905890393591,0.006828280847293959,0.008254232463804502,0.002720820893659544,0.0036943510010260315,0.006811454188854676,0.004039452037334535
2019-05-28,0.002532997009930979,0.0030654143263421432,0.0036047061992171064,0.0070231935981988946,0.008125465927896681,0.0027114838868027356,0.0036931653561678816,0.0069524307101524905,0.00403551531035334
2019-05-29,0.002499738179767131,0.0029460084309310304,0.0036139137082815084,0.007256366438710352,0.008141594245530936,0.0023569691430627595,0.003585872803001681,0.006866077898429649,0.003907674068083281
2019-05-30,0.0025014359497945184,0.002958255453764623,0.0035531679530939786,0.007664942154978276,0.009088777833908716,0.002484601373873442,0.0035854217100274774,0.0072566361796796725,0.003902359752232191
2019-05-31,0.00250237326543085,0.0029817628682191114,0.003568325029554435,0.007652980559140235,0.009171776486495732,0.00284095250500563,0.0036279578358869003,0.0072517600753028095,0.003902995700944214
2019-06-03,0.0024033792813005655,0.0030495934956969546,0.0037475423299038993,0.007774767452417747,0.008957715433678456,0.0028858684395648127,0.0037402569570731126,0.007923064564499316,0.00408944310674581
2019-06-04,0.0023903537517509076,0.0031090182933310793,0.0037468698673610514,0.007717201879323762,0.009022864216544562,0.0028857135434030953,0.003829748240943116,0.007987939699704908,0.0040837891753618405
2019-06-05,0.0023946615153174755,0.003115237172114308,0.0036905018810379567,0.007654910326253754,0.009465210829617293,0.0029211837180413217,0.0038739320254193737,0.008051456144948916,0.0039586478878688575
2019-06-06,0.0023862463616253398,0.003056802317572322,0.003646789680333008,0.007576166888960746,0.009418058987225482,0.0029241507396801543,0.0038398173870652936,0.008102217634999844,0.0035320742211657975
2019-06-07,0.0023135980057763933,0.0026684912883017265,0.003505949478319054,0.007583052370149533,0.009369699552465307,0.0030081274111739983,0.0036780137537590816,0.007305289957152341,0.003333166207651111
2019-06-10,0.002319614890154318,0.002693249586095985,0.0034595786489552407,0.007806971850214154,0.009461225025506326,0.003048691593531442,0.003704363582544891,0.007196893707262598,0.003128888515120997
2019-06-11,0.0024301182201884,0.002695424738416514,0.003447142103314883,0.00786401948326142,0.00947196917444084,0.0030615425162957995,0.0037608277802265886,0.007065352219120495,0.0031102120159676077
2019-06-12,0.0024270144826650446,0.0024823455895979377,0.003404016228718165,0.007804109630070305,0.00943111506193571,0.003047477303366594,0.003555260042569286,0.007124570361745806,0.003104387376554102
2019-06-13,0.00242397830040301,0.002551548311355449,0.003398169538397979,0.007590935784630382,0.009878771600254306,0.0030379495788240515,0.0035504681846232544,0.00711958460240593,0.003176887342215056
2019-06-14,0.002421160180294356,0.0023896193191284497,0.0034494843148757436,0.007661559997294327,0.009896478559701717,0.003040347708254964,0.0035595052002689205,0.006975495355633408,0.003134944430458411
2019-06-17,0.0023198577117929456,0.0023534770155501285,0.003453267792011911,0.007661872836350876,0.009798988123441616,0.0030197306958778002,0.0032157948218463094,0.007308080677690183,0.0032267549419857503
2019-06-18,0.0023212908132690456,0.0024706528507339003,0.003509553122012493,0.007887043419802665,0.008930249607840527,0.0030673222495808277,0.003328954720424261,0.007397759738602888,0.003180936810709273
2019-06-19,0.0024232032722721953,0.0024767868677229576,0.0034310077550570284,0.00799896437847929,0.008852203385007959,0.0029902381387107444,0.003567353287209021,0.0073810761760343055,0.003330491736177437
2019-06-20,0.002576411078085685,0.002948561540412626,0.0033899233674012453,0.00862714137269468,0.008940951494602048,0.0032037725069199996,0.0038864198049423817,0.007439974776630534,0.0035735142152032782
2019-06-21,0.0026259755504914723,0.002896850411398907,0.0034074884288783206,0.008553869710921553,0.00872933495821774,0.003206282852260193,0.0038624163874253913,0.007437161689958503,0.0035711242232196578
2019-06-24,0.002196279867143871,0.0031330558644796676,0.003046086123851543,0.008495157584858158,0.008726471116652297,0.0031878098574065787,0.004157708148028863,0.0070571477689607975,0.0037514948463142055
2019-06-25,0.002194781272250707,0.0031129369535281568,0.003031880211260146,0.008444323062482958,0.008521993329701409,0.0031741984695364866,0.0040425677857690795,0.0070917091741969675,0.0037324384968775584
2019-06-26,0.0021945930715690882,0.0030508628632828346,0.003061074420270172,0.00843285080592595,0.008447267839347693,0.0033764420302822406,0.003999060740512074,0.007081822268452345,0.0036561053784042318
2019-06-27,0.002194599676510926,0.0030418380390772955,0.0029729191466664672,0.00860233748570586,0.008410983635460804,0.0033338280531847973,0.00392106532913591,0.007160079939398341,0.003663811884277441
2019-06-28,0.001978810291886491,0.0029791576964780216,0.0029313051880113716,0.00805259020104334,0.008320383827624374,0.0033347038420947685,0.003856685724953624,0.006696756658481503,0.0035528226727211355
2019-07-01,0.002098552591486928,0.003035754313368473,0.0025960043501644923,0.008070534259383982,0.008856151773207062,0.0034459628242089323,0.0039016706057395127,0.006408511584133473,0.0034457699900060593
2019-07-02,0.002298247458750496,0.003154145701947262,0.0025939787492656853,0.008031693217261139,0.008804003132518208,0.003261549487808994,0.0039051358605585083,0.00645268956961251,0.0032564000880632568
2019-07-03,0.002301630731396408,0.003159237094074941,0.0026026555128104358,0.00801485544620286,0.008575223485782282,0.0033758213335069016,0.003783694284689741,0.006345477845389419,0.0032895849395542173
2019-07-04,0.0022686336871566223,0.0031042364923412483,0.0026138677177704626,0.008074638038330615,0.008455860209461562,0.0033638297725707015,0.0037818118383425637,0.00655500108503054,0.0032648397395352254
2019-07-05,0.0022364913915613655,0.003060468906207684,0.0024321245789179257,0.008273062778044741,0.008406371261664347,0.003390770505544799,0.003779510520999206,0.006552623091330971,0.003225667330304431
2019-07-08,0.0022414858081340697,0.0031516639060072595,0.002452373187629672,0.008306416132676388,0.009561509935493715,0.0034916074751526658,0.0037869376526876407,0.006449479395238998,0.0032879044501908997
2019-07-09,0.0022204793744341517,0.003154610562495479,0.0024345650156993967,0.00804009080642206,0.00959781527586458,0.003514759866903078,0.0038565689316387565,0.006099079377491932,0.0035811943097890887
2019-07-10,0.002221057397871646,0.003101503095687984,0.0023531208607921357,0.007516355704926911,0.009742285478204663,0.0035143264737951883,0.0038768331391061434,0.006078778859538829,0.0035915312035132603
2019-07-11,0.002264344351627831,0.0032343290339233027,0.002381305363162587,0.008089914106533955,0.009286774226763795,0.003718175509143116,0.004119934152704663,0.0063193855974700225,0.003959727510798014
2019-07-12,0.0023070199911161718,0.003281985109790749,0.0025119333279680777,0.008176899814735145,0.009430398885188445,0.0034343717175798856,0.004077118173278379,0.006429451476340611,0.003953687732357977
2019-07-15,0.0023094656105498725,0.0032484835411559767,0.002258497874492435,0.008130451274095373,0.009365987733821036,0.003409900819213648,0.004008806350857244,0.005830238408280793,0.003934017396578614
2019-07-16,0.0023089543542358874,0.0031998797258464863,0.002312178907757194,0.00800955879890152,0.009083656516523595,0.003399222245086838,0.0041981547126877725,0.005798040932984807,0.003906089162132747
2019-07-17,0.002308949774615956,0.003193451942445486,0.002359848558367107,0.008043137480502683,0.008633538346062397,0.003435093210653691,0.004162768625963031,0.00572455899042816,0.0039806885983497626
2019-07-18,0.002304107059889471,0.003188960229422417,0.002356129376881116,0.007816091625518329,0.008438703694166971,0.0035132652304062486,0.004296632236915723,0.005634756609530512,0.0040480360453374
2019-07-19,0.0023035056810326374,0.003191597457945585,0.002263639856386585,0.00734706859265701,0.008207348797470744,0.00346239931077593,0.00435682355144273,0.0057432706204891305,0.004053841587627006
2019-07-22,0.0021969500213154594,0.003155887853177623,0.002268825651678507,0.00710824494923157,0.00822950995279115,0.003464854684949715,0.004378844670558587,0.0057861175447540235,0.004048248069519124
2019-07-23,0.0021239719604237077,0.0031966429989635572,0.002245406900147178,0.00705773083706639,0.008219219586674067,0.003483847611482007,0.004321348685560111,0.005803255713320731,0.004088419386050866
2019-07-24,0.002112539497362112,0.003226232491953102,0.0022289026743370992,0.0071127130110760035,0.008334795190608884,0.0034352391963432,0.004370520018167049,0.005832773383840365,0.004291009562068043
2019-07-25,0.002109149681180209,0.003209108127658371,0.0021592769547791016,0.006899926561245654,0.008001182932238504,0.003432038334530076,0.004306874059963004,0.00583001385975245,0.0041553301360910365
2019-07-26,0.0021152276441006685,0.003228006174172579,0.0020220947928416976,0.007707181972989212,0.008057790476320383,0.0035532961272689706,0.00436118727742203,0.005893870927930721,0.004334707970253362
2019-07-29,0.00216088323887116,0.003206949931475654,0.0019656467629249924,0.007763774055863148,0.008050571392101356,0.0034759092551089605,0.004703356086417091,0.005486128506451131,0.004294158481039581
2019-07-30,0.002177152845962801,0.0031826954275296455,0.0019121920648784941,0.007542559875771761,0.008251107534052202,0.003412608953564636,0.004905882041397189,0.005372855675807817,0.004244085933167637
2019-07-31,0.0021041542753843048,0.00316269362118382,0.001910870116932216,0.007506977238728322,0.008247976202196689,0.0034022070887015756,0.004729773496429172,0.005371157236896191,0.004164083712459657
2019-08-01,0.0016891776896753965,0.0032147113299244618,0.0020482036700834277,0.0076371235653044075,0.008155452843107447,0.0031701387491835974,0.004500816912431461,0.005669855037100921,0.004155198322224791
2019-08-02,0.0018634264399253967,0.003451477042104573,0.0024839211859582003,0.008014435061419276,0.008096210825438403,0.004820830122236766,0.004554223731735523,0.006012503193020697,0.004353378847680905
2019-08-05,0.003181212827025748,0.0034478881624246628,0.0038676982856586176,0.00839533052979999,0.008265650896630618,0.004946443163393018,0.004308341802608015,0.006406409122451643,0.004129206976012448
2019-08-06,0.003246861901171049,0.003453482740716926,0.0038568353055526343,0.008526498180423918,0.008243957937034125,0.004993217294025059,0.004332861502088436,0.006472767663359583,0.0041762227062496085
2019-08-07,0.003303148617866037,0.0034558052085902776,0.003799372246116924,0.008683156864986417,0.008287516600597929,0.004990143567424064,0.004347513908405842,0.006547367171526617,0.004368531144666592
2019-08-08,0.003306258027916719,0.003448966169331609,0.003825645241570836,0.008501715701119338,0.00828461133579469,0.005004366166260556,0.004321448412325782,0.006542764528088316,0.004636070411871747
2019-08-09,0.0032903613477763376,0.0034437967903865677,0.003802771143874684,0.008499232743701712,0.008290033523543105,0.005006218870624639,0.004444398477417743,0.006446574031413621,0.004657265369781423
2019-08-12,0.0031585174737973564,0.0034189740725607187,0.0039015254218738417,0.008629394165776879,0.008018820329863964,0.004988489918647311,0.004478100628826338,0.006974331895642668,0.004865272564746823
2019-08-13,0.003072768353065177,0.0033831528675125904,0.0039136639340660775,0.008659591912893977,0.008403791936110846,0.004992274352995522,0.004488596691404775,0.006972078695776356,0.004906550066360881
2019-08-14,0.0033798395260246665,0.0034208390442192647,0.0039392824192261535,0.008701037241144478,0.008445915974719602,0.005124491486668077,0.004460413933995288,0.006898108629825419,0.004844674933951738
2019-08-15,0.0033764074261284347,0.003467116448123186,0.003772901796281967,0.008451120412269014,0.008364752762444224,0.005148985311156887,0.004624360967052029,0.006516879294781003,0.004964542371669645
2019-08-16,0.00337688088092534,0.003634072720207675,0.0038215759663820397,0.008578326495343071,0.00842813344821744,0.005110130149396813,0.0046667623105222465,0.006895626238342164,0.004977326759482941
2019-08-19,0.003379125213397129,0.0036130920040175624,0.0038447695792065304,0.008754079852601165,0.007419886810940409,0.005060719817127144,0.004674534984123693,0.006907827270272551,0.004945581437365837
2019-08-20,0.0033794293440424414,0.0036321989854149308,0.0038671150756915498,0.008756232483542568,0.008328751371224368,0.005044941862846987,0.0046345247093222556,0.007368023361463451,0.004790883360198265
2019-08-21,0.0033714023527907128,0.0036580105974148556,0.003925819173159015,0.009125273963140836,0.008217333928834968,0.005050118393409988,0.004674727762054542,0.0076473679409739545,0.004840966473045691
2019-08-22,0.003329154659491408,0.0034795167525199155,0.0038426715595590998,0.008053409069928501,0.007974769911649818,0.004874184906136716,0.004458756321601568,0.006910288979439802,0.004519526639711939
2019-08-23,0.0033224018137617737,0.003459591346730819,0.003869795791667488,0.008026810238207512,0.00780282504453232,0.0048551806795860035,0.004631520253620014,0.007152908563368716,0.00451917531961085
2019-08-26,0.003538966310139205,0.0035690008824599685,0.0038734574205721455,0.0078118657314996025,0.007916079451947318,0.004920800399574602,0.0046336464630990105,0.006997477110202758,0.004352167704634743
2019-08-27,0.003537258456798063,0.003504919109770086,0.004175703624296197,0.007801211095223566,0.007918722016582202,0.0049194076812894005,0.004453290687531699,0.007106049671895142,0.0043505528684314836
2019-08-28,0.00353912387040625,0.00351564027261943,0.0041979605108516446,0.007782333422607587,0.00796900524062737,0.004868510244634566,0.0045722874704659236,0.007188582723522225,0.004331550066193382
2019-08-29,0.003604445697282332,0.003515989680335504,0.004244833519776463,0.008003682018795356,0.008036533261299886,0.004938342356463378,0.004460727698047344,0.007164566146792265,0.004228506728146116
2019-08-30,0.003593403793866806,0.0035435584973215113,0.0042986174577488824,0.007910917926818821,0.00783460220694277,0.004938610970922494,0.004425933169712817,0.006876044451508175,0.004161652731597087
2019-09-02,0.003601800459881244,0.003689282008990451,0.004420714347939704,0.007909728582859321,0.007816255735043277,0.004926929958788078,0.0046199359234357,0.0069567178544805205,0.004163138955271871
2019-09-03,0.0035886216209472474,0.0036670750984377997,0.004514080775091282,0.008004997603196852,0.008067143418678943,0.004916092725028899,0.004637777695870706,0.006972058893903733,0.0042313980069917595
2019-09-04,0.0036897378678704554,0.00392395273623682,0.004669133427263015,0.008880283741850395,0.008397760598483255,0.004925268600772692,0.005324964895371836,0.007346156209810191,0.004489553085008251
2019-09-05,0.003707945575574945,0.00397317697133504,0.0047462484317584135,0.008932440350565495,0.008183889011975818,0.005006906574347678,0.005749021070369078,0.008094279996249589,0.004598464004623863
2019-09-06,0.0038418705724352583,0.00397793855670896,0.004749369100250786,0.008511925865002191,0.008044939796189504,0.00492907703532212,0.005699574081272531,0.00809965866725189,0.004482157941496114
2019-09-09,0.003837466925520562,0.003972498930288281,0.004726816509379301,0.00858945624085225,0.008073720612753245,0.004929004981913582,0.005413842470051099,0.008376820957614406,0.004545235307166116
2019-09-10,0.0038687934521827376,0.003924526153038287,0.004734886390000164,0.008506860227262701,0.00782547363074379,0.00498314204504553,0.005048015338911342,0.008474890533307257,0.004544262504403609
2019-09-11,0.0038649508243882138,0.003962788967417029,0.004794596709916272,0.008472559874368058,0.007743489728684066,0.00502430194467297,0.005060660028721369,0.008672900771743297,0.004555837758026995
2019-09-12,0.0039659623964351754,0.0035555481827881413,0.00501388414247228,0.007855672748864263,0.00825670107249389,0.004985754297831813,0.004962153600701263,0.008569564139419792,0.004322630372292912
2019-09-13,0.0038874356507966044,0.0040395780483778124,0.004888295886271651,0.007452154658882163,0.008211288059794087,0.0034393512511538293,0.0052482554328088455,0.008396012820203469,0.004041655525258876
2019-09-16,0.002928155709906388,0.003962824203805344,0.0041913101102084875,0.007128756823477762,0.008065267734916637,0.0032083455587283653,0.0052362660558892635,0.008274970984860292,0.0040160107026659
2019-09-17,0.0029651882119355153,0.00395912558941612,0.004209561590017365,0.007192305572647644,0.008047522362424219,0.00318080478495602,0.005304491474743953,0.008226563247185122,0.004078024222945414
2019-09-18,0.0028868606847470726,0.003981767105505918,0.004481035884514603,0.007135921992776393,0.00814729105048086,0.0028898099565639913,0.005244181014478766,0.00827704877736531,0.003737604894959852
2019-09-19,0.002888266657138689,0.00399340633912475,0.0044683756443869745,0.006733913367032303,0.008129806542740328,0.0029174072607969963,0.005241642602361395,0.008585644007986473,0.0037462505559008466
2019-09-20,0.002879399106968357,0.004026270458468857,0.004560310411251605,0.00721074071678063,0.00812952289339858,0.0028893510597594015,0.0050207877722111775,0.008514976567757562,0.003721007233064805
2019-09-23,0.0030130338148175303,0.004078855973950073,0.004418792911540122,0.0067609451959891285,0.007889121490715623,0.0027426692239598907,0.00515895016024177,0.008153339290245394,0.0033960258120367946
2019-09-24,0.0030567116970990314,0.004059071974799002,0.004378914705340479,0.006759813375785388,0.007640269605876286,0.0027449754160936337,0.005182726195099854,0.008151381654410688,0.0034353960522776625
2019-09-25,0.0027813795792675147,0.004041526690557545,0.004366419971708223,0.007097110611391182,0.007574110651782723,0.002518784712059743,0.0054126775481568275,0.008212760093671211,0.003523810077705328
2019-09-26,0.0027531972586923295,0.0040576386566154084,0.00437660134855024,0.007127436552713381,0.007700503234380603,0.002502007298418349,0.005370253367201774,0.00868297022769222,0.00340662821039057
2019-09-27,0.0027549129243701403,0.0038944818564296806,0.004490441334099307,0.0071504393772371996,0.0076099014547055975,0.0025942461750692826,0.005405851334294081,0.008491893302391813,0.003417185283074288
2019-09-30,0.0027661024675414547,0.003915084700977619,0.0045577046907002315,0.006978355522557586,0.007501712666641486,0.0025860310893467352,0.0053715354764562765,0.008485683950138231,0.003414038605705318
2019-10-01,0.002763620726871836,0.003909204546912121,0.004524998530136359,0.007071555954027114,0.006556064513252421,0.002566235606367632,0.005385658456180011,0.008018352070791756,0.0037281152238569128
2019-10-02,0.0027638866654187614,0.003907852068226089,0.004525834843756612,0.006757168004812391,0.0067007782548394535,0.0029084813919471823,0.0053690732465437015,0.007750764915157606,0.003681592597610006
2019-10-03,0.0027211552025493708,0.00393478651817735,0.004521147848349551,0.0068404572956185326,0.006566792965370576,0.00305876258790806,0.005406561006970481,0.00807580280030541,0.0037836579626171225
2019-10-04,0.0027207944253474616,0.003963933337364023,0.004512689900141254,0.006814099249438669,0.006568081004914531,0.0030743266966535092,0.005304190986765386,0.007991464391253707,0.0038925175401183635
2019-10-07,0.0023013887400781903,0.0038689528163651887,0.004413681705909776,0.006803086382272199,0.006564509199773929,0.002879376712262672,0.005303685756732104,0.007914945389673956,0.0039006655738127722
2019-10-08,0.0022669918860183705,0.003867022653352808,0.004260402128287858,0.00700053783168235,0.007271443441235633,0.0028695837429793705,0.005473189809321643,0.007825992764899783,0.003908375446394525
2019-10-09,0.002300041896651796,0.0038562731916635504,0.004187847989333574,0.007102740684040273,0.007207631594282387,0.0029664261725363883,0.005356272126321124,0.007874435849939077,0.0038686889347879965
2019-10-10,0.0022593759321226188,0.003949911820805538,0.0041740946118253176,0.006993436282194849,0.0073124876612447615,0.0028285401247663726,0.005344090823571783,0.007922386742424011,0.0039032633105619582
2019-10-11,0.0023126717961863296,0.003911666945427576,0.004141351739352761,0.007758746009387498,0.0073675576624181935,0.0032518119439884897,0.0076569304392772155,0.0079076277575981,0.003955908761560938
2019-10-14,0.0023503724509880254,0.003739188904320699,0.0039366089782145,0.007763697560342006,0.007634096801179374,0.0032837245129279666,0.007550989584047203,0.007930402146176251,0.004088630994896398
2019-10-15,0.0023659346983598865,0.0037228405864730063,0.003813252849586528,0.007774243645914342,0.007591966125611521,0.003234570280032053,0.007604268922241066,0.007852412309708897,0.00406082008382619
2019-10-16,0.0023493755407545057,0.0034830148841353656,0.003717058344704504,0.007172674981629826,0.007049330568037885,0.0032894358797285633,0.007308428477604184,0.007917587273971948,0.0038075581112295993
2019-10-17,0.0023970484453828904,0.0037170393132633112,0.00373847687128324,0.007265400728996527,0.0070611304269752595,0.0032244250245315065,0.007107360525400023,0.007336106596279996,0.004542039101370902
2019-10-18,0.002287267082110838,0.0037031833073578866,0.003732902841936256,0.007364891085536495,0.007976438676329377,0.003210128037283774,0.007141339279303987,0.007287142288724848,0.0045826507630615096
2019-10-21,0.0022767937189578312,0.0037258542048657383,0.0037917679990327473,0.007281806198423419,0.008028393690252301,0.0032054653563353564,0.0072319983377009305,0.00729427222491518,0.004586479053884302
2019-10-22,0.002236717684052275,0.0038062934680397555,0.003739673075043519,0.0073489354088084055,0.00790081841742951,0.003148469180790522,0.007344741945854747,0.007079569500244134,0.004626967621242697
2019-10-23,0.0022150711261395245,0.003748770313479347,0.003707098014560216,0.0073485173949983445,0.008037269065933621,0.0031153533193442884,0.0074102229701210635,0.007120593934973762,0.004622846904677188
2019-10-24,0.0020870666413582433,0.0036717371731767394,0.0034791529049445834,0.007305751556186516,0.007419716884765902,0.0031230121093459877,0.00739401633259888,0.007467110749173793,0.004617282405550451
2019-10-25,0.002084576711128036,0.0029832762008707176,0.00345855012844904,0.0072290263098055895,0.0074334849455865,0.003104336846159906,0.007315645735394952,0.007474452261548719,0.0046224784118099
2019-10-28,0.0020455076934987656,0.0027906513393054144,0.003032168525687206,0.0071049839868975884,0.007396726645901619,0.003120571217798973,0.007315765894203945,0.007484768921587115,0.004617576061221763
2019-10-29,0.001886543353422215,0.002789912238258053,0.003004831680937533,0.0070094479262754646,0.007397907273989228,0.00308934097002925,0.007258532748364779,0.007492047504633068,0.004611837372977799
2019-10-30,0.0018883007273911643,0.0027622088077160723,0.0026522589872698967,0.0076713905788370635,0.007207206906945609,0.0030899013377940075,0.007249508135415449,0.0075284225044072945,0.0046099839867309155
2019-10-31,0.0019123078936957914,0.002858316002269866,0.002632137158649507,0.00820520648659865,0.0071853870437125385,0.0033020527006368894,0.007285907831857845,0.007080472535575776,0.004609025649458354
2019-11-01,0.001911864171764492,0.0027936293087576403,0.0025216861357248324,0.007906035428464908,0.0071907923923807925,0.003309102739677422,0.007285458248204218,0.006863058904598126,0.004634022407041314
2019-11-04,0.0016572519229905098,0.0026753471463565152,0.00252152917127547,0.008705078417180498,0.007256056002374322,0.003212998625736931,0.0072145394137498875,0.0069069012525915146,0.004590068615480569
2019-11-05,0.001767130952599478,0.0028124282530424777,0.002522971113257403,0.008736645568461213,0.0073769480309485045,0.003293041991189952,0.007214324119191284,0.006985161686422139,0.004551518917110105
2019-11-06,0.0016818094098020573,0.0028072140784256667,0.0026053147659661938,0.008506572002412635,0.007368723897104704,0.003268637545250831,0.007029552160366991,0.006911495972466682,0.004450785346557236
2019-11-07,0.0017259318218009973,0.002701362840918582,0.0025833430717128658,0.008509341344020593,0.007243683299078009,0.0032643340848356964,0.00712652787597976,0.007865426989960811,0.004455700382883804
2019-11-08,0.0017868046892266336,0.0028120407451677648,0.00248855608671361,0.00842066537793648,0.007250850164770969,0.0032031954723546765,0.007083569320149038,0.007995033865045539,0.0045240036309761545
2019-11-11,0.0018477998746157086,0.0026794867487549725,0.0023833545052608634,0.008320232119601922,0.007238838221660128,0.003302427534469703,0.0070969848377415825,0.008114242580985871,0.0045419333887872825
2019-11-12,0.0018311818788833993,0.0027271562078180697,0.0023339808767690214,0.008229890890960207,0.007138868579119188,0.003287382674932176,0.007091664039999849,0.008111564289895259,0.004240317618453565
2019-11-13,0.001893263935797374,0.002705038737814081,0.002490640808429535,0.008368472113812687,0.007052107226503647,0.0030562651553628904,0.00709629198058843,0.008144899889750675,0.004270267507207066
2019-11-14,0.0018922411833138522,0.0026809948269621766,0.0024039736937014745,0.008392007272478696,0.006995143843558708,0.002915494799118223,0.007075927636812019,0.007841393335227891,0.004332688043287488
2019-11-15,0.00189542671779092,0.0027097629877690585,0.0024540960451797135,0.008488395489685835,0.007001693247395762,0.002875285426549969,0.0070767013700633145,0.007582053946995244,0.004252484130596225
2019-11-18,0.0019256262530485395,0.0027345544052214802,0.0024496803406841962,0.008524204236821466,0.006887578206154582,0.002897055489649489,0.0071259854758496345,0.007633898559264414,0.004212599920829438
2019-11-19,0.00195133024110378,0.002738927855316403,0.002463240549114476,0.008327620315580387,0.00610734821607422,0.0029437800655692102,0.006925656154145188,0.007516952250630874,0.004219850820029205
2019-11-20,0.001947028054857352,0.0027579336434035632,0.002471003125606018,0.008272364141108875,0.006124986625850506,0.0028981138714035235,0.006969714491883626,0.007408873484282345,0.004228380788674124
2019-11-21,0.001949545353591058,0.002689749117123861,0.0024816710498501565,0.008413476145362067,0.005823662712223322,0.0029023781981661503,0.006990202882817385,0.0073963571310524225,0.004202539739013046
2019-11-22,0.001922651770787517,0.0027433546537672148,0.0024892457787382047,0.007757156298274805,0.005840347668015,0.0023787756099416784,0.004754005215688652,0.007397416656345527,0.004153714121374016
2019-11-25,0.0017605174023693616,0.002862273870184882,0.0024776738983086533,0.007745816573012242,0.005458810500163035,0.002423201620377394,0.0045646906188175195,0.007408220025544006,0.004008098557625148
2019-11-26,0.001733605192707301,0.00284143906347023,0.002403991635587007,0.007784928279407076,0.005237077519211632,0.0024225390618966168,0.004353309888133364,0.007686003616654281,0.004007789837805292
2019-11-27,0.0016791299531887717,0.0028310226910600467,0.0024407083531961886,0.007777485601237728,0.0052188180139777765,0.002335416838189786,0.004172540105996025,0.0074961313266241145,0.003911073622533194
2019-11-28,0.0016227108599902978,0.002397614683483378,0.0024130527936309307,0.007706325795652476,0.00522781871859251,0.0023918968029259403,0.00411824174242787,0.007457701499751668,0.002965767080403509
2019-11-29,0.0016182252784406749,0.002344194855926858,0.0024115796096577705,0.007644472832359111,0.0039029622384095745,0.0023804392050270178,0.003923119200589274,0.007532413397294591,0.002867737281759742
2019-12-02,0.0016569649211759523,0.002403467008453241,0.00228169057163042,0.007642920423836603,0.0036833056691117794,0.0023939356673028664,0.0036619666798739787,0.007305751568942055,0.002763753008914083
2019-12-03,0.0017040549855775417,0.0024676179125276694,0.0022877515253081123,0.007586494924420341,0.0036997596223326827,0.0027674877271127297,0.0036209690721511634,0.00743518563403793,0.00306517347480106
2019-12-04,0.0017041544695892536,0.002473843286595534,0.002364876665801489,0.0077002938175714805,0.003401344952018769,0.0027562416093339843,0.0037651146970021075,0.0072216859696782355,0.003052531310371476
2019-12-05,0.0017226344074932464,0.002483176960282663,0.002480274381915916,0.007837099855298778,0.0034299205872196465,0.0027477019265380537,0.0037808451988897403,0.006784446175755116,0.0030660473113028205
2019-12-06,0.0017452148737724866,0.002460180432678718,0.002460929534530322,0.00786229146501391,0.00341736560044399,0.0027743877540018715,0.00360331064178265,0.006993848633518171,0.0031265138644526206
2019-12-09,0.0017659032411961042,0.0024580698293956657,0.002472760441253713,0.007795896123666903,0.0034635796955127104,0.0027316895479666367,0.0036034416576055306,0.006881107653957051,0.003218383161752961
2019-12-10,0.0017652741602704654,0.0024542886591508903,0.0024892232480960936,0.008154325765887042,0.003461397178691819,0.002731282728817036,0.003606649823162144,0.006885186715279766,0.0031462829755014663
2019-12-11,0.0017525135187913116,0.00244634856086045,0.00250260561865357,0.007321687823437798,0.003456038086739132,0.0027489847411664233,0.003634428756684692,0.006960889073236207,0.0032778062718613245
2019-12-12,0.0017088527784455748,0.002534036175525165,0.0025111618187381147,0.006668994810796357,0.0035495112823665386,0.002485640541101524,0.0035459761157785323,0.006836012355667748,0.003214051983358671
2019-12-13,0.0024112061057068868,0.0025940628169840337,0.0024918904720898794,0.007101473582020353,0.0035789805831267585,0.002942910407447973,0.00449506535133783,0.006951890160249476,0.003261043197019983
2019-12-16,0.0025242623004055648,0.002618347385567578,0.002553195679879889,0.006262898751440661,0.0036314265418530413,0.0029339511480222643,0.004469864894026064,0.006950326415642485,0.003321642228501276
2019-12-17,0.0023922405884278784,0.0024964520226722917,0.002550665629856887,0.00625506451943212,0.0033517218170434657,0.002838660247584688,0.005290573714731659,0.006944129215853714,0.0034784627446756617
2019-12-18,0.002392795876900199,0.002601397646233005,0.002460068729864262,0.006222949077069362,0.003477727902086391,0.0028314054398068957,0.005511410340616817,0.006806696348542117,0.0034747711514026727
2019-12-19,0.0023373254130068023,0.0025907551444736025,0.002473245373545583,0.006206375775040884,0.003488905364213925,0.002828666420694388,0.005379775660946352,0.005227426535803332,0.0035126945269802917
2019-12-20,0.0023165227831528586,0.0025056757039793537,0.0022929499771558956,0.006222579925624565,0.003525721305660024,0.002812302488449807,0.005406162100216459,0.004760402773955575,0.0035182533081919024
2019-12-23,0.0022475351816430896,0.0025350753061696967,0.00219880297785687,0.006089040394481445,0.0035300254552507984,0.002703627215610149,0.005583597250394509,0.004573580135006948,0.0035350260866897783
2019-12-24,0.002248458479617076,0.0024926164993955033,0.0021591570947481773,0.0060889838592405945,0.0035318764003129666,0.002683517420963465,0.005562923447162741,0.004570065252672514,0.003524696166868448
2019-12-27,0.002234340997930179,0.0027398670891240285,0.001949848094046378,0.006055679253232425,0.003430049802260068,0.002643783958779293,0.0059088307632280904,0.004697719734312484,0.003719393472205796
2019-12-30,0.0022447014132705918,0.002774879638574437,0.001930366641055289,0.006023886828109428,0.0034623167718786413,0.002711133721682157,0.0059162550827365845,0.004725434064711695,0.0035165644773542067
2019-12-31,0.0023178805059692253,0.002799872657625552,0.0018883087681057429,0.0059188777092571854,0.0034114520587218916,0.0029376565255916256,0.005964756480352825,0.004612139733504806,0.003538049928842038
2020-01-02,0.002303844228060609,0.0028816777244889498,0.0018791584326702062,0.005878537950638273,0.00325354922709971,0.0029250785391781273,0.005879234944080431,0.004582716307942335,0.0036732903366753287
2020-01-03,0.0023035138781604806,0.002988949652828234,0.0021127884370291034,0.006617227017576322,0.003212751649032699,0.003088857505184992,0.006053891166358746,0.005199189632876084,0.003857009809195197
2020-01-06,0.002291041842335003,0.0030542712590100945,0.002118863045455945,0.0065418300073405026,0.003094500059246333,0.0030569879918002922,0.006032028466716142,0.005195477852959741,0.0038581935083418
2020-01-07,0.0024018617047620833,0.003046633065713072,0.0021208078354944893,0.006424602268734644,0.003060552622994296,0.00310141260986987,0.005989938417400992,0.005332264868911308,0.004330462010755595
2020-01-08,0.002372061401767205,0.003148248266422166,0.002143996323766348,0.0064097541205621845,0.0032064575050337347,0.0031401045806267965,0.005787454540856314,0.0054328839933720586,0.0042939847124622834
2020-01-09,0.0023846152933555734,0.0030234068106837412,0.0024428313735436894,0.0063879970566379715,0.003937569965797566,0.0032773288964245808,0.005888053737330499,0.005391605155093629,0.004286682367130859
2020-01-10,0.0023825155693895685,0.0030415196304455555,0.002515027931519597,0.006307257609066168,0.003939125839304478,0.003297645834310671,0.005913273777287592,0.004796607775520483,0.004296585189071982
2020-01-13,0.0024598857502138253,0.003078619089932575,0.0024939544942360493,0.006419774588667622,0.003946382865255649,0.003305572949805673,0.006107388876494381,0.00530459087423026,0.004346772451607191
2020-01-14,0.00243716208208012,0.0030857150325613075,0.002382394727458762,0.006422047372104603,0.004010893828835394,0.0032733811063937477,0.006088676011968857,0.005435358742797236,0.00431649512166992
2020-01-15,0.002443224690822071,0.0030736895060400234,0.00237628312353827,0.0063904326087617135,0.003976658417684714,0.003277529796387118,0.006071808829000174,0.005443304622151981,0.0043469737347098525
2020-01-16,0.0023872009008039864,0.003035289128879453,0.0024112710338904312,0.006443768139172029,0.004147816252396641,0.003271599027989314,0.006096933833950414,0.005449898594669882,0.004479988479606246
2020-01-17,0.0023497788653821213,0.0031285840695578562,0.002434239976883433,0.006451758628967657,0.0041567593066654486,0.002961946943509449,0.006049709936503478,0.0053533654183327345,0.004438088566278726
2020-01-20,0.0023794724077726257,0.0031496202822883504,0.0023797086946213282,0.006392488903327504,0.004278063808654379,0.0029581514987023776,0.005916680607135157,0.005356401529900642,0.0045067754087281565
2020-01-21,0.0026400544211897413,0.0031812733880393932,0.0022800058136876523,0.006218502058986876,0.004276074157719133,0.0029746747553588233,0.005986793212158154,0.005330687366658681,0.004497188570999765
2020-01-22,0.0026339863565973767,0.0032137134701822954,0.0022856350830755554,0.006246052003140116,0.004302535772643062,0.002945740048759092,0.006046242963960406,0.0051058593991414,0.0044794976457345
2020-01-23,0.0027766680212977833,0.003198050798026692,0.00228686394935972,0.0062499635368446025,0.004114282650092308,0.0030395604449001815,0.006040863672823722,0.004915603831410374,0.004433734618343274
2020-01-24,0.002777136602839425,0.003331444016481912,0.002252523082534457,0.005591372560996004,0.004115920614135383,0.0030386359302998116,0.0060526294311261395,0.004918614206955825,0.004459812679157302
2020-01-27,0.0027810854308470195,0.003334439887535561,0.0022426498729702267,0.006089778902431919,0.0041170357330240215,0.003246961699999079,0.006045429966141044,0.005014459553393766,0.004819563551565112
2020-01-28,0.002782263081976035,0.0031656582587917554,0.0022707707174230325,0.006098285704213996,0.003974191442860806,0.00324053361228874,0.00608716538471156,0.00507876687991978,0.004598993320249317
2020-01-29,0.002222556575902349,0.003087140390954703,0.0022425991052875973,0.0054713062356599425,0.003950458565338417,0.0027929856327428538,0.005271044587626552,0.004946045015853785,0.004525197735957081
2020-01-30,0.0020706964350963378,0.0031126253981705655,0.0023518278222452145,0.005718182697523365,0.0037441028614181556,0.002828130132647617,0.0054771204096478706,0.005448826893293407,0.004543228412001426
2020-01-31,0.0020706397286422073,0.003127681074238831,0.0024472685170017876,0.005989198198907576,0.0036504464205181562,0.0028172415544388024,0.004831237643564875,0.0054128551522330875,0.00446482284201685
2020-02-03,0.0030507593422149596,0.003051777683350926,0.0024475359235009314,0.005954213154158444,0.0035092339122496006,0.0028737305887921254,0.0047328881161437944,0.005375626615920128,0.004463745300503742
2020-02-04,0.0030969053568035516,0.0030628459933974366,0.002467397864464918,0.006120417446849668,0.003437574384481386,0.00303860922758527,0.0047608417932612605,0.005673226488967303,0.0044854096748592675
2020-02-05,0.0031575898683434502,0.0030723565940298527,0.002465553863711339,0.006049258826932609,0.0034134362162596497,0.003206528620312922,0.004770151626982676,0.005674394028402361,0.004571737238629158
2020-02-06,0.0031554859773313196,0.0030691578367381626,0.0024539260600673265,0.006126408910050465,0.0033789952062904713,0.003209826604106749,0.004640816372460079,0.0056668249216965325,0.004519079200779057
2020-02-07,0.0032279366621560425,0.0031104836170878407,0.00256752462406639,0.006290459119383338,0.0033632382204208592,0.003208414067678072,0.004630308963369387,0.006152688318335752,0.004915197316348569
2020-02-10,0.0032252268358661904,0.002832297821438471,0.002557818434376416,0.005876488916019901,0.0034685957751410656,0.003197184665113201,0.004113731819475242,0.005861410490670179,0.004625217791205004
2020-02-11,0.0032248456311944887,0.0028266798808135357,0.002554308363333222,0.006317253915667065,0.0034782554042100183,0.003126552592133556,0.004082367025755501,0.0057673860179723825,0.00458899296352017
2020-02-12,0.0031557260929289273,0.002703175948142457,0.002553720132325382,0.006530660205812439,0.003479164141102754,0.00290061809460797,0.004028898821257267,0.005688665454493516,0.0047141070712216305
2020-02-13,0.0031737059763247578,0.0027285194395363747,0.002555929712126864,0.006552126090500523,0.003507206282925664,0.0029325381086469956,0.0041081296697752165,0.00560313925045039,0.004681996650884978
2020-02-14,0.003169170628841744,0.002676112872645666,0.002392261123588816,0.006049544497062891,0.003489322156026233,0.0026993265826550676,0.0038827710510445463,0.005338889582336488,0.004621200340491075
2020-02-17,0.0031735360643126344,0.00249621196547914,0.0023567499651787516,0.006073533046984928,0.0035264121828846584,0.0026965322016771426,0.003837519424863275,0.005419766008629597,0.00463415324427351
2020-02-18,0.003105977353125031,0.0024939308680109054,0.0023977291059976216,0.006117342611584205,0.0035637632555236757,0.0026717299258813072,0.0038403895053498328,0.00547563968448032,0.004404512064505043
2020-02-19,0.00311607569503482,0.002376070783168138,0.002377571308727244,0.006211799039150656,0.003463114140970179,0.0029012676871024044,0.00388008143059633,0.0052481838318109465,0.004431043195004014
2020-02-20,0.0031736275307268015,0.002374126546983706,0.0020696497708582494,0.006382220818505935,0.0025443800027710847,0.0036284477344376647,0.004113860632699792,0.0052580479823854595,0.004755653176103464
2020-02-21,0.0031564309102821,0.002397208124974686,0.0020916691985574903,0.006402462437731625,0.002573207265349516,0.0036226500087295963,0.00415730072256013,0.005257073860860943,0.004728616684597535
2020-02-24,0.003031492332690101,0.0023219735408483272,0.002069754967639611,0.006276741302855734,0.0025547715807127964,0.003767467715055962,0.00391880234476835,0.005106929133167235,0.004627865762153405
2020-02-25,0.0030803051250132127,0.002384284246791608,0.0021835767760446834,0.006291934978119779,0.0025298945735930584,0.003998757086037717,0.004006926309086963,0.005070884601698164,0.0046244620873365444
2020-02-26,0.003079837198658238,0.0024258556815970117,0.0021873405400592333,0.0063197952358000475,0.0025058589380768347,0.003997983421790432,0.004027661775236995,0.005063670566676275,0.004648504568623139
2020-02-27,0.0030941143510890942,0.0028699939897195823,0.002172562576546337,0.00677345107197184,0.002121548365730279,0.004124218378080511,0.003919211315407121,0.005816915996417777,0.004411240060213938
2020-02-28,0.0030990640346959092,0.002734999388660614,0.00260040203022573,0.007104948385519784,0.002638190564086925,0.00451921655429525,0.003936446616584613,0.005824985104616358,0.004664745833987287
2020-03-02,0.0031535848557834563,0.003653273375249912,0.0028725441883512984,0.007114564312015316,0.0025188223621080467,0.004791130207782581,0.004106266875216928,0.00582704500510041,0.004855216467200604
2020-03-03,0.0030241820319647297,0.003621250356752797,0.0030709588788259707,0.007162209868708563,0.003138814637115395,0.004791876733970772,0.003947480778703452,0.005821129325506458,0.0049628313261544195
2020-03-04,0.003379947338675811,0.0035938041890271437,0.003053468581458594,0.008229313904644249,0.0039835437519563826,0.004800879120412464,0.003875104030628088,0.00578224948785822,0.0052253660498011514
2020-03-05,0.0032917445005310616,0.0037285027715810498,0.0030491324245533508,0.008388416422727323,0.004032138466793146,0.004836012120174936,0.004170041466812563,0.006509020081476906,0.005182456595767901
2020-03-06,0.003300301242566436,0.0042705466692688696,0.0030891818996179677,0.008943447113269496,0.0040674853738923,0.005724506869806877,0.0043966564083909535,0.006652878955486964,0.0052011550088416824
2020-03-09,0.0033533838914621777,0.004598570192263807,0.0032027599578721287,0.00899259143389105,0.004066822799505112,0.0073271582142323925,0.004637584014208588,0.007297453803077942,0.004858121465136029
2020-03-10,0.003360301232103949,0.004745522239924393,0.0033124037575428954,0.00899946344718793,0.004106775985556908,0.00825943463264782,0.00468071375165132,0.00803570471529851,0.005057327874345629
2020-03-11,0.003364341882192526,0.004860027448813141,0.0033642998318735543,0.008970562971499028,0.004409074060340047,0.008309661207763675,0.0049216521525832935,0.00804172692518994,0.0051216720860515486
2020-03-12,0.0037796357368608782,0.005150478719784922,0.0035171586371680976,0.009512700861098605,0.004690474443948708,0.008349053633606546,0.005833707090494709,0.0116569309455485,0.006714204129640797
2020-03-13,0.0038756924345925967,0.005650267065609345,0.0037377655349217355,0.010056896008058765,0.004722245240908393,0.010340079629633205,0.006506485988833317,0.014633586417559715,0.007005110987188049
2020-03-16,0.003318501152728441,0.005709690174187451,0.003862059880117018,0.011230729976907609,0.005746707897339453,0.010715174970088136,0.006967140737649376,0.017804523109944487,0.008060664253402775
2020-03-17,0.003259634810262779,0.006425275096570495,0.0038114400686226494,0.011079277759558241,0.005976774727219105,0.010991023289804083,0.0073481215009383585,0.017687071335491012,0.008601707178193052
2020-03-18,0.0032092719472514614,0.006460174278061948,0.0038032432102860815,0.011489037037200998,0.006218947190832851,0.011012955695248069,0.00790055338083141,0.017831379444784388,0.008864401028956652
2020-03-19,0.00378041014171048,0.006819951077093077,0.004284192387946535,0.011763262723691582,0.006562530368361747,0.01161115737979207,0.008529760364900267,0.017806804148298327,0.009066202358883209
2020-03-20,0.0038133372111686663,0.0069677991260057946,0.004269746351237854,0.011763828043254609,0.0066304461356096744,0.01167184829811704,0.009022510849123408,0.018912679365730472,0.009590904278697906
2020-03-23,0.0038050865463847977,0.007111964874677276,0.004727113957411001,0.012076962088315848,0.0067554677238746,0.011670894507038603,0.0092214308200169,0.018911863135673394,0.009649024529190748
2020-03-24,0.003858372251714444,0.007153307207033225,0.004783455077294625,0.011801066597172087,0.007791591708016833,0.011673873538765984,0.009815357770026569,0.018889827417828117,0.010594585932489988
2020-03-25,0.0039560219031327904,0.007151970963314702,0.004815842777662903,0.011917651129037058,0.00789679345276222,0.011739591659534615,0.009833529841688981,0.018938626313366593,0.011068379847664338
2020-03-26,0.004013002762110701,0.0075676638364589625,0.00584415517865844,0.011937380307014295,0.007963765818460776,0.01220954393687287,0.01034876057005364,0.019347421135737817,0.01117656023726155
2020-03-27,0.004044317696071119,0.007552718949225878,0.005862680924129617,0.011943628034282583,0.00803289100096146,0.012262263091354695,0.010967202900717107,0.01949073859396267,0.011176868389326728
2020-03-30,0.004036223452250544,0.0075997546682669845,0.005839210536127341,0.01205550118534541,0.008394429876598572,0.01229660723297775,0.011381924231325146,0.01941685058938763,0.011686739823733368
2020-03-31,0.004012858393201862,0.007718709631669945,0.005851105063078909,0.012089865697743188,0.00839759084429453,0.012315723538027335,0.011377213510642045,0.019499898440971396,0.011677175721340308
2020-04-01,0.004002714112871402,0.007721883470948437,0.006029094936110532,0.011850592642676688,0.00862900822502606,0.012348764421670738,0.011379090933499853,0.01950152380129501,0.011656546107170991
2020-04-02,0.003945551811901484,0.0077397504123706854,0.0060490227095434425,0.012542389781714606,0.008657597981203547,0.012043837006213845,0.01135922777092562,0.019571647717412984,0.011617960458287913
2020-04-03,0.003947517675743134,0.00801955305018746,0.006073899022530878,0.012548963946892207,0.008674638829079947,0.012271947128827985,0.011478766369873812,0.01957178484148245,0.01176515639606401
2020-04-06,0.003947652973192726,0.008014482290713491,0.006096437852341724,0.012529990513880533,0.008787142351673691,0.012267613777658165,0.011490695119921955,0.01950654891486669,0.012097499702982354
2020-04-07,0.00402557807811261,0.008164777712502699,0.006233366849416401,0.013988648629211606,0.008829436620021065,0.012209575149254517,0.011508033166360615,0.019872636389842543,0.01282698855040057
2020-04-08,0.004032233803756273,0.008146978299814048,0.006345475401749372,0.01418207149546515,0.008824223896993902,0.012208056729177547,0.011510977045756716,0.019856728429585777,0.012821102992618403
2020-04-09,0.004021020731155441,0.007999826960166016,0.00633360165282094,0.014245916906847867,0.009017637276668194,0.01217190815090802,0.011554995391576083,0.020040690271603566,0.012943870939149496
2020-04-14,0.003970946937501169,0.008166879877897527,0.0062655839002338926,0.014194391706335055,0.008949188367136773,0.012309780265407532,0.011816546393118401,0.020045556420962608,0.01378781413982031
2020-04-15,0.00393053490335407,0.007835206351862353,0.006202452247987138,0.014637451783965385,0.009148923608790303,0.012196441089568636,0.011802448853346699,0.020114657334440303,0.013969457362465128
2020-04-16,0.003925882275211603,0.00783604304404596,0.006158128410593925,0.014701346896478026,0.008880615672172062,0.012199132315570587,0.011804700320839422,0.020139287978782484,0.013928401437722282
2020-04-17,0.0035951831023673135,0.007838231455570414,0.0062786550984586026,0.013815157953258871,0.008488677979324542,0.012191319462227145,0.011787797334374187,0.0201587438302876,0.013931235970309245
2020-04-20,0.003592332320479279,0.007747589386170985,0.00627650562034096,0.013852835580383784,0.008398190802499227,0.012155859717713791,0.011690071360968236,0.0199800148893766,0.013934378534837918
2020-04-21,0.003597626968326075,0.0072720224594175886,0.006290928893761798,0.013696919571458643,0.008422720499015119,0.011704856873794064,0.011697842624340723,0.019944505028425166,0.014066154385384048
2020-04-22,0.003597112223241798,0.006962841456205261,0.006349841938056133,0.013927679586112723,0.008409856287554552,0.010484074039916084,0.01162310575290198,0.019713764789001463,0.014151170083227126
2020-04-23,0.0036003640795973626,0.007044350001803346,0.006410770368335222,0.013943225277569606,0.008687215879515825,0.009988549669189538,0.01160367677307699,0.01963078101183038,0.01418682021184496
2020-04-24,0.0035928204301993497,0.007068699554861893,0.006386509514981531,0.014074883197410942,0.008623686195183227,0.009974574073082802,0.01154121760321315,0.019816140273362693,0.014167401560784925
2020-04-27,0.003175489730579421,0.007038906731334722,0.006277876200458439,0.013999295957290726,0.008560014352558454,0.009947572840992857,0.011155959120478023,0.017976586876913492,0.013632773372826451
2020-04-28,0.0030618144543192107,0.0067462868929364815,0.0061553803369688125,0.01365032641610849,0.00856112414168053,0.008086969466263734,0.010736550258561928,0.015535331832634652,0.013432137331667782
2020-04-29,0.002935558287254909,0.006680524903417308,0.006100075060219916,0.013090858201599661,0.008040531318926148,0.007517305448456049,0.01039202062261874,0.012993131434309942,0.012557857708973963
2020-04-30,0.0030300195516212956,0.00608900472554076,0.0063067318920407775,0.013711745332388496,0.007875105028672547,0.007081815098983167,0.010086059036106041,0.013281775064222966,0.011815524879428222
2020-05-04,0.00302359734872437,0.006147081526352294,0.006464559047935498,0.014205764749960562,0.0077056434226657105,0.006977554447532287,0.00939575751105901,0.013968246034813479,0.011785059907134363
2020-05-05,0.0021641825820879913,0.005951413701391568,0.006077867216167838,0.014276083057300864,0.007476964245071823,0.005880596936771946,0.008375812994432495,0.014100810230093587,0.011237751739981554
2020-05-06,0.0022853365820421296,0.005750477680056796,0.006080908356296755,0.014366891391127793,0.007445783512813868,0.0057699388205429535,0.008266800457922089,0.013465596783375777,0.011646857427312253
2020-05-07,0.002294158354416273,0.005622754807679383,0.005553963251974332,0.013988074380506818,0.00744695660873005,0.005867930852092925,0.007814296003955558,0.013999396098774744,0.011617919755489502
2020-05-08,0.0022277846396891892,0.005622754807679383,0.0055621362611048405,0.014113829276807547,0.006933972353425626,0.005841441737043905,0.007453244958059453,0.014005575549098273,0.011285431720404004
2020-05-11,0.002053782321828292,0.005625472370011526,0.005496991918578952,0.013932016279618714,0.007021642481280863,0.00593519625716048,0.007541714529917646,0.01405331710892072,0.01117617819165147
2020-05-12,0.0019681139441235823,0.00500471974408174,0.004939526703574685,0.014243725584559799,0.007398854470745803,0.005020669910428381,0.007063947842365322,0.013568834740468542,0.011217825158284275
2020-05-13,0.0018814921262775832,0.0050173907134282575,0.004883936209678764,0.014190960325084564,0.007418565555059426,0.004940695369254228,0.0064050349941876215,0.013337402872664054,0.011205449666761378
2020-05-14,0.001910502035170929,0.005081035241903586,0.00492376964909928,0.014395610673357609,0.006975279150396403,0.004861830036964685,0.0061053694766298565,0.013417375253397193,0.01136443484098621
2020-05-15,0.0019158356085708795,0.004940668417407635,0.004986399849403439,0.014443845866335629,0.007157176405698971,0.004810352575035389,0.006075337531668982,0.013612616204490412,0.011316631889173511
2020-05-18,0.0019217838762689778,0.004977550270389159,0.0046044235249859565,0.014642998931320681,0.00702040636181998,0.004545655957922128,0.0060760842080185545,0.013845704014241973,0.011248537329639976
2020-05-19,0.001930483321253154,0.005349576360954389,0.004618261580982892,0.01369804047259744,0.007223745634621479,0.004584583595227695,0.006117088564003344,0.014260229678553473,0.011336759568473707
2020-05-20,0.0019330283465446416,0.00490223982821133,0.004604211151768815,0.013498615123734613,0.007158001071905789,0.00404864303640087,0.005709301762232972,0.014217688317265035,0.010970108055699
2020-05-21,0.001935883447435336,0.004939127880648925,0.004600163735519523,0.013524397947605864,0.006874592925250441,0.003996187190176252,0.005724848995960946,0.014303696530743905,0.010834863695769775
2020-05-22,0.001835194960313706,0.004990116886831655,0.004513897517362018,0.012847836767915503,0.00685437665509495,0.003997831949977449,0.0056807978455913006,0.014442386294767238,0.010458253081979615
2020-05-25,0.001823025877980504,0.004984447234604789,0.004204544731381647,0.012751097339221834,0.006810054633769477,0.004009237635112581,0.005686162678819339,0.014637611708497889,0.010430630065303126
2020-05-26,0.0018139779307075647,0.005094831328040618,0.004265721250681203,0.013061247934105229,0.006951627880930087,0.004020718681857203,0.006149547306700338,0.015171075811295325,0.010611333548860501
2020-05-27,0.0019167098763131077,0.004846102969802417,0.004281280150226348,0.012888886622462556,0.006871655958968541,0.0031304971738422426,0.005784554677436696,0.015288501009260432,0.009593991797086438
2020-05-28,0.0019285102955517448,0.004744348452385586,0.004189508022239308,0.01188870844613573,0.006423236579218401,0.003140955823172086,0.0056700552285270595,0.015109951271221691,0.009118122873707907
2020-05-29,0.001997905599770738,0.005098911484565512,0.004103277211341192,0.01186451269332037,0.006306894943431165,0.0033029483900219375,0.005820566599172647,0.015181922085912795,0.009175339772532006
2020-06-01,0.001998004394912147,0.005083387241602522,0.004010347204633041,0.01169915446711199,0.006280895728242845,0.003468030209208318,0.00584941057632825,0.015211656131253845,0.009227822078272418
2020-06-02,0.0021538597361295594,0.005144444583026342,0.004052267689802487,0.011814026862589116,0.00631660265749221,0.0035148896435100254,0.006192580375013842,0.015074120171729249,0.009566903085206186
2020-06-03,0.002086792483379141,0.005113684316206184,0.004002730925100033,0.011500888851468303,0.006101651804857412,0.003497848201180695,0.005817428520384861,0.015849009581394395,0.00912741505054929
2020-06-04,0.0020614653286318034,0.005154856533927181,0.003907626892414809,0.011489139532351972,0.006084728440361901,0.0035015551121516816,0.0057782278799767195,0.01631717806315803,0.00911169313173027
2020-06-05,0.0021685660763002585,0.004906088812027403,0.0037680231571281552,0.011013004498722617,0.006053534117293942,0.003512866434016129,0.006012911329854952,0.01566005379260184,0.009164558607591662
2020-06-08,0.0022154825839704527,0.0050094187928333015,0.003731019266445095,0.01102324599342826,0.005970738365404924,0.0035101354329859073,0.006013730752503337,0.015453854083711353,0.009170611297800784
2020-06-09,0.0022327927530769536,0.004970494441524011,0.003721737662996523,0.010982406723688777,0.006005830152900784,0.003994021542133296,0.005882918285519617,0.015563900787972759,0.00909457773874416
2020-06-10,0.0023274244989597063,0.005080070469282377,0.0036717444521809236,0.011013788556289969,0.005995884469969876,0.004149691163093893,0.006036529171570314,0.015369751893396386,0.009179545670991543
2020-06-11,0.0023497897460340194,0.005055258486917814,0.003717034209684046,0.01162022406125773,0.006115103800196591,0.004177639964948091,0.006222843862017504,0.015833731496299557,0.009707346692522477
2020-06-12,0.0022358921472052772,0.0051394471339541005,0.003379302180011598,0.011468880488743451,0.0061320111356091885,0.0041869869912786505,0.006088978313583833,0.016193273226048674,0.009759153976289365
2020-06-15,0.0022609637439320995,0.005163976206614292,0.0030414719264045815,0.009789506550463822,0.005993976281228164,0.004171596013406356,0.006064187757856425,0.015314813132541303,0.009061006546354222
2020-06-16,0.002307123372487258,0.004847075007379752,0.0030403147261019487,0.009569949197622022,0.005756594408556238,0.004169596811811873,0.006224831487503222,0.015332523435734916,0.009325147189541198
2020-06-17,0.0021206140851093174,0.005000497321810943,0.003035682733360366,0.009339132435490114,0.005546554159975069,0.004009281392933119,0.006306209976214611,0.015122730914609748,0.008734067353973739
2020-06-18,0.0021046864075856407,0.0049741644357598445,0.0030598028617634158,0.009948479741343177,0.005114142904462993,0.004030415294392111,0.006396826929687943,0.014936052901309591,0.008353278085966061
2020-06-19,0.002101272301641696,0.004927040932688642,0.0030416696406342235,0.009865459648472684,0.004698713071448599,0.004018284544908347,0.006451801527792596,0.014907355022442155,0.008199282927452046
2020-06-22,0.0020438988507468386,0.004900421410935049,0.0029953459778301844,0.009902282551760086,0.004582655577277478,0.00366856204185749,0.006374808271937284,0.015031100779881627,0.008036765646703263
2020-06-23,0.0020594477874961914,0.0051095022142530234,0.0027919124344573504,0.00978435750482509,0.004178141992530408,0.00366859016243028,0.006418733441748217,0.01514997655887771,0.008109973691379757
2020-06-24,0.0020692491799466075,0.005181903120519584,0.0027943069125285986,0.009741218766509374,0.0041524028852788055,0.0036338071447675835,0.006372869995222337,0.014852669953756456,0.008270357061049864
2020-06-25,0.002037034948828937,0.005150315541955334,0.0026926738577816582,0.008932320546876652,0.004148877851808929,0.003838710497553833,0.006113134562077002,0.016172391413136172,0.007794416377339218
2020-06-26,0.0020294760306705513,0.005148796644532211,0.0025686919651220184,0.008956459366796336,0.003975723304133328,0.003905432702019508,0.006144074184938571,0.01621554102642968,0.007789116260426846
2020-06-29,0.0020241242403197424,0.005220505091203104,0.002582413476710978,0.008764815365187044,0.003648823031148288,0.00389233102281164,0.006197010783677645,0.016163153584520924,0.007735604163835621
2020-06-30,0.0020154253678887064,0.005158269331331042,0.002559222218415218,0.008920714741523584,0.0032788329344650285,0.0039156506586065735,0.006149132154703652,0.016036057968714535,0.007658984091667805
2020-07-01,0.002017849787307245,0.005159261933949837,0.002557155988458937,0.008805950316096196,0.0032686355977726072,0.003950893706918108,0.006349534292417011,0.016005896492604303,0.007625893005584602
2020-07-02,0.0020127543507003115,0.005283294774002678,0.0032155276134802624,0.009217591345289874,0.0032662598638240215,0.003950750973964641,0.006555311173261719,0.01661237782217124,0.007665357799157183
2020-07-03,0.0018348465928615851,0.005107772437517102,0.00306524862737848,0.0092327959089288,0.003260286152543514,0.003949585077198243,0.006550187601323504,0.016483373034444727,0.007452400201167156
2020-07-06,0.0021565234856385424,0.005309645392543503,0.0030661353025927545,0.009235775273093636,0.0032609782280839375,0.003942758179994753,0.006589634163475057,0.01658957088422307,0.007479876433079327
2020-07-07,0.0021638542266676996,0.005290217013897076,0.00305879297383696,0.008777285233903113,0.002562884370843027,0.003934907118143447,0.006178232683872284,0.01640303289799191,0.007228056566648804
2020-07-08,0.0020064030345636414,0.005294324663730917,0.003062670885457299,0.008814543321972321,0.002378729824212229,0.0038686910572642164,0.006038957109577654,0.016336412779382657,0.007222972884106814
2020-07-09,0.0021012580958453303,0.005340878266517915,0.0030601095850971505,0.008961762028893776,0.0022293721645333235,0.0038894133763736996,0.006178880889490049,0.016318369018116,0.007232102432612603
2020-07-10,0.002147084323001877,0.005146124684358208,0.003085957944118528,0.009075701797178846,0.002177206515580296,0.0038171546103226615,0.006167880714531836,0.016316057936198582,0.007295981801476001
2020-07-13,0.0021435378705564794,0.005186262594019506,0.0030860867897298185,0.009243836334053106,0.0020992038114424727,0.0037062210144942842,0.006153553118937045,0.016361866340272407,0.00714717233574205
2020-07-14,0.002099443178767196,0.005155549091166894,0.0030315246241988,0.009049623864087425,0.0017672671537366227,0.003660724298749206,0.005860298791486752,0.016367104485957164,0.006593181045211192
2020-07-15,0.0021840979672816396,0.00524715106255151,0.003027552829538772,0.009191128715517713,0.0017242380357128592,0.0036848812109953276,0.006062185842505587,0.015589537553906676,0.006768531293024451
2020-07-16,0.0021926523993768894,0.005218140894458612,0.0030388161658907375,0.009221682257593976,0.0016204838519847749,0.0036797907434657426,0.006167142136188316,0.014985623469633126,0.00680081198708423
2020-07-17,0.0021223402581883096,0.0050706404636681095,0.0030867417005495286,0.009209132549573527,0.001449564158107608,0.0036191429540392422,0.005892434195772309,0.015053438395884319,0.0065485131660724125
2020-07-20,0.0020998237911848093,0.005012198135929925,0.0031054854497317157,0.009226528091015637,0.0014386943322184426,0.003605455581880074,0.006051477633957388,0.014252622030725833,0.0065565574871890905
2020-07-21,0.002071319128188015,0.005014451542744419,0.003131071769778624,0.009485185125314412,0.00138565554313786,0.003033583855078732,0.006125599696333563,0.014363369475151832,0.00680707532412858
2020-07-22,0.0019945972742878796,0.005284699547531184,0.0031337856021729812,0.009418086084282002,0.001204209066045607,0.002774774072149229,0.005895884588144032,0.014922470779330767,0.0069445930813410535
2020-07-23,0.0019880776849023193,0.005261852595958243,0.0031314388546692684,0.00920513343852769,0.0006858145892268688,0.00273257478885351,0.005589700459847064,0.014339774997922753,0.0064909244755663965
2020-07-24,0.002008595278435676,0.005213317174325664,0.0031244766991333213,0.009069000008609432,0.0006170982015522321,0.003108964429968573,0.005631755999170215,0.01422954998327223,0.006463033637520561
2020-07-27,0.0019572312919976464,0.0055527011394862,0.0031062432153023153,0.009486284698222651,0.0005811906614981892,0.0034592764898900338,0.005770694971623864,0.014095454498046585,0.006404367195562035
2020-07-28,0.0019243620465563308,0.005590418020820161,0.0031178917410870557,0.00955617783280854,0.0023918888492409736,0.0034585481833727142,0.00561183771512201,0.013914721461382154,0.0059497042563807535
2020-07-29,0.001900373767973616,0.005387619951054344,0.003105780956276438,0.00952349209989121,0.0025328566865983654,0.0034512388943533723,0.005511039681283263,0.013409737248697732,0.0058813828065725025
2020-07-30,0.0019059916982028108,0.0053699508136767484,0.0030773197583561806,0.009614942285563123,0.002535737144804738,0.0033867208067155895,0.0052816524378615426,0.013110682984170056,0.005868474521223799
2020-07-31,0.002010385368436397,0.005510526772291023,0.0030541705461999786,0.009843182962911184,0.0025599769872879058,0.00341659364530284,0.005363892432169886,0.013123722387854789,0.005907513847241783
2020-08-03,0.0020382583613830947,0.0059423660906916375,0.003227537287534126,0.010498782106216875,0.0025476824620530958,0.004118837244337919,0.005790053559408812,0.013159667867656552,0.006347947536067125
2020-08-04,0.002021313297274745,0.005769522548032897,0.0029634862653995617,0.0103674592201434,0.002584314610691581,0.004120986442328823,0.005739091715658276,0.013367698575137697,0.006122697529733989
2020-08-05,0.002247258584771339,0.005809306344975402,0.003005188512366929,0.010503184068322685,0.00295381569006171,0.004120286272856764,0.005865836717678783,0.013589897166027699,0.006252663876227293
2020-08-06,0.002278461260738421,0.005592222978958685,0.00302534436045402,0.010962594739842084,0.0063185091619794576,0.0039170925463625095,0.005737426421949881,0.012424853918160228,0.006243715409319634
2020-08-07,0.002297751984756268,0.005639815059098018,0.0030300168030288222,0.010883783644777446,0.0065418362136266915,0.003890788967419423,0.005827232322436781,0.012322729451617697,0.006251543268609761
2020-08-10,0.0023270811028115643,0.005686214266832498,0.00302003948077422,0.01102094899955358,0.007095201801312216,0.00389299844117424,0.005763053849278908,0.012496417638282343,0.006449651341884873
2020-08-11,0.0023887029220483946,0.0054232858287941235,0.0031090541799348435,0.01118212367461252,0.007385099517711901,0.0037946937849398523,0.005667011919512858,0.012433785871712372,0.006393342852278231
2020-08-12,0.0023883920245383232,0.00543912563430591,0.003178265697013981,0.011116509187042009,0.007481957576674537,0.004111337047683892,0.005810838347380638,0.01243957317781558,0.006574139369360223
2020-08-13,0.002388206458384034,0.005365793246332638,0.0024953300546957198,0.010568027094058107,0.007472318809344407,0.004111244324430908,0.005672792310844085,0.01148280236546306,0.006548541464743763
2020-08-14,0.002397190141037179,0.005235364892735689,0.002491674977515144,0.010439440309519892,0.00748806358041841,0.004135199368843694,0.0055680043866596475,0.011333050134492326,0.006568607525635968
2020-08-17,0.002119403463726217,0.005066544068821235,0.0024818401903615034,0.010406922462080321,0.0074842602614381875,0.004177331382413859,0.005569252195915663,0.010963197184336604,0.006574510205082728
2020-08-18,0.0021547970727656056,0.005017157997920604,0.0024483969008082863,0.010409652218967903,0.007488343191240502,0.004381819516547436,0.0056650016888604516,0.010444487760159903,0.0065554516433656155
2020-08-19,0.0021584310559191015,0.005001907958995606,0.002453776440657044,0.010581213710450314,0.007599410296513953,0.004379503961779255,0.005666835864481425,0.010419856754650994,0.006565035759978728
2020-08-20,0.00206469971506123,0.005217794942458859,0.0025313359816453774,0.010403380978238657,0.0076030514066846334,0.004472461358938928,0.005671649238772179,0.01148973392243029,0.007111388878176875
2020-08-21,0.002013997029005243,0.005270599041269308,0.0024776524024830104,0.010341183866372658,0.00778619108097695,0.004422020790849993,0.005591843408133737,0.011426048270751402,0.006988670784803992
2020-08-24,0.0020247167856140913,0.005322535823909545,0.003219048332866092,0.0107065725601357,0.007895476995619747,0.004379979646229869,0.0055909985874412526,0.011379674746079916,0.007014425648204163
2020-08-25,0.0019665590068804802,0.00535503164341172,0.0032099631369414913,0.0108670174063351,0.007879604646783198,0.004514095574707511,0.005458816638421726,0.011375678831288701,0.007049846453465579
2020-08-26,0.0019137088809723318,0.005310609083396604,0.0031613040836856445,0.010503662667212256,0.007993529446297333,0.004411988998043739,0.00529355375276963,0.011373003301633221,0.006896348391492548
2020-08-27,0.0018882812047071732,0.005267154795969325,0.00327540415473705,0.010545936450209323,0.008014449368656425,0.0043879899378598255,0.00510614309960764,0.011422288035744818,0.00686450848130907
2020-08-28,0.0019838328926040172,0.005467874263943375,0.003648497536742338,0.010991147370064016,0.00806908672112486,0.004641811107950325,0.005280223759355853,0.01174016737379425,0.007227705020241694
2020-08-31,0.0020080738673872354,0.005469050690617089,0.0036508350154435603,0.010981614605204233,0.008065119739893043,0.004819109430406164,0.005189646346910962,0.012023954804990309,0.007228382374862586
2020-09-01,0.00206585913828371,0.005476796955259571,0.003705905169931036,0.010734134208565562,0.008040127317449186,0.0048121456910727375,0.005418879379263332,0.011574888641846377,0.00695683637363596
2020-09-02,0.0020746222519281033,0.005566180333723939,0.0037988454802619157,0.010731789861531746,0.008030568655013887,0.004852557158987695,0.005772689118242345,0.01093292684156354,0.006753072833818911
2020-09-03,0.002091681264060701,0.005630045692487582,0.0038159373767545825,0.010404602254920552,0.008068582713979141,0.004880093227986979,0.005978622089121216,0.010994872021721983,0.006738063885333005
2020-09-04,0.0020530693421378044,0.005617540152288755,0.003882398358997256,0.010522064516474323,0.008058287346574391,0.004663159393950291,0.005928032811433926,0.010850794914485703,0.006682938996194542
2020-09-07,0.002039804128991962,0.005126707461868122,0.003955725489866896,0.010097302560868958,0.008050513625536103,0.00436031030919127,0.00593490023840137,0.010648662711321413,0.006581155468685459
2020-09-08,0.0020858560072466764,0.00511780872392461,0.004130729024300866,0.010357433406147037,0.007832719388959221,0.004356356240592062,0.006261737977232323,0.010975660494560825,0.006714271702067998
2020-09-09,0.0020906084568203796,0.005121478378586057,0.004204374273773517,0.010634198248043942,0.007821041917779284,0.004348478921872024,0.006375209819042544,0.010981390004452368,0.00666834329254703
2020-09-10,0.0020762475208206664,0.005243869433583328,0.004193677070992982,0.010108528883177323,0.007934517370605883,0.00435189692199225,0.006367453665821162,0.010681760881383607,0.006667430662380576
2020-09-11,0.0019837489590060864,0.004988049878214131,0.004219870798798721,0.009904957776077814,0.00790543150140304,0.004307510413119281,0.006161942490589822,0.010623305494945471,0.0065931962822026475
2020-09-14,0.0019731211518889853,0.004592278838603224,0.004077565932515157,0.009192951309211717,0.007904557864981836,0.0037200823684740273,0.005981133179991942,0.010438385897441536,0.006229285241042055
2020-09-15,0.0022731362146358796,0.004563357015338534,0.0040854003825949465,0.009281104079372412,0.007892420425425203,0.0038134013492159982,0.006002405663423162,0.010197105459966934,0.006338942302938564
2020-09-16,0.002071302196253978,0.004374219178960924,0.004042698011675572,0.0092054980825665,0.007810073260324252,0.003829213548796632,0.00588148857068014,0.009861067737577294,0.005960962714119014
2020-09-17,0.002070330357267383,0.004513243488298124,0.00404035006808607,0.008453735806095194,0.005607044476487287,0.0038983053494018624,0.005999087623728458,0.009339227100907913,0.005931502359152684
2020-09-18,0.0020523378139091614,0.004532178362822527,0.0040347235370727895,0.008533002059895435,0.00535736376941911,0.003892154773764986,0.006011535004259397,0.009338476670915112,0.00593496540320464
2020-09-21,0.002064001607901966,0.004509635786043753,0.004035805293535528,0.010670559443590267,0.004590297546333728,0.0038478179787051247,0.006129761057625081,0.011479350025928267,0.0058181175959522565
2020-09-22,0.0020101247171007805,0.004558047031333211,0.003968037150654644,0.01050269896176205,0.00419907857605707,0.003964813271799768,0.006100081946977046,0.011497260284596933,0.0059307637511716174
2020-09-23,0.0021046654841000148,0.004613257718322432,0.00391688935922593,0.011451140275734748,0.004032207357762884,0.0037349465323764353,0.006017214656592456,0.011888925105082349,0.0062756655527976355
2020-09-24,0.0023674536555864547,0.004544032111484614,0.00406930490551027,0.01144652544043024,0.0043846812198270035,0.0037778099466459344,0.005913741338662576,0.011970966491902874,0.0064654588436891015
2020-09-25,0.0023591741502641266,0.004539559116460128,0.004107774044476307,0.011460772515061196,0.004315689794428182,0.0037612568418557892,0.00591264510594091,0.012021495860880249,0.006463201554617779
2020-09-28,0.0023766188835107733,0.004531292269733199,0.004111487946632338,0.01147324299591251,0.005942616750061757,0.0037146337963821154,0.006378949786347598,0.012038454011981529,0.00644391468049982
2020-09-29,0.002353265051987625,0.004476756095409125,0.004098246441763995,0.011482534358209279,0.005937580858471571,0.0034355664866100584,0.006217463624527253,0.012519527271279425,0.006536564849675214
2020-09-30,0.002350152707175882,0.0044496617381117026,0.004057877628093306,0.011391212234001039,0.006066550188920478,0.0034345376652696667,0.006190562400210842,0.012524600682105955,0.006494487876300895
2020-10-01,0.0023641416729243193,0.004351529569621967,0.004286500745824955,0.011580156727227932,0.006313164903539512,0.003338845371364155,0.006416533719439037,0.011678752956440764,0.00631610396135122
2020-10-02,0.0023538156507217035,0.004182542404874081,0.004384989153427171,0.011594613085455573,0.006109663412653515,0.0033742617675955153,0.006410384319918451,0.011713090196188537,0.006388347679758851
2020-10-05,0.0024233109072943335,0.004039574948765094,0.003916832613021468,0.011192116473483404,0.005990727245612727,0.003443323871917638,0.006407755022841323,0.011678285517273096,0.006315855169012592
2020-10-06,0.0024481107781764077,0.0040349960699179645,0.00394894390289575,0.011088257655695018,0.006028651048041865,0.003245666806193072,0.0064075988219200524,0.012285700105756159,0.006305879036712696
2020-10-07,0.002410060798645463,0.0040350606216819586,0.003945567870365687,0.011207179222754418,0.0062924680737437315,0.0033094219737225656,0.006481989979949338,0.01224830413700233,0.006292889784264259
2020-10-08,0.002410933586444029,0.004025489927778628,0.0038336100746385986,0.011050549732967426,0.006289685210702005,0.003299914678925431,0.006486844703532414,0.012187124300503577,0.006231457310398365
2020-10-09,0.0032881155840859527,0.0036653942204075717,0.003420941727787018,0.01070453091087782,0.006274289135243236,0.0028645812456379103,0.0062031487960898385,0.011859904801419359,0.005689927068770347
2020-10-12,0.0035178551988246124,0.0036390701927515434,0.003459251616573803,0.010708183377976245,0.0064217932750168525,0.0027434188063054296,0.006350295204995591,0.011605537139819938,0.005711851231795329
2020-10-13,0.003473587323918231,0.003547292798811465,0.0033474210838062802,0.010679222379052679,0.006430315107663737,0.0027481779041148295,0.005952993643126028,0.011609800154446615,0.005712258590817287
2020-10-14,0.003460578433009903,0.003043382494051711,0.00327776209261744,0.010534644946181795,0.006445042169102839,0.0026993857941145344,0.00576244324265638,0.011590933986434099,0.005626265172183898
2020-10-15,0.0034340319497794414,0.0030603204511116745,0.0032087349152612934,0.010772027558397025,0.006388956706838039,0.002633301659903626,0.005713650446637012,0.011637243113575207,0.006119618567288595
2020-10-16,0.0035334308617095025,0.0031060179427763626,0.003123182190400125,0.010761476333562673,0.0063894221293009324,0.0025898123585103446,0.0057097028494813165,0.011342778853186911,0.006174248766679458
2020-10-19,0.0035419963993827824,0.003181450938812929,0.0030550327574209797,0.010658954901366834,0.006573299206480829,0.002593218507881938,0.00576968729386664,0.011365256857031096,0.006181715840553711
2020-10-20,0.003514359950687041,0.003147637888998856,0.002877315849873303,0.010293597830133588,0.0065696165807620326,0.0026759079532908043,0.005572216663454783,0.01108655749693418,0.006398367734029615
2020-10-21,0.003559029750643513,0.0032031666642746708,0.0027840837254910805,0.010087530914372304,0.006717947690073258,0.0030075367292461963,0.005588758763039639,0.010967112991706041,0.006583910721270513
2020-10-22,0.003666730534921622,0.0030200821160721106,0.00276957324490203,0.01012148343596141,0.006792011349881795,0.003017670913710911,0.005593785344568349,0.010948915437354673,0.006518079305008492
2020-10-23,0.0036649860322046784,0.003069587099880932,0.0027489840617780496,0.01019080138656728,0.006796204133610926,0.0030234415797601444,0.0053505160506635025,0.011002494926033791,0.006639806536977921
2020-10-26,0.0038213015714316225,0.0031005869898127402,0.002932587965329021,0.010202996705745693,0.007226999557584921,0.0030706515956955612,0.005371116815169327,0.011160510836727465,0.006650820477458057
2020-10-27,0.00362057821525682,0.0030967550245479024,0.003111732968274595,0.010075690362440973,0.0072599190975990635,0.003049466731074959,0.005362163466087823,0.010729885746325928,0.006462729178344641
2020-10-28,0.003648001847799555,0.003476220288447679,0.0032232745340396653,0.01048668311140102,0.007510164655242416,0.0030163445844511995,0.005498830666847103,0.01101100396626621,0.006662402147584685
2020-10-29,0.003649247869960408,0.0033210575996442354,0.0033442988083810994,0.010496244476332732,0.007518884611549015,0.0028956624073800258,0.005331499839777134,0.011066657361632351,0.006693515356486623
2020-10-30,0.0037157255583841445,0.003261712578355005,0.0033306414908719664,0.010518003515808281,0.007533598542028147,0.002912299562567471,0.005252031756869921,0.011044991307735931,0.006824668644631486
2020-11-02,0.0037048212542238877,0.0032634153316581176,0.003332146376640637,0.008256977245152494,0.0075739372288670306,0.002870969609367656,0.005097969577304906,0.009068885552288753,0.006808615340475773
2020-11-03,0.003702321945190214,0.0032969695425461992,0.003327686717279429,0.008439581858179045,0.00768960838047901,0.002747826424647296,0.005038587142535577,0.009119556520613322,0.0071048100621690724
2020-11-04,0.0036997522134077344,0.003222800558155117,0.0033283086865689387,0.007011816437022023,0.00805866410159407,0.002651935679685133,0.004914345831158147,0.008659837533145495,0.0067314233743873434
2020-11-05,0.0037358307649864786,0.0037253475236196567,0.00332784736972845,0.00755712199642938,0.00784577161327027,0.0028579277565599966,0.004983682283466644,0.009590520854478009,0.006697200120206171
2020-11-06,0.003741853141260257,0.0037157929495817517,0.0032670782729833955,0.007500018544966376,0.008031984008524387,0.002872520165805585,0.004950578899628333,0.009550243265094939,0.006681396583448432
2020-11-09,0.003734191454845065,0.00368870965379589,0.0034177375672833207,0.009124125638639383,0.013129893545435745,0.004091315164901568,0.004503712586703709,0.013997821917373927,0.006787612336125131
2020-11-10,0.0037542460418282424,0.0038753733460768487,0.003627616136998834,0.00998463044432312,0.013900159438910343,0.004137645304192565,0.00454206066811254,0.014250073686778745,0.0067675502921404704
2020-11-11,0.003780616449345026,0.0039385977815639284,0.0036470686192943474,0.010118891824293189,0.01638385870443763,0.004142256999390542,0.004508360548178043,0.014320776131923675,0.006760020500801029
2020-11-12,0.0037685997593279825,0.003898574592991255,0.0032197312803093105,0.009953597480802556,0.016724397580708518,0.0041284692651725975,0.004464996303758719,0.01422308312658023,0.00651335498622368
2020-11-13,0.0037769148587798876,0.003895436209672591,0.003157137503773607,0.009972827432574476,0.01671156429961627,0.004198194965152476,0.00447433005481981,0.01436907208954566,0.006436011450748007
2020-11-16,0.0037312545613500036,0.003859713572078452,0.0031508778051850444,0.010071471077301018,0.016689910562931395,0.004143590681322807,0.004471680940127025,0.014425041982055414,0.006498128764240001
2020-11-17,0.0037931591379547712,0.0039176772733746125,0.0031088399443808348,0.010025350830314115,0.016685764644854856,0.004342039505512703,0.004618478568876911,0.013988083162573505,0.006483217964330232
2020-11-18,0.0037970686457864085,0.003901807105297829,0.0032048005234515515,0.009823615210866629,0.016488615184975228,0.00430315403775602,0.004435939280418636,0.014427615541923374,0.006431705361363561
2020-11-19,0.003927969994080893,0.003946879846226381,0.003200792507284851,0.009913147335044826,0.01683633915575549,0.004317785582135613,0.004467490906889058,0.014495255340633456,0.006508423868915868
2020-11-20,0.0032181760905987014,0.003948346733090571,0.0031677769322235394,0.009942782220168235,0.01695527739272793,0.004323103897686357,0.004477436709469919,0.014494862073119143,0.006547076826465087
2020-11-23,0.002936877360119324,0.003986390605561334,0.0031513235495458035,0.009907404393829113,0.017389687628821357,0.0042569532241784344,0.004594083652193733,0.014462727532967862,0.006541239859938727
2020-11-24,0.0030063663930564536,0.004025793794651069,0.0031522406059650288,0.009930925725368406,0.017869101912318865,0.004518227688909814,0.00468596760393869,0.014492468426251404,0.006489404318545453
2020-11-25,0.0030105962326335803,0.003988598055902276,0.0031960257447677313,0.009940650488206235,0.017850493064609483,0.004504335292355633,0.00467399596463872,0.014503461099386225,0.006475512462985751
2020-11-26,0.0030087447550339527,0.003883138036469402,0.003167239691863554,0.00956068268759103,0.017970859275361777,0.004515907984961103,0.004491309041713339,0.014278085603690432,0.005731442846357732
2020-11-27,0.002898615994641973,0.0038471323112684043,0.003176759946722747,0.009596645172935363,0.01802987317697641,0.004515720488758619,0.004510112852455235,0.01435554096246148,0.005716695596291442
2020-11-30,0.0028857819410226145,0.003884308533782664,0.0031767324263817084,0.009659210966710277,0.01802885861550883,0.004513279128369027,0.004352554131797454,0.014499979000395473,0.005711874487129293
2020-12-01,0.0028864349825777087,0.0038823721002579905,0.0033066202767912515,0.009560241713612215,0.018155864604025924,0.004482514663741601,0.004164745138138395,0.014515189512236307,0.00524574732167614
2020-12-02,0.0028125711692190266,0.004092982225260804,0.003279944107994072,0.009576686360855968,0.01813396620246394,0.004275764248438878,0.003817296115074908,0.014799251192126724,0.005118319790827584
2020-12-03,0.002709761331606175,0.004207838710083499,0.003286783612481834,0.00960655433169558,0.01803088838478106,0.004329472447123544,0.004058391378487251,0.014717611389067577,0.005275422219037765
2020-12-04,0.002730180569229621,0.004190239426189886,0.0032912516369904385,0.009571604170465656,0.018033344683627085,0.004329332291247444,0.004034892534368339,0.014689585532298767,0.00519053580823552
2020-12-07,0.0024956748611907826,0.004172792529927749,0.003138434012770744,0.009512575836666247,0.017833277690349068,0.004301450909884219,0.004689011807399053,0.014414884297005583,0.005129498034001714
2020-12-08,0.0024967207450401437,0.0041884604794902485,0.003043269131788834,0.009551222480185736,0.01775376958635848,0.00423365717766191,0.004690091700002158,0.014410822696549839,0.005129310348384573
2020-12-09,0.0024383880529842902,0.003774098520235117,0.002907704033368166,0.008848648236382754,0.017535000647785244,0.004214989640623136,0.004829551822725604,0.013976297016690979,0.004835756938542661
2020-12-10,0.0024448682059813,0.0037325662442856994,0.0027249954305169563,0.008911685566713259,0.017497025506045222,0.004259645083016689,0.005383253801077261,0.013770522575705824,0.004587872484497904
2020-12-11,0.0023729414771321293,0.0037196422150711905,0.002737094051725237,0.009047059524179916,0.01746562067991806,0.004263009995727802,0.005876804291909702,0.013754267861742298,0.004568806865978323
2020-12-14,0.00234049374196775,0.003601193216627773,0.0027839191683395868,0.009122143083018638,0.0173674364762914,0.0043256853893708135,0.0068610136090820634,0.013754208773492897,0.004514315067789013
2020-12-15,0.002344778392423304,0.003606370644845056,0.002789098049907552,0.008981674633327483,0.01718842498523812,0.0043341061213174655,0.0068711633250282105,0.014013484227771388,0.0043267868692477875
2020-12-16,0.002288585064582576,0.0036420290019782853,0.0027971354339390454,0.00898080995693599,0.017142910869714152,0.004372934646014725,0.007229005597722371,0.014086015255726834,0.0043108254094699466
2020-12-17,0.0018743692968993257,0.003185881309377091,0.0026495412801811466,0.008714905726707762,0.017180553259295846,0.00422629357938506,0.0071909016863977455,0.013571929579102849,0.004133547355347247
2020-12-18,0.001877963946050904,0.003185684769442567,0.002627158216723388,0.00875770011460205,0.016938835020271558,0.004230503960748271,0.007366603409124912,0.013685892380265576,0.004198556269866091
2020-12-21,0.001945585535014798,0.0035147738616717913,0.0027947628908506585,0.007859861241233635,0.013577796102296754,0.0031273939352996958,0.007948663325842832,0.009728508344502928,0.0047479675887620665
2020-12-22,0.0019374290837764314,0.003340800480554837,0.0025445142338189584,0.007578211317041545,0.012561774627527705,0.003026683775765081,0.008114074745167003,0.008688142754021985,0.004622389992643745
2020-12-23,0.0019062518372726452,0.0034864662171991056,0.0025001562728736667,0.007385986080137442,0.009494244404745642,0.0030400694244486983,0.008115661860573845,0.008637492372050639,0.0046473678145159715
2020-12-24,0.0019108380045396842,0.003487437528529649,0.002452658828745162,0.0073698077698413035,0.008982924649995635,0.003051852616139762,0.008257446553609191,0.008841925516936883,0.004679809969876471
2020-12-28,0.0019023921540131997,0.0034883668733523953,0.0024526823604171574,0.0073298969974997545,0.009267625507781041,0.002934733076607946,0.008315110841978305,0.008529822568250727,0.004685228400167803
2020-12-29,0.0018494631679282295,0.0035103603416261862,0.0024379921586190813,0.007298309876768617,0.009561212624056454,0.0029632097916336302,0.008326306171993645,0.00838587153856723,0.004616993090740994
2020-12-30,0.0016235762327852477,0.0034605619141505175,0.0024604529045220034,0.007305305047297513,0.009564093374849042,0.0029334763193591116,0.008351865559479593,0.008368669282780919,0.0047426044358590625
2020-12-31,0.00166726439526281,0.0034529339508916016,0.0023758851926643475,0.007326732329494084,0.009774548997770282,0.0028960558683183524,0.008368035246254409,0.007587250783369235,0.004837230989581626
2021-01-04,0.002466398024825907,0.0033658521071436645,0.002366905569103257,0.007301808765641719,0.009143281486214228,0.0028816978351847407,0.008340970726356145,0.0075171522764864735,0.004629924492686762
2021-01-05,0.0024346354022676247,0.0034089507438989533,0.0024466169297009044,0.009246496338895798,0.00896591854579434,0.002870445166680788,0.008383433441189476,0.010395252963790909,0.004638702701882684
2021-01-06,0.0024339280232223612,0.0034796344036510706,0.002452195394658094,0.009244807504559069,0.008033086048758709,0.002874389647124589,0.008248774146021468,0.010576701025856472,0.004991765039650224
2021-01-07,0.0023959331644155474,0.003582178677548922,0.0025357159021893332,0.00999816908901448,0.006555881813930232,0.0026995319580274285,0.00819688102162585,0.010586737755356672,0.0051884797945262245
2021-01-08,0.0023881657173429926,0.003625348596450457,0.0024977088830334514,0.009938711988435581,0.0066092848706351525,0.002768033166669212,0.008205748264201356,0.010718442236024585,0.005190023560015651
2021-01-11,0.0024452229949736217,0.003918403112611657,0.002532427865996166,0.010146566976419436,0.006908619469783441,0.0028110343932373784,0.008365993564986733,0.011267710814213568,0.005538508388869784
2021-01-12,0.0024745841133394352,0.0039156910460448596,0.002494548089231685,0.010113126690433264,0.006939614054737015,0.0028104064214691,0.008494081778390025,0.01121914484160098,0.005538700130310593
2021-01-13,0.0024989269859562284,0.0038350733488956,0.0024996533995437107,0.010140177128499874,0.00693655594925482,0.0028556466870048197,0.008540575747983803,0.01202563082575167,0.005538646949589587
2021-01-14,0.0024973781399378844,0.0038943412683979488,0.002305425928289922,0.010225662857524308,0.006596004962046813,0.0028462005560658914,0.008566146687503072,0.012217013167207122,0.005480416548477194
2021-01-15,0.0025158522302350856,0.0036130831565692953,0.0022924195937829074,0.010207551359565789,0.006830092626667881,0.0029020174634714264,0.00856997265380275,0.011779102443565535,0.005534978936950023
2021-01-18,0.0025678222661399304,0.003486147055994986,0.0023370970528617118,0.01018423463281319,0.007102200404281589,0.002808448987383227,0.008517635887513345,0.011807411154471162,0.005623895503791142
2021-01-19,0.0025657064455582635,0.003643780456218172,0.0023564515133030883,0.01119947222211194,0.007206840880499808,0.0028326850538024618,0.008565797091036071,0.011836189106253144,0.00566666768622425
2021-01-20,0.0025607345845863453,0.0036439319154707,0.0023308695572666046,0.011209052683193794,0.007045199156662697,0.002836273727725825,0.008207031299343468,0.011875063331418216,0.0056376343319129475
2021-01-21,0.002561762287207655,0.0037394210598005514,0.002252329106830456,0.011228534568255458,0.00723718211389251,0.002918612713933635,0.00822283886695265,0.012025071163152377,0.005719175413526441
2021-01-22,0.00264237330947301,0.0037381733152691667,0.002252246803829284,0.01182217809575546,0.0074258069675531505,0.0030061436535939955,0.008010928776728307,0.012883372848791236,0.005846719722213215
2021-01-25,0.002639380157707117,0.0037391815067024377,0.0022558504806906294,0.011846251519708265,0.0073265194590191,0.0029371901339510374,0.007677700861197638,0.012872305621296544,0.005847956124361566
2021-01-26,0.0026405595450349575,0.0037382517698071266,0.00223090847246792,0.011781803943372504,0.007286142730851874,0.002891332047919886,0.007274780492449373,0.012985658859443578,0.00578930603149934
2021-01-27,0.0026494096985395575,0.00372398543741474,0.0021851411672435556,0.011678394452830301,0.007423480028096466,0.0028080347199480158,0.006354294309146959,0.013105177516663291,0.005829528308084908
2021-01-28,0.002647124149801951,0.0037254122369235047,0.002185168817290852,0.011657183603229872,0.007426751588323601,0.002912422135736839,0.006386403493035671,0.01324470344417777,0.006241667689804852
2021-01-29,0.0028273193001837962,0.0037137966941396933,0.0022120228018696975,0.011794990497724917,0.00754478453820955,0.0027936328727942252,0.006023148943398314,0.013267583270633095,0.006427486054813517
2021-02-01,0.0030356484681136648,0.003673904590203058,0.002308415771345612,0.011583888684584839,0.007924475482773816,0.0027355426154843545,0.0060120732780894045,0.013279070113042071,0.006347029458926193
2021-02-02,0.003038411290055061,0.003698761433885908,0.0023187903723529153,0.011536126474061192,0.007809358332283514,0.00270166004178388,0.005845157060613714,0.013426380745391365,0.006382463435598271
2021-02-03,0.0029936819779680193,0.0035078871556823168,0.0018401619291299406,0.011012055653271978,0.007773377953953426,0.0026893883399200843,0.005039417419472649,0.013310135840721583,0.005912739814930787
2021-02-04,0.0029870505205542475,0.0033368799786814987,0.0018021907799683438,0.010510299516313732,0.007740569371686354,0.0026678613830055427,0.004733592239887169,0.013140191242827398,0.005826089782394259
2021-02-05,0.0029977442573456818,0.0031834627047207004,0.0018065785307555186,0.010544847603216412,0.007758865895887358,0.0027736737494290543,0.0047231495622122345,0.013381113708816601,0.00585360827685674
2021-02-08,0.0030173692972823084,0.0032294322081158826,0.0017210798280738189,0.010554808402484333,0.007711040057062093,0.002803009659452338,0.004193843089410444,0.013414946929953896,0.005882734912141384
2021-02-09,0.003034266461309633,0.003444105478322267,0.0017193500882620619,0.010734647473008235,0.007431666764332945,0.0033587244758055143,0.004239589177236676,0.013368392290992324,0.006018134269787868
2021-02-10,0.0030799097926903626,0.0034038516389676126,0.0017074882064244817,0.01074032875194383,0.007052600858442244,0.003351338891348963,0.004255601637067671,0.01337174584385529,0.006022602955024395
2021-02-11,0.003089417855349223,0.0034007755889742903,0.0016584099329820991,0.01079782929536241,0.007072061078931993,0.003069457007994213,0.004040797723040954,0.013574475568837813,0.005916148128117001
2021-02-12,0.0030606837356302458,0.003439720317996237,0.0017037629042699958,0.010801190602797077,0.00675369180070506,0.0031151327269637315,0.004054532967472836,0.013642514017598174,0.005852624539762837
2021-02-15,0.0022731472545685946,0.0034326351559367417,0.0017063513863750468,0.011061040155552853,0.006773814296914929,0.003122659604264276,0.004264746693825916,0.013524921463052501,0.005947178967172838
2021-02-16,0.0022731172801255988,0.0034315404476767232,0.0017017638484644656,0.00962111762391729,0.006740779373795081,0.003119026093783813,0.004178506145283594,0.011628160636129044,0.0059328433328211805
2021-02-17,0.002262416668172639,0.003451853443798895,0.001677786926411878,0.010144912064134048,0.006729328478611653,0.003215927628734468,0.004214238708127273,0.011415597214706015,0.005569221302082181
2021-02-18,0.0022603756624910536,0.0033891029476802925,0.0016508226645322959,0.009787937967398937,0.006785942623298903,0.0032041017987228413,0.004359973407997994,0.011408887890291042,0.005562372391018441
2021-02-19,0.002311503730929892,0.003497371686448158,0.0016506910055154012,0.009878220586801616,0.006728376672413934,0.003260841965569826,0.0043991496848099845,0.011241681319447984,0.005786816312366063
2021-02-22,0.002304522875170294,0.0032506786159823553,0.0015865840911322869,0.010312284253237686,0.006971470440285967,0.0032330386423721287,0.004043574800659987,0.011201862428721995,0.005541283831007956
2021-02-23,0.002248010435511227,0.003254864769913887,0.0015312899030065121,0.01050997339303439,0.0068322440917492925,0.0032423037876386906,0.003822306808290846,0.01144174153466152,0.005535359607802823
2021-02-24,0.00226488698956982,0.0032541957649138364,0.001563165514539495,0.01083552670841112,0.007523401569815338,0.003305884803726472,0.0037589082533869013,0.010410376256690619,0.005542491888440295
2021-02-25,0.002265149290651195,0.0033975975907809763,0.0017479744520031923,0.011734906710854504,0.007593473249229072,0.0033051686731540644,0.00368284159259411,0.010257935237559022,0.0057096404978948245
2021-02-26,0.002285314942748841,0.003762631786848195,0.0036733062678041004,0.011832467821254272,0.009266747304433108,0.0032076653441874404,0.0048509746529481175,0.010307287841033307,0.007712430450848844
2021-03-01,0.002208722504432654,0.003798578710813509,0.0037548424709581796,0.011873742595116022,0.010401112089812129,0.0032610739067669703,0.0046978420853172045,0.010516469802819688,0.007607402082102228
2021-03-02,0.0021677287688421426,0.0036615762824898316,0.0037653221117472063,0.01088089063049886,0.010623626083742317,0.0032558775467102204,0.004631060116425973,0.01085319384243268,0.007662230321704618
2021-03-03,0.0021570838895179746,0.0036524960735883003,0.003984669954412797,0.010999934168733143,0.010734518478699386,0.0032211371134770943,0.0046157933161742855,0.010744670478712266,0.007662267289397833
2021-03-04,0.0021434675986826963,0.0035395778107035446,0.003989247713623128,0.010855287041468013,0.01065621652051308,0.003143521943481571,0.004575699870817108,0.011207486585213006,0.007568442583547739
2021-03-05,0.0021424555857343557,0.003806710605012377,0.004069697932483744,0.010627782425523783,0.01063701374863724,0.0033900808954126327,0.004765946142221129,0.010557548165356392,0.007941834204438088
2021-03-08,0.0023543047675914663,0.003934447403487408,0.004125964299888838,0.01075819860574401,0.01142091562250898,0.003380269605998416,0.004753538292855765,0.010532139114542951,0.007934012697967452
2021-03-09,0.002367426848032277,0.003976452081252389,0.004229068817899196,0.010772237441806028,0.011367291124522092,0.0033647864117438,0.00477151232798424,0.010703542802768806,0.0080212311662935
2021-03-10,0.0023680270356805297,0.003964484087143104,0.004224668419679125,0.010847142303274398,0.011469987216475224,0.0034583357204351155,0.004770221199097163,0.010704503596570637,0.007976913824486254
2021-03-11,0.002493626382781789,0.004159103225662132,0.004342155861437901,0.01188072758568777,0.012095691060451809,0.0034382151459401264,0.004800717563411537,0.01213625257940772,0.007777883018539555
2021-03-12,0.0022820455697463403,0.004114042410418457,0.004327355022859006,0.01177881421113776,0.012409910126216773,0.0035102165074634086,0.004798359432871038,0.012150288059721081,0.007631547162915588
2021-03-15,0.002069204425677841,0.004054913696108793,0.004287367095126324,0.01180154465714311,0.012005988976401427,0.003507586465591307,0.004773065213903002,0.012122502892204455,0.007586339297848288
2021-03-16,0.002043067062488967,0.004021968947585261,0.0042797875121018784,0.011772167176166165,0.012086469278000112,0.003585091615221769,0.00478929406830946,0.011975253136721112,0.007540877261769015
2021-03-17,0.0020429578529703217,0.0040130593065863885,0.004282544623627337,0.011777724680821626,0.012054960002950704,0.003592519554047675,0.004746661679971808,0.011956001205647104,0.007583034190409085
2021-03-18,0.002041692910794175,0.004005824122828167,0.004295119725613983,0.01175434965888412,0.012652475161750738,0.0035989408020535673,0.004721384383639225,0.012413057591292376,0.007639098493842294
2021-03-19,0.0020375037267437546,0.004012676593262282,0.00432305715010556,0.011764711830811845,0.012843817164685791,0.0035898103810814022,0.004793323433990688,0.012158919070744121,0.007634010429125994
2021-03-22,0.0019852832761406373,0.00399590642863999,0.004334263823443759,0.01176320966494542,0.020222105846879893,0.003581626574184754,0.004823266099607836,0.012052262445307846,0.007511192728568777
2021-03-23,0.001889520807399175,0.003825323041071334,0.004345472916233818,0.011633317118665573,0.020232639215931335,0.0030508406006090017,0.004715368596616283,0.012058387450819484,0.007601576809930107
2021-03-24,0.001869575948467022,0.0038722150648064185,0.004358361614763647,0.011587398581921248,0.02016360956823535,0.003051682835684623,0.004759189972473388,0.012057498262411028,0.007706299381262433
2021-03-25,0.0019305021134137883,0.0038479223147368804,0.004359885727143851,0.01168712176510572,0.020096096683340607,0.003038956098423553,0.004757899879861234,0.012783558013494426,0.007659416067674654
2021-03-26,0.0019350110012720289,0.003827175134673514,0.0043391485941336565,0.011685241639605954,0.02008107384195693,0.00314733136205937,0.00481778777646214,0.012724514110949625,0.007665747165142576
2021-03-29,0.002003706536210483,0.0038004322089350492,0.004338374337056973,0.011296184997687524,0.02005422577837646,0.003178846566722996,0.004676442071273417,0.012813077265216218,0.007623833304838327
2021-03-30,0.0020060358655388127,0.0038094007759342866,0.00487933713067173,0.011291076710353766,0.020219067273490033,0.003283065711019901,0.004826629833657799,0.012816364076080196,0.007664583768873092
2021-03-31,0.002112430811591312,0.003652083425053722,0.004934818586834798,0.01104967957659138,0.0203013772064576,0.003266171659612531,0.004811593699844438,0.012844577574271234,0.007635072574154296
2021-04-01,0.0021595172906098575,0.003646774177086841,0.004913140413688293,0.010753996511980024,0.020561804785768835,0.003136972054737077,0.0046440904000791825,0.013483740179965507,0.007567632869179014
2021-04-06,0.0021813112943055986,0.0037061506887995266,0.004910511642294902,0.010850982851335022,0.020590517438555597,0.0031459692741621923,0.0046010871868066095,0.013483840200991658,0.007466116251710545
2021-04-07,0.002183139348465736,0.003918923678269736,0.005423918668780072,0.010219788477854416,0.02051575198761181,0.0032948950480272956,0.00461136251121419,0.01320284564835696,0.007430282052186463
2021-04-08,0.0021822733411192077,0.003908503041528676,0.005442223645280884,0.009971669870115598,0.020547619192704338,0.003508265099984495,0.00458226316643086,0.012972772559806707,0.007430815755117322
2021-04-09,0.0021329749333154264,0.003921861158922372,0.00540715164834291,0.00950316672615247,0.02046242299071473,0.003469689726275691,0.004528679065035209,0.012893217791661839,0.007403255132969454
2021-04-12,0.0021712324745773535,0.0037037823778383492,0.005411285548533779,0.008411462180198045,0.020466453743783683,0.0035519103343845332,0.004551446933453703,0.012937852315871518,0.007176778538368669
2021-04-13,0.002151712300606341,0.0034074957695881696,0.0045273265596855634,0.008276997725886512,0.019920666218780542,0.0035503231406675776,0.003562256406619552,0.013020586495305578,0.005255014499285048
2021-04-14,0.00222176113829178,0.0034600925223809403,0.004522269559533343,0.008387894113445482,0.019149213226638335,0.0036589204237388595,0.003623311477145318,0.012844980333531108,0.005679307601045643
2021-04-15,0.0022298115288465407,0.0034451920985907854,0.004491447083618192,0.008741539714329009,0.019067565507394087,0.003685132898351418,0.0036584443443872412,0.012475085160913477,0.005694151047580603
2021-04-16,0.0022307316711213756,0.0034397533187197015,0.004516017069162519,0.008666602138275479,0.019120221456056633,0.003684287235515177,0.0036246596315444193,0.012467167279276766,0.005696071272860113
2021-04-19,0.0022673259586615748,0.003519876231108332,0.004571331402018694,0.0085524516049684,0.019095286522722684,0.0038109499633389972,0.004014332816242977,0.01210760589950409,0.005709003740314762
2021-04-20,0.002205791809452858,0.0031814850395064974,0.004563060575973597,0.007826350576661386,0.019087527680232846,0.0035100556260093366,0.0037052690909369604,0.011734299275305428,0.00490279191356426
2021-04-21,0.0019486527205382945,0.003042593136559347,0.004568588962509515,0.007398027631865098,0.01870684284886941,0.0035019545077010676,0.00375771690582405,0.011569322729504358,0.005109459075882271
2021-04-22,0.0019273113287056598,0.003066469448099938,0.004594938192687985,0.007433150639892427,0.018746864927337088,0.0034747638696053192,0.0037949556921179823,0.011119607856593921,0.00499394655924489
2021-04-23,0.0019269685126122999,0.0030725356298722814,0.004602662662788716,0.007375421987195771,0.01866773871276125,0.0035171895307946196,0.0037996475347121797,0.011321158920604394,0.0049966931674752
2021-04-26,0.001778916700450131,0.002869238943065177,0.004490757293142468,0.005803205029410968,0.018192030759230548,0.0035553094509147166,0.0036152557636597994,0.009839929885811229,0.004822625532107932
2021-04-27,0.0016670384968405158,0.0027995063260574543,0.004542415259205229,0.005794664603218134,0.0181973766086787,0.003428259943902422,0.003508470851666326,0.009795500768229068,0.004774615724207257
2021-04-28,0.0016655246441325921,0.0028079149448048263,0.004539247821441715,0.005746106812749339,0.018170948191345373,0.0036038116464764862,0.0035358606116146028,0.00964898449056325,0.0048145052944610495
2021-04-29,0.0017170688961052605,0.0029232645260387534,0.0046682190459675045,0.005848698417944442,0.018096686843261163,0.0035708405629179857,0.0036562039157172197,0.009954073974246124,0.004929873976088533
2021-04-30,0.0017126139293572162,0.0030103254788203014,0.0046715625280996185,0.0062024813485475165,0.018098705351854403,0.0035367976649449974,0.0037009711314530147,0.009707946787655871,0.00498639629483044
2021-05-03,0.0017220481105170904,0.003082730946862502,0.004697924019653966,0.006190245937273999,0.01753676884607604,0.0036698992186905755,0.003726339906731026,0.00990931049872789,0.004901573816956745
2021-05-04,0.001886035998835907,0.0030863812130156165,0.004657369596028604,0.006220154916760638,0.017218090943621256,0.0036842957263523656,0.003660955736794417,0.009932634681637248,0.004930765744167426
2021-05-05,0.0020949496998545047,0.0030617451527854738,0.0046311404465914745,0.006323693329115426,0.00761793169233887,0.0036792817369263793,0.003715842303738377,0.010030547613365191,0.0050173002814171055
2021-05-06,0.002094310042658526,0.0030727180503548526,0.0046507423758610856,0.006459844828935341,0.007620036170198975,0.00365259093910988,0.003662282827801448,0.010233702293544984,0.004696707427934016
2021-05-07,0.002119869744154318,0.00290224774680295,0.004696107032541082,0.006437642490781019,0.0075909922880969425,0.0036400727867920255,0.003509092142803875,0.010503245555249584,0.004454302906743866
2021-05-10,0.0022584341975674465,0.003237158986348325,0.004717720699595814,0.006463288836713751,0.007627629152113171,0.0037094187161564995,0.0045214052810508935,0.008977416850047984,0.005088870080449974
2021-05-11,0.002295790084053903,0.0032018659455997456,0.004704836975733868,0.006457240824764458,0.00761828637933399,0.0035141709874773382,0.004467462863959141,0.008897438397305411,0.005178868418655145
2021-05-12,0.002258860740920977,0.0033456823169534223,0.004704622842432648,0.006476059625405339,0.007057436544503265,0.0035354160809895462,0.004434085001517457,0.008487374873426002,0.005269192676036719
2021-05-13,0.0022824694463443626,0.0033189852177772645,0.004130453301589858,0.007043368035390919,0.006874697721011724,0.0036228773552392703,0.004403959539382538,0.008892547772451452,0.0057095224073700785
2021-05-14,0.0022714635273675277,0.003320189384940698,0.004140266214860734,0.006924909930814999,0.00700494103576757,0.00352530167594736,0.004428587544195328,0.008900223458607403,0.005792190665718611
2021-05-17,0.0021775860078587124,0.0033192953932343946,0.004104761538112812,0.006885079245139344,0.0064622250299654765,0.003525119232015983,0.0044242797358090445,0.008358395155893643,0.005743421750431872
2021-05-18,0.0021736678673041202,0.003363679815780823,0.004174713985291686,0.007092716830433248,0.0065143754042766315,0.0034983655839200037,0.004646478811787034,0.008476032603556517,0.005812404575684041
2021-05-19,0.002223341057562423,0.0032486919608455535,0.0033767409503265835,0.0071421785004015985,0.006753555014732235,0.003473009563148961,0.00468437429136948,0.008569479047530453,0.006028911203294949
2021-05-20,0.0022159117001369,0.003245221321405825,0.0032934009714770973,0.007159360809727903,0.006864030806197173,0.0033384367297470043,0.004659069908801524,0.008553313799348658,0.006025276124030473
2021-05-21,0.002193859111301517,0.003267672029868961,0.0032937063189309953,0.007289207555191407,0.0068620754762915145,0.0032447395007203475,0.004657007668538636,0.00857765666540656,0.006017004838976038
2021-05-24,0.0021849752138211344,0.0032730342280202457,0.0031751285649241393,0.00727424045539509,0.006860106742282406,0.0032070473966107006,0.004745675053536738,0.00845955850714852,0.006091003754958124
2021-05-25,0.0022262051699865957,0.0033170367158104085,0.0029486639071887306,0.007402851245769717,0.00686149924773004,0.0032010770349423733,0.004701963981960743,0.008146291050738256,0.006118300709468003
2021-05-26,0.002220090559291205,0.003268346754548557,0.002889157036508974,0.007127744403817705,0.006722004115985031,0.003074577497213401,0.004688806718647768,0.008191064628244048,0.00577171973376597
2021-05-27,0.0022292615013360596,0.003322321717338455,0.002894725778962384,0.00673494577289339,0.00672905203740529,0.003158335700279566,0.004681327583021215,0.008101901733703723,0.0056463094634479245
2021-05-28,0.0022300014526306492,0.0034532449745114492,0.002618275122552151,0.0068575499019235715,0.0072756179632100975,0.003351480783513739,0.004694958384989142,0.008171020064396654,0.005799861313042389
2021-05-31,0.0022187843440378994,0.0034837686598658654,0.0023670088368662316,0.006889593169966254,0.007674133531823556,0.003213213771795514,0.004434454280999237,0.008077735642900673,0.005905431643767571
2021-06-01,0.0022725789584670153,0.003491210825040504,0.002405679993060352,0.006828955803926646,0.007657272789339595,0.0031817184199232035,0.004437244112687876,0.008106705368004266,0.005902312839107634
2021-06-02,0.002275661098442547,0.003473227370843703,0.0023156922455392797,0.006835336364536609,0.007660692592839222,0.003124995305837753,0.004398705151407085,0.008160514877310884,0.005732264301666556
2021-06-03,0.002295769514835852,0.003434609813665403,0.0021787556800321084,0.007094102545279626,0.007606675011573539,0.0031249838892669067,0.004330849682505661,0.008466471542479473,0.005739690864363215
2021-06-04,0.0023643703492806675,0.0036035224979985105,0.0022099430402027814,0.007266132503934038,0.007471088184312523,0.0030223267761772064,0.0043743013531262935,0.008196222835574338,0.005854246432650077
2021-06-07,0.0023823861817487075,0.0036534129596284505,0.0022187731584520187,0.007540923075589701,0.007550329239416198,0.0032904406395502803,0.004383154471330706,0.008307547238459244,0.006141552398107731
2021-06-08,0.002385262961171242,0.0036628267602905372,0.0022207705529280536,0.007467706166317559,0.007156920459541344,0.00327023620197085,0.004400142588086035,0.008307963622108205,0.006142246322781047
2021-06-09,0.0023955751503349867,0.003650615067723774,0.0022395319487181664,0.007518787613951218,0.0071086481792445025,0.0030922327975027304,0.004363966342010884,0.00830548893638857,0.006093193304947121
2021-06-10,0.002385162261052648,0.003566088996940554,0.002113423616599084,0.007599343634015296,0.00745347305265766,0.0031008648059542235,0.0043561138240015155,0.008050609983961211,0.005983147645245195
2021-06-11,0.0023865307124214885,0.003571985525162433,0.002122589875325768,0.00727369111466399,0.007630004972883572,0.003098684246647443,0.004319492246990976,0.008196021882277568,0.005900551611021692
2021-06-14,0.0023833142761011143,0.0035262631772227456,0.002118469088438559,0.007882889256719235,0.007613601378161767,0.0029600244167538982,0.004331091941375066,0.007505705775605188,0.00588872999041143
2021-06-15,0.0022346099899485826,0.0035056085726027785,0.002142971244591247,0.00779652254197687,0.008591821695211116,0.002943582236488066,0.004376831379433993,0.00739088672131509,0.005869469710550791
2021-06-16,0.002061579408732872,0.0034981748244232035,0.0021429680053677374,0.007738393875954714,0.008597004028757274,0.0029698362653237382,0.004398050587291989,0.007362280833705389,0.005818601819665572
2021-06-17,0.0023991641635599933,0.004467921154171813,0.0029627579579028234,0.008919641918482924,0.008769288045359076,0.003232112834928564,0.004958478734497482,0.007208889601828206,0.0066948595312764205
2021-06-18,0.0023360669111367723,0.004499270546818065,0.002914325539141054,0.008958768527302392,0.008753416041884147,0.003336190166076412,0.005091140890876359,0.006965157191921082,0.006794222225831204
2021-06-21,0.0021929276279494285,0.004126398617896181,0.0029057158162364674,0.008631084453934694,0.008824575629623412,0.00320019501095731,0.0040875540988596,0.007228257724706561,0.0061020895209589945
2021-06-22,0.0021833182688614544,0.004127742141534181,0.002918482731446166,0.008588908185444813,0.009124051352784959,0.0032526744114706415,0.004073970879023646,0.007337990777762184,0.006082035389008965
2021-06-23,0.0021355677910721307,0.00419242887804126,0.002943345482504305,0.00885300242224858,0.00914476440103307,0.003258189718976998,0.004251989715904504,0.007579925966093988,0.0062852859342381676
2021-06-24,0.0021240982873021756,0.0041668351377809635,0.002931454634152987,0.00857377804960939,0.008611019325589454,0.00301349722475557,0.004268815869613407,0.007147502659235808,0.005893136821306036
2021-06-25,0.0020890612883502665,0.004113988444943255,0.002816474947579994,0.008758552490255214,0.008448722753076362,0.002969314404743139,0.004217998144921276,0.00721135115570927,0.005805963361526813
2021-06-28,0.00208479861909319,0.004125954227029281,0.002819274227092354,0.00897067740976791,0.008359540355356689,0.002978675698225476,0.004216750954225404,0.0075856329518129316,0.005859810766500094
2021-06-29,0.0020036944538444294,0.0039046463508196384,0.002684028817368756,0.008633958241892253,0.008335609219477293,0.002972312153646181,0.0038867938395405807,0.0074161616215338705,0.0056516004538942006
2021-06-30,0.0019791622432889754,0.0039061126331925776,0.0026720985555060968,0.008624105972847955,0.008191052944000467,0.002956812240694461,0.0038745623071141807,0.007288715465657723,0.00551665626567565
2021-07-01,0.0019907134559419156,0.003909589511312081,0.002680493519148588,0.008636588610455997,0.008049340610657943,0.0031917843510412937,0.003874242490678562,0.007259590771714463,0.005516229446091319
2021-07-02,0.0020052638357040435,0.003986395479220746,0.0026129438964732697,0.008658058984204062,0.00805244049476714,0.0031710187300439227,0.0037900515863347807,0.00774084013744268,0.005546727335275326
2021-07-05,0.0020615231398686813,0.004040394477045621,0.0028396542722469395,0.009154232717997651,0.00808223112479775,0.0033337250800916716,0.0040502395690177415,0.007691321147534484,0.005780768299974478
2021-07-06,0.0019538624950624496,0.003925224737661722,0.00281941524587805,0.008925985383841883,0.008085763316378454,0.003367152360585547,0.004013602738364727,0.007688114784306782,0.005791334563856862
2021-07-07,0.0018904242166663846,0.003913688266743487,0.002815946214676468,0.008933021483408559,0.0080615915479551,0.003371567211915705,0.004012067918815548,0.008278397485931368,0.00584781597142296
2021-07-08,0.001955543384483587,0.003915985574091701,0.002789438871791096,0.00896112596964597,0.008062047437173026,0.003614802096315887,0.004150558593765398,0.009075840953962699,0.0063657710651252065
2021-07-09,0.001991007531063233,0.0038847105150091625,0.0029404565667461064,0.009256681794477797,0.007389319602709116,0.0034518604795748887,0.00434634567396141,0.00896055601953119,0.006456496645909459
2021-07-12,0.0019817229304262317,0.0037372563286177094,0.002938338742058101,0.009614996069702186,0.007100828378532922,0.0033828341499507002,0.00434070283291926,0.00892274087905586,0.006315745559827457
2021-07-13,0.0019861204267462864,0.0036965632047868302,0.0028726347791934786,0.009677243303455742,0.007181793803789788,0.0033839634057234074,0.004342100073386379,0.009403994603749384,0.006338869942602185
2021-07-14,0.0020207866412394046,0.003687853628318455,0.002856431725476897,0.009640839729572902,0.007040078668528477,0.0033843073019512596,0.004360288724511045,0.009441663818842951,0.0063385855920787965
2021-07-15,0.002016266907169538,0.0036848093862389465,0.002798354403014694,0.009353726444814173,0.006839063795687162,0.003420555608298864,0.004329839782473462,0.009097392423242139,0.006356749693502637
2021-07-16,0.0019821898418911476,0.003575748724221462,0.0027984443907588903,0.009678271993514141,0.006875848541364096,0.003395917186035327,0.00432018353694787,0.009047379305221247,0.006283455577261914
2021-07-19,0.0019748815994850857,0.003488803565155396,0.0028315737268339433,0.009346400638962056,0.007015207451615044,0.0032983860711927526,0.004620959264649256,0.00913850902793925,0.006088043183637482
2021-07-20,0.0020001996853247685,0.003468564999153137,0.002986710103284943,0.009346536223307505,0.007051041985053366,0.0032973180810402583,0.004726310288590976,0.00935746791056785,0.00608538505111591
2021-07-21,0.001976606651467683,0.0034479371011006212,0.0030098890121735057,0.009415952555312862,0.0070922743136235845,0.0034127277450944956,0.004731577499194286,0.009352384217117773,0.006076391469741644
2021-07-22,0.001987750152760797,0.0034561343280054423,0.0030344194152299928,0.009589957114156954,0.006799170071073424,0.0034102304381311553,0.00508390961197128,0.009643867611154364,0.006359900000382678
2021-07-23,0.0019990793339697763,0.003412299184153914,0.003037509658788391,0.009788554440399543,0.006586147010619716,0.0034432878822289663,0.005039592410415862,0.009587547526398232,0.006368800696880468
2021-07-26,0.001999923342415546,0.0034476864956755828,0.0030360237014513468,0.00949501252208102,0.006516512413365298,0.0034627338112593904,0.005059596371431401,0.009620868220802823,0.00637079236495443
2021-07-27,0.002050331198731304,0.0034858207216185593,0.003031727116113617,0.009466237839682385,0.005129470448107885,0.003458759460911322,0.005053326715872391,0.00959844179576599,0.006376693972365448
2021-07-28,0.0020583609371524255,0.0034640204551076416,0.00303407239048941,0.009472543282747176,0.0051273021088676365,0.0034382346303244403,0.005034565271456207,0.009570043956348138,0.006335888834897944
2021-07-29,0.002072735988136731,0.002320906166820205,0.0023029039255534713,0.009052399730647523,0.0048616537917213955,0.0031789396460109426,0.0046746079276438505,0.009933140635713478,0.005661859593385307
2021-07-30,0.0020731173443679207,0.002264689473423763,0.002280927406718208,0.009039002088965771,0.004961723814538771,0.003107813908957197,0.004521380017480769,0.00980456765524275,0.005528311105083283
2021-08-02,0.0019033651379428633,0.0022634467863282006,0.0022435259974837732,0.00928449466110233,0.004589927680175544,0.003110553158894411,0.004636614693926057,0.009871043313280066,0.0055265593856144695
2021-08-03,0.001893711575180599,0.002262903538151386,0.0022472241803633605,0.00923319828380101,0.004382381977122961,0.0030528085521151055,0.0046491497586738685,0.009740590423924944,0.00557187764941833
2021-08-04,0.0018939797751753335,0.0021003328499721564,0.0022323001252861933,0.009144166296850668,0.004584380613049089,0.0030086986090892636,0.004501265290542942,0.009387780239832874,0.005365566549266497
2021-08-05,0.0018791648214328137,0.002095773868223889,0.002233645145875046,0.009185511057806194,0.004954857146346699,0.003154046384285736,0.0043382804552331705,0.009534421876716971,0.005366604354378229
2021-08-06,0.001862182609965769,0.002166746681862403,0.002227513845627623,0.009034660186674709,0.005096499460411448,0.003195955251146458,0.004342553758966905,0.009564444025104741,0.005323874063566461
2021-08-09,0.0018768730772975007,0.002194899777380908,0.002242576844100547,0.008959407669272303,0.005146465211845638,0.003212036094336591,0.00437179435662637,0.009402541459361438,0.005352785104065884
2021-08-10,0.0018772203955253048,0.002244065270388747,0.002268349154064029,0.009155890887778743,0.005198653320830483,0.003238276727831485,0.0042922751204145055,0.00935779964779726,0.005282475807369458
2021-08-11,0.0018746151994544836,0.0022440581900592354,0.002266387861170736,0.009147744038635655,0.005328272976886001,0.0032561647937395712,0.004299594466626394,0.009445671950230546,0.005268460477989617
2021-08-12,0.0018785004589408358,0.00228050349893754,0.002251144008548127,0.009195880456740059,0.005669303040141706,0.0029562946409295303,0.004276927634004092,0.009427675799916707,0.005273666090244888
2021-08-13,0.001847191286505233,0.0021443258465546605,0.002212420785006297,0.009088664039177515,0.005670253170845385,0.002971386184690083,0.00419451058817339,0.00918793023245196,0.0052056553531932784
2021-08-16,0.0017866161022109675,0.002027878928082798,0.00199756866475267,0.008639754382907696,0.005911146893970995,0.0031409991476574694,0.004001921775333388,0.009206406483112035,0.004936188678113333
2021-08-17,0.0017848067081381854,0.0019892410283332295,0.0019319832648915065,0.008641049618186404,0.00597739965874097,0.0031268090270841213,0.004137854536563067,0.00917254283407757,0.004837014175956538
2021-08-18,0.0017837355177213112,0.0020917042231620745,0.0019149527008563985,0.008644530270122977,0.006117794175425558,0.0032548312825085206,0.004149188487810217,0.008733842235592586,0.004842004434679018
2021-08-19,0.0016395996228255212,0.00211557438199148,0.0018508883957589557,0.009171883999918104,0.006204970841709381,0.0029310908033515007,0.004122707137140552,0.009728456010001434,0.004529669895323429
2021-08-20,0.0016315599293580956,0.002100555386690274,0.001677477850718531,0.008874595188647858,0.006192005904229297,0.002891403295006562,0.004033829854553037,0.009695091756611297,0.004304313777260105
2021-08-23,0.0016822480101108532,0.0022584696323010925,0.001733523688053086,0.008623011587684068,0.006331233023287543,0.0029866395057008568,0.0041567768702060505,0.010219692819428477,0.004631049285776514
2021-08-24,0.0016788069494710208,0.00229469487338226,0.0017306377440498139,0.008760978085414681,0.00631581401572687,0.003072202418520399,0.004191320290800371,0.00970434473625467,0.004922440904331578
2021-08-25,0.0016492296602727983,0.0022490904807490114,0.0017500320858826908,0.008833446401006195,0.006313827038472579,0.003102328687381241,0.004176969255253341,0.009983291603511803,0.004929469156790434
2021-08-26,0.0016488722485500133,0.002308531843964813,0.0017615097971765007,0.008823776633213555,0.006363026978471392,0.003089390549723823,0.004186069584392866,0.009917402858004595,0.0049204707104903034
2021-08-27,0.0016334648575502503,0.002308002110336664,0.002015310120682571,0.008480935098173187,0.006376918919848676,0.0030802920106115694,0.0041758158623065285,0.009927649801546172,0.004910900624494035
2021-08-30,0.0015749535211821816,0.0023248737942147763,0.0019423497028920585,0.009144744347659864,0.006115538830329179,0.002971629969232733,0.0037584427604418764,0.009685569814682788,0.004644045535087595
2021-08-31,0.001574252429827484,0.0023737838206750626,0.001938439710756448,0.009173001992515702,0.006232662966283608,0.00297346395350023,0.003540153405569917,0.009443931997526725,0.004681382806237531
2021-09-01,0.001571646393459829,0.0023907470835613275,0.0019622658425917073,0.009155543059066415,0.006157683476639065,0.0029526519421644807,0.003543002607085925,0.009507247511431074,0.004706407014146204
2021-09-02,0.001583429610153144,0.00242809076437928,0.0019527909225885414,0.009107918562683233,0.006148119205664665,0.0029867979716538167,0.003105896456183656,0.009351559254983117,0.004564093911634113
2021-09-03,0.0015732603748565852,0.0024487920766486024,0.0019533818490939507,0.008637055598676687,0.00622553784760156,0.0029361274865759156,0.0031518950762582684,0.009390281888078012,0.004737630062282727
2021-09-06,0.0015864441243934764,0.0024401764031924352,0.0019681784928517547,0.008644090887540262,0.006207340600109448,0.0029155058714832715,0.0031222115113452554,0.009376185988765873,0.004711131301289629
2021-09-07,0.0014978868788828826,0.0024197860251701318,0.002233667913203774,0.008700457726531819,0.006334866479423828,0.0028983011977302456,0.0032487304264594784,0.009349456335306082,0.004853980247758784
2021-09-08,0.0015028236700464135,0.0024775856333383414,0.002256756479946581,0.008699859377068778,0.006933498512335772,0.00290723241111436,0.003129795798945029,0.00944037863921609,0.004819371624474094
2021-09-09,0.0010432597328924311,0.0022572452497391427,0.002241166306919585,0.008434274431157041,0.006851109777578889,0.002917071763569685,0.00306266758108037,0.00937748153620642,0.004657429866408311
2021-09-10,0.0011350414335804845,0.002237801024744889,0.002238991920591778,0.008469115756104038,0.006731091659697559,0.0029039293902219936,0.0031428193898699304,0.010139660822706495,0.004664478793135022
2021-09-13,0.0012663512235579029,0.002419363719183347,0.0023748901419276807,0.008332788777466009,0.0066146183654867755,0.002914173291526924,0.0030501695027041783,0.00996406840923579,0.004841599093808726
2021-09-14,0.001291480267073233,0.0024880036411534805,0.002355754090342785,0.008356679160200354,0.0065796193104936986,0.002830498896085263,0.003024063878202316,0.00991818630714368,0.004833230122780654
2021-09-15,0.0013448718726901136,0.0024707050859597746,0.0024005767291720957,0.008253974323574262,0.006447601609203221,0.003231377237435806,0.0030423229327754685,0.009922216147240781,0.004793242874300357
2021-09-16,0.0014156830705493255,0.002636241653262793,0.0024067255985847735,0.008580355255828608,0.00613820512901786,0.0031316027811517187,0.003044641413222829,0.0098012415828999,0.004793010580933311
2021-09-17,0.0014090308517717457,0.002573313551508588,0.0024080051827627485,0.008534880391948475,0.006668734817594571,0.0032819568646984096,0.0030700997496616485,0.009595198242966346,0.0047809238239338294
2021-09-20,0.0014192420788070917,0.0026974408337607845,0.002445437901459388,0.008716335864910442,0.006703864746522763,0.003375944184876425,0.0035147500795279845,0.009828073956723832,0.0050975759140115895
2021-09-21,0.001420545735134824,0.0026640114926864598,0.002414150611807677,0.008459369844963786,0.006636677503976041,0.0033183295423443223,0.0035174531918842253,0.009840392297649724,0.005124571279143796
2021-09-22,0.001416721278735227,0.0026672633419044453,0.0024606112798708554,0.008514662641057403,0.006518598116301565,0.0033213763126186562,0.003527029853477057,0.010082576895568829,0.005127201517050831
2021-09-23,0.0014253664843639523,0.002654909631167637,0.002444570698090308,0.008705131507873169,0.0064584127811462685,0.003397018445522723,0.0036389978536259023,0.010101156929026354,0.005154594313200735
2021-09-24,0.0014633189859050324,0.0026212600867346098,0.00244520560821313,0.009670997044791399,0.006696136331268071,0.003474612899085406,0.003641786018109963,0.010194195796021727,0.005177877117115239
2021-09-27,0.0014667643425393267,0.0026346321531071143,0.0024536271711465153,0.009675574786519417,0.006370489185548964,0.003227448285780913,0.003598187278663047,0.010097369830577166,0.005162775883676292
2021-09-28,0.00146690784200621,0.0026486455165659196,0.0025334365345421085,0.00966486238585319,0.006239392158615682,0.003319735800506745,0.0037297867068163924,0.010532581830321379,0.005077790569282766
2021-09-29,0.0014776330985024346,0.002588880799207972,0.002537515078571125,0.009688816469190533,0.0062321165611141415,0.00324062940063954,0.003952798380499871,0.010544047971171857,0.0049808047522108285
2021-09-30,0.0014539010100717287,0.002808527999139718,0.0025424141475348097,0.00907779294062342,0.0062068793886600375,0.0033126408815271195,0.003816856908076414,0.008945365234777012,0.004606365040852725
2021-10-01,0.0014918098918810828,0.0028136987625681066,0.002599737997523909,0.009266147612266308,0.006339408301538522,0.0036143939738190454,0.003935499055080252,0.008943198125000253,0.004735020415126579
2021-10-04,0.0014458728846977354,0.0027709213926938358,0.0025757834711513695,0.009223026034465896,0.006098973790211271,0.0035582177356347053,0.0038985118502134503,0.00850058370452937,0.004609584809497335
2021-10-05,0.0014347433608835624,0.0027834610805099595,0.0026708635442881296,0.009168265797270987,0.005974300235477299,0.0034659491632792285,0.0038743987535517395,0.008700302782943505,0.004368733433688982
2021-10-06,0.0014332425433126637,0.0029180812705599246,0.0027842880209236346,0.009271561102181568,0.006017246912527119,0.0034536314394120597,0.0039024131678115177,0.008438913046929921,0.004423936589413263
2021-10-07,0.0014244344746777006,0.0028884558486064094,0.0027944638864797378,0.009699412853979246,0.005926991036521245,0.003440965880862968,0.0039019642291104354,0.008411624356488146,0.0045652440359324545
2021-10-08,0.0014225676462990093,0.0028966791436336407,0.002617647891065834,0.00969977315813508,0.005930517732915836,0.0034904227131099708,0.003928365572940088,0.008411064808729093,0.004556897633439675
2021-10-11,0.0014049462083071372,0.002806806775837841,0.0025459737669926135,0.009025262297444877,0.005905575327702523,0.003857464221148657,0.0038879552526044883,0.008288483639823999,0.004520930817734204
2021-10-12,0.0013883027666603176,0.0027352256524843565,0.0023551760158149614,0.008977089430245522,0.005535453339013554,0.003897987590585787,0.0038759382584085456,0.008210279918015841,0.004539353151704795
2021-10-13,0.0013905209263937064,0.00274420019384326,0.002445533043974126,0.00885748191232827,0.005518896982916764,0.0038439225950822357,0.0038743274743975697,0.00810166746904439,0.004558829978261421
2021-10-14,0.001375853262494409,0.002789857763411935,0.002455126838634594,0.008832234847330471,0.005496122821411061,0.003794612506991935,0.004068191572974192,0.008272295683341714,0.004704756190769987
2021-10-15,0.0013505992330995803,0.0027398836991821994,0.002628811241524297,0.00893910407358685,0.005614170206458694,0.0039662917295952465,0.004065305569046217,0.008181707022644001,0.0045235463132245815
2021-10-18,0.0013273149821417746,0.0027452591230054477,0.002729612137208468,0.008848538633539993,0.005478753002619341,0.003982652152648229,0.004061300364769837,0.008144698725074217,0.004582467509693784
2021-10-19,0.001732622675988494,0.002899763597864601,0.0027219838771340077,0.009117994859464719,0.005471438183062392,0.003984059286716025,0.004126021411753109,0.008323067425380243,0.004888180051379679
2021-10-20,0.001736553307066191,0.0028987817265396826,0.0027968854936110668,0.009212890226295815,0.005224945948570494,0.003988734755709529,0.004250807743200036,0.008225302528911661,0.004880505795745311
2021-10-21,0.0017517660700501333,0.002904129348554957,0.0027929447473393856,0.009052608235243658,0.005729032507294037,0.003942520065307707,0.004219428843327023,0.00826085999378924,0.004882366941335128
2021-10-22,0.0017072918938810246,0.0028999115591554245,0.0027644469584111745,0.009088713743370917,0.006110579872805858,0.003987523538279136,0.004165658263841168,0.007149866210376366,0.004853331317542336
2021-10-25,0.001597737200045134,0.002789444141805589,0.002763323993178358,0.009083315218680037,0.006115920859887112,0.0040228355209156515,0.004141005848241229,0.007571988186479976,0.004673024529173832
2021-10-26,0.0015998264867758453,0.0027375876899078935,0.0028262885198851806,0.009109462561099886,0.007954903781730211,0.004039787402050209,0.004194421443264648,0.008101877178841562,0.004652297954434465
2021-10-27,0.0016145042012250686,0.0027263325880798966,0.002754594461095801,0.009457194345962495,0.007889712707551896,0.003733872963945118,0.004247958318466173,0.008129877723710958,0.00463159476045089
2021-10-28,0.0015584068658885115,0.0026018112733537917,0.002816805069195722,0.00932580702662737,0.008082851933478514,0.003743399356284666,0.004245729604117006,0.008154760070459979,0.0046248690996206175
2021-10-29,0.0015364891529047163,0.0027342635435482657,0.0028086013997428994,0.009322771050258053,0.007974398938166932,0.0036506244745002155,0.004265002582285284,0.008238768856871364,0.004616742153855261
2021-11-01,0.0014940023036883754,0.002726966616454436,0.0027772847209615414,0.009052926739327376,0.008081979673801502,0.003453541748369368,0.004048347346010406,0.007974921608101605,0.004022223185691135
2021-11-02,0.0014853835219974215,0.0027221568117905184,0.0028779294422622637,0.009109274230152859,0.008036342416743926,0.0035351637089146718,0.004070217961858176,0.007950860507711984,0.004302643464439026
2021-11-03,0.0014870809387571894,0.0027406229894688314,0.002891756143963367,0.009033830189843313,0.008355269062648357,0.0035329409254076477,0.004046294763108445,0.007470011211312608,0.004401205052666129
2021-11-04,0.0014708599749043193,0.0027377044782198154,0.0028744108632626445,0.009218795008004226,0.008261228955769046,0.0035014017560648903,0.00414276840102558,0.007916848732588229,0.004423733737740053
2021-11-05,0.0014484477315281777,0.0028247765266846,0.0029063536271561785,0.008155446035678056,0.008197310177114206,0.0034838944623328343,0.004288448182767762,0.007939848422873293,0.004447620653617314
2021-11-08,0.0014558915122031516,0.0030027353898967107,0.0029304686826216878,0.00843419027228176,0.008183510244734234,0.0035098329018523893,0.00443557039107383,0.007930336633183658,0.004477569753876848
2021-11-09,0.0014559226311010465,0.0029916952316356217,0.002858616786705083,0.008427351680481837,0.008226417878927321,0.0034707808132916594,0.00420448086073872,0.007811131413076344,0.00448735035120881
2021-11-10,0.0014376502016893752,0.0029842047402553937,0.0028962847280504804,0.00856269429036869,0.008243861343143862,0.003475324566787473,0.004003547883058795,0.00813468240092815,0.004591362620839118
2021-11-11,0.0014513336074789863,0.0031519648395110693,0.0028937830977569024,0.008469261573829533,0.008300891197481921,0.00354234695166114,0.004281507115398855,0.008116626875379392,0.004773535908856441
2021-11-12,0.0014311743527390098,0.0031275587268780373,0.002837597242684555,0.008022392836503689,0.008112285151608077,0.003224039634575051,0.004096132779835486,0.008211607298465361,0.0045197142419910585
2021-11-15,0.0014329343027769362,0.0030555893537407707,0.0028194445149630834,0.008103708271215109,0.008068823745291033,0.003219631312589212,0.004062116034340509,0.008278385930074695,0.004753149502063933
2021-11-16,0.0014535692115313743,0.0032281297956643445,0.0027247231981446128,0.008061551716095242,0.00847870501030083,0.0032518597108031943,0.004056322185290091,0.008045376663407775,0.004795027629376583
2021-11-17,0.0014760941296185325,0.0032007745004339274,0.0025862680253319155,0.00839662648370565,0.0093944254920806,0.0032911317273622274,0.004035932036956938,0.007815635380040127,0.00490620657439317
2021-11-18,0.0014922355783577694,0.0032255050422650387,0.0025639781213423235,0.007901025120858404,0.01296336945833744,0.0034181311305214097,0.00404248487849742,0.007994294119310588,0.004768767513406428
2021-11-19,0.0015133828379377192,0.003391700107951979,0.002476417141265121,0.007989219148846448,0.012963868702360295,0.0034881265025795,0.004058912141668007,0.008002328365515692,0.004912125771186031
2021-11-22,0.0015211168149548704,0.003394394339035516,0.002163687504418528,0.0079756456743471,0.012975075507479868,0.0030179544807762207,0.004059946893719205,0.00804947671055197,0.004835194922274509
2021-11-23,0.0015475668531437108,0.003394747161063735,0.002180168908376906,0.00798675666730973,0.023795243457791004,0.0031646015328620613,0.004135112537026619,0.008050347044358315,0.004821983515351851
2021-11-24,0.0015400454630856957,0.003453972282595087,0.002148173378353901,0.007885267680718162,0.02557148561392924,0.003181935825058467,0.004139284450787415,0.008079371323113092,0.004810633282380071
2021-11-25,0.0015377341121033804,0.0033845355397887703,0.002152251514832445,0.007781123311267876,0.025688541656553963,0.0031753477102669367,0.003910343970142686,0.007944553350822775,0.00451784300828545
2021-11-26,0.0015446258361018306,0.0036230309996097177,0.0022410859778937016,0.008082951410753,0.025711727822396828,0.003497379066756719,0.003886219157520236,0.007968572113753767,0.004556754856345641
2021-11-29,0.001543724417246405,0.0036179057361967974,0.0021104695874222235,0.00808618277210606,0.026346410964593045,0.0035401027783797277,0.003885714144307174,0.00796990532287879,0.004526002797845695
2021-11-30,0.0010876015380295243,0.0038282835460987604,0.002020739155558695,0.007943987075315125,0.02666392775257482,0.003798900408252361,0.003649969300194132,0.007588152760351527,0.003908880316471027
2021-12-01,0.0010806008846083461,0.003865961451790649,0.0020024607827847873,0.00830979716349668,0.026543055379929324,0.003918695790620517,0.003567262693325599,0.007569813975742112,0.0038556704385707876
2021-12-02,0.0010822321634014161,0.003889071095163196,0.0020167467131912355,0.008311754834069554,0.026561104472078954,0.004004590771831507,0.003466260607201379,0.007083133916364787,0.003890105395612906
2021-12-03,0.001073988437934187,0.003937087027628987,0.002041212216318781,0.008234063523275681,0.02662803320466794,0.0040784300587652055,0.003485456541763938,0.006960789918663441,0.003927776938609475
2021-12-06,0.0010942439223545523,0.003930521746531768,0.0020174679532466125,0.008184044374258875,0.026749451546317672,0.004070391860437807,0.0034782648027520476,0.006796130965581149,0.00392888399999706
2021-12-07,0.001099034701240202,0.003921126384712379,0.001940488117567619,0.008145716166603204,0.026234435206653386,0.00406954472944618,0.0033570188456011904,0.006608195905960378,0.0043465921329212285
2021-12-08,0.0011613239598899188,0.004017750298049435,0.0019264827031051483,0.00819358996803236,0.026241900919462383,0.004036528835830388,0.003350784297358455,0.006635814752741371,0.004438170284493986
2021-12-09,0.001419996229264467,0.00402785928839779,0.0018908375598851953,0.008150543671750261,0.02625589404402416,0.004099264295746988,0.003347456754253156,0.0068417298961415355,0.004441370434971614
2021-12-10,0.0014255274608699444,0.00392550513771791,0.0018936922612278607,0.008124207414387246,0.02606755271952582,0.0041191167265767145,0.0032762240403725017,0.006727415482929887,0.004435227531991873
2021-12-13,0.0014314490568389134,0.003832174870030469,0.0018957439475694702,0.008159298082574743,0.025901551889107297,0.004091155911929745,0.0031993594605820128,0.006760877406968,0.004434700792251312
2021-12-14,0.0014309969595474533,0.003849676562100847,0.0017839273617181858,0.00812074522769235,0.02583828581100352,0.0040476149682603674,0.003204741073263964,0.00677503429778398,0.004313927498618865
2021-12-15,0.0014355509825330409,0.0038904314116122345,0.0019672299221890227,0.008211266873761813,0.025928489689665584,0.004071057974434602,0.003210652666795654,0.007257633898844823,0.004343054896910327
2021-12-16,0.0014359874111372181,0.004122095344380352,0.0020274259578789773,0.00801159374426017,0.02685967048509934,0.004089688188267894,0.003424172376725952,0.006998120729017742,0.004772144384352061
2021-12-17,0.0014352346649556358,0.004063914406992969,0.002100694971898057,0.00826690491847793,0.02965391973687105,0.004332146369488348,0.0033312408317001624,0.006943972077598331,0.004871090969959761
2021-12-20,0.0014209114971380755,0.003994370010528994,0.0020791266203276947,0.007840200853526788,0.030157899689103648,0.004331301929677577,0.0032063615399755456,0.00695259325765744,0.004937380958824089
2021-12-21,0.0014234500838306127,0.004026343537170564,0.0022202538419787846,0.007840612615395091,0.060600651944518164,0.004306356511477967,0.0032082389718976457,0.006503449029826828,0.004999057985278264
2021-12-22,0.00142339370312078,0.004030762186560931,0.00218912503343826,0.007716765076828011,0.0614553636080733,0.00436883038971841,0.003328837735802264,0.005996406970615386,0.005098710099666207
2021-12-23,0.0014151938042843753,0.0037597460961417526,0.00237254926770872,0.008029154305183476,0.06474639581468372,0.004234807881084205,0.003390748612552046,0.006355708074852493,0.005148985560684421
2021-12-24,0.0013570280186823436,0.0037628544279174145,0.0024425833046749753,0.008349604302525753,0.06514397547070085,0.004234933291278909,0.003397378953050725,0.006177349719498744,0.005149902024304695
2021-12-27,0.0013648545716006535,0.0037628576231342175,0.002444261760669271,0.008213763940990108,0.06554795197758131,0.0042624959317387155,0.0033299770750617654,0.00601529385964289,0.004831919115615778
2021-12-28,0.001352621034295843,0.003586275655170747,0.0025499094540875605,0.008465633069310335,0.06580986521729924,0.004226062215923198,0.0033635515619408417,0.006047866967560739,0.004992176382119464
2021-12-29,0.001318248295696945,0.0035151830335999573,0.0025341772384144963,0.00815897101307755,0.06649707049261834,0.0041758967769844274,0.0033649094104011815,0.0059280481068200745,0.004922411617510744
2021-12-30,0.00131126668024965,0.003519928098395913,0.0026610656201665204,0.008013026704842083,0.0661279026219697,0.00410188715579145,0.003474857180478024,0.005719470019727081,0.005032277970851052
2021-12-31,0.0014124489365837586,0.003301025357374617,0.0026614372932465503,0.007898513481328273,0.06632048819248568,0.004022317886257813,0.003424812588059037,0.005947090459388674,0.004894177343038282
2022-01-03,0.0014025666322744939,0.0033291403649389163,0.00265318712957055,0.008042116216126254,0.0664345986242857,0.004000530411928356,0.003430009954150104,0.0059253014059228405,0.004861848539445143
2022-01-04,0.0015140380239351396,0.0035494214859957385,0.002764286683230737,0.008417359583830103,0.06317222246816988,0.004332429770755955,0.00330376227282206,0.006597368897738684,0.004911492130357337
2022-01-05,0.0015300298303432152,0.0034855126782847926,0.0028663634652177747,0.00875471629564776,0.06261506391574133,0.004409460809456777,0.003363557363462253,0.006579578414128282,0.005147474067085125
2022-01-06,0.0015649649939286966,0.0034802747426860613,0.0028766248457258734,0.008863363872262199,0.06264310104185285,0.004405800574005945,0.003318478169172829,0.006598215845909908,0.0055581438397657185
2022-01-07,0.0015616853027275342,0.0033185460526853586,0.0027263600659920804,0.008220403014529634,0.06263135310676816,0.0039139972970284554,0.0033038920760016218,0.006565206365999552,0.005521794423663877
2022-01-10,0.0015634768202799996,0.003323418046065633,0.0027424923642728792,0.008206644355158416,0.06229724382891442,0.003988807526709812,0.0033067541264055885,0.006729892050537965,0.005561265678219754
2022-01-11,0.0015088019125530623,0.003019595129654802,0.0027582694264502283,0.008071738507732629,0.06205245303318629,0.0036863841140830195,0.003306673843942123,0.006750262828131985,0.005561637196432443
2022-01-12,0.0015266674499585361,0.002959726973010285,0.0027378411197860114,0.007948480184734359,0.06202285565946951,0.003619927430479663,0.0033400987379726024,0.006988051335624137,0.005645588441743822
2022-01-13,0.0015203528337727474,0.0032796751150020154,0.002717996148437747,0.007958618432074563,0.06205855624351737,0.003967002653880794,0.003454150654209594,0.0070402660731383555,0.005876069226364006
2022-01-14,0.0015275994575503088,0.0031813188165862997,0.002814443502502161,0.007915890070380701,0.06191125971446342,0.004001338872319328,0.0033829020261208057,0.007038724288715681,0.005946921065503081
2022-01-17,0.00151482566722281,0.0032749242413032537,0.0027328988678896183,0.007900120733321485,0.061958191562959994,0.004212112740707725,0.0035157155577743068,0.006897058843867633,0.005991977442762496
2022-01-18,0.0014930432055388523,0.0032892233163461003,0.002861226784246198,0.007901067866750716,0.06196709547738984,0.004183675856659513,0.003639935118646666,0.006706846213956332,0.005828089357942969
2022-01-19,0.001395669290086712,0.0032463535325152407,0.0028915077177301108,0.007714108215798443,0.06196715598597733,0.004195814971068281,0.003567558289841533,0.0066851739324934,0.0058898474686162345
2022-01-20,0.0011287376228600137,0.0032442214995863253,0.0028515174203505634,0.007496466592569212,0.06201533952867757,0.004145807306114206,0.0035943433217431975,0.007004031274662765,0.005899611270692575
2022-01-21,0.0011275979315306093,0.0031807824399281994,0.0028365957460838084,0.007460192534125368,0.06200179540377398,0.0041725432204111025,0.0036902764014435613,0.006991223476812062,0.006021392798551809
2022-01-24,0.001161665856833358,0.003267421593115143,0.0029025443809289724,0.007725679205353013,0.06186614072133476,0.004171399096666508,0.0038755443286714046,0.006950825477055108,0.006283825882938275
2022-01-25,0.0011647023053993478,0.003279868041168349,0.002893547545620553,0.007680231949114656,0.06188277480648384,0.004186701332831629,0.003907300227833412,0.006948386130362235,0.0062761405217051335
2022-01-26,0.001174095530637831,0.0031927356237028246,0.0026396585391916393,0.007650822995607222,0.06169188900731851,0.0041770173452605015,0.00395313936610964,0.006927229768583141,0.006368460004551279
2022-01-27,0.0017931330848109499,0.003496704239577804,0.0026958715319760356,0.007869615514705408,0.06081291005121671,0.0045059281492553106,0.0040936509833690024,0.006902167546663788,0.006560015027789451
2022-01-28,0.0017847968458879562,0.0035066808940018464,0.0026409394538361402,0.008458433992511626,0.05839014568704614,0.004229488368380199,0.003984168789885427,0.006827876662543985,0.006955166155762694
2022-01-31,0.0017842887542359315,0.003423286375158543,0.002735791210051827,0.00846495866269772,0.05733290265854351,0.004219633896033732,0.003868664876186643,0.0068351363616894895,0.007168023507620504
2022-02-01,0.0017791944923252264,0.0038271304446678028,0.002680564446473561,0.009251715434764121,0.02965949657362264,0.004416497517898473,0.003960601793894391,0.007273332915718646,0.007244763374721253
2022-02-02,0.0017792238391554213,0.0039640657027552,0.00268041696022259,0.009290036956357533,0.028422056983994123,0.004400600780287405,0.004042523504108078,0.007258687194074885,0.007323559274805277
2022-02-03,0.001779322306534837,0.004007464457524994,0.002592319909161461,0.009090457558075644,0.020421251462293316,0.004496964774412399,0.0037542738357425,0.007289837506117708,0.007188735831971244
2022-02-04,0.0017772159284629816,0.004917882878681775,0.002576463179900502,0.0088689646334836,0.019087115868380848,0.004496751892565625,0.00374867124165193,0.007252647837546227,0.007216153737172488
2022-02-07,0.001770882069355826,0.004927843165626706,0.0025764705187757628,0.008995970818222107,0.017768106647195536,0.004463739570662641,0.003786372841891705,0.007249174494225006,0.007228553856629459
2022-02-08,0.001778491061802231,0.004969389549305043,0.0024825474195539756,0.00867318260025723,0.01653770707637628,0.004520414003353338,0.0037593929453025253,0.007238213693066622,0.007100280506916728
2022-02-09,0.0017822187338503493,0.004957552427684257,0.002493664122630308,0.008553538824043739,0.012504898841260895,0.0045177964220271235,0.0038057716067612913,0.007225968494933417,0.007233225955973607
2022-02-10,0.0017850613877233247,0.004937479684944674,0.0024454514272445336,0.008805305732542835,0.010757064822970853,0.004536994374014811,0.003705405229044331,0.00732695644892921,0.007174435274916103
2022-02-11,0.0016847763740994314,0.004951040252801213,0.0024478767521800776,0.008763668425739052,0.008610569892519657,0.004537468232876083,0.0036924778726347015,0.007230933562460784,0.0071992284298688985
2022-02-14,0.0016817156039165922,0.005204294411675488,0.0025495681099406255,0.008694544884384758,0.008302968625592955,0.004584064523633466,0.0038639012825241194,0.00721499937522684,0.007302779287185962
2022-02-15,0.0016083937632325204,0.0050721682109048285,0.002511687478112437,0.008152758915062867,0.008132288786978963,0.004074827757977281,0.003878740280473588,0.006244433293857964,0.007260193827486381
2022-02-16,0.0015965977277898797,0.005050121401962132,0.002455597451320441,0.007885911118599199,0.008124131441662623,0.003989905930537906,0.003794659252324904,0.006265791703054607,0.007111522399143333
2022-02-17,0.0015565630420693968,0.005049618581158566,0.002457838250581963,0.008081739499331077,0.007193690828737697,0.004102954974886435,0.003904672385518225,0.00609895190637853,0.006829343486018742
2022-02-18,0.0015782975962250164,0.005048587790125058,0.0026992714816055875,0.008203569884813381,0.0067808384131933805,0.004101879162657485,0.003906968340977824,0.006100507257283425,0.006801593745540695
2022-02-21,0.0015993979605705027,0.0050468855814019735,0.002605669175348496,0.008355862291803942,0.006787926945528284,0.004002904270104005,0.003888855742890736,0.006060021922110377,0.006775443818787563
2022-02-22,0.0016078965009842783,0.005038908608391858,0.0025629418448176833,0.008355873800946748,0.007291644879376376,0.004003287840465692,0.003968129541364301,0.006091124516026969,0.006777564798714268
2022-02-23,0.0016160074731963407,0.005007518408460947,0.00259614706028848,0.008228988808460569,0.007065755528729843,0.003998566560157324,0.00390780187312385,0.006365315828529729,0.006921510277387995
2022-02-24,0.001630189469408477,0.005571685527219085,0.0034060290874175212,0.009279005826828023,0.009901145721563203,0.003578685503001365,0.004741732857870476,0.007386538351560596,0.007221068149999097
2022-02-25,0.001639372638602615,0.005664220727363728,0.003455959841932504,0.009551031118815454,0.012537040172931536,0.003593263545068543,0.004759953208733477,0.007488118155389451,0.007274850561456338
2022-02-28,0.0016401231921189718,0.0056351914409527235,0.0035125818640239833,0.010014640788557001,0.012298218971751781,0.0033551197376140793,0.004710866633879203,0.007782343666832816,0.007231932797210121
2022-03-01,0.0016377421322726668,0.005637551530353731,0.003470520921409136,0.010015787748264811,0.012155573004785501,0.0035199233988244933,0.004657197209534074,0.007727896468148013,0.007256610692666622
2022-03-02,0.001638424769863198,0.005690754490610103,0.0034167261373964507,0.009954306762110485,0.012268193929060138,0.003586452996897933,0.004657355341350683,0.007731343576123916,0.007182513374376366
2022-03-03,0.0016420081929702853,0.005702181212111521,0.0034349198485495403,0.010277355011923279,0.012000287694618507,0.0036091329264664913,0.004727722126891489,0.007976706557098366,0.007251073626976834
2022-03-04,0.0016380046490274127,0.006140407164437195,0.0035005541712785876,0.010319388231544038,0.012013499837643125,0.0035586172766487434,0.004930415403130489,0.007826504776092945,0.007178238941701947
2022-03-07,0.0016037877616321252,0.006130660048972865,0.0036946862226889775,0.010203821753854512,0.012069322659645708,0.0035816295496633277,0.0049330177731777905,0.00779677321368473,0.006941067843695009
2022-03-08,0.001603333055554114,0.006121846935492499,0.003688179051737459,0.01017778520169564,0.012070460681871774,0.0036307791516989076,0.005060335623561617,0.007789091591801825,0.007557125407862461
2022-03-09,0.0015881281202274606,0.006399232788530634,0.0038972730968609114,0.010210462216132228,0.012152291333085114,0.00361928209599933,0.005086928487226708,0.007553866420499627,0.007602702879663898
2022-03-10,0.0008270971186113503,0.006340800349914741,0.003950850949617564,0.00998090741596166,0.012506924159388848,0.0031941479419754924,0.004837179467459244,0.0076745764083196565,0.007127424055578891
2022-03-11,0.0009440598883273371,0.006513997204515811,0.003949165376687753,0.009390230042121432,0.012742291061434834,0.003487512772512544,0.00493782515382095,0.0076937324442116,0.006511470485249446
2022-03-14,0.0012377183216103378,0.006514536266079958,0.003839910428744391,0.00942898155928531,0.012280919929659136,0.0038381671494892647,0.0049166736688424795,0.007863066392356208,0.006633929913779136
2022-03-15,0.001324807905277843,0.006281199478129277,0.003888434122648297,0.008674706222425789,0.012477272144095117,0.003576848902639199,0.00480113324795461,0.008105521544315448,0.0066015040687588955
2022-03-16,0.0015734866143879344,0.006168899269452616,0.003921474519909684,0.008647991911735455,0.012412739019614778,0.0034815053621082017,0.00458798402456623,0.008107459250252292,0.006498952494049226
2022-03-17,0.001573339555309209,0.006253252552122762,0.004017268268238613,0.008724932353124725,0.012412275687039858,0.003441458912289802,0.004610855801570817,0.008115304351257967,0.006779153162440747
2022-03-18,0.0016107165919288127,0.0054695511218546865,0.004010079240975652,0.008763267524089426,0.012370408217322763,0.003505680353919238,0.004623567243173981,0.00815071745662847,0.006723339209348415
2022-03-21,0.001620974335678038,0.005520051916351037,0.004017541723920252,0.008696897607168949,0.012372756093221181,0.0035379381004916684,0.004725051491179172,0.008588331369594481,0.006772805358119657
2022-03-22,0.0016208334923311213,0.005504561006716105,0.004044961840246965,0.008729567063048916,0.012383761381656722,0.0040073785093780855,0.00485184107629814,0.008932429349638105,0.006807280328977481
2022-03-23,0.001643548816309384,0.0054800307857701324,0.004095031580539421,0.008624657197411425,0.012342587586278623,0.004002302662821443,0.004820545275467303,0.00894122486336149,0.006692041576759587
2022-03-24,0.0016365640750314085,0.005472402869601098,0.00405585131318658,0.00838174469509059,0.012276823068322014,0.004206385327318446,0.004813605999910708,0.009160062920284642,0.006698141955293003
2022-03-25,0.0016501978205354536,0.005509687684844261,0.0041024495046754,0.008506298098971935,0.012234312169156082,0.004206959170686477,0.004806280218698891,0.009256988428747177,0.006657769943685465
2022-03-28,0.0016636825047870616,0.005332108907833543,0.004037638765014162,0.008504935352357697,0.01224315906037795,0.004951866216404147,0.004820610019594938,0.009195116445438236,0.006461524722130929
2022-03-29,0.0016250810807520598,0.005718614842496957,0.004111268715050493,0.00851030907441758,0.012386470057669663,0.005153434012050096,0.004806839061636131,0.009201441513407679,0.006516116725226895
2022-03-30,0.0016685221074928965,0.005748530035050461,0.0040695004345045185,0.008570516609140849,0.012412725305372707,0.005791178042991505,0.004838531569879819,0.00926015200056351,0.006501407471530732
2022-03-31,0.0016903054970193302,0.005753930548110106,0.004066900927166195,0.008363777202216429,0.012423854189571324,0.00564835775727235,0.004704858768164936,0.009393412410551928,0.0065433790351614235
2022-04-01,0.0017508064316084549,0.005791086880503026,0.0038976935636197032,0.008285110824089295,0.01241295127624118,0.0056723791547699,0.0047200302836721926,0.009508430330299402,0.0065697340038663185
2022-04-04,0.0017384045267504517,0.005822972481412244,0.004080165395456595,0.008133758670195447,0.012416321849816513,0.005629424705052787,0.004713547287978542,0.009777638157370965,0.006569400223017255
2022-04-05,0.0017215247174074716,0.0058314341568299595,0.004114701695573786,0.00817424422733495,0.012217887285075616,0.00563467388442825,0.004702931078155439,0.009890332900541927,0.007067592217398244
2022-04-06,0.0016886622378077514,0.0058524714486408455,0.004252044889400946,0.008216486335562644,0.01220760443009677,0.005725933556223384,0.004674139046601349,0.010258156943187238,0.007147307537529103
2022-04-07,0.0016821119949636946,0.005127652955739022,0.0036330866414757772,0.006967782133507558,0.009918843766156876,0.00568177489292535,0.003727373341986991,0.009838662871706708,0.00674337519629841
2022-04-08,0.0016503098378959577,0.005077850477114212,0.0035603627640575213,0.006674085849753379,0.0061798547864224595,0.00564937473489481,0.0037477106356770757,0.009935034282055551,0.006679395253483872
2022-04-11,0.0016410247201934622,0.0051476478770468,0.003491908759014199,0.005946452443622364,0.006213758962314924,0.005884974063657988,0.003735469494052979,0.009686662333299465,0.006729564746744709
2022-04-12,0.0016419793064907408,0.005152340523004056,0.003526364002963327,0.005949396795926539,0.006099495266422542,0.005728052231229169,0.0037328988694534143,0.009725108383379389,0.006664642628376408
2022-04-13,0.0016478953868983395,0.005112916046496356,0.0035216384934474987,0.005939448344931647,0.0060780991020239926,0.005720975001318891,0.0036408195580463908,0.009724714985968216,0.006709894458302617
2022-04-14,0.001649590041947791,0.005201778864121644,0.0034930024895469965,0.005880722102034144,0.005992650101745579,0.005871483343545057,0.003995807986460722,0.009546921262571485,0.006666732168866623
2022-04-19,0.001693413765347547,0.004765388388550557,0.0034855455500394958,0.006222350556030481,0.005943092527625465,0.006794078437560895,0.003916081770552444,0.009693389906725441,0.006918037080180433
2022-04-20,0.001807722203181341,0.0047650062660514305,0.003195792461037867,0.00677437227608674,0.005752404084664812,0.006787429165018386,0.0038165017368969687,0.009727444713372382,0.007014693616629439
2022-04-21,0.002054923449846913,0.004867529242686514,0.0031806673478172757,0.007206960096668823,0.005449158669949862,0.006788802051601412,0.003608129024461037,0.00965906355126525,0.006387330773190608
2022-04-22,0.002441527120051843,0.004681397039817745,0.0030658144881433127,0.007968184865813183,0.005136168500871243,0.00678915998349094,0.004029887198838192,0.010283904053080144,0.007062416031551898
2022-04-25,0.002719226374039415,0.0045036596279141175,0.0030206776798767055,0.007961046108739721,0.003731938700851084,0.006836409154824108,0.004468113293301663,0.011502119568548817,0.00771472099413887
2022-04-26,0.0027464145426192663,0.00441081406090536,0.003016300230324112,0.007849950044019479,0.0032014392235756592,0.006937689452807142,0.004413606396116211,0.011926030843564413,0.0077369583709986445
2022-04-27,0.002686245079369893,0.004616273754376101,0.0029940797772948407,0.00808551545024192,0.0032122757776772235,0.006839143288357247,0.004677131512531831,0.012403914386855926,0.007648910040282648
2022-04-28,0.0030840621931652896,0.004784246893990729,0.002956580296062558,0.008077679984827987,0.0026962285640486842,0.007577669986945751,0.004971696970443063,0.011975298225100958,0.0077653361669524235
2022-04-29,0.0030718214075209885,0.004933248336523298,0.002943687212145489,0.008349042945298337,0.0025729360702035843,0.007775632613257104,0.005425194305233145,0.0125400383344946,0.008098123726465302
2022-05-02,0.003079754446630814,0.0047743544890886365,0.0028173414904563115,0.008245237506142387,0.002590509608533804,0.007814760712621086,0.005405593487271707,0.012984234403305714,0.008217514291069301
2022-05-03,0.0030878011418525434,0.004828545972620263,0.0027704027709608537,0.0082352207675997,0.0025377001657404157,0.00782349768920279,0.0053915798164239186,0.013074177785131294,0.008386719584438493
2022-05-04,0.0030678362744093993,0.004767549319335231,0.0028101884857302754,0.008271288207745297,0.0026925954388592704,0.007792466766409686,0.005277891398168824,0.012898744404321464,0.008287967028741749
2022-05-05,0.003067678393481202,0.0048569505533047055,0.002790794718292693,0.008331974368282783,0.0028269760695201433,0.007636164111390729,0.005236596689094046,0.012651201126649832,0.008511844213233255
2022-05-06,0.0032908962425037594,0.004848393835546965,0.003079721035810663,0.00909012711759561,0.0030403070066247788,0.007646403315324413,0.00524793604235585,0.01309366553556971,0.008848051681611395
2022-05-09,0.003388829770151196,0.004847067075121337,0.0032834263167884226,0.0090724702966582,0.0032431578636699086,0.007561279502615875,0.005346095698139909,0.013304797960856892,0.008980305654327456
2022-05-10,0.0033451433984971004,0.004805189675392927,0.0032569098286986545,0.00898962465447817,0.003934952950639518,0.007666686060964786,0.005332307360218644,0.013118180994578068,0.008930794050338382
2022-05-11,0.003382277245195419,0.004797306920312647,0.003253414673696314,0.009088516745501032,0.004042508819542075,0.007161136526954849,0.005334581547867803,0.0131303816989158,0.009097475472787532
2022-05-12,0.003737743978306368,0.004778647071060282,0.0031334001198836383,0.009189542867622335,0.0037118346221602077,0.007355526629130059,0.005643448113232941,0.013414293648575801,0.009726426038645581
2022-05-13,0.00368310225391277,0.004651497905363706,0.0031437500743810272,0.009086871805708992,0.0036643978589798116,0.0068799373199049255,0.005592131008471192,0.013844688523693641,0.00975776516908412
2022-05-16,0.0036351525696934647,0.004773025300730227,0.0032067098887019665,0.00908602837362667,0.004043490220787559,0.006887344761291434,0.005732225903390925,0.014040646778111307,0.009842926080939828
2022-05-17,0.004239207081841121,0.005339474556539266,0.003324798679546134,0.009747398907634638,0.004113177152593987,0.006884620561418709,0.006889772415491916,0.014183304341423023,0.010310390404717906
2022-05-18,0.004230156372002401,0.005315610143270983,0.0030747897772005796,0.009839784086963666,0.004496495452831532,0.00692733399671219,0.006913838425773135,0.014003822601787655,0.01031189957934223
2022-05-19,0.0042186570765123,0.005313439604463705,0.0030058479838032835,0.00972163585437984,0.004497422625915263,0.007235731590781016,0.006890256482176651,0.013748969599707141,0.009737811768375544
2022-05-20,0.0047766264951433456,0.005406940143179039,0.0028121528113418917,0.010078221558642306,0.004651407913788973,0.007117786962051313,0.0069557465219552885,0.013599030012762699,0.00990678460977434
2022-05-23,0.004906954027028952,0.005639798909717014,0.002830977325751831,0.010189350224978421,0.004830800330317669,0.0071479171327905626,0.007178272758783437,0.013836373664289107,0.009933898579822574
2022-05-24,0.004906367506261375,0.005701468422284339,0.0027942709686006695,0.010242126420635904,0.005532735609847535,0.007174286211560308,0.007206558264197773,0.013794497527569633,0.009955130945987664
2022-05-25,0.004929616072688798,0.0057362709185021,0.0027992808637360487,0.010042877984088126,0.005808634109331593,0.006866091465142544,0.007205729985709405,0.013783718515549643,0.009961168998586617
2022-05-26,0.004981605924379561,0.005770408588271572,0.0027385430753522244,0.010047928114890047,0.005716995771818797,0.006855263722996398,0.0073461693545186285,0.01370506583591173,0.010031254569357198
2022-05-27,0.005120441449919726,0.0057697597686854766,0.0027407351315279654,0.01030716196711464,0.0054573339725038795,0.0068474338542082154,0.007422855360915208,0.014054150943647946,0.010245477242896685
2022-05-30,0.005273037606306253,0.00574508155837687,0.0027373425411599405,0.010411741782603977,0.005505346414834581,0.006839267117733655,0.0071775162261479295,0.014069852579044414,0.010256978297301133
2022-05-31,0.005276294941175832,0.005672306604250606,0.0026544695739106807,0.010305352769843743,0.0055219057537478885,0.005572851802664101,0.007109759714413253,0.014026934703630369,0.010108568470387562
2022-06-01,0.005261739888285337,0.005648078030519773,0.0026527875763920333,0.010196898605289946,0.005493940759732286,0.0058345283469640255,0.007080369620152864,0.014083152807648915,0.010023922742318326
2022-06-02,0.005213957270347454,0.005552644307325909,0.002631501213333122,0.009950521467977591,0.005493899706282216,0.005830422777985643,0.007082880724480229,0.014235126679873363,0.010023750602879227
2022-06-03,0.005079103175525688,0.0054892349241736985,0.002585527043417886,0.009071845023516776,0.005493152275214833,0.005845158175212029,0.006833370425737595,0.013865157180078398,0.00957503076644746
2022-06-06,0.00496079594504672,0.005358036447724921,0.002569841557737185,0.00923129230976259,0.005475807578286869,0.005878740311115575,0.006534551272492525,0.013153356093822536,0.00904469281591201
2022-06-07,0.005014447770143829,0.0053277775766355905,0.002570378408508718,0.009287436669685935,0.00558457542506663,0.0064761575589255705,0.006557575656784696,0.012925231918049566,0.009176256143185244
2022-06-08,0.005012748429282095,0.005232411507680996,0.002579607678916974,0.008970337999867555,0.006751600753681274,0.006592124800464956,0.006397076992247816,0.012759854093847032,0.009082108193242223
2022-06-09,0.004742088492773166,0.004893311321895169,0.002581174983940762,0.008928856166987421,0.006693221800491504,0.005479732629445313,0.006058773250239274,0.012761684246955132,0.008975881302549333
2022-06-10,0.0046924252887823635,0.005660674908583916,0.0025450775050390403,0.009724521682318233,0.007341043729987221,0.005327207585847032,0.005946534243766606,0.012144439916263136,0.00872768360640173
2022-06-13,0.004760146534092004,0.006057196110050208,0.002571897975945965,0.011062884552763438,0.007529060351503285,0.005325726948034909,0.007071327923345163,0.013123990064332477,0.009168963905105243
2022-06-14,0.0047599060070397875,0.006025679555286965,0.0025755294265160165,0.011056992256865066,0.007471677938614008,0.0053220126853248065,0.007210056651740401,0.013149914276548784,0.00922841468738294
2022-06-15,0.004826020975427325,0.006021864807045487,0.002482763834677584,0.010953274810755058,0.007260365497619555,0.005321431682969705,0.0072122989441233635,0.01295280198372698,0.009318341399972539
2022-06-16,0.004822477437530883,0.0059956910048402385,0.0024854652962281606,0.010881247374213027,0.007299689898958636,0.005917936933442376,0.007200241007317587,0.012975680646363896,0.009103952322120492
2022-06-17,0.00463098518560618,0.006204637180373799,0.002048814194658233,0.010076661342071769,0.007371640520444633,0.006288118456736925,0.007356240506938471,0.01283844879306735,0.008746448280155012
2022-06-20,0.004498751852516184,0.006230547835183684,0.0017363049321574226,0.009914566192196906,0.007396602277199156,0.006286106749168965,0.0073222709712051515,0.012174048077825746,0.008494625861015334
2022-06-21,0.00449859517785856,0.006258758120517572,0.001716754678790043,0.009923711847974503,0.007264708537016904,0.0063731600281249695,0.007276413992684762,0.012179223829015273,0.008406516357343696
2022-06-22,0.004507322064421563,0.006278524257711548,0.001753860284459758,0.009915383180245008,0.007298759601394804,0.006364590841163982,0.007263858324559848,0.01210900026677033,0.008413445102507397
2022-06-23,0.003993642652864379,0.005737660525144752,0.001655417113787495,0.009717189039569044,0.0073233769815103916,0.006095380191690254,0.006883892947164521,0.011607008256533562,0.007456661892170624
2022-06-24,0.0039973778156020935,0.0057384071134635286,0.0016443857122091907,0.009828411817796262,0.0073426432173141435,0.006138648192403927,0.006912070717478394,0.011241974985774427,0.007419193101101634
2022-06-27,0.0039954824876033135,0.005759800261431318,0.001479841027541038,0.009778910278345317,0.011924117802058265,0.0061168184633799486,0.006866703592129835,0.011075310838772008,0.007393347457007161
2022-06-28,0.0036102997414106048,0.005388383668233228,0.0016654561987783415,0.009465164148641162,0.011938296416997403,0.0061017148949589805,0.005892219799673154,0.010660574551528534,0.00682573215964632
2022-06-29,0.00357621807824014,0.005434948219738198,0.0016630229633011766,0.009464344621916854,0.011779826428957802,0.006057175923116961,0.00590684568794834,0.010406553990312348,0.006937174268127915
2022-06-30,0.0035892818829585406,0.005892768749433444,0.0016674518591858116,0.00992730323852288,0.011780417807741677,0.00568573414655569,0.0059578301831783465,0.010477850967577857,0.00692130682381523
2022-07-01,0.003033513201898101,0.005857258648500932,0.001678964533916241,0.009636917947185134,0.011744886801483582,0.005931950669960818,0.005958876939291583,0.01052381553791134,0.007176662004688895
2022-07-04,0.002907956967986176,0.005688371743763045,0.0016723087647960097,0.009732991553534418,0.011689243939713762,0.005882045022174241,0.006120265580057502,0.010037693324409092,0.007564763239928415
2022-07-05,0.0028959599398282626,0.006210964926221411,0.001921416173027417,0.00979825137867329,0.011450452713595481,0.005827440398076657,0.006556822657028353,0.009997383497204512,0.007903764345218386
2022-07-06,0.002787195554573421,0.006408398397292803,0.002034449312079694,0.010213348133516209,0.01143870337012762,0.005868857901778628,0.00670290743417996,0.010079685493953144,0.007935193970557487
2022-07-07,0.0025763505676531548,0.006338045130723517,0.002033180777124104,0.010188099689323488,0.01142288800475369,0.005862775296696442,0.006725822883076565,0.010055223917513357,0.007952402446828863
2022-07-08,0.002408331826680599,0.006292820459644053,0.0020278741102169114,0.009895930463807653,0.011421014409637404,0.005822226814782702,0.006719220578617458,0.009596103604693672,0.007671977001615225
2022-07-11,0.0022196285884449507,0.006252467671531047,0.002052392931538699,0.00961731538814967,0.011413845527967403,0.0060545301796544335,0.006746484540467912,0.009403185112114519,0.007696048223928332
2022-07-12,0.0022310509582648863,0.006265996890144362,0.00204517152208979,0.009521013109381546,0.011422315611624606,0.006177249250175384,0.006851656497727451,0.00941538708798465,0.007713417127330164
2022-07-13,0.0021862047704088146,0.0063130297416745815,0.001974245679538355,0.009527673531149796,0.011432293326065926,0.00601252704647859,0.007079227433973329,0.009225109150651797,0.007883763647404712
2022-07-14,0.0023062724408047415,0.006357058887087272,0.002144958944921987,0.009774397581301598,0.01143207497164591,0.006381209518540467,0.007182899469785662,0.009008133475741488,0.008095249365567013
2022-07-15,0.0022715587681625166,0.006422666808689133,0.002234006039172948,0.009715685365101413,0.01145876882198311,0.006432251178054214,0.007175641548433902,0.009286497947167419,0.008118071978411433
2022-07-18,0.0022410295722606662,0.006636683839783068,0.0022319679041532185,0.009335959879703192,0.011455672379607616,0.006467766962463216,0.007520035673128186,0.008961426342263917,0.008436863041599756
2022-07-19,0.0020795347264227115,0.007000691683901801,0.0022484298805474125,0.00953409766440355,0.011367564225312063,0.005949641206318713,0.007558555924339043,0.008867718496472582,0.008566015438228535
2022-07-20,0.0020861670857394354,0.006833038334189444,0.002227500632716463,0.009451828443454513,0.010462409798347052,0.0058044628851391935,0.007476333543956715,0.008578520899787093,0.008513222469941472
2022-07-21,0.0020885229435610737,0.006829407722725484,0.002285558170649895,0.009381028413866802,0.010483618881089,0.005820684114549582,0.007489681615534173,0.008574881123564653,0.008531083740183137
2022-07-22,0.002047791440342703,0.0063096441542975995,0.002290162229202008,0.00950021670658414,0.010220256649621253,0.006361682810744957,0.007445697368830498,0.008560067713045504,0.008761574287407795
2022-07-25,0.0017994777924484613,0.006070454006103195,0.002284981975140449,0.008228578956551302,0.009971958681337831,0.006363391525001748,0.00662152687210096,0.006661163347789823,0.007799233459526849
2022-07-26,0.001822619723161105,0.00635584089334469,0.0022778834956180462,0.00829102965353114,0.009973114936982035,0.006362854622553057,0.00658997977611305,0.007373162143796436,0.0075086014981107715
2022-07-27,0.0017028814347256219,0.0063913494658176286,0.002276457598209287,0.008249647443253972,0.00998338000973376,0.006363001031672272,0.006748142356850173,0.007668796961069419,0.007431648545430204
2022-07-28,0.0017022193381482623,0.00639116415933238,0.00235786805809962,0.008285866124794506,0.009984147347873671,0.006089329390327062,0.006686140396631959,0.00778297214471432,0.007404121062916451
2022-07-29,0.0017147318540388541,0.006355671821696317,0.0025491390608442205,0.00884815119173491,0.009992385037548538,0.0061568471088270715,0.006494768203471851,0.00806857550247208,0.007398127928555162
2022-08-01,0.0016900662228125686,0.006366218562937654,0.0025960939681076594,0.00884628681444104,0.009993734084346178,0.006444995487062495,0.006627111350124423,0.00808972894261639,0.0076649540538675605
2022-08-02,0.0016785806655064519,0.006319960653085264,0.002884204124932718,0.008792795565338638,0.009993765621819315,0.006367468434073039,0.006627261434857035,0.00826016341139369,0.008136366021382242
2022-08-03,0.0016801111014049979,0.0063217648221211365,0.0031527049312586046,0.008979905289851988,0.009992289544073083,0.007461236284786247,0.006638220396628596,0.008444774717770966,0.008007672959976916
2022-08-04,0.001671667977770645,0.00631475397545883,0.0031680401049300603,0.009034760326026068,0.009993516668330179,0.00742954923197225,0.006803700570016839,0.008397689679543005,0.008034194403900003
2022-08-05,0.001654823688308931,0.006372848132573164,0.0031915115286842875,0.008904112464392273,0.009995500527369952,0.007427049565578875,0.006830109250042023,0.008594762190716051,0.008046418995051593
2022-08-08,0.0016516310186273741,0.006300464535443334,0.0032817274993692746,0.008909713775957284,0.0035380320964352036,0.007842832634536416,0.0068374982998616,0.008927347175704052,0.008063234469816853
2022-08-09,0.0016490917200244946,0.006357146490272692,0.003061688946581641,0.00883615991278589,0.003556962093568397,0.007809352517777273,0.006823425845535034,0.008927689838234916,0.008051331422660386
2022-08-10,0.0016210795884816403,0.006349278309266915,0.003068666588123168,0.009116065984114036,0.0035002388140801775,0.007792772998804504,0.0067566125612686856,0.008918196456510982,0.007938647083226707
2022-08-11,0.0016507946669259443,0.00616840812746816,0.003073706940914064,0.009192763417293982,0.003526938206607143,0.008555725432354638,0.006879425162636201,0.009035066060338149,0.008576780220577816
2022-08-12,0.0016514348767023958,0.006189606499827295,0.0030806166028820234,0.009257771491581655,0.0035357493498935073,0.00878277876214447,0.006907812567360624,0.00921899205185552,0.008057137912782038
2022-08-15,0.0017954545573058446,0.006338650424913911,0.003114815365846016,0.009264200848288022,0.003519531100057127,0.008818748847715736,0.006671823849264416,0.009131608811244776,0.007928090435306007
2022-08-16,0.001792712739218126,0.005758092582199332,0.0029647065176115657,0.009111466055864196,0.0031599742102948495,0.008999963382115403,0.00614947047319388,0.009014861825309447,0.007444010935758952
2022-08-17,0.0018125510708820528,0.005436940087729704,0.0029206655931302006,0.00879049011817724,0.002235564680099861,0.009045170235862087,0.005922645431270283,0.009314370714377558,0.007695162427166754
2022-08-18,0.001790851241549705,0.0054429331637435505,0.0029433589305032258,0.008819704607096628,0.002441680368249525,0.009044796770215297,0.005799775246943517,0.009480311347632693,0.007666468786158585
2022-08-19,0.0019392618436716428,0.005884606656795844,0.002987814373064049,0.00923475639642291,0.0023861886639419106,0.009515402413093151,0.006712358553423153,0.00968177155703679,0.007905171871456987
2022-08-22,0.002035744405119442,0.0058477476891714,0.0029474994164171444,0.009221427755190548,0.0023665921033894956,0.009271777032419291,0.006641826250382331,0.009679452721741498,0.007710390619297273
2022-08-23,0.0020323498664377155,0.0059154076247183935,0.0029406766462433086,0.009179731613137912,0.002368477609732745,0.009230822704332987,0.0064760168679112605,0.009444921913151837,0.007703157902511975
2022-08-24,0.002088445858091706,0.0058943790782673535,0.002942042573256444,0.009084452074231492,0.002297565759030214,0.009267732262923569,0.006306294878468643,0.009372618996198878,0.007567681495422526
2022-08-25,0.002013272992794493,0.0058369622354932415,0.0027630351509087586,0.008818155871343134,0.002294856833832947,0.008899786117064561,0.006157628160128088,0.009241053022871535,0.00733151445290944
2022-08-26,0.00201125997627152,0.005790473487797333,0.002730440276487285,0.008829768872048418,0.002187010621882818,0.00892132011158781,0.006157387827955272,0.009179645375866846,0.007280367075090641
2022-08-29,0.002309934071182292,0.005632279035662391,0.0027195159188181076,0.008953065515312527,0.002174712859708834,0.009232339835130908,0.006203820095838609,0.009180411586341423,0.007689711440376576
2022-08-30,0.0023699056986996587,0.005289524259041332,0.0028739697486523524,0.008947551878081416,0.0020566878588168433,0.009201179140304758,0.006158961199311895,0.00923733650770615,0.007672495791244703
2022-08-31,0.0023739306556944863,0.005265832588649336,0.002868491365946351,0.009431047710597254,0.0020564950392302126,0.009195986696938836,0.006284025707890559,0.010668981221172729,0.0079561541358666
2022-09-01,0.0023578224957053555,0.005268094578107511,0.002854483726042504,0.009372495327551428,0.0019266245934936017,0.009199322554656815,0.006291272890386237,0.010972291127796597,0.007922703668568712
2022-09-02,0.002313375054640039,0.005268565341617478,0.0029293089599175576,0.008902800280880526,0.0018230454284878027,0.008974236083322209,0.006223773162912847,0.010957758714141579,0.007659544803083313
2022-09-05,0.0023433107061799356,0.005312690979709343,0.0029228555761770464,0.008810434657831115,0.0016550236312733505,0.008955952647157346,0.006013443795292369,0.01100363497896731,0.007653971178224928
2022-09-06,0.0024031135760453457,0.00497313095319301,0.002926433513420455,0.00873531111449774,0.0016582743590251522,0.00908812794120726,0.006135597382955184,0.010636938849083039,0.0076318185950075374
2022-09-07,0.0023718226218386288,0.0049738244652025795,0.0029349288221899588,0.009105934427469216,0.0015642642919166847,0.009751432322421547,0.006290561640518697,0.010940077150743735,0.007838216656260518
2022-09-08,0.0025312016925292313,0.005514656628040881,0.0029553205635126155,0.009119763902459464,0.0015665964613348566,0.009770014492142749,0.006627602285579826,0.010896559449446319,0.007958566746836619
2022-09-09,0.0026574732087607934,0.005379170511656881,0.0028317554835175203,0.008627070153233564,0.0015114882141646262,0.009463050833941092,0.006607634015395557,0.010399202490102052,0.008310264889334987
2022-09-12,0.002642844772489059,0.005698848063247507,0.002795528174905114,0.009011004790348377,0.0014903746906437853,0.009171928710090173,0.006854330842691258,0.01066781177711306,0.008162473234582655
2022-09-13,0.0026505197168067273,0.005712029843911901,0.002596174688432212,0.008941062019195603,0.0014839600491072338,0.008904511500019306,0.006878247602795666,0.01054559720496126,0.007705938561952265
2022-09-14,0.002742140709821944,0.006609556034608164,0.0023420394055101595,0.009855899716121943,0.0014843066312899861,0.008365992006541213,0.007315209524642049,0.011027320187943194,0.00921890106588671
2022-09-15,0.002797163993275415,0.006610571220885453,0.0023875695720663582,0.009824664436685115,0.0014843037222780154,0.008335245410290458,0.007230591054701544,0.011014147341419438,0.009186852898301418
2022-09-16,0.0027905720392737234,0.006544029124860028,0.0023663274214889155,0.009804510200647605,0.0014809742150693247,0.008343171288197879,0.007253167367879122,0.0111012203249191,0.009237937990901978
2022-09-19,0.002795252139047532,0.006579100019868356,0.0022021958506662316,0.009796071272232476,0.0014711048449856609,0.008072232629925812,0.007257544274888003,0.010803561971327027,0.009187853416308464
2022-09-20,0.002778402276731817,0.006533196266833872,0.002200245685005882,0.009800529980202219,0.0013481645087280248,0.00808130274078214,0.007341284968869747,0.011129216921263476,0.009230765129239567
2022-09-21,0.0028504823610905703,0.0066442009890771165,0.0022278876087591525,0.009555690627968363,0.0013121122768351002,0.008038281407172354,0.007388235485968977,0.011507614014726598,0.009234124535813446
2022-09-22,0.00277979339185488,0.006399545365607861,0.0030464331346710576,0.008861525178055973,0.0013547728946733428,0.008282263246005159,0.007097510813405483,0.011375613668841917,0.00842579135390701
2022-09-23,0.003014940569288198,0.006725392738486304,0.003070069557328511,0.009129383083038449,0.0013645554281413337,0.008438579188562561,0.008105254226601112,0.011116799585508597,0.008632358062550584
2022-09-26,0.003068024335544479,0.006824055651716366,0.0031928297120309567,0.009261613408300305,0.0013992673920166369,0.008404686829065948,0.009032334256052633,0.012502316389779156,0.008757719127239562
2022-09-27,0.0030686030678728172,0.006777755939253035,0.0031705402568023484,0.00959743329101759,0.0013936958635707892,0.008291812814880645,0.009078251806244296,0.012542743588194166,0.008768021997294102
2022-09-28,0.003274804631522618,0.006815650144635397,0.0032298499394930688,0.00957732664776638,0.0014278727191647449,0.008266523346464074,0.00942237762794669,0.012625055027131264,0.008859377543641222
2022-09-29,0.004429131029510602,0.007437995303002105,0.0032486936219287997,0.009699530064710832,0.0008904209995863316,0.008221418370597712,0.010662909535220613,0.012406345706534115,0.009114885580784746
2022-09-30,0.004449257351094584,0.00722835574114674,0.0032929086151322422,0.009230957675562966,0.0008944693633892595,0.007820679995700462,0.01092907008998981,0.012268326932531269,0.00900126336866234
2022-10-03,0.004425424103081176,0.0071988370766924124,0.003354295961637778,0.00922394096276981,0.00089386416415286,0.007818992372354458,0.011409302039382126,0.012648787781622633,0.008966989903245173
2022-10-04,0.004425759728966967,0.007501505170996369,0.0034220959160164845,0.009737080947203625,0.0009363571939165787,0.007828290565675735,0.011621655114653205,0.014228468428555711,0.008969709439657662
2022-10-05,0.004416426617135656,0.007514759349468962,0.0034166535951080184,0.009682201604703549,0.0009274132866618955,0.007779160749331397,0.011623688313279836,0.014474642916926926,0.008894848112509488
2022-10-06,0.004376288186312714,0.007545870552320289,0.0036313274374606213,0.009439620906381688,0.0009357100659099941,0.0077576510741877575,0.011656243304733626,0.01448245173891191,0.00866124549611913
2022-10-07,0.004382291288771297,0.007582817963413267,0.003623685913124893,0.009474820948293532,0.0009381121517381986,0.0077555241204470765,0.01165863705968878,0.0144966293925836,0.008651052521648134
2022-10-10,0.004277004994915952,0.007779461842034175,0.003643434582378064,0.009491295431396317,0.0009652891166412357,0.007500247386297835,0.01173773215433685,0.014476637015009786,0.008689518183707423
2022-10-11,0.004236548395489346,0.007734720367051872,0.003532020671971306,0.009360377880757087,0.0009409424679857278,0.007451429152762871,0.011748532951267454,0.014267760462815318,0.008410698478267488
2022-10-12,0.004220579724257972,0.007723516742889867,0.0035276771991145945,0.009041121525892466,0.0009423919008441688,0.007517273820443804,0.011696372288900319,0.013869904953854944,0.008286963116116316
2022-10-13,0.004218586350432272,0.007761710997723121,0.0035760938377875674,0.009035636139542641,0.0009463413973303529,0.007508129942080687,0.012245856297007664,0.013703325748732235,0.008426678691159232
2022-10-14,0.004222631372015547,0.007765529219945576,0.0035505505318864316,0.009040406926198728,0.0009573353561713636,0.0074713926576861454,0.012278166659256807,0.013704042336207391,0.008427351093932235
2022-10-17,0.004207533496191459,0.0076905266298172015,0.0035544463847954734,0.009028294932512662,0.0009601396255456603,0.007537259093719965,0.012374851322256067,0.013645245982570775,0.008432466745627887
2022-10-18,0.004186549592682387,0.007919054475759383,0.0035425855477369517,0.00906180097427312,0.0009621678841109396,0.007400426390886886,0.012280163941865443,0.01365740011601649,0.008879513455898528
2022-10-19,0.004210187200321761,0.007949396016167686,0.0038477484930720196,0.00881210740359972,0.000965489359053766,0.006490730858233983,0.012103958404302196,0.013389564105368644,0.008766397081333444
2022-10-20,0.004119055455790977,0.007612622275909604,0.0038515101807183485,0.008715593254525183,0.0009979066140279108,0.006187286745596573,0.01191544158988011,0.013419217185442742,0.008669781365870148
2022-10-21,0.003996042650768734,0.00768323573006242,0.003835998825200169,0.008897235705481983,0.0009994266276312953,0.0063173047525803515,0.012129046577619347,0.01341164100564312,0.008498084326384735
2022-10-24,0.003997015828207859,0.00778552962187497,0.0038640150444824804,0.008656652750164091,0.0009957696530570022,0.007257411137932147,0.012521708150480365,0.013208134413371195,0.008809044569338278
2022-10-25,0.004073339081516977,0.007774772332038907,0.0037463614689695075,0.008655211027858843,0.0009974709223198345,0.007238630770955409,0.012511844113921713,0.013384123616915612,0.008814021428166719
2022-10-26,0.005375331282854087,0.00766929177041947,0.0042098330616573915,0.009168017230666542,0.0010136163079047997,0.0075848302631047,0.012940014803371962,0.012950026852872967,0.00889377711253531
2022-10-27,0.0054565949369935135,0.007673026675946583,0.004223586679406059,0.009179177390263126,0.0010114235587515808,0.007588461835333723,0.012908053321852575,0.013263749769483446,0.00895908396736098
2022-10-28,0.005460133443193217,0.007807802331534587,0.004211867260613992,0.009096318669597455,0.0010165550744581447,0.007594788114813805,0.012791350389712705,0.013113862760944376,0.00890976420997932
2022-10-31,0.005554555454894124,0.007804652480001756,0.004245889090509301,0.009251215642841013,0.0010184643672209552,0.007693781158064014,0.0128114477062581,0.013115680017237235,0.00892884221349878
2022-11-01,0.00572220191147228,0.007832222447299222,0.004329966556394189,0.009650985135247163,0.001018634400099456,0.007978793724454066,0.012810780345585422,0.013944543277840183,0.009179446485604027
2022-11-02,0.0056970700330623,0.007723671499389059,0.004335361181876283,0.009588398031586117,0.0010237100899889433,0.007967370616460596,0.012760872766710318,0.013664574104308224,0.009176730777305221
2022-11-03,0.005734772194961794,0.008243727356679867,0.003869128653200731,0.010056917385060114,0.0009502154740349055,0.006779171634537787,0.013858748653219243,0.013658238351435696,0.009916835413968301
2022-11-04,0.0066303583606234446,0.008181729728179918,0.004359548485326217,0.010770282602722768,0.0009101338943491667,0.006506848871198788,0.013212005341718023,0.014218272318852926,0.01087708474529309
2022-11-07,0.0066328252079416875,0.008152152402380063,0.004226255849818013,0.010805396227799718,0.0008488184712340347,0.006442197434353153,0.01257912312912695,0.012909908518849902,0.01065396394708957
2022-11-08,0.006663371774950965,0.008149776241397334,0.00429260741242437,0.010665278215178332,0.00081358921930991,0.0064383277480452835,0.012604834116874892,0.013832202946715116,0.010653930934183459
2022-11-09,0.006467664323577626,0.007969522652356578,0.0042406036984024365,0.010447084062126357,0.0006273037373174501,0.0064348680774996515,0.011956138297543942,0.01340799469968583,0.01039865019982042
2022-11-10,0.005879266397776289,0.00778802981033145,0.00430884972924782,0.010405470620597868,0.0006280250189844107,0.0064380335529669415,0.011339653158673796,0.014326270663778992,0.010301110481994514
2022-11-11,0.006951729484255004,0.009897705575764722,0.004772863302252305,0.01160591069299807,0.0009227079814076809,0.010466207234499352,0.012282453335433648,0.01438993631569999,0.012497538760848146
2022-11-14,0.007036723708788678,0.009898604793733445,0.0048200410915999956,0.011607060318751106,0.0011590245676362616,0.010527604480164664,0.01201615332944046,0.014189200197492587,0.01249254271419416
2022-11-15,0.007052631318574864,0.009754568528960892,0.0048442243868354285,0.011339290020994961,0.0011360610427456404,0.010610045473240725,0.01197627937994747,0.012553605267667233,0.012572898862156257
2022-11-16,0.0071182149083222285,0.009754659254500676,0.004928678857047287,0.01141820570846693,0.001074600941810727,0.01062311867252916,0.011977923716146758,0.012213241359743377,0.012560084184018425
2022-11-17,0.007399178437423921,0.009861168982148793,0.004887855859142694,0.011689305675652016,0.0010761263949064642,0.010678928249571897,0.011993820506941087,0.01323093235559463,0.01301814149065633
2022-11-18,0.007471691345430153,0.00976100381657362,0.00489050218043718,0.011833024375545589,0.0010745249353655362,0.010674609273714962,0.012025876124069055,0.013994069968369877,0.01305368526280253
2022-11-21,0.007516105351997063,0.009824227840841764,0.004853176410560493,0.011753287650387554,0.001068625716724583,0.01093817260897407,0.011801566776100525,0.014051523119367559,0.012949570825785744
2022-11-22,0.0075390380380721735,0.009824391129120003,0.004832014824862096,0.011765420481644792,0.0010749787671926676,0.010948882706201781,0.01184513892152653,0.014050436550214639,0.012920433110942677
2022-11-23,0.007569723082844818,0.0098171930063941,0.004845026174897056,0.011730610851887289,0.0010817447410456402,0.010834972919972099,0.011805580372650714,0.013827283710308513,0.012824596121083113
2022-11-24,0.007575361437385289,0.00988494823833674,0.004841568280835299,0.01172120461700356,0.001081677676844072,0.011413030469251774,0.011607553813657431,0.013932307211355032,0.013043451240689313
2022-11-25,0.007589979689910141,0.009909886835746907,0.004825564301633477,0.011811498583016252,0.0010825631945776124,0.01145982367160881,0.011550872095081051,0.013939412554154151,0.013054757753534506
2022-11-28,0.007619604833106299,0.00997597645010435,0.004825864942361917,0.011822035809115838,0.001091058849734272,0.011355870756158251,0.011494983952646833,0.013980028678397588,0.013089178903949205
2022-11-29,0.00766495325164557,0.010095432960030156,0.0048260759845146,0.011901832019286096,0.0010977579794275306,0.011334327685557262,0.011566318042300308,0.014167684813050899,0.012957179464660818
2022-11-30,0.007942918663970287,0.009996395620089362,0.004517151518710387,0.011741021509552795,0.0010985041478132533,0.011371355507121917,0.01148166816250568,0.01414726682992009,0.012862218016171599
2022-12-01,0.007943150768285561,0.010044568306884017,0.004485782467578209,0.014791698539843006,0.0010858048212524223,0.011785861800497377,0.01176452898343464,0.014385068421178924,0.012947889307395929
2022-12-02,0.00801372310719188,0.009902989119722158,0.004440901306639191,0.015027794719868889,0.0010622684218500912,0.011638841177179471,0.011364137022244546,0.01440347994357252,0.012557808225871601
2022-12-05,0.008150719192651002,0.009742412209973609,0.004572903878593667,0.015020599620299212,0.00106117822378202,0.011527523789286906,0.010935815936000499,0.014500817685492471,0.012423976588215296
2022-12-06,0.008128974124590273,0.009881370124862794,0.00483482941389024,0.01500249307345398,0.0010610918307023102,0.01171777236216248,0.011093834872907377,0.014251847641350427,0.012707156813473433
2022-12-07,0.007516759088621778,0.00951761607221073,0.004504040124832143,0.014264813805657358,0.0010586371741567846,0.011679419138756477,0.010461571666452963,0.014249809700579827,0.012032681197376154
2022-12-08,0.007367126992296289,0.009528954673363886,0.0044445305750022155,0.014216015908975642,0.0010563014170649795,0.011680787698806214,0.010456798718190581,0.013897618724678287,0.01197353182663714
2022-12-09,0.00732128107437915,0.009340330716733392,0.0044390165460816595,0.01430065312345648,0.0010563013490274488,0.011632881818297077,0.010489606095811444,0.013958958667129656,0.011980271118836606
2022-12-12,0.007194605836287031,0.009284949956533204,0.004405121818792577,0.014366345195432466,0.0010563454699223007,0.011727711737306025,0.010445360225188886,0.013907801113265183,0.011970015931655704
2022-12-13,0.007152176166989527,0.009305646014038146,0.004372069253657943,0.014412883525492132,0.0010566899336342226,0.011656535782751989,0.010440100360403236,0.012836696743458637,0.011846715673255473
2022-12-14,0.0071142970160325975,0.00934542544605372,0.004391349041598461,0.015526971577921564,0.0010567875328199835,0.011987826708958014,0.01038678180313355,0.012893708593293194,0.011941904422629409
2022-12-15,0.007058566378586671,0.008746879328799322,0.004426916597692959,0.015148819764281299,0.0010567667869911311,0.012155522739990732,0.008602445417838344,0.013001108061566888,0.011501999737369512
2022-12-16,0.006293261770126616,0.008584318146900553,0.003979782367125292,0.01495499201664648,0.001056625486503979,0.012161978455069923,0.008969046136083233,0.012158649311365215,0.010916147211882363
2022-12-19,0.006161632077723748,0.00841822233961713,0.003966703941072338,0.0150660352371519,0.001030027429953228,0.01215291169203769,0.008612903098439552,0.012105202286823822,0.010900959392316783
2022-12-20,0.006090104372155429,0.008419671767795282,0.003877386335683522,0.015093637877561907,0.0010295434185502836,0.013033181624808793,0.00865963890691376,0.011210614278680798,0.011128677066440199
2022-12-21,0.0060973545332381205,0.008413149110440781,0.0038383663261196497,0.015139243884613764,0.001029393077204065,0.01302912316444876,0.008650739227068573,0.012244325557253261,0.011252504145602193
2022-12-22,0.00610196218264191,0.008192390270644952,0.0037830879711803545,0.015175328019576963,0.0010276894292372421,0.013047408513987738,0.008759539482859298,0.011336511509053699,0.011131220923253107
2022-12-23,0.004993666100096345,0.005506866782572681,0.00303150523823257,0.014295656934295513,0.0007415856856987587,0.010482577141574773,0.006699393331302161,0.011331421867112463,0.008720602667701423
2022-12-27,0.004909827237659916,0.0055087547653066464,0.0028991171171046607,0.014458047396068353,0.00041952859315041134,0.010481710866016476,0.006738746915729932,0.011911405424633183,0.008763133475689038
2022-12-28,0.004902985808160334,0.00533959036649968,0.0027893823483559686,0.014429130326531987,0.0004147763864542084,0.010427575324541196,0.006604734177186449,0.011820821149510578,0.008747281105907823
2022-12-29,0.004806268582184418,0.005339626413132111,0.002690101396465373,0.01441019175563816,0.0004147607249357962,0.01040589265466152,0.006673255241075142,0.012094949242576555,0.009011933310688846
2022-12-30,0.004551989043518361,0.005013025272585602,0.0024883247531595504,0.014223378514627148,0.00041550401023154827,0.010516170225368666,0.006441928249953609,0.011252591577152133,0.008688469444294723
2023-01-02,0.004484878083989021,0.004971924363843203,0.002478874893117286,0.013990200411376295,0.0004160606293296728,0.010592731002280528,0.006244157084030497,0.010619689060377219,0.008490926645073062
2023-01-03,0.0042781507907976215,0.005097735706080104,0.00248553852573122,0.013987104678575897,0.0004215331851543182,0.0102060758743271,0.00614968331815756,0.010572270317848282,0.00845970531707253
2023-01-04,0.004272076805975207,0.005144413477248667,0.0024794825300155686,0.01423218589826593,0.00039299327889950013,0.010222859064789317,0.0060524851684130715,0.010868757237635798,0.009276394443884626
2023-01-05,0.004171271304732779,0.005092607016625346,0.002579170468804582,0.014496689932239714,0.0004356982824815611,0.010751161386599196,0.0060126341118377806,0.010808245367895613,0.009318419688773042
2023-01-06,0.004168289215326998,0.005231358058802647,0.00259604195599353,0.01465102145137284,0.0004395355089098575,0.010419434699780537,0.00583333757890616,0.010728869259441031,0.00931062068953493
2023-01-09,0.0044577180437092,0.006125970083295577,0.002788987984365475,0.015023563219809462,0.0004398430176842156,0.010712672753221415,0.007247973851054901,0.01088629487813444,0.010558692601161112
2023-01-10,0.0043538830585561255,0.005972641874657335,0.0030720377873995853,0.015032393210722165,0.00040571588779047727,0.01068933695261525,0.007249583334895799,0.010796023739554154,0.01061727165246891
2023-01-11,0.004328681478842307,0.005659593061716517,0.0030779948331437577,0.014941767160162978,0.0004006443928523979,0.010715183930876112,0.00719733868134362,0.010825259935808983,0.010609161438709389
2023-01-12,0.00386470494250758,0.005663165071461783,0.0030392306163530736,0.015050993347565067,0.00039240479379275094,0.010974549554942127,0.007190512017397331,0.010891525542933045,0.01061998408750971
2023-01-13,0.0038725096770712633,0.005564284184097917,0.003026981092690064,0.012176441083525193,0.00038967655108413925,0.010742989583395037,0.006549422759372221,0.010462302602444885,0.010470313659975505
2023-01-16,0.0037189064585020273,0.005414884703286801,0.0030527586836717607,0.01174304061532811,0.0003913590160520892,0.010406093938701916,0.00643702080717553,0.010454183565937483,0.010471429147670817
2023-01-17,0.003619768135195021,0.0053817435453791225,0.0028751970014129634,0.01169411067392012,0.00039291157081910083,0.010278612862270262,0.006488746147214856,0.010279608307578387,0.010478245383801694
2023-01-18,0.0034325501277397774,0.005196635632518948,0.0025435666971334943,0.011777804981857964,0.0003918719146792651,0.010129335617686436,0.006673166569869518,0.010324875162769507,0.010405006284580746
2023-01-19,0.0036318860874459623,0.0052293090896832865,0.0025587004288199575,0.012239752560611657,0.0003891890268845137,0.010010075936543997,0.0067045719864105855,0.01110597269968468,0.0112329867617983
2023-01-20,0.0036317155607359297,0.005217885831237679,0.0026158752031028606,0.012274805412649059,0.00038909554341863176,0.010338227669358548,0.0067076286264828545,0.01110783694538582,0.011232600604763285
2023-01-23,0.0036318413670409786,0.00522484645675839,0.0026961883868929833,0.01218456312702219,0.00038686653361239795,0.01030230545962223,0.006579126687901631,0.011040791037550178,0.011313700665363014
2023-01-24,0.0035849383806456528,0.005238401650432921,0.002695242161445014,0.012027846544402154,0.0003845468689529675,0.010058470275707485,0.006666582345380063,0.011041147819379293,0.011272431746017834
2023-01-25,0.003567838387083974,0.005219002057190263,0.002653488559827963,0.011801127789552252,0.00038468594852346247,0.010048183240967585,0.006688068632531694,0.011117374203211598,0.01135704411680833
2023-01-26,0.003498280804108608,0.0049531823151905225,0.002589385044194171,0.010229331064113268,0.00038579548493623475,0.009590260313702496,0.006672917789330537,0.010962262334970031,0.011184442285127758
2023-01-27,0.003442456408106943,0.004956184980211538,0.00248870340726846,0.010233182547678169,0.00039124364639397274,0.009251657054053234,0.006651536008884666,0.01092557755308683,0.01079829015626244
2023-01-30,0.0034983853469181627,0.004977674144843693,0.002488477006284668,0.0097714551468482,0.0003953359737154358,0.009221873472944345,0.006240197877714,0.011017289199924566,0.01057150980755333
2023-01-31,0.003511155386627201,0.005130912412451583,0.002590639024843785,0.009341581697879254,0.00039481114013862077,0.00924584083536754,0.006411664420250299,0.01099074174211642,0.010870997829827476
2023-02-01,0.0035121803091597323,0.005205738636990064,0.0025698986743168725,0.009472381378709814,0.0003949823163073518,0.007783595402181518,0.006346282787844757,0.011085741656758462,0.010742984135966164
2023-02-02,0.0035057380022596473,0.005372187340817243,0.002713962436114359,0.009787978546943696,0.0003934159433775907,0.007933218152516032,0.006347896268779456,0.01029797021330876,0.010676536215163445
2023-02-03,0.0035460395602709216,0.005468913036349047,0.0027673814323244507,0.00982224207727022,0.0003961687743226384,0.007925030226448842,0.006253533406997948,0.010549613756458735,0.010919714925017731
2023-02-06,0.003815097263376713,0.006183292524674115,0.0032790702907414685,0.010572158626146714,0.00040320372242562896,0.009604714430004262,0.006882877300390125,0.011023138952138536,0.011647468589334268
2023-02-07,0.0038052315558518212,0.0063357845843915244,0.0032723725995629786,0.010422176067727612,0.00030710486307838393,0.009544536166696557,0.0070049315500929025,0.010236611645900659,0.011613569304256258
2023-02-08,0.0037801941513821765,0.006356161298589757,0.0032899503001244984,0.01040372949334333,0.00030738247326896246,0.009602884384782476,0.007163917293360282,0.010279456330009398,0.011578508999189472
2023-02-09,0.0037769456670411162,0.006380157241863787,0.003286635012423566,0.010326196597302165,0.0003092345300976749,0.009616802965192442,0.007203310214763474,0.01000339686452824,0.011341049350650624
2023-02-10,0.0036045126180444956,0.0065368015050546536,0.003262511715065706,0.01036970787276244,0.0003057031760215064,0.009348259414489782,0.00728733116250073,0.009634644256207006,0.011305169895313369
2023-02-13,0.0036235769021307684,0.006530711396740453,0.0032759607461371808,0.010383351826929964,0.00030834782124461153,0.009499732659621965,0.007276485437603261,0.009651868571532014,0.011310006342201162
2023-02-14,0.003610566898832716,0.006155800486576626,0.0032752162658283403,0.010487316958055853,0.0003014798247925436,0.009525577137198532,0.007325146890409164,0.009627362431752131,0.011010290825701484
2023-02-15,0.003668603128974623,0.006196297426414022,0.003272303006601597,0.010166250817695812,0.0002983507260866627,0.009757447466505266,0.007716583726406414,0.009467112491721257,0.010638890870772093
2023-02-16,0.003670016994920918,0.0061965074511687885,0.0032185380004144306,0.009860291856299145,0.00019564314219882838,0.009342294179855899,0.007704514258886234,0.009288474132413129,0.010616446189070467
2023-02-17,0.0037085971630368073,0.006071667207216203,0.0031910404039029385,0.009589206911405817,0.0002492184641961389,0.009142592930135595,0.007512335405545785,0.00919256098585091,0.010464927658707723
2023-02-20,0.003064697454206931,0.005113952334724436,0.0030516985522639427,0.008823722187858716,0.00025117315215675664,0.008550902614901944,0.006274669868774531,0.009186005763273886,0.009388979430887963
2023-02-21,0.0031137165969230504,0.005092260095018226,0.002757775088971438,0.008861673708948171,0.00025108006515330434,0.008600339668222077,0.00646646748161342,0.009179549754032961,0.009301972628422391
2023-02-22,0.0031061026063766016,0.005079928990700465,0.002750044683956639,0.008816107967833088,0.000248636403469322,0.00860278589280042,0.00647097149059451,0.008855873695385208,0.009325613264026787
2023-02-23,0.002994525559463369,0.00507125665243817,0.0028039303012348197,0.008501332161298137,0.00025402799566488234,0.008004343076644417,0.0065148740233757895,0.008756146969942868,0.009298370199426415
2023-02-24,0.0030759707360756288,0.0050486940996740635,0.0028184158460128933,0.008612177131620338,0.0002512026743170841,0.007429080638743301,0.0065587407648132106,0.008716368999959513,0.00950371328888137
2023-02-27,0.0030761227207616454,0.005049192447223355,0.002801849787045598,0.008524601232587968,0.0002521457551181622,0.007423254080152857,0.006559463293987483,0.008713790498911841,0.009517365106486785
2023-02-28,0.0029582814828755717,0.005164918675549464,0.002830336471043526,0.008533750263025172,0.0002521444484167684,0.007425193764864139,0.006791444307764697,0.008696123675172784,0.009580641278603646
2023-03-01,0.0035120020237838705,0.005311829396141856,0.0027122057014804276,0.008789341686295889,0.0002524074959716634,0.007688933605166518,0.006423286051893561,0.008617484863268299,0.009319607382663811
2023-03-02,0.003574434458131007,0.0054543007448288544,0.0027126504137806,0.008259271114333631,0.0002530658366541897,0.007747371151246686,0.006612924406298634,0.007659368534232215,0.00849733376208608
2023-03-03,0.0035666594103086423,0.005453520202298369,0.0030381583204363268,0.008132959538693526,0.0002643326830139243,0.0075957953059959836,0.0066567969843279225,0.0076517219737745066,0.00838796619824819
2023-03-06,0.003604432376878127,0.005420707365878107,0.002995274191070048,0.008127573320187024,0.0002630011793775015,0.0076280811236132924,0.006674602816992221,0.007640737320325561,0.00813748372396887
2023-03-07,0.0036019562556487924,0.005438749834946892,0.0029452019545703864,0.008208801525484125,0.00027847836595444467,0.007623843705779626,0.006617548528404729,0.007666396861846429,0.008271288408928667
2023-03-08,0.00361064927498753,0.0057593256813412465,0.0029545439027886585,0.008185176048151662,0.0003345457061649877,0.007636799679941301,0.006906256395734769,0.007424231157016349,0.008144174743891472
2023-03-09,0.003611902280078986,0.005749689135238108,0.002961611292282432,0.008060815794866182,0.0003429346018071503,0.007798408506153265,0.00687104080928282,0.007494543829445252,0.008064134503870477
2023-03-10,0.0036460518989000724,0.005788084707832033,0.002958710060609043,0.008611195719787551,0.0003377449073491592,0.007800720250436394,0.007139890767461886,0.0077208498418072135,0.00806283839382291
2023-03-13,0.0044013758728215675,0.006149565147892944,0.0029564129468395398,0.0088494471133508,0.0003356824803030574,0.00971105976503063,0.007393388879062787,0.007864075125250931,0.00843676139282135
2023-03-14,0.0044068761118712775,0.00608016524528406,0.0028992524445110414,0.008865636967151909,0.000337899727165882,0.009925835566132721,0.007393470564889482,0.007939615555623293,0.008283077488246918
2023-03-15,0.004465555947921226,0.006760190218913349,0.003022063840888064,0.009180361812421593,0.00034020906811611866,0.010273101202642812,0.007528238976031656,0.007860496530191932,0.007998847660402313
2023-03-16,0.004442887243416424,0.006594587702995722,0.002908529429068252,0.008602652304133547,0.0003381208925244775,0.010061838992841948,0.0075330797050791745,0.007286269063793573,0.007819536593907757
2023-03-17,0.0044592381981399575,0.006598399011620119,0.002865643146427606,0.008576482712997099,0.000339135172434549,0.010060972288156587,0.007610710854622017,0.0069685639011249426,0.0078108100620463096
2023-03-20,0.004317183676722008,0.006282668426367031,0.0023143968454191442,0.007723571472543347,0.00035153841649713207,0.008659801569004791,0.0072105199107250105,0.006172815431481176,0.006916614531795372
2023-03-21,0.00432781355761128,0.006225722854545816,0.0023151621988150672,0.007695928230087835,0.00034441493279672384,0.008775787752270304,0.007042314806083633,0.006171721260050978,0.006931655443874815
2023-03-22,0.004331851057815402,0.006200536897121664,0.002275801446110861,0.007822975081314559,0.0003484665884761629,0.008690757527065837,0.0068608320061514854,0.006139700127192674,0.006783788794549567
2023-03-23,0.004571175269154186,0.00636821382531416,0.002402033031201404,0.008219486605442755,0.00034401455795000707,0.00889027418283418,0.006770749118102128,0.006084028802000641,0.0067423080516399335
2023-03-24,0.00458780123069522,0.006634377433298926,0.0024351108746315056,0.007991434850689434,0.0003771243398782982,0.009042772718075515,0.006774641144159266,0.006708932023713894,0.006745690790006743
2023-03-27,0.004586527688138321,0.00664846085374016,0.0024149442855832238,0.008009116038133065,0.000417436072684545,0.00891304731897593,0.006807888877205972,0.007274159778446064,0.006731148197124984
2023-03-28,0.004576631583481544,0.006631723162168857,0.002414869661064227,0.008050268390254023,0.00041681143486986804,0.008956320884557636,0.006690026838146524,0.007451325898475019,0.006732957957926226
2023-03-29,0.004516127752049382,0.006542366333804831,0.002452171629910796,0.007789988077575676,0.0004263609702253654,0.008996574570708543,0.006162908731376416,0.007169662090243549,0.006357833702147937
2023-03-30,0.004510211257783024,0.0065668235964215045,0.002479198297238386,0.007740098010708332,0.0004939091585009305,0.0090003865801307,0.006158885550255525,0.007380575388630944,0.0063772907094567614
2023-03-31,0.004471463571066862,0.0064161819796628786,0.00246195223025866,0.008215462168019848,0.0004903800448570612,0.008953590329911883,0.00597461984261061,0.007415254530741041,0.006097466709163177
2023-04-03,0.004439523506634828,0.006378234192293286,0.0024677144537881305,0.008286407633722877,0.0004776256375715125,0.008910950048915697,0.005894978160121978,0.0072701180470250305,0.0060878535320465395
2023-04-04,0.004396455859505313,0.006384433293212036,0.0024742868543729084,0.00817911072726257,0.0004914354080230724,0.008842475145896714,0.005886651130074665,0.007306790553159725,0.006040687814104429
2023-04-05,0.004384277347738716,0.00638558856496505,0.0024777650771105188,0.008248192059900801,0.0004997751297714034,0.009082294013460647,0.005864812564857506,0.007341145265779204,0.006082579705898201
2023-04-06,0.0043854035694713646,0.006379267106951736,0.0024043164520711957,0.00881383687705291,0.00048340745928595035,0.009055345000015865,0.0057645738319290615,0.007381497184173595,0.00608411526019325
2023-04-11,0.0042107986217437545,0.006312108304640662,0.0024206652155095544,0.0085957810878273,0.0005073262838814476,0.009345479194025137,0.005699891585489512,0.0073684202056344275,0.00578201755136872
2023-04-12,0.004201088558453841,0.00629444336068454,0.002422920556804456,0.008797395970671156,0.0005208317917350419,0.009348671842451898,0.005726019461547055,0.007439048060949417,0.005702550926090739
2023-04-13,0.004186573864136639,0.006371804565521041,0.0024658164666862496,0.009295487932081447,0.0005027497510307403,0.009335486990739156,0.005621774026237409,0.008006316624379103,0.005964031149578574
2023-04-14,0.0037970547573312812,0.006324906819299568,0.002459663203394421,0.008941623154860839,0.0005583218585626192,0.009249766612501471,0.0055550583905628545,0.008031501343095496,0.0059891634993134366
2023-04-17,0.0036222531623632294,0.00630095336701917,0.002547266567340275,0.008946787004084076,0.0005445319545202159,0.009259989302705133,0.005339112342259304,0.008000753710372227,0.006113682828379126
2023-04-18,0.003627099038075913,0.0063110843474787634,0.002080103190514444,0.00894550982243238,0.000543138831673961,0.009232820894050073,0.005319043401367053,0.008023903877128237,0.0061200611048214506
2023-04-19,0.0036139301356010473,0.006357023728776852,0.0021250564396251836,0.009011422541246964,0.0005422107201738347,0.009301025591177106,0.00537789853960408,0.009060483921299862,0.0061791132724626305
2023-04-20,0.003634591088919224,0.006354753631726618,0.0021266852432541825,0.008914384990952233,0.0005532600196582802,0.009291155483559747,0.005347500171520174,0.009292582397655517,0.005866379497413168
2023-04-21,0.0036112434567610948,0.00593024596357341,0.0021211965859844494,0.008653210575342365,0.0005720822595975087,0.009232053610961612,0.004713124580320719,0.009311302228653623,0.005591495909088182
2023-04-24,0.0035931239081179785,0.005931570541312576,0.002135940900492137,0.008632110799208786,0.0005827439997448734,0.00924494434496437,0.004707331055205271,0.009288462620540536,0.005609466341362308
2023-04-25,0.00367016663408451,0.0059240465972877415,0.0021344562429818498,0.008371110965844029,0.0005805603391454986,0.009239560844369823,0.004481578894910315,0.008980265529105282,0.005629715655155687
2023-04-26,0.0026398366126254517,0.005623328016338062,0.0021597218258210134,0.008245803376843618,0.0005930634142310342,0.007419726250107362,0.004174975321835658,0.008709810276412253,0.005453271916871973
2023-04-27,0.0026252114417923502,0.005613409525828332,0.0021413325227180994,0.008316743873810921,0.0005873797558929552,0.007110968957582366,0.0040473212575708704,0.008696651798636762,0.005445392519231522
2023-04-28,0.002436255749693693,0.0045467896361177556,0.0019108968448073224,0.00760877559099337,0.0005908364769698218,0.007542627471852302,0.0036779052689506412,0.008504867094904833,0.005356223492333967
2023-05-02,0.002417552395199861,0.004537495695604927,0.0019093365177609433,0.00760663041639504,0.000582191137859176,0.0077401518701038265,0.0036270123752417146,0.008498450359313812,0.006133401485816478
2023-05-03,0.002395232661048653,0.004658454961022686,0.0018853998628381701,0.0076841340769445,0.0005952102609642036,0.008222981407818897,0.0034996071594831798,0.008565172884788417,0.0060857638897322255
2023-05-04,0.0023939070973893915,0.004450291943716868,0.0018835516501811778,0.007634623029301933,0.0005948002466698507,0.0082359284702682,0.0033629039204827824,0.008660776820290279,0.006077087322225913
2023-05-05,0.0023816269527583596,0.004524663042420389,0.0018761396395964632,0.007857372300834175,0.0005935412219403624,0.008148580420217173,0.0033633236643209703,0.008671387275560922,0.00616182948314896
2023-05-08,0.002371936628082404,0.004531516338854022,0.0018921931837849327,0.007770835110495605,0.0005958654409590561,0.008227332372454078,0.0033975154143128196,0.008720117073286274,0.006431149493882872
2023-05-09,0.001856396286918889,0.004499684223624288,0.0018692307177489746,0.007453536968315803,0.0005899969359944862,0.007964170831697249,0.0035323043738391554,0.009066710537797876,0.006516124499224531
2023-05-10,0.0015502935387199262,0.0038162213239786615,0.0018257502745424373,0.007951869095271093,0.0005933948212812857,0.007744094223584363,0.0033035246678390336,0.008327034592712031,0.006275318739912153
2023-05-11,0.0015594985379289797,0.0038228058462183687,0.0018119304373608487,0.008259872442700976,0.0005840129410503968,0.007791529880950265,0.0032906696439544067,0.007717708018027108,0.00628935257874537
2023-05-12,0.001590445122779551,0.0037265183721060585,0.0018066915927995766,0.008336340009283117,0.0006680942516643988,0.007765331130146954,0.0034341227446793073,0.007515271196234939,0.0064300931262975475
2023-05-15,0.0015843888926281283,0.003737279360135412,0.0017798766259061428,0.008472539829792443,0.0007651696186335909,0.007604489656107694,0.003438636304934939,0.007561897115421262,0.006430554538586955
2023-05-16,0.001595407217005834,0.0036794605426610327,0.0017011362955947288,0.008419726731457584,0.0007679496648574025,0.007622527264429416,0.0034322791187409787,0.007343786359021007,0.006421847143195803
2023-05-17,0.0017349716138566414,0.0037783606894797725,0.0017073278408992441,0.007934124539327092,0.0008296855849262109,0.007705598716040943,0.003529481903878152,0.007687401651406019,0.0064357271811561634
2023-05-18,0.001865411980969241,0.0037858488672917936,0.0017586972889260862,0.007940259536498484,0.00083436318380006,0.007756808579811018,0.0035391090282256943,0.0076148323894138425,0.006080859711712001
2023-05-19,0.0019434518486964552,0.0037426051975516456,0.001760970277178841,0.007982071086845002,0.0008314608116888645,0.007765640126577407,0.0032118835811497694,0.007581431142895044,0.006109333944193075
2023-05-22,0.0019671794791985683,0.0036844164131099766,0.0017190031811729867,0.007982572584408178,0.0008313511690730809,0.007370454141683697,0.0032201642330192833,0.007716966200676255,0.005999215937360573
2023-05-23,0.0020068232138056286,0.0037277829161038232,0.0016844866126318218,0.0075540195443605015,0.0008202076729335326,0.007368285453600389,0.003381044266608933,0.007693485627530542,0.006019647946899615
2023-05-24,0.002027353476415331,0.0037307723737433395,0.0016780786890851726,0.007600112733303635,0.0008249776700076384,0.007035265388239663,0.0033193153988496224,0.00774083874216936,0.006062140850794298
2023-05-25,0.002063757588177676,0.0037917691661008713,0.0016813258650621166,0.0074588555206895925,0.0008447265442911054,0.007092570210969749,0.0033295277741343878,0.007585832344509153,0.006163717765468843
2023-05-26,0.0020943202937429187,0.0034147949737867458,0.0015909071904451982,0.006845505255812908,0.0011108672890186005,0.007032984700432258,0.002950417107017023,0.006992437656518305,0.00581057134525407
2023-05-29,0.0019267504791423379,0.0033303578982041403,0.001547407020712435,0.00669061424054891,0.001179416960248462,0.006922060993275374,0.0029984811021864064,0.007051535923357795,0.005667537122166984
2023-05-30,0.0019254477020054475,0.0032066901099335656,0.001422615210309569,0.00669538713799679,0.0026925666100562832,0.0068669862777973704,0.0031537760236576068,0.007027983126770143,0.005453910375865769
2023-05-31,0.0020517781901323124,0.003333103282940557,0.0014230397490038172,0.006723203457970059,0.003718034477412214,0.006870216335998993,0.0033312695816586735,0.007541432498377604,0.0057281550957927795
2023-06-01,0.0020166588158687243,0.0033171815534602665,0.0014669120322754732,0.006718242214354396,0.003712350817062112,0.006824111639612341,0.003607232635483114,0.006635229451981247,0.00586803580749834
2023-06-02,0.002325885258513927,0.0035347889339084337,0.0014833238583455053,0.0073263429277815525,0.0036998192828863897,0.006909027939565511,0.0037099912058927136,0.0066570824522520855,0.00660385673379495
2023-06-05,0.002562858157353114,0.0036433629880500205,0.0015740021531154469,0.007449756394767467,0.004497354008607312,0.006943930288179989,0.0042739895534528866,0.006769527898013887,0.006637210603309033
2023-06-06,0.002565287683638138,0.0035973446180124777,0.0015229845786879647,0.0075740974616508114,0.004816072280447367,0.006990622124061453,0.0042413483756386676,0.006812333365185089,0.006926318181678095
2023-06-07,0.002515963425020693,0.003642076999192103,0.001541872698342173,0.007834622349330878,0.014007187974372686,0.006945320903432348,0.004330667912888823,0.006805263448519099,0.006954389624041658
2023-06-08,0.002522209278464156,0.0036501316723406138,0.0014554407452773747,0.007869628503146214,0.013981749043353881,0.006894531596838906,0.004306653067923346,0.00684394894855723,0.006784666502973243
2023-06-09,0.0025252836549198242,0.003753994310524964,0.001472187498462644,0.008006457346980236,0.01403145871975637,0.006861664243010467,0.004519604258954214,0.006822646942456209,0.006849913366742114
2023-06-12,0.002512340426069085,0.003647892899491196,0.0014766257957641992,0.008118830094635165,0.014036840512485028,0.005850078772989633,0.004511525092013588,0.006824821132844118,0.006815034288265614
2023-06-13,0.002481485164607646,0.003692407809654938,0.0014977868418715606,0.008140348986582039,0.014008796551979242,0.005559065978742928,0.004511471446992502,0.006842121106774503,0.006183592245514109
2023-06-14,0.002472340417709091,0.003427459940383049,0.0016301651563266637,0.008336305855576607,0.014088167390249552,0.004850898968376019,0.0046179563283733445,0.006748898788856327,0.006115421606831869
2023-06-15,0.0024626437962625325,0.0033778049869063386,0.001674172351331959,0.008291864356806842,0.014056134768039909,0.00482051186138153,0.004510076247245576,0.006652917869578484,0.006112988479265008
2023-06-16,0.0027537350843925045,0.004146218730581715,0.0018677897626829306,0.008509617133600893,0.014069093273884753,0.004813666752862608,0.005245195289817086,0.006649607221791208,0.0063782563228691695
2023-06-19,0.0028523817829804077,0.00418246197595691,0.0018659671735598408,0.008514493043676083,0.014090132570107883,0.0047748360042824695,0.005232262623879483,0.006511882533494188,0.0062104069257020115
2023-06-20,0.002862085531017619,0.0039881612552583046,0.0017805791671764886,0.008530475815686398,0.014158192814008196,0.004856539355719738,0.005224384191762384,0.006097903661970134,0.006342472687929438
2023-06-21,0.0028585117715772654,0.003988789588355909,0.0017872797369454373,0.008082955233527454,0.014183845440526196,0.004866660939620851,0.005245835749886354,0.006041005159944723,0.006364584845283654
2023-06-22,0.002892317840997252,0.004107990405098436,0.001788859373792727,0.007643553089489427,0.014717755454800382,0.0044160776387690975,0.00524578322770674,0.00605948340411194,0.006376734221779571
2023-06-23,0.0028922637453938334,0.004410277287331136,0.0017633192421490037,0.00775856355608753,0.015961898232087532,0.004464032835545313,0.005119668481536954,0.006250907541052573,0.006768897648969759
2023-06-26,0.0031127661162919347,0.0044381072684376195,0.0017512265762599714,0.007701700711637819,0.016234607193432102,0.004258067510655025,0.00512997596882274,0.006203742667198703,0.006763509629434417
2023-06-27,0.0032074935687694305,0.004469248017191586,0.0017465861399708709,0.007797011354066187,0.01619379977389712,0.0041938804845876795,0.0051345514706492654,0.006199611735398984,0.006755853970176303
2023-06-28,0.003223073181307615,0.0043774337062004705,0.0017204659580285192,0.007971672205762214,0.01621872123779057,0.0041086831981602635,0.005207475659129874,0.0062828259991318785,0.007022906210406336
2023-06-29,0.0032005807019016568,0.004364712421347872,0.0016396098781860371,0.007869594908080264,0.016273915773434428,0.0040197621263653015,0.005195131941444848,0.006294007053848332,0.007031929478611075
2023-06-30,0.0032021688902872385,0.004546713948627681,0.0016067882679078858,0.008224015737833839,0.016274947366583716,0.004009217064238107,0.005195372499627807,0.006321583358797786,0.0070158805041522785
2023-07-03,0.0032682746822268642,0.004572475171897569,0.0015934582128031187,0.008382066557043362,0.01628596081506435,0.00398896838150521,0.00519554368728022,0.006720619233029587,0.007040090870437169
2023-07-04,0.003365475164877369,0.004504654505758796,0.0016063188299815828,0.008430067268013793,0.01632373893162936,0.004059986041425866,0.005079305069723152,0.006791216402312006,0.007082031707071615
2023-07-05,0.0033814927705004766,0.0045165937931582155,0.0017045476367280044,0.008500358739109152,0.016329985177140037,0.004053502834848456,0.00509903689000383,0.007266890265472658,0.007005103388305549
2023-07-06,0.003383604067858817,0.004426555834556863,0.0017355654691589364,0.008667599562377278,0.016428936542344973,0.004152652074191665,0.005156761775790726,0.007235834457049614,0.006871611439613892
2023-07-07,0.0033521088961782474,0.004430745250677389,0.0018172210005712617,0.008560500478342887,0.016463403834291804,0.0041919395219320735,0.005168658308204345,0.007418129918876457,0.007036799530036664
2023-07-10,0.003335568969432039,0.004493675453829732,0.0018315629662266292,0.008751055085184947,0.01649878318421765,0.004452611242623271,0.005105579014739192,0.007648618186177955,0.007040852173121363
2023-07-11,0.0034844986780418474,0.004498604616810667,0.0018750798641277476,0.008903271472069867,0.016531669929061018,0.004954084482940232,0.005235561119656267,0.0076975562582247935,0.007047777135728861
2023-07-12,0.003406637049139783,0.004346257137725202,0.0018845011501184214,0.008922369995485463,0.016518093286010553,0.0050724441195503294,0.005054240581450394,0.007112943053388417,0.00666962085626841
2023-07-13,0.0035025792450665847,0.004977119812427943,0.0018752344886637802,0.0094927297815311,0.01656034968196354,0.005273969847974183,0.005299629013226152,0.007210314317748246,0.00792924711334093
2023-07-14,0.0033767949408236397,0.004914439544399979,0.0018725609611023577,0.009170145974902448,0.016587679703793247,0.00520790879973276,0.005270305281859879,0.00697618663007159,0.00747032166968717
2023-07-17,0.0032260329206286005,0.004666309695333822,0.0017862078119193132,0.009185381034922514,0.01650571507618727,0.004839912777200303,0.004739613928030968,0.0068734215829298175,0.00755670660411698
2023-07-18,0.0032324132591745745,0.004647230330151394,0.0017878793230361766,0.009215849531281097,0.01678533079564785,0.004769154917061706,0.0047419890288510425,0.006770658115136945,0.007344321824409851
2023-07-19,0.0034079497284253044,0.004715179718291632,0.001785340480191712,0.009085456025630531,0.010893076338700132,0.005250248481117236,0.005670430847962122,0.006799731525727445,0.007407249693515797
2023-07-20,0.003679240672601302,0.004764016573975468,0.001794412651029992,0.009080336855739916,0.010903026837838161,0.005239733943200431,0.005702305416912225,0.006788076731674787,0.007519977012756437
2023-07-21,0.003691806243399849,0.0049559011975021435,0.001790040930240772,0.009175115409591874,0.01084206080783883,0.0058811381921454525,0.005639502563967826,0.006809229617516504,0.00780414333618622
2023-07-24,0.0036796986648370647,0.00497705942938457,0.0018170395985191382,0.009217964567382298,0.010786697274962204,0.005966381900600024,0.005640787353283836,0.006799312525767401,0.007746262445811478
2023-07-25,0.0038698232225429148,0.005051510540550403,0.0018124066595539118,0.009476567766745615,0.010818242150697304,0.005973247848060089,0.0056585976502131355,0.007037625680258308,0.007779248034099339
2023-07-26,0.003878363446827253,0.005049758047826258,0.0017674803432963706,0.00944793194338096,0.010744948464559895,0.006086441078318995,0.005655423505651516,0.007085162444559285,0.0077977245315895526
2023-07-27,0.003879004620153803,0.005137773609883032,0.0017282032365256547,0.009604171810268014,0.010777283868060811,0.005803385792767547,0.00568013643558999,0.007027224600460618,0.007910377810506847
2023-07-28,0.003740077418147054,0.004981611760518272,0.0016476794485471855,0.009429704676798118,0.010767161100735024,0.005905324121474098,0.005175370600778161,0.007020244348792777,0.0082163186761463
2023-07-31,0.0036283885173695207,0.004922416935060841,0.0016450894614418352,0.009482696803116726,0.010755038190220877,0.006985084414858065,0.005164353984332485,0.00701865634070367,0.008258293448183199
2023-08-01,0.0036250736680386738,0.005007975350610821,0.0016191663250569352,0.010269282086128049,0.010687565082566046,0.007015356101457686,0.005228669309662338,0.007105350877530363,0.008398303074579642
2023-08-02,0.003619988315161883,0.005009339035261237,0.0017059151151736784,0.010482018660793352,0.010681016283481962,0.006998219811550538,0.005211032937131525,0.007209735077019148,0.008458646541676988
2023-08-03,0.0036148426825003245,0.00498065886836345,0.001764897985887679,0.010841839040043072,0.009677813575122244,0.006992852991406455,0.005498778326632271,0.00754061827820568,0.00852479140213225
2023-08-04,0.003635433308245048,0.0046788564674063015,0.001773379539706482,0.010505616097924256,0.006493115127114733,0.006850543621087332,0.005558419554102235,0.0077544356151863945,0.00818508734770427
2023-08-07,0.0033549451880147568,0.0046867637637509705,0.0018193149784623331,0.010466016081596906,0.004693761997988213,0.006867058776258711,0.005596327703636926,0.007791518245815572,0.00820192552411409
2023-08-08,0.003372331602324408,0.004706357389289447,0.001824294723426752,0.010753543703389538,0.004634148608163043,0.00694862003690898,0.0056266104799680425,0.007984757799078203,0.008381879985060294
2023-08-09,0.003253689029605582,0.0047181216384508,0.0018234867938936852,0.01054584935358472,0.004637177103135294,0.006892170731504868,0.0055176978034351945,0.007805419994405117,0.008242255382728426
2023-08-10,0.003245434585738834,0.004790518235152567,0.001877987050511901,0.010895300990946113,0.0046155447771176715,0.00690532574118291,0.005543453678501661,0.007806481988825372,0.008290714614604906
2023-08-11,0.0031852366615820692,0.00462406974711587,0.0018835341350419328,0.010667660148730815,0.004618555202341282,0.006941262116894018,0.005567114349765081,0.007813762502522489,0.008359425940989894
2023-08-14,0.0032302579802424426,0.004776344201328395,0.0019428478162825623,0.01068193099002761,0.004621481912703607,0.006997596525556819,0.005625880459041657,0.007315923815479001,0.008395452352828453
2023-08-15,0.00318591824836149,0.004776340490148168,0.001999088272024847,0.010736486278493,0.004607342804444427,0.006992735837488041,0.005615865745892412,0.007485756599470564,0.008310520344600699
2023-08-16,0.003141798832150407,0.004771182345006088,0.0019635252575162,0.01075406607713737,0.004612139866188607,0.006993261633017535,0.005629064341564074,0.007101151540118219,0.00829178558013698
2023-08-17,0.003149868286472156,0.004767923751288759,0.0020028739784827897,0.010653909843022938,0.004547684939471207,0.00688458901148992,0.005517574918789034,0.007093215409205073,0.008265841339883558
2023-08-18,0.003150551671593555,0.004796880137571589,0.0019247684916578701,0.010530326899736193,0.004551004362278202,0.006874432714053729,0.005567711124391719,0.006753232799096557,0.008251249894626934
2023-08-21,0.0031534582466634003,0.004706325126570239,0.0019076899666372526,0.010304881747453538,0.004553753525983076,0.006692943092012151,0.005614166414135897,0.006401987623684817,0.008288332984422121
2023-08-22,0.0030061201852176573,0.004678195799964204,0.001889557048415937,0.010350268594393572,0.004550755872594889,0.006221672237877822,0.0052672001192081925,0.006375895582403836,0.008335267848979186
2023-08-23,0.002988503120215543,0.004816481967723876,0.0019916269098908534,0.010150345023978075,0.004553006043835622,0.006101358553568119,0.005669937144549946,0.006272798569355137,0.008315282243099999
2023-08-24,0.002889152289980232,0.003980144341735076,0.0019368288839127865,0.009376822947267332,0.007646743667201001,0.005843145338445846,0.005169775354153548,0.006400414862193905,0.006721421286938043
2023-08-25,0.002773306975226177,0.003900844716330254,0.001933229753412469,0.009339824372115032,0.007699454513359453,0.005840813098386223,0.005119406016198074,0.006431223459450844,0.006707266801030861
2023-08-28,0.00270495867140154,0.0038889843952305886,0.0018973548632208212,0.009341023086024943,0.007672009409803929,0.005816614695657926,0.00511613990410655,0.006436370484436811,0.006630144731692222
2023-08-29,0.0027021257184198493,0.003836057088673209,0.001921540320347997,0.009274516819315685,0.00614656315284304,0.005779164016048649,0.005063508222384024,0.00644073391039236,0.0066292165193341974
2023-08-30,0.002484444895808266,0.00415871663285175,0.0019387482725327164,0.009274589469720155,0.0062103354723717875,0.005681870034204045,0.004529708429008286,0.006519489182736501,0.006849850172591172
2023-08-31,0.0020247542671791357,0.004154269619981699,0.0019164067102223374,0.009391492648981982,0.006230216487673375,0.005719406783768657,0.004525457511998343,0.006535513514237175,0.006629804826674439
2023-09-01,0.002195182436798382,0.004023041896188595,0.0019198045768943014,0.009328729346049707,0.006239401286103928,0.005214595747313276,0.004473423127177417,0.006750136227286124,0.006327733299771417
2023-09-04,0.002213867109472085,0.004053776408856048,0.0018793129349587386,0.009335668269615805,0.006253838653648139,0.005258777440153431,0.004505434565276079,0.006618635526558614,0.006324383638267389
2023-09-05,0.0019440170230499113,0.004143539565351073,0.0020048942932471303,0.009020046028465881,0.0062547330637719506,0.005363829342237339,0.0046228067694924985,0.006212227531149625,0.006730166275129324
2023-09-06,0.0019407315002715982,0.0041531606113454295,0.0019822038868149445,0.008986179306888756,0.006254952451350373,0.00519017663274214,0.004471088046864993,0.006227476664931766,0.0068348008857938986
2023-09-07,0.001978508424587581,0.003961197523648379,0.0019517909171445696,0.008709679421306118,0.006267385275448111,0.00515833603883345,0.004560890542576295,0.0062166084307953414,0.006630957933374156
2023-09-08,0.0019799783541030484,0.003563289698471381,0.001929571796346293,0.008744726642739446,0.0062687298852723864,0.004929708071609369,0.004470711954989695,0.006191884549074707,0.005909410542728995
2023-09-11,0.0023318630846483872,0.0035795482684443563,0.0019358059072692878,0.009035945376954558,0.006271617141595973,0.003656594286932516,0.00452591040422432,0.006227106939677748,0.005980008805644675
2023-09-12,0.0023161167043238514,0.0035028880169645977,0.0019431179823901968,0.008279588504278918,0.006273586008808741,0.0035681478772207555,0.004468207456653382,0.0062342080343808885,0.0056257853854972464
2023-09-13,0.002342213811547162,0.0035146281132341097,0.0018640645535996686,0.008019299443633941,0.006281104435677646,0.003577822119871693,0.004470327657659291,0.006157627733769109,0.005536086948105427
2023-09-14,0.0023379827212577486,0.0034302124787169708,0.0017938335894150596,0.007552074604270738,0.006281519140314512,0.0035916267649933995,0.004136391484894568,0.005979100804326068,0.00551813698369924
2023-09-15,0.0023207551339934625,0.003586327924846013,0.0018079307903715038,0.007618102985468587,0.006281262163292226,0.003554479489654972,0.004124374893094795,0.005732704984262778,0.005464927899827348
2023-09-18,0.002353360117298901,0.0035016468239790796,0.0017982039070303256,0.007595175062685157,0.006287731254997224,0.0034954750689956803,0.004043955023652852,0.0056416177979010645,0.005480220043701873
2023-09-19,0.002299328439379125,0.00361156630687455,0.0018033319515628888,0.0071076770638341105,0.006286928825859144,0.0033911648652999423,0.004084964053556677,0.005334314009842131,0.00526788117195466
2023-09-20,0.0022810013938576144,0.003569811611848556,0.0018304197537215407,0.00701726214391896,0.006286726337735238,0.003374623686847329,0.004096971354392198,0.005177056071610048,0.0052126925293685695
2023-09-21,0.002291485405145563,0.0035516451445295957,0.001777085606584036,0.006582184457775696,0.006313256608595316,0.003369354025192488,0.004241294524331373,0.005411131539705019,0.005636211674712686
2023-09-22,0.002231699433230666,0.003576434070174594,0.0018042085944621864,0.006772992999466888,0.006318890982376632,0.003301349760350096,0.004243936093325729,0.005407333344692316,0.005786686737722831
2023-09-25,0.0021313209171455413,0.003413462387625725,0.0017203906040967843,0.006482928363098264,0.006324242501281075,0.0032300306442509643,0.004219082426576599,0.005260969521631403,0.005701337798255206
2023-09-26,0.0020398826947489674,0.003425866080842076,0.0016569213551292804,0.006659316137236933,0.006334835412065371,0.0032130280656152512,0.004170209484882064,0.005055801051843189,0.0056999968635647385
2023-09-27,0.002021425281560535,0.0035723654274298013,0.0016418340110950502,0.006905257227943255,0.0063372259552069155,0.003224561491734202,0.004124092718667217,0.005189982597746564,0.005815087835463515
2023-09-28,0.0019945201429458458,0.0035819427581421192,0.001585013240049115,0.006871969395277857,0.006373994356515665,0.003223434143322971,0.0043074557395459765,0.0053378331562481274,0.005835334680772996
2023-09-29,0.0019944381186733496,0.0037423033225035133,0.0015906471845451731,0.007369880773144923,0.006373983819713237,0.00319277028561841,0.004379701514245932,0.0054631996265053885,0.006230999802949126
2023-10-02,0.001991634934679014,0.0037549939702399286,0.0016000441553129506,0.0077851873643631515,0.006367797877342751,0.003205791869440963,0.004437214678303899,0.005693800317896196,0.006744022981878496
2023-10-03,0.001983080624257303,0.0038479486233110077,0.0015641480909964808,0.0076411284279883935,0.0063678886010548105,0.0031906999486008853,0.004549257828227787,0.005815709424939198,0.007149754941178243
2023-10-04,0.001983075689241316,0.0037248223438944815,0.0014073851196933782,0.007656564951455301,0.0063800732294359555,0.0034124001924602004,0.004298081475849701,0.005902266150950029,0.007121589083802979
2023-10-05,0.001962091463779819,0.003707353835784703,0.001387749253710099,0.008013270505832688,0.0016224627651429985,0.0034330473901954114,0.004273949441680775,0.005409474486618751,0.007155229959452339
2023-10-06,0.001955272827897792,0.0037758680194640323,0.001410373500484457,0.008188823522445082,0.0014669961789305916,0.00343076805364666,0.004398341383854048,0.005313067382455502,0.007163576452392145
2023-10-09,0.0019852902383328,0.003795151726195909,0.001436970636546326,0.008197629814117653,0.00146664109998073,0.003380839834553399,0.004411366164485226,0.005354160198231232,0.0071626722399814055
2023-10-10,0.001994684740176204,0.003934769314874347,0.0014127060874048708,0.008439750730970306,0.0014529861270354604,0.003321461100114273,0.004617195140648711,0.005649704705207034,0.007235485378999907
2023-10-11,0.001990829441294465,0.0036502232576203766,0.0014031147860121252,0.008877687713494925,0.0013294452202405104,0.0030880725406539256,0.004456769755895342,0.0063749762283293095,0.007063416631150642
2023-10-12,0.001991585271752388,0.0036707037063840025,0.0014047909071527502,0.008644260658241584,0.0010824287341274518,0.0030362706526928197,0.0044692192898895654,0.006323617704534597,0.0070688068817350205
2023-10-13,0.001817576889694592,0.0039617674142294465,0.001400858291482879,0.008665790534829059,0.0010828447836223206,0.0029172360644991956,0.004812262248854767,0.006129376657847682,0.007474077453277402
2023-10-16,0.0017874679988477424,0.0039428546341106685,0.0013982585197347074,0.00848635151394076,0.0011082745079623439,0.0026076099402322648,0.004787789059061908,0.006148725593998151,0.007481186622297516
2023-10-17,0.0015792756862001637,0.00384884050498113,0.001185596217946347,0.008093784356741242,0.0010936485904527965,0.0023121074014790096,0.004691126161616533,0.006169668130670495,0.0070052240938270815
2023-10-18,0.0015795532698660913,0.003833661345687624,0.001158753422571538,0.008080233387982548,0.0010854778494416748,0.002284578483780772,0.0046988224422337774,0.006121860586612089,0.006956080946655911
2023-10-19,0.0014458943952856426,0.003799788927685958,0.0011568291693724116,0.008614808418450259,0.001135471977293145,0.002288406706852088,0.004625084770687542,0.006174365918335896,0.007124436448302581
2023-10-20,0.0014149662635388797,0.0038560811224841287,0.0011426834032048471,0.00861785534296355,0.001134115829334203,0.002282622643656547,0.004633325926005271,0.006193390281054684,0.0071206430963015105
2023-10-23,0.0008436981721316329,0.003837484429914855,0.001144347437980727,0.008404545239534562,0.0011323194289368285,0.0019006410712776056,0.0045972698193283874,0.006174552928006834,0.006977698957206557
2023-10-24,0.0008553238206939808,0.0038939043442353578,0.001153258886992306,0.008386125963206013,0.0011291096250794948,0.0018946109014603505,0.0046705757152696505,0.0062316225239000276,0.007189618665176154
2023-10-25,0.0008140468331867443,0.003977700267358063,0.0011681423810940169,0.008380371755187787,0.0011415862390108742,0.001811678694698704,0.004844134454172973,0.0062865586109876375,0.007197413675104227
2023-10-26,0.0008080559448683651,0.004012798524718534,0.0011750499668516149,0.008400972038611969,0.0011250182520824786,0.0018488349306891023,0.0048414562921740446,0.006049628988279792,0.007145146544515537
2023-10-27,0.0008078039825007394,0.003841915300768699,0.0011301167952104518,0.008491417446428916,0.0011209696255025999,0.0019000182298019462,0.004797267052064216,0.005895525406029994,0.007239240320470678
2023-10-30,0.0006747694670569845,0.004014644145000171,0.0010721708177045797,0.008615252594101296,0.001120960307542314,0.0019197412679653571,0.004819299084190758,0.005915453916377465,0.0072721929797330475
2023-10-31,0.0006622336423790067,0.003920392264395595,0.001050732162041159,0.008574078033505262,0.0011084138024857475,0.0023714135973080196,0.004774477757086238,0.006262456272385586,0.007238870144652314
2023-11-01,0.000663401605981646,0.004150767064252598,0.0010068459298722507,0.008652716576446081,0.0010772288556108421,0.002373308275584382,0.004750000673418767,0.006440328261689246,0.007236288464340856
2023-11-02,0.0006030182266894637,0.004561515616594385,0.0010228096062976386,0.008964389158846814,0.0010427131998576433,0.0028765357289079296,0.004747413012530621,0.006880706288733279,0.007212005835860035
2023-11-03,0.0006637242684485985,0.004609548090048183,0.0009496677802086233,0.008842540974772405,0.0010472449566270383,0.0029653264845164863,0.0049493753765961265,0.007185555876572775,0.007187306214293273
2023-11-06,0.0010995597688146584,0.004643239085240226,0.0008628757957655695,0.00886533608296824,0.0010495356214864351,0.0029640236445256517,0.00508878151294714,0.007106933079269405,0.007139424335673844
2023-11-07,0.0011612454522774767,0.004720386005885438,0.0008038346582819985,0.008630133496335618,0.0010478693451847852,0.0030600898852081006,0.0052585430849685436,0.007085078408098644,0.007472809596807791
2023-11-08,0.0011603650297362447,0.004555691985674204,0.0007888823636837918,0.008432691612820108,0.0010638356972795487,0.0030689351201142446,0.005235657465414828,0.007027929119584272,0.007366966204914752
2023-11-09,0.0011580325872072288,0.004563331194398878,0.0007843979433113129,0.008539438270226926,0.0009849765193787072,0.003080723667328531,0.005134300279085672,0.006897979739416644,0.007388220722569161
2023-11-10,0.0011623613722474137,0.004479377723515998,0.0007633135984775275,0.008276624931156652,0.0009764756631491186,0.0030905379220710753,0.005126103365800307,0.006896454833090694,0.006996027579660666
2023-11-13,0.0011631765547698574,0.0043272216497757246,0.0007450900295394821,0.0077917659686609275,0.000980550520365002,0.0030651432942879423,0.004912648211560402,0.006640632721308403,0.006518737472685451
2023-11-14,0.0011635398529475011,0.0042391066667123315,0.0007659085996088328,0.007513744370877234,0.0009824161329955894,0.0030638478141551927,0.0047369448086960015,0.006539971845587952,0.00593691037651561
2023-11-15,0.001660664850150117,0.004803178036482262,0.0007834249991834864,0.009270468209866824,0.0009570881485791381,0.0033042637251256236,0.00525965071283236,0.006333566890830513,0.007259040974817487
2023-11-16,0.0016804147790332976,0.0048215475662935926,0.0008681960458411998,0.009031983390116906,0.0009248999196713111,0.0034382393214410583,0.0053798117527617826,0.00620783862421979,0.007369158245204521
2023-11-17,0.0019003436510474498,0.004803287284369977,0.0008406775440871607,0.00897358039942285,0.0009144990284280209,0.004208364393197611,0.005356479257309168,0.006233947566346705,0.007388693272132894
2023-11-20,0.002107213244451866,0.0048007971499576,0.0008226375096920888,0.009081776745360445,0.00087698958387437,0.004357660162938121,0.005318346101865656,0.006292455810677947,0.0074913531046319004
2023-11-21,0.002235062044243949,0.004759030499847191,0.0008326093782012665,0.00890123305730541,0.000874068684084871,0.004468836662189227,0.0053048497707174356,0.006186590136177525,0.00746160601693632
2023-11-22,0.0022788092197915132,0.004847600708682097,0.0008197465908417597,0.008894990910738835,0.0008587498905452122,0.004717586615850968,0.005285076095208597,0.005618145894086301,0.007471515628861924
2023-11-23,0.002278963664300335,0.0048596022275055615,0.0008079529641048232,0.009165396689728765,0.001062748052477979,0.004816944586166383,0.0052838656783305285,0.005608171592165273,0.00747154144368667
2023-11-24,0.002295135883473947,0.00448684632835052,0.0008249840298776817,0.009108896024139255,0.0011782492182687745,0.00478147683422868,0.004834536990792705,0.005522028408740751,0.006952365133507794
2023-11-27,0.002282735105252066,0.004501485754236103,0.0008327460613724889,0.009316081162015231,0.0011397727048889715,0.0049001626530663705,0.004878289365762736,0.005529759239647791,0.007004686623552787
2023-11-28,0.0022831856334150275,0.004497733986924281,0.0008295834548416198,0.009333367283514372,0.0011406943030910334,0.004900255798758419,0.00490485460607095,0.0055333958182468435,0.006970586064822357
2023-11-29,0.0023346298175493147,0.004503923026573745,0.0008301766174239645,0.009512828433971585,0.0011220522971323577,0.005053871911288756,0.005004911807257637,0.0055341783957825455,0.006971770084711562
2023-11-30,0.002360304785260245,0.004633665101935609,0.0008305351452428701,0.00952505205006758,0.0012257377774319113,0.0050426288272278404,0.004869637151001374,0.0057119765981390605,0.006753725800067926
2023-12-01,0.0023765468528285957,0.004756615580017999,0.0007559151460745838,0.009569063916048847,0.0012379747089339953,0.005133684775659803,0.004895924412931117,0.005719162640098533,0.006749406416844544
2023-12-04,0.002372471600507638,0.004764422877995973,0.0007545083307749987,0.00958109462460045,0.0012855065760338897,0.005407897489308084,0.004899306220196869,0.005799536522156216,0.006759893401359333
2023-12-05,0.002388289634683781,0.004845346921338278,0.0007277287441166268,0.009762208826162097,0.0012788492597869008,0.005440249879935957,0.004947782539663254,0.0062873853795904835,0.007151613504350463
2023-12-06,0.002424542031687993,0.004784742384732325,0.000690430550766873,0.009765716519992047,0.001280480018513481,0.005441104349193499,0.004705147745302442,0.006417996193411447,0.007106056181873655
2023-12-07,0.002416922989657284,0.00473064307831432,0.0006785089179021388,0.009944657861983815,0.0012947856488241232,0.006016120990939427,0.00469635662332985,0.006508468072609899,0.00700184903659599
2023-12-08,0.0024356371247938853,0.004729318063705469,0.00068310321327289,0.009915097399524357,0.0013020695468091586,0.006045396369269233,0.0046953209266983155,0.006561306356772142,0.0069834134367527875
2023-12-11,0.002492495382122118,0.004642581412388753,0.0006887057342177634,0.009973864129598102,0.0012994864736522484,0.006718784092471717,0.004701783572555881,0.006640038440632945,0.007133343407396219
2023-12-12,0.002493067830162754,0.004694532582176702,0.0006886016260621437,0.010155272471084047,0.0012934992152991757,0.006660484583510574,0.004704292062287558,0.0060986256432123695,0.007101753844836171
2023-12-13,0.0025113335293101458,0.004444057592444136,0.0006900266686051863,0.010155421903751474,0.0012935160639390465,0.006694776142341055,0.004733309235342917,0.0061451237536158275,0.0071800486035478
2023-12-14,0.002725393268498085,0.004483195527644928,0.0006841385726798021,0.011034766088699025,0.001378453622563133,0.008075568097157856,0.005162696690708328,0.006358443263067535,0.007865164260246964
2023-12-15,0.0027557278750292994,0.004458112903257263,0.0008863749994619884,0.011469174793896563,0.00136738577650889,0.008070708084404675,0.005053860161248615,0.0063676002744140064,0.007771274633001143
2023-12-18,0.0027691323088700607,0.004463141416885257,0.0009023995578754188,0.011772818672063996,0.0013669317861068789,0.008218464695202779,0.00515047832689767,0.006367126235227108,0.0077843203628937775
2023-12-19,0.0027352069507469434,0.004373480888331184,0.0009004655210410311,0.011723325144474208,0.0013428819331168151,0.008433210755685802,0.004988942214729167,0.006791410642069295,0.0073822967168723054
2023-12-20,0.0027398904646907998,0.004377951070398231,0.0009005612374138199,0.011728573632883713,0.0013472346626053765,0.008426425702635623,0.0051467477457250235,0.006737517309759867,0.007392408158677232
2023-12-21,0.002737239239948614,0.004402380964938515,0.000906313434574053,0.011668515659771828,0.0013301828840482262,0.008431301165541756,0.0051412204907284815,0.00675714243401664,0.007306379912038926
2023-12-22,0.002727147272104536,0.0044187532477639475,0.000946345145300127,0.011612305630474638,0.0013227836435094177,0.008411868905739568,0.005127799948650552,0.00675254379609556,0.007180898827336337
2023-12-27,0.0027628666476333763,0.004425429586581828,0.001036415099307876,0.011622636462295244,0.001677062095817882,0.008434918530256241,0.0051272161113014945,0.006858728780280201,0.007204739282701516
2023-12-28,0.002942261460660165,0.0044081774650494236,0.0010573470889956914,0.01164726947639927,0.0016879281161272573,0.008632007128739587,0.005099725368185166,0.006729288324423178,0.007212543838243561
2023-12-29,0.0027446462756480126,0.003958381445037337,0.0010369167884985932,0.010207747073271009,0.0017216565772268909,0.008626259013087015,0.004606676478754676,0.006675371179665402,0.006222383479430621
2024-01-02,0.0029445154627137948,0.004278465760647679,0.0010244960529479275,0.010196382301952418,0.001934938537995005,0.008586084132639754,0.004606486726727197,0.006815025640863008,0.0060433694016641774
2024-01-03,0.002815153144688433,0.004316583195524042,0.0010248987547277245,0.010394972326811334,0.001936703647564489,0.008472422300858274,0.004587388682486601,0.006988557325048535,0.0063176999808473
2024-01-04,0.002633482346048098,0.0042513429317098915,0.0009984454001385808,0.01048223143091372,0.0019439827199775033,0.008593480270024635,0.004658995679984156,0.007042017711986943,0.006200623242787673
2024-01-05,0.0024648997474986285,0.004260514084503476,0.001002110348607741,0.01057932872223692,0.0019552178911078698,0.008667931660995162,0.004572056316245002,0.007049169625804161,0.006319576896240921
2024-01-08,0.002448226801873149,0.004215942722584443,0.0010042253502155747,0.010410442341617289,0.001957067018896212,0.008547456223969033,0.0045937857018813625,0.0070811019554350655,0.0063045590073990306
2024-01-09,0.002439131448932628,0.004212606709657793,0.0010042353602893932,0.010182756086432362,0.0018479003771850633,0.008467570047187439,0.00460090473513288,0.0070898066923937965,0.00629073243248834
2024-01-10,0.0024255934345041876,0.0042057718059725045,0.000997259361509873,0.010157353013896017,0.0017751294972613082,0.008640627574809942,0.0045817659624805985,0.007077385053179539,0.006284557302174827
2024-01-11,0.0024432342629974488,0.004220572465801896,0.0009933796892698742,0.009843507458981708,0.0017760531545724806,0.008593282147584203,0.004518474195323464,0.007085745526391394,0.0062076700168318824
2024-01-12,0.002459716762889643,0.004290084690225022,0.0010088284560970367,0.009853047305246153,0.0018133566214187057,0.008597286030671652,0.004517438084262733,0.007084138004897822,0.006274174078838126
2024-01-15,0.002360253343365269,0.004245055158971995,0.0010129598944541164,0.009662572988527266,0.0017894035631186333,0.008533739853907981,0.004360967284501607,0.007083927137529132,0.00631946261139798
2024-01-16,0.002376795817485714,0.004280946268023719,0.0011431768444874401,0.009435612219730233,0.001690331979649312,0.008601782162585074,0.004455636140207802,0.006914694732312071,0.006476222987146662
2024-01-17,0.002374872493969277,0.00417676707171654,0.0011466412252698047,0.00949086518553982,0.0016882394478280706,0.008647954553426639,0.004472970675792874,0.007126341242813321,0.006598005234547142
2024-01-18,0.002369739143879981,0.004175169091610572,0.0011381081596388432,0.009573245487839629,0.001647148075920956,0.00845746578881743,0.004453406208366005,0.00704184814131495,0.006516903532391597
2024-01-19,0.0023707406706789196,0.004082073479109312,0.001147449314656117,0.00941637361464674,0.001647079056444181,0.008446975323093919,0.004390974816257272,0.0066075981066612,0.006137524467625752
2024-01-22,0.0023463066208684073,0.004017648462934636,0.0011541537605517182,0.009553553917910566,0.0016359551620255684,0.008452885333370757,0.004399098786308877,0.006500206180679919,0.006124412631654365
2024-01-23,0.0024333238864944593,0.004030334944866658,0.0011522182379773685,0.009425336960301013,0.0016025928790961688,0.007937374956703585,0.004375760853240362,0.006464871653246777,0.006116125869420665
2024-01-24,0.0024701428493739,0.0040607827630562785,0.0011469505373398145,0.00956238695644514,0.0018670388612124643,0.007960595162998966,0.00438909507291503,0.006688696098394745,0.006039178579304296
2024-01-25,0.0024745643123394046,0.004048680375070459,0.001146749364378331,0.009370739589782295,0.001914642966117087,0.0075212395600770575,0.0043936854280758894,0.0066010982903285985,0.005884440004630931
2024-01-26,0.002467808722242089,0.004001797883681542,0.001146724181834677,0.009249661036683426,0.0019194421866207947,0.007323778028721867,0.0043944318991167115,0.006627331980856618,0.005796038947123056
2024-01-29,0.002459270596891387,0.00407877776431694,0.0011468326431553705,0.009078085679587167,0.0019099877521234797,0.007306133309317074,0.0043711421630236984,0.006493425648765103,0.005722840605413527
2024-01-30,0.002133004271623182,0.003421783780887643,0.0011407492780031246,0.007640262806548612,0.001826462889282248,0.005247087036646646,0.0035691977943748776,0.005894190968735634,0.003994291509986556
2024-01-31,0.0020370466715869825,0.003384962633217854,0.001009302127198468,0.007083770604697719,0.0018497271726945475,0.005241118920601661,0.003502116472984915,0.0055362032722084615,0.003992486550700727
2024-02-01,0.0019415090182546902,0.0033759575434128804,0.0010055202152984782,0.0065668746738454485,0.0018524243564708937,0.005250617708405255,0.0032187860582987005,0.005540231447366965,0.0042468335138941705
2024-02-02,0.001948295076390641,0.003503334326181214,0.0010118740632984531,0.006574451968462647,0.0018693141598839695,0.004974846819192304,0.0033188904489357875,0.005088162021577181,0.005040643640571876
2024-02-05,0.0020093093627393498,0.004177821384066939,0.0010651049560628525,0.007306769005596804,0.0018938821647233803,0.005396274035985969,0.004345032648699539,0.005926572159347647,0.005933516177552587
2024-02-06,0.0020287933299745144,0.004103909083158931,0.0010590689515441666,0.007351890975121367,0.0019031708777973993,0.005254938989227188,0.004351088775417497,0.006010826969037408,0.00597217654848252
2024-02-07,0.0020196228174750377,0.004084364902154418,0.0010326251525336711,0.007327028270904741,0.0019022086136165958,0.0051831576041068495,0.004333251853584791,0.0059446720990540955,0.00586996240389787
2024-02-08,0.0019977179979235866,0.003994935325544883,0.0009349706886793379,0.007332354637770164,0.001681675036629193,0.005268124492523945,0.004334393683872544,0.0057717687542747234,0.005771389576604663
2024-02-09,0.0015890202100013113,0.0038901530439671224,0.0009006749146761944,0.007322805201576349,0.0016892994877291865,0.004583605914034164,0.004319323763899641,0.005772679081018515,0.005827602588098255
2024-02-12,0.0015906480574858896,0.00378987512984836,0.000900696838207411,0.007197931274962776,0.0016704651548613532,0.004655489839905602,0.0042698051157275515,0.005858005594690695,0.00578824711174873
2024-02-13,0.001278332788643273,0.003525915081582189,0.000830821715674772,0.0072477915380397984,0.001419243766062428,0.004629855365074106,0.004265166379548074,0.005715267678486119,0.005799043172445097
2024-02-14,0.0012754815473594876,0.003714523339942342,0.0008377694130362329,0.007238705749898551,0.001413325991913273,0.004699408500364733,0.004596483654618908,0.005485385468920073,0.005727784899616082
2024-02-15,0.0012752224622581503,0.003704080929283381,0.0008286961120353267,0.007057635787308159,0.0014120740089132327,0.004615126754761161,0.0044837572449215645,0.005430838185583049,0.0057622506892406325
2024-02-16,0.001275861686860623,0.003716790405409557,0.0008115989424098526,0.007016891953131114,0.0014304911482802807,0.004485283320085607,0.004505591068071724,0.005420171972989275,0.005717112905712129
2024-02-19,0.001266867684324199,0.0036878627801965975,0.0008064980623640491,0.006983227905128051,0.0014252965486547485,0.004405369806582571,0.004496200581329079,0.0053805490097206445,0.005760379945912202
2024-02-20,0.001272270128413948,0.003726590608341752,0.0008189074004250139,0.006965929009198368,0.0014228971738211268,0.004332261413449559,0.0044777052662885175,0.00536735357249218,0.005800134295242454
2024-02-21,0.0012734144088643296,0.003727529696185726,0.0008001983360403564,0.007076780220532522,0.001481426764908264,0.004147582878441784,0.004485438254687021,0.005482328395892378,0.005793319186270389
2024-02-22,0.0012353613243180428,0.00370923640352091,0.0008060395161851847,0.007395969384228866,0.001507514891550794,0.004159788059253647,0.00450472423689682,0.005470027140545389,0.005791647394470839
2024-02-23,0.0012106812655048684,0.003645609291318415,0.0007837374789955136,0.007579004921512601,0.0015014378068885453,0.0041683614209200885,0.00451961450809567,0.005593873011918627,0.005768280375939288
2024-02-26,0.0012057174065466729,0.0036623365951890916,0.0007757460362021859,0.007574482869584557,0.0014911360986923092,0.004155311940627108,0.004515063254974585,0.005617182528810936,0.005762622314046516
2024-02-27,0.0011484446089219888,0.0035130305270883394,0.0005754672950001562,0.007512250828750123,0.0014831873345982373,0.004111596437921602,0.004387901792559726,0.005652652434215559,0.005590681071529547
2024-02-28,0.0011402178349745583,0.003601735435806285,0.0005683042011960453,0.007382552380995045,0.0014834358328609711,0.0039855762001929675,0.004412206478641989,0.005438842437800314,0.00568063122583986
2024-02-29,0.001145542133955247,0.0036180989991820467,0.0005656427683694353,0.007298154498958031,0.001476022833778472,0.004060963101050159,0.004412489397360332,0.005642493455812564,0.0056793338118531645
2024-03-01,0.0011478213857710336,0.0036149199038630364,0.0005468095631813298,0.00740019213667838,0.0015514441497122742,0.0040863842204175785,0.00441129226394871,0.0057366918920270646,0.005570385760220546
2024-03-04,0.0011450815443784822,0.00366334272716945,0.0005449634604500456,0.00734683982095114,0.0017556303351408808,0.004071258306499518,0.004409075040038698,0.005676068162429332,0.0056036376695164725
2024-03-05,0.0009447152737280416,0.0036527780991281768,0.000544813525198662,0.007249949555774077,0.0018297035924453586,0.004088544372192942,0.004410739606013075,0.005560248144895641,0.005638791112051171
2024-03-06,0.0008071356549743818,0.003633851941579815,0.000578750844368199,0.00700786800716134,0.001550812654448199,0.004029744190493019,0.004418835710128474,0.005225607245683865,0.005712668189760081
2024-03-07,0.0007035644580202535,0.0036471669579187086,0.000608455975736892,0.0070586473325972236,0.0015194891215802773,0.004565426735732128,0.004440579824843995,0.005207762743170397,0.006123858978112503
2024-03-08,0.0007263215831098793,0.0036772185383893235,0.0006092989132037211,0.007114773032802354,0.0015564785053123866,0.004622244125878479,0.004600197868152643,0.005230689973589143,0.0061957037062699725
2024-03-11,0.0007431542147990606,0.003576130181216773,0.0006073096116644767,0.007131437451910914,0.0015604009277512831,0.004641748605194193,0.004564800082196266,0.00531207055805329,0.006272917798169668
2024-03-12,0.0007522953685996943,0.003566063754799968,0.0006124003421348821,0.006995483514644209,0.0015336204181180993,0.004786170995654171,0.004604081846758531,0.005108408832223099,0.0062640840259509025
2024-03-13,0.0008420050357442437,0.00357678614228464,0.0006064515882816825,0.006869336365518157,0.001493720122354287,0.0047707180774406825,0.004612726393507273,0.005102133255580977,0.006265360819251228
2024-03-14,0.0008376228163108773,0.0035602735471439474,0.0005976094606524206,0.006878581770319642,0.001479810921261792,0.004651952763433446,0.004610253891201811,0.005145574112464602,0.005980288955892403
2024-03-15,0.0008342291668864749,0.0034235841388482627,0.0005803742789159937,0.006865895375598005,0.001481071872933572,0.004704242860174452,0.00444512267276572,0.00504973326156156,0.005527290146047149
2024-03-18,0.00064816459156335,0.0024309915852842,0.0004802434061234536,0.006260845701802706,0.0014660946349233715,0.00403113118217356,0.0031597263710265912,0.004000824330675272,0.004312192196259697
2024-03-19,0.0006031689231583508,0.002533172089448846,0.0005602021539906898,0.0062149710452000205,0.0014410774156809495,0.004326188866214612,0.0032032410471993455,0.004303628422909908,0.004530975589900055
2024-03-20,0.0005875371258696022,0.0024895565064686925,0.0006961463802638763,0.00624086098291306,0.0014382226942442947,0.004514209289082077,0.0030926902263020625,0.004421774692821832,0.0044779294257825085
2024-03-21,0.0005859536495770337,0.0026612015911166974,0.0007347661998324213,0.006370066660399414,0.002727294179323482,0.004417713818982894,0.0030915737217519913,0.004729714450054394,0.004833185868892479
2024-03-22,0.000962547671067551,0.003048105472522214,0.001165771727169705,0.006920433768302404,0.0027773207170706925,0.004413346203673833,0.0035416021390860864,0.004844110892280043,0.00530458089007018
2024-03-25,0.0010807435911381592,0.00305303725442334,0.0012082927541438317,0.006968046434080539,0.0028507659928453206,0.0043695884889282345,0.00356313110590043,0.004753980824536981,0.005304296490007661
2024-03-26,0.0010940132850525476,0.003052830787146132,0.00122784129946584,0.00675991050204485,0.0028459949203084485,0.004365586759837758,0.003424661017394664,0.004769823801315708,0.005318392625735281
2024-03-27,0.0011166281977509468,0.0027889799716097506,0.0012264648068372524,0.006418715565293771,0.00284377709819477,0.004133733679843903,0.0029922526839865934,0.004778483403868153,0.005236983932433448
2024-03-28,0.0011170773991975823,0.002752379939326093,0.001228294540510531,0.006442263718116962,0.0028214112593450687,0.004093190153306446,0.003005620211305713,0.004748044450427664,0.005220132691911563
2024-04-02,0.0011282532114558063,0.002928638010652879,0.0012224152294806538,0.006479650699584249,0.003006807112253769,0.00411934494020404,0.003162434725525714,0.004922098182639552,0.005194797187123096
2024-04-03,0.0011254178144703205,0.00298402694593678,0.0012281922546483863,0.0064436957481246076,0.0034493363844476685,0.004085221415575684,0.0031283798876887187,0.005034397216034597,0.0051785049315080265
2024-04-04,0.0011213859890054304,0.003174297531524895,0.0012269062474031102,0.006533314427078992,0.0034857181622331822,0.00408321985591971,0.0032898397904226983,0.0051402634937238135,0.0055894130546194475
2024-04-05,0.001114791882166427,0.003179801296029428,0.0012428120680255945,0.006462578129037181,0.003462151627151924,0.004111140363549821,0.003288254284694174,0.005015061015099123,0.005597784695783645
2024-04-08,0.0011160427917103904,0.00313869155291026,0.0012372953662296785,0.00598620172700453,0.0036735891078340556,0.004129960623595211,0.003252386161754489,0.005069020940254237,0.005592067720654081
2024-04-09,0.001111879540254792,0.0032222171319374986,0.0012632702897497619,0.005715170958263251,0.0036654627296724474,0.004133075657931548,0.003386752022306943,0.005287587870395272,0.005673577123734143
2024-04-10,0.0011121073747138402,0.0032111276605019984,0.0012606726617258564,0.005686003644757332,0.0036690673130046233,0.004129685696078308,0.0033927329818343806,0.005272066393991006,0.005618957089882657
2024-04-11,0.0011147231166969513,0.003909293423897247,0.0013013187605200145,0.00634260519523211,0.003669567460509363,0.004317985437837663,0.004071153644563995,0.005863863737409251,0.006297574586840134
2024-04-12,0.0011149106603923187,0.004039649290014848,0.0013175302794341942,0.006251737257483881,0.003669679681920568,0.004287129469203389,0.004161451520401983,0.005896056954551955,0.0061507457197753435
2024-04-15,0.001104641151756712,0.004022760006760173,0.0013255199156570968,0.006529102651466509,0.0036762425228655748,0.004284663767901174,0.004162898009515847,0.005718525371762427,0.006152605496879414
2024-04-16,0.0011034167408291505,0.0040275130632527615,0.0013537168949035727,0.006440122948832242,0.003660430542503678,0.004327754388532873,0.004175251042260119,0.006659052429552159,0.0064109661102874135
2024-04-17,0.0011036395886588114,0.0039722893520111125,0.0013619531360332569,0.006311437725048847,0.0035585638333925696,0.004322742982838795,0.00412520818316023,0.006709624932144921,0.006390651142602151
2024-04-18,0.0011043626183600537,0.004053471977763586,0.0014144472073657184,0.006288651203801178,0.0035260243277006388,0.004335556888258357,0.0041308026315080015,0.006823888570778624,0.006391929994702841
2024-04-19,0.0011044910778035847,0.004031542985606443,0.0013979853274789795,0.006423113335297211,0.0035376106942830304,0.004220128264888157,0.004092117714365383,0.006827082236801027,0.006394396038964472
2024-04-22,0.0011013796607613811,0.004006964363561812,0.0014030677110649947,0.0063880291298716,0.003548121503994125,0.0034706814026260473,0.004394330298346548,0.007239726885896691,0.006025093762451036
2024-04-23,0.0010749923574870628,0.004028114473629285,0.00140717123777732,0.006255949060814122,0.0035024515248564606,0.003318433588880489,0.004427428090136728,0.007397098004097779,0.00595290085813879
2024-04-24,0.0010502193227029625,0.004043304285310802,0.001408155172841524,0.00627890369150044,0.0035342417941840007,0.0032068253027986034,0.00447313465955096,0.007556259453046284,0.006116155054814834
2024-04-25,0.0010367940991941784,0.004105856267047812,0.0014095639728402385,0.006660043460008751,0.0035318606047659235,0.0030887843708771643,0.0046341933689264736,0.007544629929476646,0.006160389236185388
2024-04-26,0.0009835192999885166,0.0040738042855922455,0.0014101883608315592,0.006766086716051203,0.003533417591418323,0.0032987723692978906,0.004603441182473914,0.007550683331515193,0.006153973260698142
2024-04-29,0.0009960509524877547,0.004078616501705985,0.0014171544923980463,0.006916109755968991,0.0035944951692475744,0.00343895205844403,0.004637670377660422,0.007758410065870466,0.006227647776449506
2024-04-30,0.000993593009600155,0.0040541282062061795,0.0014207215243231843,0.006906260420651515,0.0035588985547695857,0.0034245797815193072,0.004619502302779476,0.007695586928463118,0.00623796876578535
2024-05-02,0.0009941328581762488,0.004059825250149957,0.0014216122803407509,0.006580123402306783,0.0035298377661891257,0.0044502782450729,0.004631993381216362,0.007699211617560353,0.006239022677945024
2024-05-03,0.000994767279472851,0.004116785746145445,0.001401567877731143,0.0067119878444591875,0.003527472057156604,0.004695206539473198,0.004687415692599402,0.007590797202214745,0.006238917786097436
2024-05-06,0.0013386269324851708,0.00415915986003487,0.0013395102616584938,0.006763800191974388,0.003539015570762368,0.004515823052981167,0.0047061042544282086,0.007642676286189182,0.006394537541838026
2024-05-07,0.0013652117330508874,0.004003147781075633,0.0013171267414990254,0.006705236503259794,0.002900197396492188,0.004549680893618155,0.004682179898794354,0.007411595575820973,0.006088773808307923
2024-05-08,0.0011504785727305812,0.0037737138227157884,0.0009444724664097397,0.006308654167399802,0.0028819672925503976,0.004662284492099976,0.004489547238476426,0.007366588450940273,0.005820381081625783
2024-05-09,0.0010490352447870739,0.0037672615092725742,0.000898267993591213,0.006368298903922954,0.002749698076585917,0.0046535914362607084,0.00446327888142148,0.007559682568071281,0.00583972181317904
2024-05-10,0.0010346443859464683,0.0038444695246153847,0.0008732347761175122,0.006421504306875016,0.0027346412144579825,0.004666289992064756,0.004525220639058738,0.007558392131338017,0.005852048696094948
2024-05-13,0.0010329686640678007,0.0038029251312587655,0.0008742188491690407,0.006438205017368755,0.0027104385868214676,0.004638417110231976,0.004519313535683593,0.007557237298436751,0.005771986037722775
2024-05-14,0.0010329288107460515,0.003802307580429637,0.0008709886019764602,0.006443249402292792,0.0026982208308548917,0.004659824581132975,0.004492549172832373,0.007567964034373198,0.0057768352327960985
2024-05-15,0.00107328708157907,0.0036918294371687463,0.0008704259786038503,0.006307300327604822,0.0025939092064154426,0.004824300953208081,0.00446502286364984,0.007496034236937586,0.0058205131478579735
2024-05-16,0.0010744549426026557,0.0036911995736813473,0.0008581104880808795,0.006479316877229528,0.0021955928643483135,0.004895832711739474,0.004494921468270589,0.00747754371807138,0.005851171244231289
2024-05-17,0.0011012695748066931,0.00352644060578724,0.0009058526660857579,0.006440869866522681,0.0021851041363407818,0.004979857286865788,0.004382254200440545,0.0074064630996577615,0.005465592574156013
2024-05-20,0.001113096607379689,0.003533059228731688,0.0008944149987744805,0.006415773552129042,0.0022096690369827194,0.004939254389368214,0.004416371468472346,0.007422292418302458,0.005469118921525614
2024-05-21,0.001114820351748105,0.0035182451481408925,0.000894088271243818,0.00647574057430858,0.0016691645867599545,0.004933067728438715,0.004405873229569432,0.00742578369706491,0.005474221244074084
2024-05-22,0.0011206379295267477,0.003486087328699976,0.000863622335859499,0.006457040976465763,0.0016696704405468235,0.004922179816867833,0.004289504657340603,0.007310148941678794,0.005434855435074139
2024-05-23,0.0011208976753680406,0.003510171088982477,0.0008759668932178217,0.006566195795867509,0.0016376639497188159,0.0049239419886245766,0.004301650332410669,0.007290915133483299,0.0054359895771983685
2024-05-24,0.0011207574045361778,0.0026682200109714354,0.0008355527446271864,0.0058463429642000575,0.0016391720168544802,0.004778537697574429,0.003635186912328288,0.0068038602261436655,0.004714760842389166
2024-05-27,0.0011207389822117933,0.0022537489768785467,0.0007929121865909172,0.005848067973528481,0.0016471079790973315,0.004798407765900998,0.00343514526465246,0.006764911149644441,0.004659953366542408
2024-05-28,0.00112090529931293,0.002318416246403687,0.0007982656588991771,0.005500969613389111,0.0015755956894139384,0.004737726673122409,0.0034712024373987787,0.006771536719579505,0.004677545207542513
2024-05-29,0.0011252054846620293,0.002339281149087183,0.000857807200291128,0.005475101407605728,0.0014828430239825373,0.004704054528000559,0.003494221145304514,0.005532228414727291,0.004377998540681037
2024-05-30,0.0011744590404849154,0.002481981576772121,0.0008481951850960347,0.0063180068628589615,0.001501661930276925,0.004758551129852098,0.003584866537608213,0.0054604085788209885,0.004416067806005496
2024-05-31,0.0011797667857405495,0.002463514144893385,0.0008457328925929151,0.00636830941321104,0.0015138799214546815,0.004747975328216477,0.0035838724464922313,0.005389185306558869,0.004459552567814534
2024-06-03,0.001184699690394089,0.002415430089141017,0.001054005184580169,0.0061043751853311805,0.0013636663849856772,0.004760976939340757,0.0035409690606498117,0.005630240961454536,0.004271994504743026
2024-06-04,0.0012057077083341766,0.002381266674129647,0.0012901832520011652,0.00606936884457256,0.0018641485271752168,0.005332609251130028,0.002876130735268704,0.005261715366134905,0.004281137573726299
2024-06-05,0.0012327185962119553,0.002302540166266945,0.001291741564593902,0.0065261433591736,0.0018412168776577999,0.005519615152152377,0.002650326370577487,0.00507322602984204,0.004268616273757072
2024-06-06,0.0012344587174095741,0.0023115586972671143,0.0012972558350606512,0.0065399218449406086,0.002031406426685209,0.0055190254912392284,0.0026650695414069743,0.004923433231480147,0.0040743670569289075
2024-06-07,0.0012374448716820875,0.0023060897197500004,0.001314290152539853,0.0064693853708569496,0.0020432213928914967,0.005535380466834774,0.0024864282028818903,0.005401855036571131,0.004099351110672827
2024-06-10,0.0012486114449232687,0.0034073026672162684,0.001323938437473183,0.006430078648925377,0.0022304691407779736,0.0055540517356358395,0.0028232173954546003,0.005901966493484303,0.004592269713016703
2024-06-11,0.0012516452222632,0.003437541228133661,0.0013237600480415434,0.006344982794769815,0.002162485692821728,0.005514362135851325,0.0028158203280466546,0.0056379628436477765,0.004512009248859623
2024-06-12,0.0012517951388967576,0.0034871725380735824,0.0013227894450139103,0.006346665666921975,0.0021625402092751655,0.005462544478852508,0.002816989005387296,0.005642576732464148,0.004350996036148327
2024-06-13,0.0012524339519497743,0.003478022771407026,0.001320025455751055,0.006701339380518591,0.002209645988777937,0.004790401403172084,0.00275350510087044,0.00565122337029721,0.00442044708080691
2024-06-14,0.0012537172885622695,0.003794574975116121,0.001321358036012734,0.006567984558075876,0.0029448661056273697,0.004347794293783097,0.002944622118330311,0.005694604857358068,0.004300604555867514
2024-06-17,0.0008704339907925729,0.003780294076089418,0.0013177577551622777,0.006507411239838761,0.003113154118092683,0.00439870569224344,0.002957156592106721,0.005512135789428909,0.004077491946961683
2024-06-18,0.0008369472085746998,0.003778757653174175,0.0013431253947421143,0.006598702141000149,0.0033699263140934076,0.004315369464243759,0.0029085966544820556,0.005574304373493025,0.004047024178055491
2024-06-19,0.0008033746093845254,0.0038070947646293564,0.0013433622166611368,0.006429503268735113,0.003432479339785431,0.004193269824631466,0.002780838776747213,0.005584006069847074,0.004097518144366435
2024-06-20,0.0008029031984785605,0.003837410275325238,0.0013999626121592255,0.006416568145581247,0.0037289828312343995,0.004209650934007446,0.0028801033948894377,0.005603359265014559,0.004057237326122722
2024-06-21,0.0008002717428215455,0.0037783361430331064,0.0014036442367975446,0.006674653154327996,0.003730019483078109,0.0042193254848374205,0.0028919395739037987,0.005621374871556672,0.00402655256718623
2024-06-24,0.0007726958503154447,0.0038432251672411025,0.0014136765400969114,0.007352325723544286,0.0037228107090317253,0.004262893160272078,0.0028871584127043697,0.005645598846206395,0.004077991072503748
2024-06-25,0.0007750332756771312,0.0038498458718108815,0.0014190458972123071,0.0073256529814826965,0.0037300629597442876,0.004231844491362002,0.002897222169974829,0.005687503208722682,0.004075780539661535
2024-06-26,0.0006732850771340052,0.00380661171868989,0.0014509949883562566,0.0073221173893928924,0.003742944304939763,0.004135708998952671,0.002794937818467727,0.0059266605178030455,0.003994671911159357
2024-06-27,0.0006648675962649279,0.003752798721574796,0.0014797163109421642,0.007445785337748251,0.0037076548566681083,0.004037709336269312,0.002745710544239288,0.005785282526970532,0.003919809315117544
2024-06-28,0.0006615426220250032,0.0037499166189116973,0.001450812569453876,0.007627190021523122,0.0037062111926543153,0.003943714266006137,0.0027462551129616335,0.005802898948542657,0.003914073816580513
2024-07-01,0.0006580050935109588,0.003809872420660256,0.0014529094023711217,0.0076477948918273,0.0038637669571652848,0.00396139092805307,0.0027060102915613254,0.006157883540635735,0.0038915431860921
2024-07-02,0.0006588141145517496,0.0038132769207602666,0.00145300304187125,0.008224256274455392,0.0038617418154264825,0.003947408593709399,0.0026947225692752802,0.006108302496758617,0.003908063124979878
2024-07-03,0.0006531522208538573,0.0038187792857941015,0.001455447587250206,0.008171575201598839,0.003921347261304212,0.003953588993783349,0.0027794677518776993,0.006042295828383029,0.0038731811064754273
2024-07-04,0.0006614168821051567,0.0038677214100770493,0.0014466592010804241,0.008310877523809112,0.003921510669151014,0.004148934611736594,0.0028550025710140626,0.008283427630021085,0.004171611575706937
2024-07-05,0.0006642124180098576,0.0038857550857502136,0.0014221342128415684,0.008330497512021268,0.003989204106094852,0.004133105390085239,0.0028701326007576186,0.008301172073097598,0.004042763598169309
2024-07-08,0.0006660401704162422,0.0038902770679294166,0.0014221364117349298,0.00837021955091894,0.003965407213088312,0.004110272827580829,0.0029057060078509036,0.00834524237378277,0.003968290437541008
2024-07-09,0.0006670305733497022,0.003843718915941276,0.0014202858009142948,0.008341389101745388,0.004074062016358985,0.004097783354845969,0.002893868749050038,0.008338373487993397,0.003931027253656674
2024-07-10,0.0006666983777445218,0.0038293193818034342,0.0013506821733954265,0.008404333621838017,0.00409887784868906,0.00407889622335866,0.0028431809983350746,0.008708300642624529,0.0037649604402571137
2024-07-11,0.0006402145359065207,0.003795357986906568,0.0013354577115391871,0.0077778787165670394,0.004096668785702579,0.003997991730951644,0.0029025699254199093,0.008670028992540811,0.003735711470774233
2024-07-12,0.0007127851857966777,0.003789631850885557,0.0013106760050049565,0.007759766832149929,0.004144250233049796,0.005226091248516292,0.003105078523998662,0.008659715219980586,0.003676700753212597
2024-07-15,0.0007355270999260898,0.003793414107355881,0.0011311631601134073,0.008057017515717866,0.0041334110001105965,0.005293629679445106,0.0031055671038659285,0.00849348117808573,0.0036769043523019068
2024-07-16,0.0006989311193801098,0.003777479137119039,0.0008458494960029426,0.008106071287958757,0.00398130039724599,0.004705341213573338,0.0030934490045607796,0.008493322849189461,0.0038049897815954775
2024-07-17,0.000685794589344517,0.003811527964752305,0.0008412223214137966,0.007736532517938562,0.0039781187750336745,0.00499440083204584,0.003175613645853498,0.008484120097618736,0.0038048564382411353
2024-07-18,0.0006828467486902455,0.0038097827574370448,0.000847005788151137,0.007716006431885874,0.003824946604412709,0.004995231103856771,0.0032483550400122007,0.008599539726362045,0.0038002220120230824
2024-07-19,0.0007317015165664375,0.0038341433502688863,0.0008205814684589125,0.0076836745623205,0.003842687859288839,0.005085598069534647,0.0033717352252391427,0.008337108398140959,0.003904827923225513
2024-07-22,0.000721369358692666,0.0029198247109627528,0.00080124435927726,0.0076644619902151755,0.0038072591160952934,0.004925810619318595,0.0031100778069323544,0.008226371004294615,0.003534532882095178
2024-07-23,0.0007061011687068083,0.002925163752147798,0.0007872242400700964,0.007772767304166567,0.003811341393307751,0.004983537619011858,0.0031092569824681753,0.008225932896393204,0.0036261436760647386
2024-07-24,0.0007056753625127384,0.0028864979268397755,0.0007857790138418378,0.007833572846673579,0.003837748002513742,0.005495559651718334,0.00310591244253943,0.00821789904282561,0.0036526472519977874
2024-07-25,0.0016257960798434577,0.0028724235236873125,0.0007929072643875089,0.007728052380923276,0.003967679968314773,0.005748001081134628,0.0031816103039986987,0.008531872058799616,0.004191267888351468
2024-07-26,0.0018346568765472723,0.0022627161769037184,0.0007912916354591449,0.00810343044721089,0.003593666588083903,0.006255508427906272,0.00295424752780426,0.00858152360097905,0.004274694901483903
2024-07-29,0.0018442129029874162,0.0023772245029532375,0.0007926560280139538,0.008236571477496997,0.0034077336287047346,0.006193069246275463,0.003015224498198323,0.008541528517103303,0.004261075704547184
2024-07-30,0.0018537736606692602,0.002377942349022816,0.0007425506567574365,0.00808941841603629,0.0031908227677764052,0.006319372676665281,0.00302348933327669,0.00857847158806212,0.004225707195540584
2024-07-31,0.0019991189582529824,0.002317283641429629,0.0007475633803101429,0.008135663846345963,0.0031260505653383777,0.00820104571150937,0.0029512737526172566,0.008579146650236359,0.003952589739812315
2024-08-01,0.002119488524934722,0.0023585867669267285,0.0006488380051904056,0.008119919087748558,0.0027898233678600418,0.008200327474268777,0.0029310150567545532,0.008525550202104425,0.004064810936964339
2024-08-02,0.002370826611155383,0.0023937511486454366,0.0006395862958990725,0.007804539352661927,0.0028101039718522918,0.008372575308741886,0.0029558371826468952,0.009092065578232778,0.004095390051830098
2024-08-05,0.0032357348417014035,0.0031300776322797513,0.001070992717466394,0.008210714430455178,0.0029748314130867335,0.011371143239257166,0.0029585968060655524,0.009113957386337905,0.004437593299105007
2024-08-06,0.0033916429271173007,0.0032587116701186945,0.0011946275712346986,0.008284877178393244,0.003153438432105874,0.012132197394048815,0.00316386425590177,0.010151346428861981,0.004570119711809737
2024-08-07,0.0034809448473264956,0.0032106551290130166,0.0011646759154581535,0.008399060934323702,0.00319097661210041,0.012432685358572487,0.0031762847852426254,0.010259541866393369,0.005143236524331982
2024-08-08,0.0034812056096579645,0.0032106369042393117,0.0011195873764833365,0.008143128973946938,0.003171405264675327,0.012428966399014892,0.0032101048034900524,0.010225880048755858,0.005144881624469474
2024-08-09,0.0034806732752966666,0.0032292994863182393,0.0011052189968155433,0.007977403406205114,0.003169746316549848,0.012494877853000413,0.0032615061004310874,0.010684686135993033,0.005177499090724197
2024-08-12,0.003488451424384368,0.0031768418154303614,0.0010994585450424378,0.008040025710412575,0.002935865636026404,0.01252802296050234,0.0032739688750851484,0.010435396461318767,0.005215874406672397
2024-08-13,0.0035017344390669953,0.0031534135562008227,0.0011033094777562356,0.007341692641640649,0.002933963646491284,0.012493775902707976,0.003273985328765078,0.010275316121931503,0.005204905905597897
2024-08-14,0.003551285823131207,0.0034111000294036724,0.001101230227698645,0.007368156382956202,0.0028357524478851005,0.012454061097934182,0.003297594263567365,0.010347855569329453,0.005232578797075596
2024-08-15,0.0036172082396053653,0.003370505879864536,0.0011015165126252845,0.007199403891905911,0.002830066872350784,0.012473971834715124,0.003226794277770326,0.00907550873314201,0.004966143373361214
2024-08-16,0.003625234966355803,0.00337976633795947,0.0010995025706567346,0.0072046675393527045,0.002771758246237722,0.012555647695771343,0.003272319542070437,0.009075421720066403,0.004965090906434073
2024-08-19,0.003653013091350266,0.0034474915148154004,0.0011107265403164275,0.0071980731734417385,0.002770779094739605,0.012688141328833983,0.003257162953393629,0.009063395058611125,0.005297678281200355
2024-08-20,0.0036543087868383295,0.0034620306881385943,0.00114334638882543,0.0071928015011396805,0.0026452682974807745,0.012701863251007658,0.003284839574876521,0.009063150678723323,0.0054037567304905795
2024-08-21,0.003651036761638001,0.0034823839614281666,0.001173972421793366,0.0071391570316931795,0.002607002522258491,0.012660617621970576,0.003290487704744419,0.008824021300082757,0.0053980091020587985
2024-08-22,0.0036544395931143517,0.0034679419957436793,0.001172926906718029,0.00731086842210325,0.0026032306368461273,0.012660319260655962,0.0033240613968036703,0.008969235483566908,0.005396713887685069
2024-08-23,0.0036487705078325603,0.0034586491623157137,0.0011728528817515935,0.007264395105992103,0.0025159034191857897,0.01237838456930122,0.0031363124607282976,0.00904413156801459,0.005363544783528079
2024-08-26,0.0036411037194207497,0.0035007895907116144,0.0011677231314435404,0.007200080542513905,0.0025186255992677006,0.012504258662992897,0.0032331639818750087,0.009382874055028564,0.005448051694408723
2024-08-27,0.0036394148980827745,0.003496971247521626,0.0011665069042445181,0.007139954524470373,0.0025201214692736136,0.012499989607885698,0.003242367727840892,0.009390325573616342,0.005362507857569401
2024-08-28,0.0036428684807895575,0.0035801088874340935,0.001168618672791058,0.007092072305644834,0.002519561722442509,0.012411172746893127,0.0031619379521185243,0.009526562603961014,0.0053644057281866135
2024-08-29,0.0037282627377569974,0.003623193920068278,0.0011779799408017904,0.007124630765545338,0.0025109255826496956,0.012427431100180046,0.003134226137586953,0.009469562160642458,0.0054440971970525845
2024-08-30,0.003701102322083994,0.003539924142850885,0.0011855101933689277,0.006998900887170561,0.0024987111373399,0.012381827953726441,0.0029637800393492605,0.009418229592757944,0.00532257271118444
2024-09-02,0.003778958434671926,0.003578185588158109,0.0011929648144196618,0.007722581179869529,0.002515318188761313,0.012616304264582393,0.0030603366340043845,0.009197569302797763,0.005241252124769794
2024-09-03,0.00379855424327524,0.0035718056724424454,0.0011978705473214188,0.007578301976606073,0.0024768316307855324,0.012627345101167788,0.0030585893385534652,0.00916601418705422,0.005343866090723667
2024-09-04,0.003794743517806726,0.0035612787106559947,0.0011978039690308767,0.007529736606870921,0.0024178792814768526,0.012500784746599441,0.003064250860371398,0.009206637648221537,0.005323717905955036
2024-09-05,0.0035755224882390536,0.0036213899134718763,0.0011935587617644956,0.007360663158531903,0.0022152872764232222,0.01252206845843854,0.0030180454014462044,0.008873172336916502,0.0047182375310418695
2024-09-06,0.003448354613612196,0.0036215303279538034,0.001196773061803547,0.007004998474770837,0.0020335244387009194,0.012216877775247065,0.003011430509791926,0.00894925617585995,0.004640528061857906
2024-09-09,0.0035750605358445143,0.0036958906838751057,0.0011958427920022924,0.007044058139023041,0.0020356524204329283,0.012250004512879949,0.00318213811009581,0.009040453438277281,0.005097874717978627
2024-09-10,0.003578846018067759,0.0037100073835390044,0.0011956008680787914,0.007044291358772304,0.0020216171150280867,0.01214265715999369,0.003178325099262315,0.009054014084816304,0.00509367371831345
2024-09-11,0.00351802491099496,0.003710616011833995,0.001192537493329195,0.006933113986804362,0.0020563652855161998,0.011119212921213937,0.0031667273102850245,0.00926408507920106,0.005012736172056288
2024-09-12,0.003443681678391221,0.0036704057708539166,0.0011917370638012369,0.006972182626420901,0.002040106384083883,0.011158404748864896,0.003186239484434912,0.00917765776133794,0.0049660415901443405
2024-09-13,0.0033413098386928944,0.003735918714406453,0.001196521347569379,0.007125317944441627,0.0020294487251057815,0.011130982169479211,0.003207142751897924,0.008534205891686943,0.004921482048509416
2024-09-16,0.0024881667332053046,0.0031516277859832634,0.0007782991650203296,0.005911106810399226,0.0018018203055961178,0.007684634934756601,0.003354363472377475,0.008560924580166503,0.004540673564630944
2024-09-17,0.0022955934251859375,0.0029992643088937432,0.0006280977487949055,0.005867015737366996,0.0014543371092602792,0.006798084391390681,0.0030682684175589144,0.007755070887824138,0.004483425344902109
2024-09-18,0.002172673238275705,0.003021880137527634,0.0006249372632234539,0.005786158687522353,0.0013718760296834959,0.0064771199684234655,0.0030771194120529258,0.007522404775057383,0.004013185009166876
2024-09-19,0.002201198549889666,0.0030499724869871014,0.0006378555953552691,0.00587198020500656,0.0014811610820402873,0.006576718944462208,0.0031138728655814886,0.007891010569878268,0.004075368422400128
2024-09-20,0.0022088627607734722,0.0030296102064410117,0.0006809212873469212,0.006011473507462916,0.0015110598221592469,0.006729012741079471,0.003095857113213484,0.007445526501881376,0.004091872939745108
2024-09-23,0.002183537622880971,0.0031627792368872005,0.0006806677049166246,0.006074536852790385,0.0014984620884814822,0.0066935584748682095,0.0030940778834757147,0.008898473058814377,0.004075946023406431
2024-09-24,0.0022113887564727927,0.0031651714440492106,0.0007442365925250795,0.0060789496061904825,0.0015097733041204609,0.006718239723088804,0.003157004870843553,0.009145214824677327,0.004090207117317226
2024-09-25,0.0021250347530988594,0.0029901877234648085,0.0007582856695601087,0.0062597195000209625,0.0015087370858717175,0.006738622509712986,0.0031215052975421195,0.009185932983107435,0.004078078106271495
2024-09-26,0.0020441631482098653,0.0030716487228998985,0.0007671365382012681,0.006391277973576685,0.0014838557960811043,0.006724505753310956,0.003146219509949837,0.009275068507976564,0.004083156513799197
2024-09-27,0.002028416973183977,0.003049212419924793,0.0007803039861267727,0.006439515265867833,0.001443240578085616,0.006740216065263363,0.0030995841207246346,0.009318132309775394,0.004087002056592053
2024-09-30,0.001982606923986464,0.0030163460462336823,0.0008058557766941633,0.006457725335191492,0.0014403372398664272,0.006331530204756707,0.0030828303254647736,0.00937185365729997,0.00381072270860327
2024-10-01,0.0019913935219621967,0.0034919546468432355,0.0007708454776598063,0.006603123998537277,0.001372790111593575,0.006472790068796176,0.003257311703541393,0.00948419179641277,0.003745996835414693
2024-10-02,0.001987583270005758,0.003456984735497369,0.0007935309683549555,0.006730096484432217,0.001322897884172031,0.006605323683834402,0.003307819583462435,0.009492188281703179,0.003777756050163562
2024-10-03,0.001978166284481789,0.0034743164192116115,0.0007855033854010823,0.006604979553952253,0.001387978038093502,0.007077361863687801,0.00418420370745212,0.00945612809527022,0.004059267171794005
2024-10-04,0.0019804967689804327,0.0034715390285906035,0.0007808145775732353,0.0066032166727632395,0.0014256630518340251,0.00707927200869937,0.004291365018663898,0.009411086514393392,0.004066036759994749
2024-10-07,0.0019661428656506407,0.003458873047340659,0.0007828518586311695,0.006425130647970206,0.0014259260018203378,0.00688369207852549,0.004359615562193587,0.00928414634621863,0.004161258260730045
2024-10-08,0.002187045478794533,0.0034593223311805456,0.0007866724948391145,0.006480756627603437,0.0014265429730835153,0.00688824483151242,0.004347109314113121,0.009610814213913401,0.004434594012762312
2024-10-09,0.002229347245504556,0.0034124394723908224,0.0007776849872060577,0.00672059759505669,0.0014380927097668232,0.006932352939015256,0.004355370909610136,0.009522893446869933,0.004441578133248823
2024-10-10,0.0020680846457373087,0.0034058891334191165,0.0007562801914201446,0.006673753518043999,0.0014342213578034202,0.006932865244275709,0.004338589223048075,0.009478123484175672,0.004314440786257759
2024-10-11,0.002087449891482463,0.00341039173313104,0.0007711086371811533,0.0067541732908198236,0.0014658394980034885,0.006887873649659748,0.004337175057788251,0.009463226798167038,0.004358537780570071
2024-10-14,0.002045681894501242,0.0034060114887719227,0.0007629397188084534,0.006039094754459257,0.0013743859540030043,0.006670198560554444,0.004302310022875847,0.009679348087042064,0.004343954561463381
2024-10-15,0.0021760767514454435,0.003389423984709704,0.0007477628261103608,0.006005395810922141,0.0013815029055288081,0.006587137339773496,0.004331861694862853,0.00976399873352654,0.004168441039759811
2024-10-16,0.0021701334692745917,0.0033730221657590938,0.0007492367452945589,0.005989963924967779,0.0013718137776346634,0.00641055986175155,0.004376532584930113,0.00982475924131703,0.004213139289340789
2024-10-17,0.002101752360534946,0.003278967882105074,0.0007521509707814086,0.006142300670059461,0.0013634168596926952,0.006014895588052752,0.004324551984528299,0.009889082307229126,0.004209816197139675
2024-10-18,0.002126950528832733,0.0032756090944316765,0.0007489299451453261,0.006281729742949334,0.0015243311709655107,0.005984170125000416,0.004336169915647895,0.009730032639741116,0.004230237499753778
2024-10-21,0.0019582912613733097,0.003162932762380372,0.0007491070948273799,0.0060221886244475106,0.001521223431784462,0.005988543161587884,0.004192749436630812,0.009783054564695314,0.0037476740624946786
2024-10-22,0.001967212552068612,0.0031915027485156506,0.0007483762305719154,0.006029158185240928,0.0015225956537127962,0.005959341326267255,0.004229968319098775,0.00970636373659756,0.0037375992371976256
2024-10-23,0.0019684822241758113,0.003270753866754819,0.0007490329123655274,0.006142176352586799,0.0015046312597014656,0.0060125258825881826,0.004252908496699396,0.009553573550543464,0.004052787415112087
2024-10-24,0.001990786397308342,0.0033353092500441298,0.000749223202465745,0.006085315540257713,0.0015050483365640595,0.006207110666299948,0.004240455962388479,0.00958321315380485,0.00408757305428899
2024-10-25,0.0018987193196847222,0.0031504035016385106,0.0007434065467373303,0.005926561592061651,0.001519268116920974,0.00569117639758664,0.004096267574616768,0.009467300242513202,0.004061521102514624
2024-10-28,0.0018988791802763889,0.003016018575449724,0.0007307429447687222,0.005866933621392089,0.0015148166571628836,0.0053960678304540415,0.003897611794495754,0.009264905792343705,0.003878424012382281
2024-10-29,0.001912965989989015,0.0030417386336963844,0.0006958855307995715,0.005866106458843884,0.0014917962884798996,0.005426432809351764,0.003884300816715512,0.00906996232278447,0.004008963444758476
2024-10-30,0.001910319371449339,0.0031701572070217256,0.0006862581196687911,0.005839078941445939,0.0014505675322765929,0.005377174634176104,0.003885140512882265,0.00920941637181012,0.0039662859812308465
2024-10-31,0.0018625620490778318,0.003357867281557746,0.0006653904716191552,0.0056805765334624,0.0013907724341332903,0.005429050732537809,0.0037157922340069235,0.008791241643949331,0.003758738045147877
2024-11-01,0.0018410755825422592,0.003348751430790421,0.000598100577150337,0.005659340336349957,0.0013999863696692256,0.005430755895213741,0.0037081458641962037,0.008779891788614004,0.0038061374951735786
2024-11-04,0.001897248647113351,0.003318720841426613,0.0006042646026956439,0.005442432689297762,0.0013854769437066491,0.005326967909702577,0.0037156724420235737,0.007416441063750516,0.003800217058542678
2024-11-05,0.0017968278518449893,0.0032990067916906832,0.0005564735762075074,0.0054736991017458585,0.0013811725936287871,0.005334136834699767,0.0035776979154470557,0.007120174408388425,0.0037881529842456866
2024-11-06,0.0025960559446577664,0.0045023760080366015,0.0006623886277535008,0.005867589834722527,0.0014796694652574277,0.005736310282323679,0.003959271599360761,0.006798176776857356,0.003996539851259143
2024-11-07,0.002636439186866515,0.00483113086052938,0.0006637387798874253,0.00710701392939756,0.0014777834276058868,0.0058365278194337485,0.0043720585180058984,0.008378711640780304,0.004980112536259769
2024-11-08,0.0026464334359351726,0.004823838393643314,0.0006646516253401378,0.007143018358962525,0.001591051191126558,0.005872431763598472,0.004348855806453693,0.008914744452255893,0.004983000206580003
2024-11-11,0.0027366169066963025,0.0050858420818539205,0.0006419295639597399,0.007862385964840703,0.0016001792336753568,0.005948526503742376,0.0043921604824677446,0.008865775337565785,0.00496368157640932
2024-11-12,0.0027950510766296187,0.004852787858091777,0.0006458121070052785,0.007994593172323636,0.0016158587919132108,0.0058856284855539846,0.004372679477369744,0.009040612433974521,0.004988342979035522
2024-11-13,0.002891333888894691,0.004875670790093656,0.000566089055784715,0.00795726168228886,0.0016197475362891788,0.005843407433750183,0.004446039496627171,0.008975705021068241,0.005014590982267347
2024-11-14,0.002954523529011652,0.005071009133635137,0.0005835230563477203,0.008522445654157232,0.0015649291725706178,0.005491706031527141,0.003800534364872936,0.00903346265311976,0.00503943872639486
2024-11-15,0.0029941196335031626,0.0051992827329850775,0.0005879497630788678,0.00872651701299206,0.0015123933864442736,0.005577638643850253,0.0036300771750355284,0.009031262408982294,0.005064293688957817
2024-11-18,0.002997217265299599,0.005179307329437958,0.0005892561175165457,0.008728324809655331,0.0016240564120383588,0.0053788641683249535,0.0035403437983570255,0.00879405659147609,0.005000266076285435
2024-11-19,0.00292647883596744,0.005220613779984052,0.000579864879930284,0.008724532228820222,0.0016239337712744598,0.005685010362614354,0.0035365168591378537,0.008527441743772256,0.005124936688879238
2024-11-20,0.002917342298819541,0.005217328855864918,0.0005978628298315573,0.008568326518335232,0.0017024088124807215,0.005975188608799809,0.0035701110488398843,0.008520281771487477,0.005138170866367811
2024-11-21,0.0029297903454484795,0.005229290095117571,0.0006340404868997357,0.008561172077743545,0.0016881040685186217,0.006229588138809991,0.003573861903390016,0.008542976782151624,0.005162892743854041
2024-11-22,0.0028911264557427265,0.005504995575459413,0.0006113519251918856,0.008424210372553422,0.0016869006014243661,0.0062271846153995674,0.003922091120611092,0.008521454136812587,0.005116421085763292
2024-11-25,0.002878940473524428,0.005773963049091851,0.0007137122413179002,0.008390317281477062,0.0016922602538887797,0.00623364063997188,0.004084804533117952,0.008321890198687317,0.005140211309313511
2024-11-26,0.0028023773277245233,0.0058175173404608075,0.0007130650775601691,0.008390379076575121,0.0016981244820279836,0.00632736858792711,0.004077771849715864,0.008199669562933587,0.005144300445294247
2024-11-27,0.0027985148688814184,0.0058286047521338745,0.000743962756155291,0.008386997105326257,0.001664776063920851,0.006624861740858628,0.004090647676609735,0.008102032825564804,0.00512462713452444
2024-11-28,0.0028014778489026037,0.005832883158756491,0.0007496569515461489,0.008226831989289703,0.001664808549893602,0.006615491969292963,0.004160085226795164,0.009130175719856668,0.005145819419596446
2024-11-29,0.002758522539791147,0.005855182862541633,0.0007718201580138048,0.008139299819975042,0.0015773542614938587,0.006846794050490016,0.0041711694179266045,0.009719540958101873,0.005123854393510985
2024-12-02,0.002842017559104545,0.005900674270233557,0.000811136657377316,0.008204878730874946,0.0015532930627704922,0.006847153188368306,0.00417224449675377,0.00992748460212983,0.005118801751401872
2024-12-03,0.0028470915665639684,0.005896638121773084,0.000815589808087397,0.008242494351129311,0.0015512304436279846,0.006790318030161523,0.004156666238807032,0.009946691238621887,0.005115640926778571
2024-12-04,0.0028923193114076618,0.005850456031469328,0.0008255567326314645,0.008209049407748626,0.0015432770126952075,0.006551129918000801,0.004166616458380691,0.009993369477834203,0.005329405240199098
2024-12-05,0.002861667367143212,0.005889311098411871,0.0008487698082815314,0.008300836773166476,0.001514396766732003,0.006510841931532232,0.004256249799486882,0.010104370275060419,0.005392573095633822
2024-12-06,0.002864577057305894,0.005926601945924732,0.0008489012259316158,0.008262884957749359,0.0015343194890173805,0.006513563546690498,0.004310693408211886,0.010059206741706876,0.0054120604657664564
2024-12-09,0.0028654038457861953,0.005927117233190997,0.0009098035066055912,0.008560046118385596,0.0015332503410028287,0.006451987019493403,0.004308454832327846,0.01008630515226521,0.005548183951150207
2024-12-10,0.0028885740284989173,0.00592359329458091,0.0009054184069933928,0.008578462027217544,0.0015321040093812322,0.006416160121829093,0.004308526141752859,0.010072565343449049,0.0055951818114849585
2024-12-11,0.002860327783111607,0.005862671326771469,0.0009142769905183981,0.008641794635583929,0.0015273145248023278,0.006502071072354631,0.004307683097212533,0.00996323663916693,0.005663971374822619
2024-12-12,0.0028385255325902273,0.005705864089929599,0.000910398940168833,0.00864761464570381,0.001489878547101488,0.0064903145173661235,0.00427522455314176,0.010753453668939216,0.005778766478547411
2024-12-13,0.0028261071653793973,0.005742016728814402,0.0009327543765635465,0.00882218587428022,0.0014665439586989226,0.006633952239854205,0.0043292263706336785,0.011400350843107554,0.005754126970724976
2024-12-16,0.002769077575987694,0.005717021813071997,0.0009430214915469935,0.008818941640645126,0.0014660451510057886,0.00664335264830339,0.004316751143566103,0.011359942189597268,0.00572453118949787
2024-12-17,0.00277194590035318,0.005719999788532032,0.0009408892885976084,0.009087114284752876,0.0014624582997373665,0.006622995272476238,0.004375649196291053,0.01174320434687238,0.0056633890222702555
2024-12-18,0.0020641460370754527,0.004652904274719047,0.0008474421500398834,0.008653418084669533,0.0013201181446525856,0.0061449158890306286,0.003990109328350612,0.011746402328996057,0.005469215289714624
2024-12-19,0.0019366899005162825,0.004619081532342683,0.0009044665510939691,0.007907007296553916,0.00131147910843735,0.007039831285392996,0.0038910054326429726,0.011010571797738268,0.004890902149756118
2024-12-20,0.001917792662268145,0.004621153305836272,0.0009297306609404142,0.007808509627404303,0.0013006439297204822,0.006849491508420885,0.004035189198851407,0.012486722350304772,0.0048622325759389564
2024-12-23,0.0017610350081219853,0.004210416106391703,0.0009379392255384174,0.007131696591935122,0.0012679104411404871,0.0066821617658531065,0.003965060062938508,0.01254702971908917,0.004801829537754678
2024-12-24,0.0016326828761590282,0.004189913744322326,0.0009344755820605898,0.006975009786239184,0.0012629458437494834,0.006679660962505887,0.0039336745320963365,0.012408671485785245,0.004779939393758092
2024-12-27,0.0014977418973416512,0.004259430069815824,0.0011337281727239394,0.007014444073131902,0.0012872671391254286,0.006673942559261454,0.003814989958528146,0.012384205794294965,0.004748308173826892
2024-12-30,0.0012975395345223729,0.00395195430793013,0.0011355377158224805,0.0062440952033169725,0.00134575009872927,0.006597245504566267,0.003708165131550736,0.01229105005589492,0.004622459349424484
2024-12-31,0.0012394773486213012,0.00393685479692323,0.0011418156412900092,0.00610751722337521,0.0013387609479192822,0.006595717356192546,0.0037953437310274596,0.01230652067715021,0.004689184719061726
2025-01-02,0.0011841439754410907,0.004065118783457036,0.0011607083670540932,0.006414188164342359,0.0013052981567440172,0.006591739584815913,0.004054265580940606,0.01229519720798271,0.004734620901864194
2025-01-03,0.0012432115635871424,0.00402659312410542,0.0011580019047753845,0.0064092824163056155,0.001309699245278833,0.006361662132137304,0.00403489579190523,0.012473879909990444,0.004449272092501986
2025-01-06,0.0012438521407869465,0.004678053115225314,0.0012177169163679262,0.006930820810818727,0.001196562468989838,0.006024869936023324,0.004541860694847016,0.012631217168646569,0.005094921093580682
2025-01-07,0.0012366023002451942,0.0046728587762519605,0.0012226060001304642,0.006974127954056584,0.001194819615672344,0.005933170937874508,0.004530877849696261,0.012631046475615129,0.005079807845705874
2025-01-08,0.0012320982516109305,0.0046313971264406095,0.001235570531209902,0.0075003253925478,0.0011751366293023563,0.005977883638131639,0.005103161406717688,0.012693111170362628,0.005505946756832206
2025-01-09,0.001221053594493895,0.00438112088136621,0.0011606858122158602,0.007513011530079055,0.0012241931869289393,0.006008263118272189,0.005021699089703582,0.01272041006198303,0.005469635228544148
2025-01-10,0.0012235982738919057,0.004341170862884573,0.0011774723498269163,0.007620283611087839,0.0012339185618529742,0.005882662723794657,0.0050017584648230995,0.012869687870900526,0.005468023576997193
2025-01-13,0.0012244838376449989,0.004674561156926162,0.0017811363657931198,0.007649305139752598,0.0012769075987625622,0.00566150201392487,0.005694134385206528,0.012885868196029037,0.005516130509998882
2025-01-14,0.00122102031820023,0.004773855279630027,0.001833038460446826,0.007953479792689589,0.001215221095098424,0.005685148328240655,0.0056939838418258604,0.012111209894628671,0.005543759161760443
2025-01-15,0.0012010808707043604,0.004885135148938494,0.0018893584637268053,0.00794021391949278,0.0011950521167072145,0.005414020555351931,0.005778998788562182,0.011485343322455693,0.005639281071210622
2025-01-16,0.0009359039284938429,0.004828617442077932,0.0018954749867286336,0.007880928087967153,0.0012436150372326952,0.005543678397693062,0.005780610252160994,0.011323089953869865,0.005637426895523851
2025-01-17,0.0009009525663535284,0.004861172020916495,0.0018871318152766843,0.007942190988758242,0.0013451252288237449,0.005564852334245194,0.005784450335599037,0.01129677111690412,0.005631143416560925
2025-01-20,0.0009228662622265937,0.0048755400756071545,0.0019106556889661617,0.007938654023933567,0.0013409437928258497,0.005367729899686822,0.0057655594359989305,0.011277001251104358,0.005325063687968241
2025-01-21,0.0011660753085721246,0.0048551143372831266,0.0018856458702844504,0.00799646538759913,0.0012993820408668836,0.005351754972162561,0.005746229742553646,0.011186185105834301,0.005266070676114373
2025-01-22,0.0012457092517991822,0.005054735437923249,0.001971694586535708,0.008132528364152514,0.0012756776985646749,0.005351665058710406,0.006009692419647156,0.011273463554461842,0.005637554137597753
2025-01-23,0.001353362307147678,0.005088942996971518,0.001953407144761485,0.007721709273481237,0.0012791109277841702,0.005357837405287504,0.006028601430166133,0.011341541343811974,0.005493766481288919
2025-01-24,0.0016953661420383717,0.00520453693697645,0.0020119822777387134,0.007971714059871444,0.0012790488715944638,0.005280160489666453,0.006218230044781325,0.011388162832480113,0.00546117928897552
2025-01-27,0.001672858237749633,0.005295370518694896,0.00200459819541241,0.00828223838526103,0.001280151844783705,0.006027791490937925,0.006484125789441241,0.011387903469180262,0.005347907867634576
2025-01-28,0.001662351018394747,0.0056283128284965855,0.0020465667383958545,0.008193925312509363,0.0012748993532781744,0.006159853948343949,0.006608498761268806,0.010699229543991197,0.005544056374876119
2025-01-29,0.0016639186626011043,0.005616029637158921,0.0020272306745144813,0.008036498293100908,0.0012575408393371726,0.005957997422157424,0.006564018816336186,0.010024516774219757,0.005556233621289544
2025-01-30,0.0016432251268370611,0.005611994936652205,0.0020257988619328364,0.008193128138357354,0.0012615251757819453,0.006116494534438101,0.006572306919076336,0.010255843471533044,0.005546924387462524
2025-01-31,0.0016427450349010635,0.005613039625868938,0.002030557946660967,0.00787607368712409,0.0012847891718780666,0.006186003985431296,0.006527722682317517,0.009782878961315232,0.005538459860988132
2025-02-03,0.0016424083730478135,0.005975415013284906,0.002211751783587971,0.008030024182715841,0.0013823261191081146,0.006194744314891535,0.006579701835238627,0.009807865425313818,0.0057609832676192105
2025-02-04,0.0016041015003013983,0.005844453457870248,0.002201902787486723,0.0077165847905446335,0.0014188253371609065,0.005098154665636437,0.0065045863615344314,0.008746213073746813,0.005640564670482784
2025-02-05,0.0017044036995857226,0.006049002018899652,0.0022209075227240574,0.007992027710271046,0.0013855100790733503,0.005864991944563428,0.006644649210639312,0.006682153430807648,0.005986423216106626
2025-02-06,0.0017554161601147978,0.006149301580943027,0.0022443305465721054,0.007961547388505186,0.0014025261133948134,0.005833618740035723,0.007075778045138903,0.006267753227208488,0.006035741168783778
2025-02-07,0.0017539295025791304,0.006157526520099126,0.0022731970141611655,0.008086687668591707,0.0014350015551877614,0.005842526111085542,0.007143253943433736,0.006072680812268407,0.006055973841123817
2025-02-10,0.0018053345239258185,0.006189533508709413,0.002216478416328777,0.007990982493342935,0.0013928117803758873,0.005745319583067367,0.007186445634792113,0.00610820213164609,0.0060461486800230035
2025-02-11,0.0018056091508817397,0.006186840527500305,0.0027779636384359526,0.008025770727496466,0.0013289112261732254,0.005773400732851904,0.007162432979352376,0.006179489597253481,0.006036972963629229
2025-02-12,0.0018059570424753856,0.006176672999172586,0.002780614749975547,0.007875375571246073,0.0013307213846266933,0.005971756036438469,0.007175283949369776,0.006215551200767641,0.005914592417798874
2025-02-13,0.0018314575228538673,0.006061840115415352,0.002773146313020309,0.007658343990549082,0.001284022554406981,0.005984766703686635,0.00699313964060031,0.006100338888678744,0.005915734393686245
2025-02-14,0.0019147313877847032,0.0062245147931687325,0.0028736359334885103,0.007753251795138604,0.0013482161183943232,0.006074796607744526,0.007200083315421872,0.006050917012602356,0.006354721079156908
2025-02-17,0.0019153800115101712,0.005825550295067988,0.002869043394575567,0.007397619282419593,0.0012977104863993094,0.006215657362619862,0.006923544366102709,0.005934064589477067,0.005986795330098161
2025-02-18,0.0019538736305653994,0.005813461758498851,0.0028639298768546313,0.007316306067814676,0.0012984747306823742,0.006055343244395343,0.006924846975006088,0.005919290370580578,0.005982735928094492
2025-02-19,0.0019539364544477987,0.005470220211855937,0.0028659276192142444,0.006688839566515455,0.0012988504494607501,0.005958292042138308,0.006188653471950102,0.005652601221815504,0.005426135164321012
2025-02-20,0.0020496789643223144,0.0054646045605654696,0.002938153719059025,0.006738069443275773,0.0012472124411314416,0.006264378178877054,0.006149493531153849,0.005673092472460723,0.005439764230929732
2025-02-21,0.00204935799255969,0.005472052120038459,0.0029241943351776007,0.006510754427958708,0.0012753471138034036,0.006298292242613476,0.006160356502737427,0.005557932643006371,0.00541912122942592
2025-02-24,0.0020494322956361053,0.0050723577453992376,0.002538754902968275,0.006387015834081074,0.0012565525418660483,0.006264323409074088,0.0052838343300799315,0.005412308402672298,0.005307941848985323
2025-02-25,0.0020778281777796225,0.005039539561992998,0.0026996015187230014,0.006184554425814774,0.0012534242302718285,0.006174036920015178,0.005275660290803093,0.006106815576468097,0.005354928709403161
2025-02-26,0.0020766826970610463,0.00497451126924304,0.002683092161073534,0.006159582622038485,0.0012668790485656323,0.006150793485009476,0.005238287814465014,0.006184259247595448,0.005458250748462302
2025-02-27,0.0020896423061279867,0.004944255375388115,0.0026655058710863986,0.006160744578923492,0.0012267509584439386,0.006131617650856043,0.0052026076708343244,0.006481692668828168,0.0054756667497434805
2025-02-28,0.0021236253854416813,0.005090848191516062,0.002700477007339297,0.0060762770842945945,0.0011611613504557263,0.006337221999823341,0.005347598492194336,0.0064256331560567466,0.005963863532506151
2025-03-03,0.002105984923565115,0.005160816793248946,0.0027017813114364117,0.0064415521594712415,0.0012565528869207538,0.006284262530768983,0.0054214734697921605,0.0066981714778092056,0.005944043618571719
2025-03-04,0.002144810554934849,0.005341700380622444,0.0027275407130250427,0.006390109822837319,0.0012631205447567193,0.007165835990244718,0.005450609552782204,0.006677035937576221,0.005929956769501391
2025-03-05,0.0021102668340788563,0.005624348264756837,0.002691925539156342,0.006304593697808785,0.0012865183261449589,0.007455170098221488,0.005274657148507671,0.006564893623284899,0.005729844786598679
2025-03-06,0.0020700524986846137,0.005772372266039432,0.0026910908880743555,0.0063753951402649115,0.0012953139655988023,0.007798072669528956,0.005261462696675362,0.007565604825963322,0.005931539684557143
2025-03-07,0.0018155523105471123,0.005746912589808625,0.0026668332981326644,0.006258207429142559,0.0012948708326119452,0.007794232431565533,0.0051540040738767105,0.0075039509879377,0.005984924766131447
2025-03-10,0.0019047757248189577,0.005702138981688293,0.002741209527675042,0.0055856966949746015,0.0013441478741599718,0.007368638610921063,0.004940174650710216,0.007564051615874195,0.0060480994795777876
2025-03-11,0.002011082293286997,0.005349686073411144,0.002719522764747595,0.005578239426440167,0.0013445480430109614,0.007319110847627386,0.004668246687862829,0.0076606648369703465,0.005817624885935034
2025-03-12,0.0020238199516250995,0.005349295121414955,0.002719640554150309,0.005761931942075267,0.00134290116565465,0.007471949957506855,0.00465326499776215,0.007455675009580575,0.0057845913527557625
2025-03-13,0.002027641887565175,0.005485866117432739,0.0027444945570732227,0.005622382424750131,0.0013459706802543669,0.007395162813578808,0.0046846109209142985,0.007188443417989655,0.005820691223571508
2025-03-14,0.002040132380106167,0.005517708351809539,0.0027560929438485773,0.006068981051081976,0.0013397769674315296,0.0073275970165055035,0.004679713179454949,0.007110629610456446,0.005945201777243855
2025-03-17,0.0020433508697199976,0.004931571440162687,0.002581479902094358,0.005656363710349027,0.0012385870781203999,0.0073401976156779476,0.004487955309859691,0.007234804586699785,0.005695926588723624
2025-03-18,0.0020486367939269953,0.004875951173821896,0.002623344990893295,0.005692126272357786,0.001215499566101114,0.0073965381637331,0.00444721948491462,0.007200310767985719,0.005527299461079588
2025-03-19,0.001968446667365818,0.004760839849753606,0.0025826411598406625,0.005443289100204157,0.00663453723764634,0.006835546045999365,0.004187457792673954,0.007150161542476029,0.005272845970630638
2025-03-20,0.0019613857085201917,0.004756696887787292,0.002522574907473332,0.005480895197763582,0.006626258791280932,0.0069999939172061005,0.0032314679906513743,0.007162542094694826,0.005426853257983734
2025-03-21,0.0019653424958566627,0.004770947668625634,0.002594954226215386,0.005200885076333734,0.006632474409658554,0.007002311785989039,0.003175930598334911,0.007404160908999106,0.005400443891992675
2025-03-24,0.0019152491418849204,0.0046014896965435904,0.0027353774600894446,0.005223420955659649,0.006639232658917142,0.007160041647547041,0.0029738003812180506,0.007509233752286764,0.005399665234951936
2025-03-25,0.0019204152216872896,0.00460443653114855,0.002346606908675835,0.005182666428887061,0.006654638814419421,0.0071512609636031135,0.0029521623688060564,0.007501523520734944,0.005503783739080197
2025-03-26,0.0019318055169343113,0.0046591006844317745,0.002312627996824935,0.005281451667561028,0.006655845599609835,0.0070041741259334635,0.003061471164322933,0.007431444341106703,0.005504575713130167
2025-03-27,0.001913210052008113,0.00466636623860038,0.0023081314095571483,0.005231305649719558,0.006657922587155413,0.007014663612676996,0.0030817910232215587,0.007515769573501108,0.005499635107050275
2025-03-28,0.0017561783832615034,0.0044658475138050855,0.0022587292246423773,0.005142343594421939,0.006660531106179087,0.006925980452553501,0.002650703054385489,0.007377553561627941,0.0049417173905642485
2025-03-31,0.0017813503129260645,0.0044587069675449415,0.002192990371180893,0.005575957162149604,0.006684254817033508,0.006912465382345445,0.002662131381236962,0.007302964111436567,0.005204582471721927
2025-04-01,0.001781597491199521,0.004459068870220317,0.0022423875408782877,0.005597015143267934,0.006693664342831502,0.006903465553008904,0.0027881538951896505,0.007584813045283121,0.005193234079176279
2025-04-02,0.0017755941854588463,0.00443798464560507,0.002249659109060569,0.006211080620034781,0.006702005805122914,0.006903695616419996,0.002844468167339854,0.007711030012565339,0.005393610206221854
2025-04-03,0.0017380645006113437,0.006410170191599059,0.002224648688478256,0.006658026889365829,0.006701046127625716,0.007544290436716457,0.0042549827279781275,0.007773554181226005,0.00564388931624045
2025-04-04,0.0017567246539236003,0.006491653147427953,0.002245798640949876,0.006822435810988684,0.006698365323081076,0.00756605411251297,0.005038813890409548,0.008589040436414366,0.009350789567232171
2025-04-07,0.0018615649450938994,0.006739566907010763,0.0023938945116308225,0.007408552684185311,0.006695938570888656,0.0077358680569629655,0.0058485009920738636,0.009646741181305409,0.009561354972476031
2025-04-08,0.0019774928612149643,0.006757064605426884,0.002393306767784373,0.007459137416587938,0.006701116356830895,0.007751855267199439,0.005860353972502129,0.009362783877258427,0.009615602405003247
2025-04-09,0.0019847014001187686,0.006867307153968707,0.0026015910411908215,0.00811565815475343,0.0066953054817380005,0.008181632107207988,0.00586076504275741,0.010918665762581457,0.009673754541151689
2025-04-10,0.00212843491036833,0.006854731304694187,0.002801977932684479,0.008696635160563968,0.006729836037193608,0.008308402263858533,0.006186610195925421,0.012524833120708656,0.011240814348708932
2025-04-11,0.002189449509544462,0.007713089440347707,0.002745700177118009,0.008854225689794624,0.006743401965228736,0.008735360457009112,0.006452833057005786,0.012525820097032974,0.011093879070505429
2025-04-14,0.0021991836631390965,0.007700557846087299,0.002747293400529583,0.009381071710185146,0.006723719944631946,0.008721503333481944,0.006453377792901618,0.012414167572653614,0.011302703718035998
2025-04-15,0.002027587596118847,0.007731225573544488,0.0027402969599789042,0.009294882046513075,0.006719147547152683,0.008002591195254061,0.00643551457978538,0.01241461005880309,0.011399629462041885
2025-04-16,0.0020419369626834987,0.007473680952098579,0.002768403770693087,0.009305650875537315,0.006715946512776328,0.007727403330088701,0.006411678683030644,0.012440661614327901,0.011349751677321168
2025-04-17,0.0020106683033316148,0.007342681361871368,0.0027965585484942147,0.009176492773136431,0.006725874293166916,0.007317251906280904,0.00637785275152511,0.011671134919312258,0.011235305821720387
2025-04-22,0.0020094933436660255,0.007470583822871132,0.0028120169796178947,0.009327827861480167,0.006749399279314507,0.007774666161962677,0.006603700974451749,0.011990565815691488,0.011175190807915876
2025-04-23,0.002053146107932492,0.007567222553201114,0.0027422685792855114,0.009318623560172148,0.006747950348462314,0.007999507118062516,0.006684019099296605,0.012289654055167794,0.011150989405945609
2025-04-24,0.0019363933388518268,0.007574321051860884,0.002739406385678852,0.009365898741813415,0.006749510830527592,0.007974194187649372,0.0066836136861432825,0.012229149088836893,0.011128156783620304
2025-04-25,0.001926506580945263,0.0075632197054135205,0.0027550188382516575,0.009327228661864332,0.00674973910944654,0.007936443426746194,0.006683835128372451,0.012226275700260799,0.011128124004756365
2025-04-28,0.001936030417226852,0.007466409890418613,0.0028453959284657857,0.009513150425615907,0.006744613756446039,0.007912512670270317,0.00667026005154965,0.012224152624137442,0.011110997237310846
2025-04-29,0.002032697500889996,0.0074307563251946205,0.002868085405618645,0.009159551100679054,0.006752361632558271,0.0079096131311029,0.006681388696919048,0.012130164742647442,0.011047596374671554
2025-04-30,0.0020373362375926875,0.007435272542706442,0.00309386699562269,0.009150213172887622,0.006744312197536299,0.00792842083310146,0.006699127930960778,0.01211309410956911,0.011012504789381044
2025-05-02,0.0020304249775535224,0.007471487092860867,0.0030939912790518783,0.00929965316062182,0.006735534438880278,0.00809612119240218,0.006766416791684228,0.01222646099222964,0.011086867229981253
2025-05-05,0.0020304448235553296,0.007451534468066127,0.003075999565936173,0.009313270278971173,0.001513605211219871,0.008112425667755349,0.006763643866108886,0.012245340106976746,0.011101431850673464
2025-05-06,0.002432422073775684,0.007348324660013042,0.003084967022713564,0.009302169701333558,0.0015123966443953514,0.00807955138525351,0.006771422641111734,0.012342358499135038,0.0110097021885281
2025-05-07,0.00244040398540604,0.007344046852639984,0.0031772173929058892,0.009303090138824284,0.001515288468138305,0.00813755684747006,0.00677710593929085,0.012177150181685735,0.011007090129976655
2025-05-08,0.0024585539880209875,0.0074530389880189795,0.0034611069780066065,0.009393725434633238,0.0015155513882911607,0.00819910538868891,0.006792346531784178,0.012201103981230728,0.011143028319312171
2025-05-09,0.002456417010236717,0.007514922028295404,0.0034562672860608415,0.009400437301354352,0.0015601185488574132,0.00823345087830859,0.006855039608391329,0.012509626551086507,0.011108516457109132
2025-05-12,0.0026145519628397256,0.007922376337596347,0.0036294696181977362,0.009414603716632101,0.0015595929799970519,0.009065856666783915,0.006961605205376018,0.01252264250855543,0.011117597491022672
2025-05-13,0.002613915389554381,0.007919455276834204,0.0037856794759975362,0.00943914394313295,0.0015581227927830437,0.00905087646557599,0.006960270401437952,0.012459028855838437,0.011121543463996745
2025-05-14,0.0026173415073396837,0.008057538572632616,0.003764339833467416,0.009473093195073208,0.0015731721856733054,0.009319723146927604,0.0070886730575715024,0.012563904752877289,0.011233152654131195
2025-05-15,0.0026121820198637246,0.008087087931126443,0.003768284540089348,0.009360395480337633,0.0015654104708788521,0.009224544280596549,0.0071342184042455315,0.01256971397479789,0.011216424592007904
2025-05-16,0.002569364860462156,0.008058936772835132,0.003747152145197177,0.009357251346099209,0.001644396140624135,0.009227724994915682,0.007075412651739958,0.0125806533583402,0.011216231684699216
2025-05-19,0.0025791015173751543,0.008107270661213122,0.0037518145708800524,0.00888789209766698,0.001631071764296523,0.009253448973158353,0.007141597750423292,0.012481859163469186,0.011173702071449687
2025-05-20,0.002510655354206164,0.006585348542484846,0.00373027629657857,0.008399849426878601,0.0016347364175477302,0.008469404579319032,0.0063762539663778876,0.012433053109593147,0.011109931252147804
2025-05-21,0.002527764189196175,0.006648722306908338,0.003722111689060343,0.008129267609630536,0.001638695814556607,0.008461787609459563,0.0058410460811355175,0.011914688145372056,0.007957379416658075
2025-05-22,0.002414080471383566,0.006440998082962154,0.0037433241054047445,0.007420500323099885,0.0016569953747018514,0.00831017126719586,0.004960034065124768,0.010976195075014898,0.007560289357189189
2025-05-23,0.0022863166066204327,0.00643127635568104,0.003782532598006026,0.007420018305662003,0.0016990313201280705,0.008346887604970288,0.004939652388924146,0.011219531585204293,0.007551662630424278
2025-05-26,0.0022559628189370443,0.006373615902333867,0.003692263216278643,0.006239251035433828,0.0018561958830300522,0.00792533847593114,0.004974477741451681,0.00954150129538977,0.007464947181363321
2025-05-27,0.0022023736565203052,0.006383141489946069,0.0036297301041967726,0.005975348455842267,0.0017669020110733305,0.007991260009215049,0.004683403258149257,0.007613439584123505,0.005850936173172309
2025-05-28,0.002153737100894716,0.004809130650906649,0.0036288435766024638,0.0059269685199351,0.001685937817978788,0.0072181236300373,0.004353008682045628,0.007593965657928388,0.005759935762478247
2025-05-29,0.002109400699618498,0.004810740858428763,0.003630591402691723,0.005101895481167052,0.001675706097020767,0.007226237474171788,0.004250911032741761,0.007668086781820954,0.005385234440341813
2025-05-30,0.002118396599976436,0.00483508423950066,0.0036329060568361248,0.005141806993263497,0.0017151605551854769,0.007382777550658963,0.004182335690001887,0.007664012410344873,0.0051954662883523265
2025-06-02,0.002127788802730883,0.004978256465152322,0.0036209618966132756,0.0051491360020470426,0.0017514169782412135,0.007492039169622478,0.00423086199883021,0.007627982640983526,0.005447050702853838
2025-06-03,0.002134876651928396,0.00500937117733794,0.003618385596996013,0.0051487854734323015,0.0017685295333593463,0.0075084111866689195,0.004247932859080032,0.0076189805367513075,0.0055277066518147995
2025-06-04,0.0020778368032253265,0.004636323456693251,0.003630561797601698,0.004847385730526852,0.0016292953941588035,0.006979761820286348,0.0038467746791749162,0.007376308510068011,0.005534381262006967
2025-06-05,0.0020137274579477044,0.0045818247694071335,0.003615596266080361,0.004904061309936096,0.0018477207595390844,0.006919353945528893,0.0037742390661339455,0.006847587733173888,0.005556117455322878
2025-06-06,0.0020173877719234967,0.0045406026093187555,0.0036185620925198946,0.004727860405371558,0.0019506465081168178,0.006935420739186984,0.003800896385251641,0.007001266502550505,0.0055433666693893375
2025-06-09,0.002018065179314157,0.004528566962508491,0.0036190015214464274,0.004539502188568392,0.001924903402525537,0.006870353200290526,0.003801719045562311,0.007033280608533197,0.005584870230094238
2025-06-10,0.001996477959076385,0.004536995019963132,0.0035112552446990722,0.004322196246459364,0.0019291957056491802,0.00687003742220337,0.003847346129845332,0.007021291918967996,0.0055773114084074924
2025-06-11,0.0019238253778669596,0.004532176822620339,0.003507672492256835,0.00446633701851565,0.001946110209761992,0.006867128967543176,0.0038190204791934503,0.006956978937705356,0.005601805934234585
2025-06-12,0.001932500108108984,0.005177840929055234,0.00322979874686664,0.004512486155881739,0.0020129100954997523,0.007181855448207695,0.003959492931308619,0.006952876303540979,0.005576037126235192
2025-06-13,0.001934409186636062,0.0053375512771939625,0.0033586824541981773,0.0047893803224638674,0.002023529931588648,0.0069430309657863565,0.003914078253705428,0.006767514025573363,0.005547361645655449
2025-06-16,0.001932987040780764,0.005410073621233965,0.0033650496516626585,0.005258229345483662,0.0020474967998509075,0.006892106365933566,0.003934807111043164,0.006789323975479371,0.005575252829508293
2025-06-17,0.0014092672427255515,0.005398259982668066,0.0033812175630575903,0.005278926915724259,0.0020545320991379517,0.006744343559757203,0.003895460001832853,0.006636172131895349,0.005541253932902799
2025-06-18,0.0013997166038215755,0.00548350612410042,0.0033120988485570942,0.005968095522887228,0.002136919062629671,0.006700087073895624,0.00420162760703672,0.0066289955437164845,0.0056498754925059305
2025-06-19,0.0013536717983186211,0.005397844110410436,0.003002310231398529,0.005813432017874584,0.0021288463849389004,0.006580648985107587,0.004200039904646698,0.006431201767896745,0.005494444477986212
2025-06-20,0.0013657879320357873,0.005350244400394719,0.0030034249572622783,0.005864457535340415,0.0021311990481784437,0.006553612918998413,0.004160463246562551,0.005852525784252217,0.0054924819096350205
2025-06-23,0.0010455234365204498,0.004749681353776474,0.002732549414142143,0.005890120350173994,0.002132695357433667,0.005943761741729009,0.004151732147667957,0.006194819629813003,0.006205784223583279
2025-06-24,0.001091570973289045,0.005123992792800015,0.0030548843226253317,0.006896561520595603,0.002204419421434543,0.0067346320018286205,0.005029989530907833,0.0064781298427649585,0.007074051391106621
2025-06-25,0.001086959186267269,0.0049285535923079635,0.0030561847912302844,0.006847219461239193,0.0022099919968489017,0.006429456655505866,0.004855984697207049,0.006559177236430677,0.006893007441114198
2025-06-26,0.0010694546528519629,0.0050459393516845445,0.003151915472455949,0.006656976104468307,0.0021662818044864023,0.00663517527789967,0.004927924571796941,0.00658102478409779,0.006717364108376169
2025-06-27,0.0010641505882068069,0.005046107350977103,0.003188615151429696,0.006647992779977351,0.00213363748209856,0.006629323694560597,0.004927248578812093,0.006705003861561258,0.006717399073188413
2025-06-30,0.0010541891950170365,0.004971866650984531,0.0032294757976041363,0.006630259090063009,0.002296689236018593,0.006581166164463936,0.004821630213418235,0.006735945440017789,0.006661689834634115
2025-07-01,0.0010291781943500614,0.0050632878612447705,0.0032613214510020193,0.006887281840752021,0.002330864422918258,0.006834265699556188,0.004827434018218059,0.006990074141847031,0.0067103301470847485
2025-07-02,0.0009855422227812067,0.005082639723787508,0.0032683512755463796,0.006923960373062885,0.002381909275157692,0.00696314278165398,0.004991988963020718,0.0071346814027182254,0.0067291005711922315
2025-07-03,0.0009977402928385034,0.005067129008189625,0.003198023101163364,0.00691640417386155,0.002382570576584822,0.006953525084412729,0.004994798396616666,0.007241211647801015,0.006699555325814761
2025-07-04,0.0008773573410812877,0.0050761260924033205,0.002988565982989937,0.007006015785333245,0.00235077845212434,0.006882207585477235,0.004940360072050813,0.006818433687084306,0.006722007801329617
2025-07-07,0.000920235365975127,0.005027286478787288,0.00308702288057833,0.007025151893188214,0.002287508128465802,0.007012905793769969,0.004843765658785753,0.00654323851015492,0.006595194882089567
2025-07-08,0.0008922670057590639,0.005003749542715891,0.003079148887936479,0.006997772471140843,0.0022690142149756004,0.006932551516333346,0.004880975423936663,0.00657198427788332,0.006399389526783629
2025-07-09,0.0009072622699623589,0.004960020448333212,0.0030797978461819574,0.007023902800301248,0.002262485994934171,0.0069308566267004094,0.004768071686868143,0.006571604631281055,0.006416494634916145
2025-07-10,0.0009100725136250768,0.004893930831547426,0.0030773996209602418,0.007029156129991026,0.002279969637953108,0.006933111376965609,0.004768080448418885,0.008285528668457519,0.006461061121275794
2025-07-11,0.0009096486501803943,0.004876419930755491,0.0030732114450988477,0.0072834996663146846,0.002308044290702486,0.006789169174460449,0.004887840874429032,0.008399998158594409,0.006451797520191552
2025-07-14,0.0008943472622789747,0.004742026210800422,0.0030635895330208872,0.0073393759620881335,0.002274529044486904,0.006635315753141462,0.004817970130023461,0.008380304019051946,0.006250611956761615
2025-07-15,0.0008640507092982548,0.0047238141733055425,0.003041808151712908,0.007358941740585442,0.002238665071725408,0.006646751632289269,0.004826987645688829,0.008486239438190442,0.006178621107750308
2025-07-16,0.0008877828332542402,0.004856620791684296,0.0030009912940899166,0.007404982506641342,0.0022276702026387324,0.006594931055973244,0.0048446469646283115,0.008387516527044954,0.006232328906863698
2025-07-17,0.0008551848829472395,0.004849589629771896,0.0030016874086423763,0.007330722680964915,0.0020549634076821957,0.006445669003841723,0.004786749880931975,0.008404364970508492,0.006427600499453839
2025-07-18,0.0008573001738000711,0.004948254016269525,0.0029955966674383903,0.007585691380745353,0.001957419588519038,0.006386659267110506,0.004868952639399935,0.00829413640930273,0.00666447391253928
2025-07-21,0.000858121065958695,0.0049480408388752565,0.003001725175096191,0.007580794240506193,0.001946420267145098,0.006538942937276979,0.004878193784380873,0.008330811479106692,0.00661810522225757
2025-07-22,0.0008541724900832635,0.004958867627767118,0.0030026105241822876,0.007680586271031417,0.0019420489852817943,0.006555545351357469,0.004848619816818384,0.008346999683554686,0.0066175767836273965
2025-07-23,0.0009256237704023295,0.0049660240147056875,0.00299979165242821,0.007617720772162106,0.0019082067213486073,0.006600878891905387,0.004886110915833944,0.008328051762121817,0.0069321931218917915
2025-07-24,0.0008883200916884349,0.004328812585666143,0.0030016747690646316,0.007609643142418162,0.0018545805024114813,0.0062460403846671285,0.004733808390375778,0.008354802287964768,0.0069434860662935605
2025-07-25,0.00092480776105872,0.004133554812636704,0.002776231793174367,0.007444617703111949,0.0018322992875956321,0.006373955409155412,0.004885846492110707,0.008314900164016953,0.006993138584587814
2025-07-28,0.0009346470260006543,0.004202673612123383,0.0027949127080554603,0.007168896182943061,0.0018131699598001377,0.006389554909902628,0.004849647473290647,0.008468559118664298,0.006945263543730215
2025-07-29,0.0009365399572801706,0.004635398398445697,0.0027773932224945965,0.007256373296373971,0.0017986063596100738,0.006404012994245443,0.005002923089791729,0.008319533024033217,0.006991869404498475
2025-07-30,0.0009318725672216173,0.004535377758639782,0.003054205196350426,0.006807673772493126,0.0017175888141431012,0.0064463101839760525,0.004813485393095556,0.008319179748654268,0.006920094693432973
2025-07-31,0.0009901149135808406,0.004695999281302076,0.0030012336590090945,0.0072974891651946365,0.0017189919242843151,0.006620113371591745,0.005146534069124229,0.008318938137119978,0.006958536843390138
2025-08-01,0.0010384830526530503,0.004696783617516087,0.003000228765805244,0.007494860865244409,0.0016796567479944427,0.006640711319889619,0.005162049823608591,0.008398364702166459,0.006961396196286183
2025-08-04,0.0013719153780025126,0.005320257476010168,0.0030006352873398977,0.008026878711955633,0.0016811459061639139,0.007340612404967045,0.005344252046941904,0.008701189177625393,0.006538796515447109
2025-08-05,0.0013609403738125228,0.0048748910753846,0.0024980085419403623,0.00703077501525245,0.0015923294641971874,0.006560299628247707,0.004339777740085375,0.008461368876093002,0.005570497024653361
2025-08-06,0.0013619554904254624,0.004964016075150884,0.002509190351188222,0.00734982509884,0.0015704669401322327,0.006495868884570936,0.0043760557023880845,0.008293404971903583,0.005671070502721937
2025-08-07,0.0013694365365416782,0.0047570549787474565,0.0024210532682059846,0.007406723899724697,0.0015857182766675524,0.00624734172600339,0.004451463783931314,0.008381889117023781,0.00560717707926667
2025-08-08,0.001373816463297382,0.004755178300759813,0.002336135305468688,0.007407730281357742,0.0015405463400505082,0.0062605635812809455,0.004440297409414904,0.0080688347276041,0.005606546697282062
2025-08-11,0.0013593527531427982,0.004760532131235595,0.0022853851205136924,0.007430039836524822,0.0012926748790400954,0.0062428594817246314,0.004436725277798067,0.008077126367598124,0.0056204219384713774
2025-08-12,0.0013574391167611346,0.004522405957799846,0.0021986831177393494,0.0071496542910312036,0.0012223493259248025,0.005894490900553762,0.004402280557819411,0.007784712060066291,0.00540874737896469
2025-08-13,0.0013899177625111188,0.004776088916787142,0.0023019352452058237,0.007408824341596704,0.0010980002628108562,0.005938244586014206,0.0045199398729394566,0.007782304993416057,0.005664907383346197
2025-08-14,0.0013784586274290481,0.004762725067037069,0.002173008071770287,0.007312893405590038,0.0010625414954387692,0.006017112758144768,0.004522454968747355,0.007660129510938021,0.005696040638433986
2025-08-15,0.0013940293631060112,0.004758975908879361,0.0022051912247044577,0.00724499545991415,0.001102182607325568,0.006015123047540967,0.004528076706374754,0.007645412075255663,0.005689321768386557
2025-08-18,0.001369500471319825,0.0047277786677705665,0.001984047765922723,0.007117862984700266,0.0010038711859023147,0.005888427374379492,0.004523167510898048,0.007595028359684945,0.005464383845878216
2025-08-19,0.0013694004949060647,0.004728948786470082,0.002006807762791963,0.0071072117732977075,0.0010155394207177122,0.005776328352404389,0.0044920002869568935,0.00764445727866934,0.005379646494066693
2025-08-20,0.0013627414458629507,0.0047431719244614935,0.00201348471293098,0.0071446101272153425,0.001017156327339968,0.005796472605161727,0.004525364046451693,0.007778812213342128,0.005562102855275092
2025-08-21,0.001356922641576822,0.00474128000685194,0.0020415940098087856,0.0071142075937296115,0.0009787945360455225,0.005790968798704259,0.004536874746074983,0.0058811179466682914,0.0054907140978854695
2025-08-22,0.0013437394281184385,0.004748497215182363,0.0020942204702750163,0.006853573279570747,0.0008461793417410211,0.005808933682541063,0.004443062529261763,0.005744854917866634,0.005445412969947047
2025-08-25,0.0014642026697272094,0.004958315561052872,0.0020777253935524223,0.006833807902137714,0.0009144467354504852,0.006044287402647824,0.004628737310506364,0.005861649814190393,0.005857942349996422
2025-08-26,0.0014558508386855078,0.00498515338951065,0.0020357350839839763,0.006884258867601153,0.0009027929576808264,0.005998621739509181,0.0045899715770427564,0.005711281842824818,0.005857417463765786
2025-08-27,0.0014462418701763615,0.004985301487767869,0.002036792073271739,0.006928143297053715,0.0009025823470052607,0.005978144363638198,0.004601851343942415,0.005778884898291939,0.005788320966255895
2025-08-28,0.0016325440741809926,0.005136918914380904,0.002097278786986354,0.007056328393586121,0.0009076576084012282,0.006145649508782224,0.004719198674592471,0.005796447352261343,0.005776364176225374
2025-08-29,0.0016335187668258203,0.005026147300623041,0.0023970236254168883,0.00689782716150852,0.0009488308294648739,0.006164909932156691,0.004743732548063242,0.005798292380399041,0.0054803640107563304
2025-09-01,0.0016354931241227414,0.005097995106685804,0.002393566319429308,0.007083686498960494,0.0009705670067204135,0.006041033600703833,0.004846045819231698,0.005657117169074743,0.00552293799549779
2025-09-02,0.0016600156651910248,0.0051894506584315115,0.0024153370180139346,0.007105709678121753,0.0009528727075832867,0.006278990945279389,0.005221350052859692,0.0059083377011204885,0.005656638176315761
2025-09-03,0.0016210274118826143,0.005170826113447244,0.0024224015978846,0.007179656653442373,0.0009540271671737125,0.006164555409163203,0.005197622788248709,0.00593848359832159,0.00529173407162286
2025-09-04,0.001623886995107943,0.005144344592222754,0.002416316597085771,0.007360387114051243,0.0009568715310127586,0.006177247088806151,0.0052095086670751285,0.0057686988026927006,0.0052820324186881925
2025-09-05,0.0015941935577251513,0.0051901045024344014,0.0024179162838145088,0.007345300535555649,0.0009247367673459503,0.006031592753660259,0.005057240756895999,0.005865750658409369,0.005190862081371668
2025-09-08,0.0015944821964225346,0.005089385551943273,0.0024640381912238644,0.007303710384807112,0.000941586924539419,0.006002636941964133,0.005086147947564116,0.0055316601950727564,0.005206333412470569
2025-09-09,0.0015982868388435512,0.004673976852152033,0.0024605599452397786,0.007217645814057378,0.0009421049977058297,0.006087422487243519,0.004901231174605565,0.00553667176821041,0.0051350038450635885
2025-09-10,0.0015927400627451015,0.004720295411153974,0.0020976514418193175,0.007240913035218918,0.0009409633008313336,0.006143577107326193,0.004899322164944895,0.00556147738118524,0.0051190555295726635
2025-09-11,0.001547385557137359,0.0045237070896303536,0.0021694810632837424,0.006697716208700542,0.0009421633816476297,0.005849682115096424,0.0044889989924884665,0.005569504518597282,0.004954942594058682
2025-09-12,0.0014608463653861766,0.004462863633926037,0.0021815139759869505,0.006433936849710839,0.0009430326772406272,0.005784628623417799,0.004337984410702407,0.005359745653326603,0.0049689758358667626
2025-09-15,0.0011865354510225848,0.003782170815997081,0.0021858005981417947,0.0058190185559683,0.0010885700344773757,0.004434408451904071,0.004121735752503404,0.0050540008151933585,0.004766360328749032
2025-09-16,0.0011412534734217123,0.0037943437421480096,0.0021856963771006693,0.005846665643582471,0.0010784908029118747,0.004448268496401877,0.00411887306179557,0.005088804759268599,0.00472449965667021
2025-09-17,0.0011627067772935636,0.003724968244063753,0.0022246310196414555,0.005524704871636807,0.0010770716596877781,0.004506607939154252,0.004111670700727251,0.005084119767772521,0.004634779736674599
2025-09-18,0.0011627334677107013,0.0037112579523565143,0.0022298314221495595,0.005472653800249449,0.0010634423230840386,0.004700785985315396,0.0038877427106167534,0.004958650502117604,0.004722922563212175
2025-09-19,0.001194329750141898,0.003954492261657418,0.002219312724919229,0.005492212894171634,0.0011035063508523892,0.004738810548174766,0.004350047403668148,0.0053447879713326195,0.0049886232571460425
2025-09-22,0.0011919265509127122,0.003978034326582181,0.0022187658439300514,0.005493404325721595,0.001110905241641499,0.0047486311257287726,0.004354991142997423,0.00531912620189382,0.00496379999725161
2025-09-23,0.0011857397881337107,0.003964184456655266,0.0024270539546633312,0.0054881250214301605,0.0011089037945801077,0.004690050664350319,0.0043325820183295494,0.005316657208530209,0.004925276859330086
2025-09-24,0.0012382673604192144,0.0036816095362965837,0.0023550075196133043,0.005118668211665005,0.0011074793681715705,0.00451579289316388,0.004122841100838335,0.005298810887881987,0.004607609837120389
2025-09-25,0.0012373667928581068,0.0036759006263291224,0.0023515330976778544,0.005104197054178574,0.0011037712875060937,0.004420962305054528,0.0041580354812134,0.005373034923905366,0.0045874497163296175
2025-09-26,0.001269865512597946,0.003829217161468754,0.002330223439008059,0.0052320955704552195,0.001085734483769667,0.004519936782207659,0.0042313801652239125,0.005569476646391966,0.004848732778665687
2025-09-29,0.001324718260987598,0.003904157925563766,0.0023150710715400128,0.005472205521619038,0.0010590822240325163,0.004664815947271114,0.004406553756728345,0.005626019163936625,0.0049506302508758775
2025-09-30,0.0013234708938959657,0.0039109181541802955,0.002197105482231162,0.00547054486214619,0.001054703715410461,0.0047585043727373716,0.004401908082157517,0.005501995738649133,0.005067842171540136
2025-10-01,0.0013241573338611686,0.0038869935496878773,0.002205406848180171,0.005430811321159802,0.0010536162870831577,0.0048631799749993656,0.004380932257317045,0.005260455577113715,0.0047915599536695825
2025-10-02,0.0013210068622901206,0.003902856389226764,0.00218426792062231,0.005431644365363725,0.0010526285948922025,0.0048453692443315875,0.004365057039894759,0.005259029289114277,0.004756107575356941
2025-10-03,0.001320171536913699,0.0038812347508603616,0.0021299345327334225,0.005474769249438952,0.0010245911801587669,0.004781164159690012,0.004359662012855038,0.005367278871157095,0.004765101172960668
2025-10-06,0.0012054266114228805,0.0037396925838880054,0.0021319726090971393,0.00543511896011298,0.0009607928529565398,0.0055933772681500266,0.004167755465484799,0.005240368900475753,0.004366643005651238
2025-10-07,0.0012045032914746816,0.0036876205959567713,0.0021358862398297425,0.005353377861755531,0.0009605747454640705,0.005670468334182358,0.004172880331159973,0.005200211771441519,0.004377391682754821
2025-10-08,0.001195787201823949,0.003600012264697088,0.002125325419623689,0.005148582255578859,0.0009609858029611773,0.005979436447442892,0.004125144101199427,0.005159669643887938,0.00435398304088467
2025-10-09,0.0009222767175886503,0.003354728023961804,0.002073640105299319,0.005054187336452881,0.0009593331095144139,0.005732917515306772,0.003996029407265257,0.005147554120432885,0.004089012319850326
2025-10-10,0.00092129865293583,0.003408008663206939,0.0016904049258400064,0.00507200999509951,0.0009708742263592052,0.005748925147499598,0.004071016012310062,0.005287532415072072,0.0042761595206121635
2025-10-13,0.0009523877373847212,0.0032687944222022686,0.0016921872517354595,0.00515077983709449,0.0009714984432739451,0.0057873078986945044,0.003992581849194905,0.006488923198454212,0.004410885041207054
2025-10-14,0.0009406542660538929,0.0031063288628106673,0.001676842799404448,0.005020364935504798,0.0009682355886020146,0.005563040252900263,0.0036392422162345632,0.0063475014193144635,0.004534773548793053
2025-10-15,0.0010000918271884298,0.0033044907289726364,0.0022884108687022935,0.005135512073793483,0.0009682892620880389,0.005618602234244305,0.0038334597999884323,0.006423477570689234,0.00480403244052388
2025-10-16,0.000993714357761936,0.0033323947250759904,0.0022974497476730142,0.004795521395210457,0.000967000117096647,0.00561704869456822,0.003955205889586501,0.006443064295167493,0.0047921368899927425
2025-10-17,0.000994551290172548,0.0032758213323539095,0.002284026172957506,0.004716352654812815,0.0010169011785418959,0.00571277823788429,0.003926615668620608,0.006360198998563411,0.004722521431725388
2025-10-20,0.0009763922811450856,0.00325841722624176,0.0022496571748989286,0.004648972763187898,0.0009903590996540664,0.005714186901143892,0.003870563998592538,0.006387950497551605,0.004539444308595621
2025-10-21,0.0009605296976067941,0.0033207546462236757,0.0022349462319791284,0.004581751800593023,0.0009907415230946577,0.00567690480456291,0.0038668625930284185,0.006398856280613703,0.004495713120080495
2025-10-22,0.000982093708406212,0.003289771243698307,0.002419215158290954,0.0047065212639692015,0.0009919247279582633,0.005648141333136989,0.0038888857412657223,0.006387260037982505,0.004495295327180514
2025-10-23,0.0009827781453217877,0.0032803585399435015,0.0026336719642116708,0.004838447895210486,0.0010135963574689115,0.005690134424347904,0.003886391497464269,0.0063722137148555374,0.004536072574565975
2025-10-24,0.0009823420911517992,0.003249013089863658,0.0026173806632375416,0.004551161744116893,0.001137793537740319,0.005686515959848494,0.0038709418054239312,0.006343441347326598,0.004382438201718082
2025-10-27,0.001054877841054417,0.0031848042821890454,0.002771225525731239,0.004743291841201779,0.0010601084609236221,0.005617523742932667,0.003762040447609945,0.005991910835353936,0.004663077108610308
2025-10-28,0.0010533285519939717,0.0031019574313535013,0.002765975429939732,0.004780342015174169,0.0010641915129806006,0.005650929385088693,0.0038266743625584797,0.0059234963642399285,0.0046506488088103514
2025-10-29,0.0010158267094252244,0.0030552368653839973,0.00273741295761357,0.004994281193267193,0.0010740458043887232,0.005575602711870095,0.003884986705304396,0.006006321212271558,0.004844974542765084
2025-10-30,0.0010864059295912951,0.0032994253480766564,0.002863302653828082,0.005681810992159944,0.0010757511243313397,0.006013015495995951,0.004017285482760097,0.006108711581645484,0.005086636335926103
2025-10-31,0.0010552001905210768,0.003087839117730232,0.00286299585748463,0.005671206445450696,0.0010403764502326795,0.006016057970930363,0.0036408068378532845,0.005812229483544292,0.004881143913242577
2025-11-03,0.001056755763796455,0.0030202899784635456,0.002856582981842415,0.005620131860969227,0.0010372891741869147,0.005993260283388505,0.0036649709527776233,0.005855322897431831,0.004883987335596232
2025-11-04,0.0010625331851811701,0.00300900414906249,0.0026676788298946137,0.0058692528857629735,0.0010396216086387671,0.006088831580004469,0.0037365686707883454,0.005913580434465467,0.005036386825762217
2025-11-05,0.0009876125807168762,0.0029824178304266886,0.002667712877480548,0.005871859658032142,0.0010397159625667078,0.0060613566695155285,0.0037137000305609404,0.00569653487333512,0.005037651317245556
2025-11-06,0.0010043165493818778,0.0030809921475807222,0.0026709568426976213,0.005947123244735509,0.0010401871805363466,0.00606681871492896,0.003793491705043142,0.006066228290571528,0.005106985197896579
2025-11-07,0.0009401603797217948,0.002969311805286275,0.0026790944255293348,0.0058423109961696015,0.0010275891996866003,0.006036529638274252,0.003748929370023126,0.005966045236196166,0.004970134560780329
2025-11-10,0.0008448893192793536,0.0028457664134351793,0.0026780592105956898,0.005843692849060226,0.0010269564489252562,0.005958405434275146,0.003653826390673518,0.006138408824077365,0.00508834020194603
2025-11-11,0.0008440653268646199,0.0028255731359160944,0.002702678541700378,0.005845485626980742,0.001025169569727822,0.005841603245982021,0.0036666528815771974,0.0061864080707934406,0.0049036085427264075
2025-11-12,0.0008455653416080454,0.002821282700792126,0.002710774935989736,0.005904574020376699,0.001025056435738918,0.005689954561752917,0.003636954982709413,0.006211797934545041,0.004932125513392735
2025-11-13,0.0009930405723916219,0.002870475182048742,0.002716940491506669,0.005918785803876674,0.0010262330687994883,0.005676390438974269,0.0037431252643156847,0.0062340012453833485,0.004954427642801934
2025-11-14,0.0009929877400347618,0.002906129362342931,0.0027130439779692915,0.006043060324902455,0.0010259088610808154,0.005770632409241344,0.003732276503283004,0.006189446285213033,0.005014731585108561
2025-11-17,0.0010420167317019453,0.002903367512615988,0.0027163370863476,0.0060678380327526165,0.0010296209197471378,0.004933706245370502,0.0037444819191711147,0.006189753021013621,0.005022931233697693
2025-11-18,0.0010453648140471429,0.002899624434282492,0.0027171165790572543,0.006288833664745968,0.0010304714870105628,0.004860097669015064,0.0037669227880183656,0.006300506188474176,0.005027295749787505
2025-11-19,0.0010453530303408678,0.002840052230049835,0.002719181583598317,0.006343911497611287,0.0010292060501795501,0.004505116256665324,0.0037635708376845614,0.006221413373202519,0.005023004999621656
2025-11-20,0.0010467162448110554,0.0030286943078372337,0.002754297053373489,0.006333921037406726,0.0010285902825348868,0.004775897676279784,0.003813324886244867,0.006148084675474335,0.004965454305008345
2025-11-21,0.001050734612447961,0.0029610971675036435,0.0033428380381872705,0.006349967991968376,0.0009928780687405532,0.004903321175915693,0.003672668765010174,0.006169623784598552,0.0049117997634341585
2025-11-24,0.0011440502349626808,0.0029886447691085407,0.0035060561596401162,0.006203001090071383,0.0011029223226226349,0.004853595479137824,0.003614989919690383,0.004875318139412345,0.004775602288615075
2025-11-25,0.001117725160480182,0.002980683420573581,0.003501993593288597,0.006131505384049564,0.0011341113863971653,0.0049757474979563315,0.003534091985757186,0.004804684224609591,0.004499977969111876
2025-11-26,0.0010803539277409453,0.002797255427249495,0.0031198625293729102,0.00600586030383122,0.0011337736900690375,0.00490267217938117,0.003361181264694792,0.004707626684708196,0.004252514557537735
2025-11-27,0.0010892856174780034,0.002764667436617026,0.0031154668203424904,0.006018318908741194,0.0011414386176057942,0.004885134885660169,0.003240281133865457,0.0047708373808078,0.004304180164655743
2025-11-28,0.0011005921080757734,0.0027217225043484547,0.0031156837736201213,0.005999179895250761,0.001100494351403076,0.004734914117188976,0.003239272776577418,0.004756040863668221,0.004297920147150082
2025-12-01,0.0010996643608239091,0.0029962016193164436,0.0031010152495849707,0.005986392699574916,0.0011280105706922149,0.005050292448898453,0.0033308100615582503,0.0047003890587339,0.004415949846950662
2025-12-02,0.0010967987977108862,0.0029410982069871996,0.0031836099486903862,0.005996289724774425,0.0011555577155650137,0.005042306086914382,0.0034049606970706875,0.00468083378047417,0.004433852209861878
2025-12-03,0.001075744500344525,0.0030385158665985103,0.0030959915596542997,0.00580666441465112,0.0011515662239003981,0.0051242937836793075,0.00370070680383663,0.004863177888183158,0.004546315836238664
2025-12-04,0.0011056637008221393,0.0030388523946109896,0.0028705388030844247,0.005788667880645478,0.0011194730105971368,0.005119268200903476,0.0037239802887937333,0.004877571322896567,0.004539755223924152
2025-12-05,0.0011056868191901819,0.0030478661731883462,0.00286473967502962,0.00580221809629821,0.0010103898949092047,0.005134059669120814,0.003696903123028876,0.004882984315411032,0.004593091345914052
2025-12-08,0.0010487081332558937,0.0030203183821211513,0.002753392309239741,0.005648198167594414,0.0009608191916172426,0.005139499952615032,0.003664038992579606,0.006092489443583406,0.004327857249143902
2025-12-09,0.0010431695094533068,0.0030299578594066416,0.0028035649932163067,0.0057334305974074875,0.0009559683035520871,0.00513975400129197,0.003526735460787043,0.0062784793407258295,0.004326399529366311
2025-12-10,0.0010431091182132675,0.0030288509486225868,0.0027887696832299973,0.0055468726903276115,0.0009402655471037563,0.005135846306060334,0.0034075702894046656,0.0061838884004964505,0.004148897832865232
2025-12-11,0.0009537967965674948,0.0029405204410444287,0.002736399869139031,0.004885055615448447,0.0009359358943483945,0.004639457710237384,0.003281720254947806,0.006021501675962055,0.0037016503091605126
2025-12-12,0.0009492323242031503,0.002945864110403459,0.0027509719433591933,0.004943955486439367,0.0009608686711916897,0.004644391320423026,0.0032658095310190587,0.006200101039827867,0.003708264085533062
2025-12-15,0.0009437004392987144,0.002857365695298857,0.0027694468442748246,0.004984757742694858,0.001068796759929681,0.004768853007543002,0.003251089001194067,0.006170742052798048,0.0037490919648312943
2025-12-16,0.0009260697282874223,0.0028203588728947424,0.002763534544090491,0.004587611435789995,0.001066406264961975,0.004727953157583044,0.0030864009857039876,0.0062888355794402055,0.0034748867837129803
2025-12-17,0.0009255633003905501,0.0029872408929057666,0.0030287380209206476,0.004587707667750016,0.001065437815582974,0.004852020759053335,0.003382859767849661,0.006686594955812991,0.0035030115728021875
2025-12-18,0.0009165489133242371,0.0029403476552856997,0.003035797641262579,0.0045706200042661,0.001065855255371443,0.004848042121439874,0.0033925797628381257,0.006410222151320662,0.0034341626869510496
2025-12-19,0.0009127658312231252,0.0029249569131478046,0.0032834117319366896,0.00456850418398058,0.001046404520732522,0.005054137127522881,0.0034265257648316153,0.006429065161815919,0.0032550694987094684
2025-12-22,0.0009129767280255661,0.002956355488778977,0.0032875255777580427,0.004352356695700732,0.0010495035018763283,0.0049388399280649135,0.003436972352412086,0.006135268811741686,0.0031685047314524138
2025-12-23,0.0009253196134941944,0.0030058936954578657,0.003265453019673629,0.004385100448426797,0.001048717593451998,0.005200998812057249,0.003468623706226413,0.006228738235533195,0.0033489535670484217
2025-12-24,0.0009652838252244006,0.0030059051624745626,0.00327617742204224,0.0042420309250795684,0.0010477507960250576,0.005158090830505493,0.0034274589680767724,0.006651706327818112,0.0033360405550640223
2025-12-29,0.0008642476080739735,0.002977355682003081,0.0032842887547060787,0.004243590938636441,0.0010826202108579742,0.005162180908464485,0.0033993951054002505,0.006786667704315962,0.003351649549092104
2025-12-30,0.000902768156845601,0.0029583662473725604,0.0032945712601767318,0.003942855990260513,0.0010653418289589907,0.005100710766428904,0.0033900801737972628,0.007036339105932707,0.0032054875505666152
2025-12-31,0.0008687075782365475,0.0028072554362219833,0.0032871966798364025,0.003997650044440094,0.0010646998944935082,0.0050081059704079256,0.00343401611732375,0.007245470069098456,0.00323245517769758
2026-01-02,0.0008567731014750182,0.0028551288265782453,0.003331520778126055,0.0034988477332303486,0.0010774416605333745,0.005000769241340192,0.003384403980302057,0.007317025846385698,0.003188256547777312
2026-01-05,0.0008580547712565957,0.003008478148575843,0.0033236274816289624,0.003450698011152951,0.0010781332064089054,0.004902059418819333,0.00336520766079057,0.0073113248840203865,0.0032739712983279874
2026-01-06,0.0008382412540689961,0.0028316679477711462,0.0033318437241439364,0.003324688485643372,0.0010818578947940957,0.004598339011551892,0.0032947415565490294,0.007473835380972787,0.0034637945812066597
2026-01-07,0.0008869851449916334,0.0028687681442284745,0.0028335102094621824,0.003069254226167336,0.0010600787119856012,0.0044904800939943035,0.003342655548948922,0.007356757719820862,0.00325222358001364
2026-01-08,0.0007788165026473334,0.002860722459089052,0.002635581440413292,0.0031799295997172157,0.0009266233579800642,0.0044855299430532096,0.003432539039110158,0.007359047051939066,0.003430054024854795
2026-01-09,0.0007857917475065296,0.0029193909048767235,0.002690896520413844,0.003287869062763092,0.000905075535821601,0.004508904964132639,0.003448026833115888,0.007339264809458178,0.0035265413384696063
2026-01-12,0.0007978912685573202,0.0029897661411424745,0.0026963475183737137,0.00372170251714028,0.0009050322322038191,0.004504135020898539,0.0034824773839843316,0.007343128419590021,0.003552564820045736
2026-01-13,0.0007901922642949478,0.0030587702833330356,0.002673039887192342,0.003808604711854287,0.0008928196342114902,0.004666116825423769,0.003473242310739992,0.007275310272639904,0.0035505967765957426
2026-01-14,0.0007828494880179567,0.0030386680190048003,0.00267316139170534,0.003813038816796872,0.0008814109351262865,0.004667568259569798,0.003467204942763091,0.007289139225468961,0.0036362448135349285
2026-01-15,0.0007860199287777588,0.002801312426375213,0.002672648494680463,0.003809006297216227,0.0008392468681988613,0.004353004729141033,0.003466719218417538,0.007298373440934376,0.0035135759486710004
2026-01-16,0.0007978861780585977,0.002757288070351353,0.0026815493653082976,0.0037927202189994283,0.0008303207178674582,0.004169922464840078,0.0033300877686035075,0.007297736337207063,0.003487902916721872
2026-01-19,0.0007956188639907794,0.002627099658223504,0.002664526742676781,0.003837443518589843,0.0008448204117459748,0.004075324033433533,0.0030144922392032086,0.007163377154379773,0.0033499292027409475
2026-01-20,0.0007375903980966183,0.0030399227563034604,0.00258031357999974,0.003769391960557877,0.0008458406215230284,0.003992916266404998,0.003019547275826413,0.007178019125219387,0.003388670297823366
2026-01-21,0.000770166737754964,0.0030196124948683586,0.0028871796454469382,0.00396105388621331,0.0008279702918824531,0.003976051616862902,0.0030382590182055223,0.007337653128300423,0.0034341767733293165
2026-01-22,0.0008690609295416098,0.003068897209111377,0.0028931972117062998,0.0039934726720152166,0.0008361509231999978,0.004106371099846749,0.0030263639198839605,0.006410930757072373,0.003544066687140411
2026-01-23,0.0008945936654663947,0.0030968466908682974,0.002875203637406128,0.0037444198182069043,0.000859464763821924,0.004099178458664208,0.0033203934381464397,0.006243671752362955,0.0037966161938162058
2026-01-26,0.0009114736748033283,0.0033940165844949257,0.0028941730070180115,0.0037732059134354045,0.0008591334717724255,0.006166920786997769,0.0036229185156221038,0.006255267963109062,0.003910227937930008
2026-01-27,0.000917200978298226,0.0034594329769837675,0.0028278302096437454,0.003781015563357782,0.0008579110624136891,0.006114055672898091,0.003683995781955741,0.006314142967695255,0.0039961488664667965
2026-01-28,0.0009265938477893473,0.0035043496903717133,0.0028661104405207573,0.003834471187597501,0.0007994883298026343,0.006131411121598178,0.0037077278506647744,0.006730746617193611,0.00413447501830553
2026-01-29,0.0009242140222930914,0.003503238865453789,0.0028465913359366915,0.004321342387609594,0.0006650606138597745,0.0061313467523924385,0.003712474310502322,0.006747809709992568,0.004308033255936609
2026-01-30,0.0009408172859531115,0.003596131040366648,0.0028324301501809752,0.005518159736076877,0.0006826350497615628,0.006173507780748219,0.003793987956682491,0.006725334916510602,0.004632831427824788
2026-02-02,0.0009357379027645807,0.003713084136556422,0.0026908769668326435,0.0056919640258671095,0.00068508873441184,0.006186575350134987,0.0037393575731759286,0.006344259208254016,0.004980448568904348
2026-02-03,0.0009368946163519061,0.0037708616192802364,0.003977521942329942,0.005673775708180222,0.0006906439943855696,0.006255619392667007,0.0036847285819504873,0.006105490193531365,0.0051199586998643375
2026-02-04,0.0009513413556163712,0.0037757492862162518,0.0038369154539782263,0.0056683995301716915,0.0006545148054569776,0.006081317305498637,0.003655846715794044,0.006101870331215719,0.005092563964179676
2026-02-05,0.0009513764728176099,0.0037649887251421364,0.003843030221965638,0.006421326828908767,0.0006470161610677833,0.006088720768412536,0.004128909400682005,0.006335771946542554,0.005347432101066573
2026-02-06,0.0009419259370564672,0.0037125122196783253,0.0038916623032954002,0.006414952205847311,0.0006803002439678213,0.005893522729224555,0.004038539848173658,0.00592442568504594,0.0052549930883070625
2026-02-09,0.0009683936190170708,0.003971488360855339,0.0038796411327864035,0.006583137030424373,0.0007144508665871199,0.005992229579225504,0.004140952553049809,0.005761015664316618,0.00547895560729863
2026-02-10,0.0009677719545030715,0.00395290434929173,0.0038947732251800884,0.006566449580630259,0.0006685460045422567,0.006101180491541322,0.004130138217393636,0.0054493916263256255,0.005444661544937097
2026-02-11,0.0009261277161689668,0.003947315713485379,0.0038983381414845696,0.006594804238302262,0.0006535116972668181,0.006341949988877324,0.004130238258530909,0.005318993952925424,0.005498452053501451
2026-02-12,0.0008989222811453939,0.0039717631080920714,0.003910346756900368,0.0065712163874047345,0.0006527123835231804,0.0062914668154942215,0.004167909588157543,0.0051962748745790835,0.005427621872924404
2026-02-13,0.0009359245103941733,0.003944876973659888,0.0038584095627755208,0.006818559537816528,0.0006908590296142909,0.0062882575910425806,0.004166469805533687,0.005422030868962513,0.0058444736731473506
2026-02-16,0.0009271101245222489,0.003822782790164715,0.0038611270482031843,0.00686072001811189,0.0007274069057458071,0.006291642322560912,0.004181666567187104,0.0054262044122302955,0.005771942054485338
2026-02-17,0.000928798201856806,0.0038129048335526264,0.003849169430521681,0.007048934899226212,0.0007212983228789886,0.006284633242089184,0.004323782616014781,0.0052876131620671965,0.005812850333368961
2026-02-18,0.0008967798837801264,0.0037943926705103314,0.003791667981118645,0.007036659413292978,0.0007153028658292083,0.006327235257097927,0.00432891794614816,0.0052890341248929985,0.005820463218090015
2026-02-19,0.000881418495461358,0.0040806195548311695,0.003910150745449684,0.007390160268067585,0.0007126842217971518,0.006521151720730422,0.004632436673823019,0.005317065479184746,0.005829660543191054
2026-02-20,0.0008804667105187521,0.004042926935232902,0.00391628848393627,0.007450402091154166,0.0007309204962694057,0.006431742335935086,0.004639705025809344,0.005321146324841052,0.005755595574713183
2026-02-23,0.0008632104720802245,0.0039806135831624906,0.003915487955517153,0.007244606529002626,0.000742695382695018,0.006438166180894916,0.004564339021708754,0.005403114753416961,0.005704052562724075
2026-02-24,0.0010742542001187982,0.00392890909356802,0.003914770988451075,0.007190536800570149,0.0007439741108558645,0.006418388765465236,0.004553914146951075,0.005383758124647681,0.005735930298050169
2026-02-25,0.0011007701330907585,0.00392750243088778,0.003913164931590635,0.007336571747385082,0.0007443895330282456,0.006521337428839731,0.004569382220289701,0.005574026334553368,0.005721002679573251
2026-02-26,0.0012817637430146008,0.003912799683015096,0.003913601023810542,0.0073461055916101275,0.0007436423466225971,0.0065609704705561975,0.004539173107431019,0.005525112189019861,0.005732538439714168
2026-02-27,0.0013904586992876755,0.003914520858972509,0.0038320410164089103,0.007395631891465291,0.0007234319001843062,0.006545800360446477,0.004676706972008878,0.0056888540810640055,0.005779493098508881
2026-03-02,0.0015753377891428975,0.004290888974192324,0.004038487507611668,0.007859975844672722,0.000718733963411845,0.00678880920093527,0.004822700283549752,0.006049648393385314,0.006013313009709867
2026-03-03,0.0017376122594264045,0.004256970776123194,0.004109076787591494,0.008310753326217068,0.0007125955219425507,0.006793417725768567,0.004892971859603422,0.006153553220262618,0.006126464845134491
2026-03-04,0.0017422628686825422,0.004315133312534921,0.003891021934754806,0.008222646882114076,0.0007216943720107406,0.006821793759820495,0.004984405191236341,0.006053690836841733,0.006127280016513141
2026-03-05,0.0017084728774758853,0.0043121174332932805,0.003990782163972425,0.008397219581458618,0.000703606176748246,0.006735144626003327,0.004990882392731181,0.006074373775715185,0.006105169639480222
2026-03-06,0.0016990618592960982,0.004346424765304531,0.003971562883931363,0.008636105119537834,0.0007119867303416991,0.006713823107760506,0.004770052703342114,0.00605401228015403,0.006062665745592503
2026-03-09,0.0017262608018175467,0.004041740755359243,0.004068680219527482,0.008598147364892093,0.0007141795808769565,0.004809996300585817,0.004466220523713936,0.006257701898939598,0.005973722532296378
2026-03-10,0.0020070080955177723,0.004012276525078564,0.004117144008116495,0.009633317399787681,0.0007600996476140705,0.004764213285767252,0.004486235935709381,0.006427434502065763,0.006397474185670506
2026-03-11,0.0020135636525125335,0.003992222176541656,0.004071381732889123,0.009599266345333684,0.0007680377764250126,0.004697370183370756,0.004432408317003801,0.005766286599949248,0.006324417925558844
2026-03-12,0.002017647060751049,0.004004057328351278,0.004079194584138215,0.009299803021867994,0.0007671737602758755,0.004660931429807337,0.004394951459354894,0.00576758732579784,0.006123730193420983
2026-03-13,0.002166552800453043,0.0040733673037625755,0.0040921544472583005,0.009239253695705838,0.0007859017848059201,0.004626796461354438,0.004610955755778473,0.006303119508340654,0.006388310940006548
2026-03-16,0.002163216128119316,0.003950272846017378,0.0040277717486148145,0.009225924338892036,0.0007907310234870695,0.004524457898168312,0.004534038461898236,0.006260968659237895,0.006148315422502622
2026-03-17,0.00217095054473623,0.004056284691627467,0.002689017747194837,0.00926862620501909,0.0007846582021445933,0.004466683597775636,0.0046277408536097905,0.006548785820576281,0.006067809975891701
2026-03-18,0.0021678842037301744,0.004045034034201216,0.0028082281352056113,0.009514388582120583,0.000785082071910797,0.004429141951655778,0.0045922202603677666,0.006568048625451975,0.006222573387977906
2026-03-19,0.002199282672968948,0.004041147670856212,0.0028278832385135984,0.009339225303060712,0.0008452646527581867,0.004527556801158788,0.004221749329921873,0.006934787370528244,0.0061653282946658
2026-03-20,0.0022027567162321905,0.004216953916107372,0.002829532866277845,0.009572724679517777,0.0008327641554241722,0.004526651076815347,0.004344169215992931,0.007057756256207845,0.006359826412291563
2026-03-23,0.0021652446582217286,0.003990871993789167,0.002990946449312157,0.009424741331015968,0.0008067829068394974,0.004393326496581032,0.0042841734673249,0.006870717267923418,0.006221011206252707
2026-03-24,0.0021585675594754873,0.003986685392885032,0.0031155250416513946,0.00982380005981801,0.0008015718974438052,0.00418020963062141,0.004298602440402968,0.006860983212958692,0.006470418854458058
2026-03-25,0.0021646007044647604,0.004007936442887818,0.003112429897495351,0.010044100430960594,0.0008014062575886292,0.0036699677585005355,0.004316755758719981,0.006942205980106549,0.006369968204188807
2026-03-26,0.0021666296133447936,0.004058661289929602,0.0030763248120215577,0.01010756966378769,0.0008003307643447536,0.0037094581837025923,0.004329665053815503,0.006921472250280389,0.0064707149954960665
2026-03-27,0.002159698942091447,0.004062356567770743,0.0032617945252722204,0.010089323408456937,0.0007968221367180803,0.003630767637132526,0.0043757360083937335,0.006785946835625291,0.006287442990434292
2026-03-30,0.0021608010933019655,0.004075931310693435,0.0032949886279574707,0.01000264924019553,0.0007685114801242268,0.003707182998164597,0.004365464341364931,0.0068108555716179095,0.006208053277966267
2026-03-31,0.0021804153509519543,0.004088043373156389,0.003832648663340461,0.010063104939981509,0.0007679948360907686,0.0036730158326637114,0.004207071643330228,0.006836408181263096,0.006227411632548222
2026-04-01,0.0022887728424569203,0.004470392176614336,0.003950825060559381,0.010585337954769472,0.0007837597090082352,0.00397960898944593,0.004344600330635588,0.0071965075009734385,0.006464521739077245
2026-04-02,0.002382548069431919,0.004424242134796456,0.003936408833675201,0.01064186793904856,0.000782424799289887,0.003975429635130636,0.004285265211488348,0.007231989855916694,0.006746876425468823
2026-04-07,0.0026055934248806873,0.00445632238125344,0.0038964272868086155,0.010632994607769296,0.0008406705127837754,0.003972292856359312,0.004294777484135785,0.007288895362814608,0.0069768643959033224
2026-04-08,0.0026955847962407417,0.005069662014471811,0.0042411780471666785,0.012448285239526985,0.0010420646668985788,0.0044623175708482935,0.005347352090836379,0.007574456055750138,0.007674322505318661
2026-04-09,0.002618374523449938,0.005077357081533727,0.004312315124344713,0.012507757930588084,0.0011010826554855278,0.004396021859687794,0.005387114779665219,0.007609819586279773,0.007655979861772738
2026-04-10,0.002605495623820449,0.00509558576450118,0.004323662586709744,0.012361937987952935,0.0011236009159137253,0.004294323632189448,0.005373765292951249,0.00759046261464633,0.007594439218991479
2026-04-13,0.0025013424723891904,0.0050819465711029865,0.004382623845673654,0.012462594771334887,0.0011244898078531386,0.00423956067151973,0.005364924654990474,0.007642347977857162,0.007608813595045156
2026-04-14,0.002490444051699759,0.0053758318463615765,0.004425433246409569,0.01278471003028438,0.0011056887868739415,0.004421627399099258,0.005636538635472819,0.0076951585190268715,0.007950293032737877
2026-04-15,0.0023960270582614033,0.005099893132237308,0.004293242096213174,0.012564436777716863,0.0011122839613611397,0.004098955768184295,0.005506576063356684,0.0074603938019551,0.007839631559659728
2026-04-16,0.0022789289237114484,0.004862614926636173,0.004255955691642095,0.01229767451721653,0.0011179233783492576,0.004099266955107048,0.0054008917485511695,0.007290676277935193,0.00781471285617892
2026-04-17,0.002271989058432008,0.004827639322069785,0.004345676696773879,0.012266923367962127,0.0011494784482630317,0.004038326257406955,0.005337394134963691,0.007271993687565044,0.007760462901586509
2026-04-20,0.0022661025678872722,0.004838937000071489,0.004261652245936043,0.01209280414085326,0.0011505702663691267,0.004027005151856703,0.005340127048777584,0.007171949785910857,0.007771825285123066
2026-04-21,0.0022596105089282047,0.004733300642158081,0.00431973839740765,0.01183497429282054,0.0011312494742156869,0.004008635255695136,0.005322439259127183,0.007055426752926412,0.007686539360379332
2026-04-22,0.0022425383774466448,0.004772082033672832,0.0042688100689132905,0.011891941053640703,0.0011289849466929141,0.003959435470085995,0.0053296320394409635,0.006965520127449746,0.007697180751195225
2026-04-23,0.0020289541589778794,0.004637980962013182,0.004220014507387677,0.01107685947991067,0.0010988607389173012,0.0038653265957724315,0.005169982609595246,0.0067856748130091914,0.007268245968265467
2026-04-24,0.002013100458610108,0.004533185292143638,0.004221398710383872,0.011054278919061454,0.0011306471110487841,0.0037682763306516845,0.005140411124939078,0.006980657065668001,0.007221808950452222
2026-04-27,0.0020362264168696867,0.004516264499597572,0.004226309610412612,0.010986693309317492,0.0011449545737391416,0.0037639281401449986,0.005225707929894411,0.007049656188098431,0.007303067873578825
2026-04-28,0.001934249371008108,0.004502116168607755,0.004255138074447794,0.010749344319557975,0.0011269694315044789,0.0037729722957532672,0.005123311142309742,0.006471958400031513,0.006974872658761399
2026-04-29,0.0019358451901970305,0.004511288712728051,0.004256142629147446,0.010751749397635022,0.0011197202002943827,0.003765008207376674,0.005142871496479447,0.006353037481870264,0.006973717394174916
2026-04-30,0.0019272709146958597,0.004451843891701008,0.0042559120545792905,0.010895742165114061,0.0011713161589566223,0.005287956143419076,0.005093813421636502,0.006078255009530295,0.0068643613566983465
2026-05-04,0.0019274927123561058,0.004413412970228427,0.004161896755251915,0.010627004302513909,0.0011713194357154868,0.005281588100526395,0.005087982761628739,0.00602657556468078,0.006756939195392454
2026-05-05,0.001888937759170773,0.004416487166084127,0.0041301470434258,0.010418521654903732,0.0011363645521159933,0.00529478704231786,0.00508926252147493,0.005223391983743544,0.006622226764097698
2026-05-06,0.0019392601902501272,0.004448628541094078,0.004316748508211781,0.010690797886353307,0.0011265374523761825,0.005596572860230592,0.00512386855328891,0.005245314849824495,0.006681858947651421
2026-05-07,0.001947203716025546,0.004413660205755624,0.004301753429899528,0.010774597558846967,0.0011284760962683837,0.00560207213027494,0.005089736163912472,0.005261521731644115,0.006531414151418178
2026-05-08,0.0019441019757587708,0.004393886500827496,0.004154906069171793,0.01041964695982316,0.0012002824557812233,0.0056029348921879584,0.005040742050825484,0.0052266603102078,0.00623701425264977
2026-05-11,0.0019279686849650855,0.004388171965093016,0.004434913012586993,0.010267774042356088,0.0011993809616160833,0.005625376545253479,0.00504161057316383,0.005167971802063483,0.00623588190991949
2026-05-12,0.0018886314611825702,0.00431607424471373,0.004459504128623137,0.010174062284872562,0.0011959600305106505,0.00559502638379476,0.005110943591305347,0.005162621084745852,0.00606368168430514
2026-05-13,0.0018791111642153856,0.004317106037543507,0.00426998997662718,0.010056024184403062,0.0011740345783598934,0.00558814759174191,0.005040039680277817,0.005059478449878109,0.005982996577287533
2026-05-14,0.0018790879208612345,0.004280632453600328,0.00426404169897982,0.010056263811255857,0.0011679140200256159,0.0055767582544614,0.004973087171397288,0.006375651476330934,0.005933887048666244
2026-05-15,0.0020304943006235862,0.004463847292583474,0.003852884304223827,0.010469536444869037,0.001207801588469685,0.005626420626870946,0.005438811137749799,0.006559512627008233,0.006482341695536581
2026-05-18,0.0019379272312550553,0.004149825538986157,0.0037772117789833153,0.010021362904915565,0.0011901594904904314,0.005464816796018789,0.005341645034182644,0.006230626148995687,0.00629754307943613
2026-05-19,0.0018159338950059366,0.003962390541236268,0.003681891145576468,0.009674078026564208,0.0012026560800138756,0.0052702881013685435,0.005086820951477451,0.006171057395798479,0.0059999449188758444
2026-05-20,0.0015048264190532779,0.0039494078347292955,0.003670090994552369,0.009609303976659062,0.0011571164018763609,0.005261986364076881,0.005071445443032825,0.00610132711126265,0.005812398473069194
2026-05-21,0.0013247317866735178,0.003150555615021622,0.003494565409054634,0.007213057576956627,0.0009407100414676112,0.004879712844468646,0.004013880174476573,0.005675052616821229,0.004928114348271356
2026-05-22,0.0013239758884010637,0.003138069771066653,0.003642027596548529,0.007150495584027833,0.0009298964634744958,0.004799645072238241,0.003959032649614848,0.005634325184035187,0.004914198511317828
2026-05-25,0.0013428113258210112,0.0032084321765674657,0.003784086809110188,0.007339271083326203,0.0009238096986844968,0.004796136525790896,0.004099927171451843,0.00543277177656786,0.005005673562232585
2026-05-26,0.0013365905851943864,0.003185748933022068,0.003780748526117307,0.0070992019730523135,0.001115474370237966,0.004747088033636892,0.004106889092015608,0.005391761695916462,0.004892284292482803
2026-05-27,0.0012738701630658322,0.0026498177026020617,0.0037270247779542976,0.006594039730809329,0.0011203093294514309,0.004613585082166418,0.0035910882363961345,0.005186860990286753,0.004462127972934111
2026-05-28,0.0012615236416724904,0.002657486358545224,0.0036914072651039677,0.006555786450959681,0.0011137841892196727,0.004606055415805695,0.0036037901998453217,0.005236955274653237,0.0044552558830331475
2026-05-29,0.0012992454357374729,0.002703829596045043,0.003943775185441841,0.006695244094554132,0.0011319132511661964,0.004609768294302466,0.003622418143502368,0.005328615510891223,0.004554154848551504
2026-06-01,0.0012967833755143502,0.0026878456731983065,0.0038255576602219147,0.006706330792643288,0.0011053419649559714,0.00461360302583587,0.0036655222857356,0.005369521512289231,0.00455392884263113
2026-06-02,0.0012946896676303992,0.002640791758270818,0.0038304598534237705,0.006717591404595662,0.0011024007957825836,0.004613737293458259,0.0036560067309985315,0.005417137747627598,0.004527641093874698
2026-06-03,0.0013153261151254475,0.0026795967524115495,0.003827757936637818,0.006760626640140248,0.0010995168957708217,0.004613318744246897,0.0036672739851649357,0.005379654396131423,0.0045542181760078225
2026-06-04,0.0012963702309190686,0.0026810422281354574,0.0038005349790262728,0.006662253025657859,0.0011020443254444576,0.004610759147884304,0.003664862112107975,0.005612393259232591,0.004568601835128007
2026-06-05,0.0012624573080295296,0.0026179391357040653,0.00413776266514833,0.006675947573073655,0.0011312977250175658,0.0046019249122578555,0.0036661490779871368,0.005602152648014349,0.004568551455271736
2026-06-08,0.0013554858382631403,0.0030216869431270534,0.004365679385921806,0.006958542017842417,0.0011063177498478434,0.0046019892919256095,0.0039247473272391595,0.00618595120539803,0.004865738381135773
2026-06-09,0.0013403534551554486,0.0030097574868480125,0.004430761114531806,0.006898767014904881,0.0010879039290879568,0.004598152217728763,0.0038130423421836477,0.006042400209316079,0.004695972384991195
2026-06-10,0.001289046547748912,0.002871973630950433,0.004393844100316316,0.0068787569200105805,0.0010890047898149526,0.00457458036913641,0.0035824998001819986,0.0060042610729652045,0.004817882781482362
2026-06-11,0.0012863923062694533,0.0028293429683755316,0.0044549538566896925,0.006953967968663596,0.0010885257079611356,0.004574570345375619,0.0035336884918505665,0.006088884603563239,0.004804554282770626
2026-06-12,0.0013330679450682297,0.0028848088766137495,0.004639450357193861,0.00692187452233579,0.0010790384368746014,0.002536750118915303,0.0035832126059003873,0.006432104515964103,0.0049250297688362525
2026-06-15,0.0013314996575820024,0.002968670470151854,0.004690966901331375,0.0069500372548659635,0.0010798027733828163,0.002485103001047935,0.0035472518060559836,0.006769046920750882,0.004913959859089948
2026-06-16,0.0013308000799792748,0.0029678753952113585,0.004680781155785453,0.006947883255699776,0.001079303068458822,0.0023842975217631154,0.0035469831207149845,0.006744846874596344,0.004908304395835009
2026-06-17,0.0012563302000968342,0.0026823609612239064,0.004502252246826885,0.006263616441432938,0.0010746646432230956,0.0012974721154620167,0.003330616965499841,0.006536208541553993,0.004474530359172663
2026-06-18,0.001291616585257369,0.003322935430268129,0.004463668648648863,0.006492221426914847,0.001126014308014409,0.001405856643138105,0.004070019472309459,0.006848114816756234,0.004621801494619654
2026-06-19,0.0012920006863174807,0.003332939677869589,0.004439691039582008,0.0062534938263925895,0.0010685719923731619,0.0013902472121574783,0.004077169144835436,0.006838949380447931,0.004628207341573864
2026-06-22,0.0012995083040007011,0.003325383842372478,0.004186144922451782,0.006286545322169928,0.0010670510418479538,0.001438486941001527,0.004095132425030725,0.0068232027002230276,0.004613155561693649
2026-06-23,0.0013322312845082962,0.003427409620443966,0.004134301116843725,0.006273430169603081,0.0010685993586888678,0.001458867208930756,0.00399530389714981,0.006831446129420377,0.004909108717322741
2026-06-24,0.0014968285875025438,0.0034856703677107388,0.004132912845408509,0.006373823469904613,0.0010715400547362185,0.0014577192884382883,0.004043413336487537,0.006850770587148345,0.00486111041636504
2026-06-25,0.001530386782470171,0.0034933228164397995,0.004151367372770266,0.00638275035506727,0.0010697092067009299,0.0014571997316893948,0.004043271363439748,0.0060527862931861786,0.00486273458054311
2026-06-26,0.0013627252497350093,0.0035229911232976317,0.00412430355744989,0.005803958425046277,0.0010668142485609723,0.0013888042588836925,0.0036345657819760024,0.00606079517855666,0.004410276282349236
2026-06-29,0.0013388560344926408,0.003500848191071651,0.004055469667939063,0.00580992664272263,0.0010695128227947753,0.00138757104612228,0.0036137946558618163,0.006089480882527092,0.004365293797959555
2026-06-30,0.0013456524901450163,0.0034868105183990155,0.004040859115391125,0.005812645531743312,0.0010584857587366818,0.0014598325074492518,0.0035939809531840483,0.006051695663443283,0.004241306528324344
2026-07-01,0.0013682425301780338,0.003481579094580777,0.004182752706791121,0.0058404048074779825,0.001058893621706436,0.0014526394010430626,0.003610445228614957,0.006052814477380985,0.004220760072967763
2026-07-02,0.0013754533746173222,0.0035002559575486158,0.004048433089758429,0.005856051062760789,0.0010594940901651154,0.002017435195450671,0.003730768641925215,0.005995432373767481,0.0042201777722125295
2026-07-03,0.0013777378308701565,0.003611335959418855,0.003949311564373445,0.006071217580587892,0.0010642712892180088,0.002100281646840144,0.0037992034141197182,0.006008287806372856,0.004477624594925785
2026-07-06,0.001401010384893181,0.0035324642873556565,0.00386941068229901,0.0058662077883721,0.0010664796002571224,0.0024278797408277685,0.003617153927719699,0.006016743877809604,0.0042406968102227036
2026-07-07,0.0014026647880015439,0.003555912372678922,0.0038555775585455477,0.005855855928380533,0.000850447844436618,0.0024999181315830277,0.0036540600871899243,0.006201197908893789,0.00427781690225933
2026-07-08,0.0014098278670201898,0.003569693586344809,0.004030245179900565,0.006090454223649794,0.0008423125171172501,0.0025606463388180697,0.0036603372027294713,0.006161245095248358,0.004239637008817444
2026-07-09,0.0014140120546464428,0.003616541847094058,0.004042957635299748,0.0060908402357181006,0.0008708115817978383,0.002567283165070336,0.003702223533245836,0.006120542422881676,0.004279875170952154
2026-07-10,0.0014898354710764531,0.003576388707301456,0.0038120757440422677,0.0059438625406386,0.0009920868777842948,0.002647884122704071,0.0037082188916239154,0.006114814000735423,0.004026914949008411
2026-07-13,0.0014905362479357741,0.00357330426607017,0.00384803565177496,0.005952404696773124,0.0009922360486071017,0.002651306315490721,0.0036967398920255,0.006056642843704689,0.0040174160062623554
2026-07-14,0.00148938075162108,0.0035737528875976134,0.003966157739881756,0.00600859520368416,0.0009925360602756705,0.002643561409379436,0.0036938626631860165,0.0060015950094363755,0.004001659671465921
2026-07-15,0.0014885443322957134,0.0035496464275508958,0.0038849084455180737,0.006046789261868995,0.0010067934115701321,0.0026451680987509725,0.003693028271377733,0.006212558734296311,0.0041790754842171325
2026-07-16,0.001497255773948571,0.0036772886262305664,0.00388606316142946,0.006036134916307665,0.0010051883733056368,0.002659028296630554,0.00396969676391081,0.005990339937817491,0.0042446145262120556
2026-07-17,0.001507716853777451,0.0036994333384841394,0.0035080470659957256,0.0062082866081989785,0.0009790555695753825,0.002660264388946055,0.004096221383472738,0.006077226048886632,0.004309650193338886
2026-07-20,0.0014685481583684551,0.003372296630905138,0.0032187298843780678,0.00582922575115134,0.0009756532969488786,0.002660801260330786,0.003836808533806757,0.005276321729687716,0.004103723589442169
2026-07-21,0.0014427754426857512,0.003318431647874921,0.0031639923482197872,0.005850777505877971,0.000981441510147229,0.0026762783134453056,0.00388965210192382,0.005284029438926113,0.00409986168589193
2026-07-22,0.0014328017344760742,0.0032862034542251025,0.0032067818748450806,0.005611840931122212,0.0009796063859823206,0.002674858617934914,0.003904312746506143,0.005166740927987236,0.0038641169332417026
2026-07-23,0.0014318736108221682,0.0032911389097013757,0.003077329309715511,0.005520236024205898,0.0009794966866640768,0.002697717237780873,0.003902050289613507,0.005078837674590591,0.0038608529523234303
2026-07-24,0.00137154535434263,0.003244503411186357,0.002774844718504925,0.0067518744733796165,0.0009764484787028263,0.002661161229944307,0.003880208120852784,0.004755256358784087,0.003727577049189294
2026-07-27,0.001374102739833989,0.0031712950392109775,0.002953726465524487,0.006789080672905414,0.0009781400517860687,0.002678975086548542,0.0038688385161772584,0.004267835141024288,0.0036366940687530594
2026-07-28,0.0013800485463608934,0.003179065597234514,0.002935553790428322,0.006776713852954542,0.0009774786438105018,0.00268338834280246,0.0038836334500692983,0.004415926942195571,0.003714181190460958
2026-07-29,0.0013859566599034017,0.003195476886971025,0.002972385201649086,0.006801956769092921,0.0009774734833695362,0.002704516189782817,0.0038844653923132168,0.004341118919698235,0.0037718512152308285
2026-07-30,0.0013781719465063066,0.002929235876602854,0.002934140515108393,0.006716898521432796,0.0009042751552373131,0.0027996237126422852,0.0032778145663913644,0.0037473982720818808,0.003684827131459204
2026-07-31,0.0013801473068409428,0.002931109113833632,0.00300654087750084,0.006703897830839574,0.0009450715938270551,0.004166775619988044,0.0032989480027843256,0.0039781958805507065,0.003806448404471154
2026-08-03,0.0013709169967654486,0.003026166635854058,0.002939842189437744,0.006773024238938538,0.0009474122883440429,0.005730680796783542,0.0033474823407277643,0.003998899370870798,0.0038152453623623204
2026-08-04,0.0013329468716820469,0.0028453122601432308,0.002939406273558094,0.006732811833412513,0.0009468787615659716,0.005824126698064959,0.0033280814999154355,0.0039513340289612986,0.0033278608817974265
2026-08-05,0.001115220861557688,0.002737959081297844,0.002983094965484593,0.006637435576208218,0.0009432776301086752,0.005826400851116373,0.003219980504305064,0.004042102601204364,0.003167181871576762
2026-08-06,0.0010751301946822494,0.002753700552194739,0.002928632252496487,0.006627613856328891,0.0009448700762574799,0.005832775288111728,0.0032308646985079446,0.004058089750304469,0.0031757408393456705
2026-08-07,0.0010741936494239822,0.002619996004902049,0.002929451490092631,0.006605348272249755,0.0009423534291485028,0.005877735838888667,0.0031782725098802177,0.004045722298161593,0.003178246809148871
2026-08-10,0.0010728905889022039,0.00263149642956645,0.0029235108086397323,0.006606512350063035,0.0009571103527601914,0.00588620186492288,0.00324121880159671,0.0040538581760269496,0.0032069178157001148
2026-08-11,0.0010580117329320215,0.002636678077296691,0.002926105817189418,0.0065944864128130035,0.0009547483865594748,0.005886004416618665,0.0032377087170418137,0.004084899603365834,0.0031716453690533303
2026-08-12,0.0010180585587361351,0.002623637386868193,0.002710907985893442,0.00656104162422032,0.0009504005507702489,0.005869638099566642,0.0032426094603427505,0.004494206560493101,0.003171432826541088
2026-08-13,0.0010133250719160983,0.0026299298011643033,0.0027027920748539697,0.006539873932638119,0.0009520399498247288,0.0057645505316935,0.003189728802363825,0.004563022733576986,0.0032325350944747014
2026-08-14,0.0009993692404950644,0.0025693351377275267,0.002678344107917746,0.006311366995137148,0.0009485483706129901,0.0057562362772640065,0.0031791747218059153,0.004563205318325844,0.003082252135117296
2026-08-17,0.0009000157747359732,0.0025170692147915737,0.0026757582735016374,0.0063076785996663285,0.0009376887910119406,0.005575373864742403,0.0031782287299650758,0.004685101348218601,0.0032222234723849647
2026-08-18,0.0009091382706263804,0.0025340708090969607,0.002533399638902926,0.00632758883314224,0.0009431565821800867,0.0055983719545194335,0.003186445905670434,0.004459203848345123,0.003254793097994605
2026-08-19,0.0008800243601903649,0.00249832446381561,0.0022756202916795016,0.006106696545418104,0.0009418683078485254,0.0055760545740012315,0.0031466586958450015,0.004438420054889143,0.0033347222487583946
2026-08-20,0.0009426220866458851,0.002698156521214669,0.002251108879365349,0.0061513293498662094,0.0009006548148042405,0.005581253152046289,0.0032126906844111677,0.004436829107820271,0.003385935694979588
2026-08-21,0.0007813333087965455,0.002693392775494739,0.0022478000669361176,0.00640659200184086,0.0008016980685594436,0.005559941220304232,0.0032156130278328007,0.004389299395353146,0.003677042031793047
2026-08-24,0.0007776969369345993,0.002771299131221298,0.002183010633789733,0.006379068930517437,0.0007981473934946131,0.005577531420123846,0.003187212518129701,0.004474097995398696,0.003676314695588812
2026-08-25,0.0007686447910571,0.00274078051114949,0.0019576391124007594,0.0062511708839768166,0.0008004304422573503,0.005579268975248105,0.003185888982568013,0.004474689573063441,0.0036926105110570576
2026-08-26,0.0007648842815467514,0.002738168483746224,0.0019521299377412591,0.006244512369160791,0.000786533953150464,0.0055709623974386085,0.0031838805955589824,0.004208026291534489,0.0036405634902347004
2026-08-27,0.0007494837041674558,0.0026439632836396973,0.0019587955545997517,0.006319962513984711,0.0007900439974033756,0.005591284495104623,0.0029510690906189756,0.004213634126880805,0.0036039449497580578
2026-08-28,0.0006713634019230036,0.0025731878216354587,0.0019725458728629274,0.006091924561330746,0.0008201452819507138,0.005601849817136976,0.0027535785965080713,0.004150375957597416,0.0034456675102117343
2026-08-31,0.0006262323266553636,0.00269974067714321,0.0019669274886018194,0.006272043010717514,0.0008236096187802863,0.005602219729810871,0.002816415356115559,0.004126701783763622,0.003525378286757728
2026-09-01,0.0006358510720091555,0.0026971788850355,0.0019714035821858395,0.006286591765428823,0.0008195077967933973,0.005611834388047631,0.0026828798702357645,0.004089946682954282,0.003586178708235128
2026-09-02,0.0005921440879488487,0.002700126445283464,0.0018334967229790072,0.0062957212204842,0.0008220207816624843,0.005617301852320142,0.002728659787714729,0.004482198150448099,0.0035184342087653045
2026-09-03,0.0005919232943593522,0.002719078225526526,0.0020074586648533735,0.006311420157642519,0.0008210815372256281,0.006840414647126239,0.002718341624694168,0.0052795054117498125,0.003662540071519229
2026-09-04,0.0006083271313538112,0.00269382057644603,0.0020090964173632236,0.004048056546526229,0.0008427292257463584,0.006829732860561601,0.0027015257971385207,0.005434745551256522,0.003650226958008988
2026-09-07,0.0006002679796824604,0.0026960058847535218,0.0016632710317655273,0.003991892713437404,0.0008546857760221422,0.00698413818013872,0.0026958404959891266,0.005456352809630549,0.0036495535637517903
2026-09-08,0.0005690618992191743,0.0026638406076747974,0.0018170908281735804,0.003971342693634893,0.0008543570374719216,0.006954985003583157,0.0026461539510106986,0.005350887396916632,0.003507531487424407
2026-09-09,0.0005634228730585157,0.002703415775348255,0.0018824426174216655,0.003996169925077588,0.0008547470753163621,0.007005633524987868,0.002648268229843843,0.005405927608068579,0.0033665495632022435
2026-09-10,0.0005008385710994123,0.00238642190816048,0.001996158359889871,0.003921741299320808,0.0008539361494868305,0.0071419256282031765,0.002419248973462892,0.005516229635102072,0.0034800801957911155
2026-09-11,0.0005065883218589543,0.0024271801067588944,0.0019230027618481473,0.003932385321063586,0.0008366254771722508,0.006573853958651664,0.002395322283074295,0.005311106621564963,0.003413462544128806
2026-09-14,0.0005030961908510152,0.002402676142371474,0.0019202399636697846,0.0039603084393373894,0.0008320903587614788,0.005305299495045582,0.0023151422605965535,0.0055347370479834354,0.0036112060837554497
2026-09-15,0.0005141125400724783,0.0023882115574268754,0.002065015834320763,0.0039672585325744225,0.0008328195570101324,0.005256988144687254,0.0022947750255827583,0.005529528401295223,0.0035735662824497925
